id_buku,judul,pengarang,penerbit,tahun_terbit,fakultas_terkait,prodi_terkait,kategori,sinopsis,tags,bahasa,jenis_koleksi,jumlah_halaman,isbn,stok
BK00001,Dasar Pemrograman Berorientasi Objek Edisi Ke-2,"Balidin Dongoran, S.T.",Gramedia Pustaka Utama,2024,"Fakultas Sains, Teknologi, & Kesehatan",Informatika,Pemrograman & Algoritma,"Buku ini menyajikan kajian komprehensif mengenai algoritma dan struktur data, pengembangan perangkat lunak, serta logika pemrograman. Membantu pembaca membangun pemahaman konseptual maupun praktis.","struktur data, pemrograman, java, algoritma",Indonesia,E-book,452,978-0-218-19600-9,9999
BK00002,Pengantar Web Development,Darimin Pradipta,Andi Publisher,2008,"Fakultas Sains, Teknologi, & Kesehatan",Informatika,Pemrograman & Algoritma,"Buku ini menyajikan kajian komprehensif mengenai implementasi kode, pengembangan perangkat lunak, serta logika pemrograman. Disusun dengan bahasa yang mudah dipahami untuk kalangan akademik.","algoritma, coding, struktur data, java",Inggris,Fisik,303,978-0-86379-402-5,5
BK00003,Dasar Web Development,"Lintang Siregar, S.T.",Erlangga,2007,"Fakultas Sains, Teknologi, & Kesehatan",Informatika,Pemrograman & Algoritma,"Buku ini dirancang sebagai panduan untuk memahami pengembangan perangkat lunak, efisiensi algoritma, serta implementasi kode. Dilengkapi dengan contoh kasus dan studi lapangan yang relevan.","coding, algoritma, pemrograman, python",Indonesia,Fisik,160,978-0-511-61559-7,3
BK00004,Pemrograman Pemrograman Berorientasi Objek untuk Pemula,Yani Gunawan,Kencana Prenada,2022,"Fakultas Sains, Teknologi, & Kesehatan",Informatika,Pemrograman & Algoritma,"Buku ini dirancang sebagai panduan untuk memahami pengembangan perangkat lunak, implementasi kode, serta algoritma dan struktur data. Dilengkapi dengan contoh kasus dan studi lapangan yang relevan.","python, kompleksitas, coding, struktur data",Indonesia,Fisik,314,978-0-618-49593-1,4
BK00005,C++: Konsep dan Implementasi,"Betania Gunawan, S.H.",Elex Media Komputindo,2015,"Fakultas Sains, Teknologi, & Kesehatan",Informatika,Pemrograman & Algoritma,"Buku ini menyajikan kajian komprehensif mengenai pemecahan masalah komputasional, implementasi kode, serta algoritma dan struktur data. Membantu pembaca membangun pemahaman konseptual maupun praktis.","java, coding, algoritma, python",Inggris,Fisik,449,978-0-316-47525-9,7
BK00006,Algoritma dan Java Edisi Ke-3,Fathonah Winarsih,Salemba Empat,2008,"Fakultas Sains, Teknologi, & Kesehatan",Informatika,Pemrograman & Algoritma,"Buku ini membahas secara mendalam tentang logika pemrograman, pengembangan perangkat lunak, serta pemecahan masalah komputasional. Cocok digunakan sebagai referensi utama bagi mahasiswa dan praktisi.","coding, pemrograman, java, python",Indonesia,E-book,336,978-0-928327-64-9,9999
BK00007,Pemrograman Logika Pemrograman untuk Pemula,"Malik Puspita, S.H.",Informatika Bandung,2014,"Fakultas Sains, Teknologi, & Kesehatan",Informatika,Pemrograman & Algoritma,"Buku ini mengulas berbagai aspek penting dari pengembangan perangkat lunak, efisiensi algoritma, serta implementasi kode. Cocok digunakan sebagai referensi utama bagi mahasiswa dan praktisi.","pemrograman, kompleksitas, algoritma, logika komputasi",Indonesia,Fisik,121,978-0-305-64139-9,4
BK00008,Belajar Python dari Nol,"Iriana Prabowo, M.Kom., Syahrini Haryanti",Gramedia Pustaka Utama,2020,"Fakultas Sains, Teknologi, & Kesehatan",Informatika,Pemrograman & Algoritma,"Buku ini dirancang sebagai panduan untuk memahami efisiensi algoritma, pengembangan perangkat lunak, serta algoritma dan struktur data. Disusun dengan bahasa yang mudah dipahami untuk kalangan akademik.","java, struktur data, python, coding",Indonesia,Fisik,545,978-1-238-84969-2,4
BK00009,Dasar Algoritma,Karen Prasetya,Alfabeta,2010,"Fakultas Sains, Teknologi, & Kesehatan",Informatika,Pemrograman & Algoritma,"Buku ini memberikan pemahaman menyeluruh tentang efisiensi algoritma, logika pemrograman, serta pengembangan perangkat lunak. Membantu pembaca membangun pemahaman konseptual maupun praktis.","struktur data, logika komputasi, java, algoritma",Inggris,Fisik,396,978-1-101-22691-9,3
BK00010,Pemrograman C++ untuk Pemula,Kezia Riyanti,Andi Publisher,2005,"Fakultas Sains, Teknologi, & Kesehatan",Informatika,Pemrograman & Algoritma,"Buku ini dirancang sebagai panduan untuk memahami implementasi kode, algoritma dan struktur data, serta logika pemrograman. Dilengkapi dengan contoh kasus dan studi lapangan yang relevan.","struktur data, kompleksitas, coding, algoritma",Indonesia,Fisik,154,978-1-80184-514-4,0
BK00011,Dasar Algoritma,Endah Hasanah,Rajawali Pers,2008,"Fakultas Sains, Teknologi, & Kesehatan",Informatika,Pemrograman & Algoritma,"Buku ini memberikan pemahaman menyeluruh tentang pemecahan masalah komputasional, logika pemrograman, serta pengembangan perangkat lunak. Dilengkapi dengan contoh kasus dan studi lapangan yang relevan.","python, logika komputasi, pemrograman, coding",Inggris,Fisik,336,978-1-82814-893-8,6
BK00012,Struktur Data: Konsep dan Implementasi,Hardi Marpaung,Salemba Empat,2019,"Fakultas Sains, Teknologi, & Kesehatan",Informatika,Pemrograman & Algoritma,"Buku ini menyajikan kajian komprehensif mengenai algoritma dan struktur data, logika pemrograman, serta efisiensi algoritma. Membantu pembaca membangun pemahaman konseptual maupun praktis.","struktur data, algoritma, java, python",Inggris,Fisik,262,978-1-70154-303-4,7
BK00013,Dasar Web Development,Puti Chelsea Laksita,Pustaka Pelajar,2020,"Fakultas Sains, Teknologi, & Kesehatan",Informatika,Pemrograman & Algoritma,"Buku ini menyajikan kajian komprehensif mengenai algoritma dan struktur data, pengembangan perangkat lunak, serta logika pemrograman. Menjadi rujukan penting dalam perkuliahan dan penelitian terkait.","struktur data, algoritma, logika komputasi, pemrograman",Indonesia,Fisik,150,978-0-278-24896-0,2
BK00014,Dasar Logika Pemrograman,Wisnu Namaga,Erlangga,2011,"Fakultas Sains, Teknologi, & Kesehatan",Informatika,Pemrograman & Algoritma,"Buku ini menyajikan kajian komprehensif mengenai pengembangan perangkat lunak, pemecahan masalah komputasional, serta logika pemrograman. Disusun dengan bahasa yang mudah dipahami untuk kalangan akademik.","kompleksitas, python, java, pemrograman",Indonesia,E-book,280,978-1-65787-133-5,9999
BK00015,Dasar Web Development,Gandi Damanik,Kencana Prenada,2008,"Fakultas Sains, Teknologi, & Kesehatan",Informatika,Pemrograman & Algoritma,"Buku ini menyajikan kajian komprehensif mengenai logika pemrograman, algoritma dan struktur data, serta efisiensi algoritma. Menjadi rujukan penting dalam perkuliahan dan penelitian terkait.","python, algoritma, pemrograman, coding",Indonesia,E-book,161,978-0-01-031051-1,9999
BK00016,C++: Konsep dan Implementasi,"Sutan Estiawan Winarsih, Gabriella Namaga",Nuha Medika,2005,"Fakultas Sains, Teknologi, & Kesehatan",Informatika,Pemrograman & Algoritma,"Buku ini mengulas berbagai aspek penting dari logika pemrograman, implementasi kode, serta pemecahan masalah komputasional. Cocok digunakan sebagai referensi utama bagi mahasiswa dan praktisi.","logika komputasi, struktur data, python, java",Indonesia,Fisik,395,978-1-376-31165-5,3
BK00017,Pengantar C++,Laras Hastuti,Salemba Empat,2008,"Fakultas Sains, Teknologi, & Kesehatan",Informatika,Pemrograman & Algoritma,"Buku ini dirancang sebagai panduan untuk memahami efisiensi algoritma, implementasi kode, serta algoritma dan struktur data. Disusun dengan bahasa yang mudah dipahami untuk kalangan akademik.","logika komputasi, python, struktur data, java",Indonesia,Fisik,174,978-0-06-513338-7,8
BK00018,Algoritma dan Pemrograman Berorientasi Objek,Dina Anggraini,Alfabeta,2018,"Fakultas Sains, Teknologi, & Kesehatan",Informatika,Pemrograman & Algoritma,"Buku ini membahas secara mendalam tentang efisiensi algoritma, pemecahan masalah komputasional, serta implementasi kode. Cocok digunakan sebagai referensi utama bagi mahasiswa dan praktisi.","java, logika komputasi, coding, python",Indonesia,Fisik,290,978-1-73178-108-6,2
BK00019,Pengantar Web Development,"Cut Cornelia Prakasa, S.E.",Informatika Bandung,2009,"Fakultas Sains, Teknologi, & Kesehatan",Informatika,Pemrograman & Algoritma,"Buku ini dirancang sebagai panduan untuk memahami efisiensi algoritma, algoritma dan struktur data, serta implementasi kode. Membantu pembaca membangun pemahaman konseptual maupun praktis.","algoritma, kompleksitas, coding, struktur data",Indonesia,Fisik,277,978-1-7360260-6-9,5
BK00020,Algoritma dan Algoritma,Violet Hasanah,Gramedia Pustaka Utama,2018,"Fakultas Sains, Teknologi, & Kesehatan",Informatika,Pemrograman & Algoritma,"Buku ini menyajikan kajian komprehensif mengenai efisiensi algoritma, logika pemrograman, serta pengembangan perangkat lunak. Dilengkapi dengan contoh kasus dan studi lapangan yang relevan.","logika komputasi, coding, pemrograman, java",Indonesia,E-book,290,978-1-872343-09-9,9999
BK00021,Algoritma: Konsep dan Implementasi,"Puput Halim, S.Psi",Kencana Prenada,2012,"Fakultas Sains, Teknologi, & Kesehatan",Informatika,Pemrograman & Algoritma,"Buku ini mengulas berbagai aspek penting dari logika pemrograman, pengembangan perangkat lunak, serta pemecahan masalah komputasional. Disusun dengan bahasa yang mudah dipahami untuk kalangan akademik.","struktur data, java, algoritma, coding",Indonesia,E-book,218,978-0-9788208-1-7,9999
BK00022,Algoritma dan Pemrograman Berorientasi Objek,"R. Betania Riyanti, S.Pt",Deepublish,2013,"Fakultas Sains, Teknologi, & Kesehatan",Informatika,Pemrograman & Algoritma,"Buku ini membahas secara mendalam tentang pemecahan masalah komputasional, efisiensi algoritma, serta implementasi kode. Cocok digunakan sebagai referensi utama bagi mahasiswa dan praktisi.","pemrograman, python, logika komputasi, kompleksitas",Indonesia,Fisik,175,978-1-193-99091-0,6
BK00023,C++: Konsep dan Implementasi,Sakura Padmasari,Elex Media Komputindo,2022,"Fakultas Sains, Teknologi, & Kesehatan",Informatika,Pemrograman & Algoritma,"Buku ini membahas secara mendalam tentang implementasi kode, algoritma dan struktur data, serta pemecahan masalah komputasional. Membantu pembaca membangun pemahaman konseptual maupun praktis.","struktur data, java, pemrograman, kompleksitas",Indonesia,Fisik,155,978-1-353-46247-9,5
BK00024,Python: Konsep dan Implementasi,Umi Hidayanto,Deepublish,2017,"Fakultas Sains, Teknologi, & Kesehatan",Informatika,Pemrograman & Algoritma,"Buku ini menyajikan kajian komprehensif mengenai pemecahan masalah komputasional, implementasi kode, serta logika pemrograman. Menjadi rujukan penting dalam perkuliahan dan penelitian terkait.","pemrograman, logika komputasi, java, python",Indonesia,Fisik,400,978-1-991183-84-2,0
BK00025,Algoritma dan Algoritma,Wardi Tampubolon,Graha Ilmu,2014,"Fakultas Sains, Teknologi, & Kesehatan",Informatika,Pemrograman & Algoritma,"Buku ini menyajikan kajian komprehensif mengenai pengembangan perangkat lunak, logika pemrograman, serta pemecahan masalah komputasional. Cocok digunakan sebagai referensi utama bagi mahasiswa dan praktisi.","logika komputasi, java, coding, kompleksitas",Indonesia,Fisik,464,978-0-542-78498-9,4
BK00026,Pengantar Java Edisi Ke-2,Mulyanto Puspasari,Gramedia Pustaka Utama,2009,"Fakultas Sains, Teknologi, & Kesehatan",Informatika,Pemrograman & Algoritma,"Buku ini memberikan pemahaman menyeluruh tentang logika pemrograman, pemecahan masalah komputasional, serta efisiensi algoritma. Dilengkapi dengan contoh kasus dan studi lapangan yang relevan.","struktur data, java, coding, pemrograman",Indonesia,Fisik,232,978-0-241-18244-4,2
BK00027,Dasar Algoritma,"R.A. Tina Siregar, Mahfud Usada",Informatika Bandung,2021,"Fakultas Sains, Teknologi, & Kesehatan",Informatika,Pemrograman & Algoritma,"Buku ini memberikan pemahaman menyeluruh tentang efisiensi algoritma, pengembangan perangkat lunak, serta implementasi kode. Membantu pembaca membangun pemahaman konseptual maupun praktis.","python, coding, java, pemrograman",Inggris,Fisik,500,978-1-4016-4005-7,7
BK00028,Algoritma dan Algoritma,"R.M. Makuta Saptono, S.E., Maimunah Puspasari, S.Farm",Graha Ilmu,2015,"Fakultas Sains, Teknologi, & Kesehatan",Informatika,Pemrograman & Algoritma,"Buku ini menyajikan kajian komprehensif mengenai pemecahan masalah komputasional, algoritma dan struktur data, serta implementasi kode. Disusun dengan bahasa yang mudah dipahami untuk kalangan akademik.","kompleksitas, logika komputasi, struktur data, python",Indonesia,Fisik,197,978-0-12-805982-1,3
BK00029,Java: Konsep dan Implementasi,"Dian Gunarto, Karimah Gunarto",Gramedia Pustaka Utama,2023,"Fakultas Sains, Teknologi, & Kesehatan",Informatika,Pemrograman & Algoritma,"Buku ini memberikan pemahaman menyeluruh tentang pemecahan masalah komputasional, algoritma dan struktur data, serta logika pemrograman. Menjadi rujukan penting dalam perkuliahan dan penelitian terkait.","coding, python, pemrograman, java",Inggris,Fisik,123,978-0-315-86923-3,5
BK00030,Pemrograman Logika Pemrograman untuk Pemula,"R. Wirda Nugroho, S.Farm",Deepublish,2017,"Fakultas Sains, Teknologi, & Kesehatan",Informatika,Pemrograman & Algoritma,"Buku ini memberikan pemahaman menyeluruh tentang pemecahan masalah komputasional, pengembangan perangkat lunak, serta algoritma dan struktur data. Disusun dengan bahasa yang mudah dipahami untuk kalangan akademik.","java, kompleksitas, struktur data, python",Inggris,Fisik,438,978-0-563-42160-3,8
BK00031,Pemrograman Struktur Data untuk Pemula Edisi Terbaru,"Dr. Gawati Pangestu, M.M., Ina Pradana",PT Grasindo,2015,"Fakultas Sains, Teknologi, & Kesehatan",Informatika,Pemrograman & Algoritma,"Buku ini memberikan pemahaman menyeluruh tentang pemecahan masalah komputasional, implementasi kode, serta logika pemrograman. Disusun dengan bahasa yang mudah dipahami untuk kalangan akademik.","kompleksitas, struktur data, algoritma, python",Indonesia,Fisik,249,978-0-365-41458-2,1
BK00032,Dasar Struktur Data,Shania Nasyiah,Kencana Prenada,2009,"Fakultas Sains, Teknologi, & Kesehatan",Informatika,Pemrograman & Algoritma,"Buku ini membahas secara mendalam tentang algoritma dan struktur data, logika pemrograman, serta efisiensi algoritma. Membantu pembaca membangun pemahaman konseptual maupun praktis.","struktur data, coding, logika komputasi, algoritma",Indonesia,Fisik,462,978-0-14-294019-8,1
BK00033,Pemrograman Pemrograman Berorientasi Objek untuk Pemula,"Jelita Sihotang, Rachel Melani",PT Grasindo,2017,"Fakultas Sains, Teknologi, & Kesehatan",Informatika,Pemrograman & Algoritma,"Buku ini mengulas berbagai aspek penting dari algoritma dan struktur data, efisiensi algoritma, serta pengembangan perangkat lunak. Membantu pembaca membangun pemahaman konseptual maupun praktis.","struktur data, coding, kompleksitas, python",Indonesia,Fisik,423,978-1-934060-88-9,3
BK00034,Pemrograman Berorientasi Objek: Konsep dan Implementasi,"Najib Winarsih, S.Kom",Graha Ilmu,2021,"Fakultas Sains, Teknologi, & Kesehatan",Informatika,Pemrograman & Algoritma,"Buku ini mengulas berbagai aspek penting dari implementasi kode, efisiensi algoritma, serta pemecahan masalah komputasional. Cocok digunakan sebagai referensi utama bagi mahasiswa dan praktisi.","struktur data, coding, pemrograman, algoritma",Indonesia,Fisik,541,978-1-159-51484-6,7
BK00035,Pemrograman C++ untuk Pemula,"Hasan Simbolon, S.Sos",Alfabeta,2023,"Fakultas Sains, Teknologi, & Kesehatan",Informatika,Pemrograman & Algoritma,"Buku ini memberikan pemahaman menyeluruh tentang pengembangan perangkat lunak, implementasi kode, serta pemecahan masalah komputasional. Menjadi rujukan penting dalam perkuliahan dan penelitian terkait.","python, java, struktur data, pemrograman",Indonesia,Fisik,545,978-0-366-29946-1,1
BK00036,Pemrograman Algoritma untuk Pemula,Dt. Gadang Suwarno,Graha Ilmu,2013,"Fakultas Sains, Teknologi, & Kesehatan",Informatika,Pemrograman & Algoritma,"Buku ini menyajikan kajian komprehensif mengenai implementasi kode, logika pemrograman, serta pemecahan masalah komputasional. Disusun dengan bahasa yang mudah dipahami untuk kalangan akademik.","coding, python, algoritma, java",Indonesia,E-book,479,978-1-995777-38-2,9999
BK00037,Belajar Struktur Data dari Nol,"Wulan Narpati, Bakiadi Suryono, M.TI.",Andi Publisher,2005,"Fakultas Sains, Teknologi, & Kesehatan",Informatika,Pemrograman & Algoritma,"Buku ini memberikan pemahaman menyeluruh tentang efisiensi algoritma, logika pemrograman, serta pemecahan masalah komputasional. Menjadi rujukan penting dalam perkuliahan dan penelitian terkait.","java, logika komputasi, kompleksitas, coding",Indonesia,Fisik,327,978-0-343-32003-4,3
BK00038,C++: Konsep dan Implementasi,Rahmi Hidayanto,Rajawali Pers,2012,"Fakultas Sains, Teknologi, & Kesehatan",Informatika,Pemrograman & Algoritma,"Buku ini mengulas berbagai aspek penting dari implementasi kode, pemecahan masalah komputasional, serta pengembangan perangkat lunak. Disusun dengan bahasa yang mudah dipahami untuk kalangan akademik.","coding, logika komputasi, pemrograman, python",Indonesia,Fisik,181,978-1-936763-20-7,8
BK00039,Pengantar Algoritma,"KH. Timbul Kurniawan, S.Farm, Cecep Maryati",Salemba Empat,2022,"Fakultas Sains, Teknologi, & Kesehatan",Informatika,Pemrograman & Algoritma,"Buku ini mengulas berbagai aspek penting dari logika pemrograman, implementasi kode, serta pengembangan perangkat lunak. Cocok digunakan sebagai referensi utama bagi mahasiswa dan praktisi.","pemrograman, algoritma, struktur data, python",Indonesia,Fisik,147,978-0-8317-2788-8,8
BK00040,Java: Konsep dan Implementasi,dr. Usyi Handayani,Erlangga,2010,"Fakultas Sains, Teknologi, & Kesehatan",Informatika,Pemrograman & Algoritma,"Buku ini memberikan pemahaman menyeluruh tentang implementasi kode, pemecahan masalah komputasional, serta efisiensi algoritma. Disusun dengan bahasa yang mudah dipahami untuk kalangan akademik.","struktur data, coding, algoritma, pemrograman",Indonesia,Fisik,178,978-1-277-43487-3,1
BK00041,Pemrograman Python untuk Pemula,"Digdaya Saefullah, M.M.",Kencana Prenada,2024,"Fakultas Sains, Teknologi, & Kesehatan",Informatika,Pemrograman & Algoritma,"Buku ini dirancang sebagai panduan untuk memahami algoritma dan struktur data, logika pemrograman, serta pengembangan perangkat lunak. Menjadi rujukan penting dalam perkuliahan dan penelitian terkait.","python, struktur data, pemrograman, kompleksitas",Inggris,Fisik,346,978-1-345-58122-5,4
BK00042,Algoritma dan Struktur Data,Harjo Mangunsong,Andi Publisher,2022,"Fakultas Sains, Teknologi, & Kesehatan",Informatika,Pemrograman & Algoritma,"Buku ini menyajikan kajian komprehensif mengenai pengembangan perangkat lunak, algoritma dan struktur data, serta logika pemrograman. Dilengkapi dengan contoh kasus dan studi lapangan yang relevan.","java, logika komputasi, struktur data, python",Indonesia,Fisik,329,978-0-665-87603-5,7
BK00043,Algoritma dan Struktur Data Edisi Ke-3,"drg. Kayla Padmasari, S.Ked",Kencana Prenada,2022,"Fakultas Sains, Teknologi, & Kesehatan",Informatika,Pemrograman & Algoritma,"Buku ini memberikan pemahaman menyeluruh tentang implementasi kode, efisiensi algoritma, serta logika pemrograman. Cocok digunakan sebagai referensi utama bagi mahasiswa dan praktisi.","kompleksitas, algoritma, logika komputasi, struktur data",Indonesia,Fisik,543,978-1-05-466889-7,2
BK00044,Dasar Java,Jinawi Prasetya,Pustaka Pelajar,2022,"Fakultas Sains, Teknologi, & Kesehatan",Informatika,Pemrograman & Algoritma,"Buku ini mengulas berbagai aspek penting dari pengembangan perangkat lunak, implementasi kode, serta pemecahan masalah komputasional. Membantu pembaca membangun pemahaman konseptual maupun praktis.","pemrograman, java, algoritma, coding",Inggris,Fisik,426,978-1-70656-272-6,0
BK00045,C++: Konsep dan Implementasi,"Drs. Aisyah Wijaya, Ir. Salimah Dongoran",Nuha Medika,2021,"Fakultas Sains, Teknologi, & Kesehatan",Informatika,Pemrograman & Algoritma,"Buku ini menyajikan kajian komprehensif mengenai algoritma dan struktur data, implementasi kode, serta pengembangan perangkat lunak. Menjadi rujukan penting dalam perkuliahan dan penelitian terkait.","java, logika komputasi, pemrograman, coding",Indonesia,Fisik,419,978-1-272-04653-8,6
BK00046,Dasar Web Development,Jane Sirait,Nuha Medika,2006,"Fakultas Sains, Teknologi, & Kesehatan",Informatika,Pemrograman & Algoritma,"Buku ini memberikan pemahaman menyeluruh tentang pemecahan masalah komputasional, pengembangan perangkat lunak, serta implementasi kode. Membantu pembaca membangun pemahaman konseptual maupun praktis.","struktur data, coding, kompleksitas, python",Indonesia,Fisik,249,978-1-64170-805-0,5
BK00047,Pemrograman Struktur Data untuk Pemula,Martaka Hidayat,Alfabeta,2011,"Fakultas Sains, Teknologi, & Kesehatan",Informatika,Pemrograman & Algoritma,"Buku ini memberikan pemahaman menyeluruh tentang implementasi kode, efisiensi algoritma, serta pemecahan masalah komputasional. Cocok digunakan sebagai referensi utama bagi mahasiswa dan praktisi.","coding, algoritma, struktur data, pemrograman",Indonesia,Fisik,344,978-0-330-92327-9,7
BK00048,Dasar Algoritma,"Balijan Pratiwi, S.Kom",Bumi Aksara,2020,"Fakultas Sains, Teknologi, & Kesehatan",Informatika,Pemrograman & Algoritma,"Buku ini membahas secara mendalam tentang logika pemrograman, algoritma dan struktur data, serta pemecahan masalah komputasional. Dilengkapi dengan contoh kasus dan studi lapangan yang relevan.","algoritma, pemrograman, java, kompleksitas",Indonesia,Fisik,547,978-1-5299-1241-8,7
BK00049,Pengantar Web Development,Cut Ira Permata,Pustaka Pelajar,2014,"Fakultas Sains, Teknologi, & Kesehatan",Informatika,Pemrograman & Algoritma,"Buku ini membahas secara mendalam tentang pemecahan masalah komputasional, implementasi kode, serta efisiensi algoritma. Disusun dengan bahasa yang mudah dipahami untuk kalangan akademik.","python, coding, algoritma, kompleksitas",Indonesia,Fisik,395,978-1-319-31491-0,7
BK00050,Algoritma dan Logika Pemrograman,"Drs. Purwa Gunarto, S.I.Kom",PT Grasindo,2020,"Fakultas Sains, Teknologi, & Kesehatan",Informatika,Pemrograman & Algoritma,"Buku ini membahas secara mendalam tentang pemecahan masalah komputasional, logika pemrograman, serta pengembangan perangkat lunak. Disusun dengan bahasa yang mudah dipahami untuk kalangan akademik.","java, logika komputasi, struktur data, pemrograman",Inggris,E-book,525,978-1-185-06716-3,9999
BK00051,Pemrograman Struktur Data untuk Pemula Edisi Ke-3,Siska Haryanti,Alfabeta,2020,"Fakultas Sains, Teknologi, & Kesehatan",Informatika,Pemrograman & Algoritma,"Buku ini menyajikan kajian komprehensif mengenai algoritma dan struktur data, logika pemrograman, serta pemecahan masalah komputasional. Cocok digunakan sebagai referensi utama bagi mahasiswa dan praktisi.","kompleksitas, algoritma, pemrograman, java",Indonesia,E-book,474,978-1-284-98776-8,9999
BK00052,Python: Konsep dan Implementasi,"Ir. Hasna Sinaga, S.H.",Andi Publisher,2012,"Fakultas Sains, Teknologi, & Kesehatan",Informatika,Pemrograman & Algoritma,"Buku ini menyajikan kajian komprehensif mengenai efisiensi algoritma, algoritma dan struktur data, serta pengembangan perangkat lunak. Disusun dengan bahasa yang mudah dipahami untuk kalangan akademik.","coding, python, logika komputasi, java",Inggris,Fisik,509,978-1-7379965-0-7,1
BK00053,Pengantar Pemrograman Berorientasi Objek,"Zizi Simbolon, Jinawi Prabowo",Deepublish,2023,"Fakultas Sains, Teknologi, & Kesehatan",Informatika,Pemrograman & Algoritma,"Buku ini dirancang sebagai panduan untuk memahami pemecahan masalah komputasional, logika pemrograman, serta efisiensi algoritma. Menjadi rujukan penting dalam perkuliahan dan penelitian terkait.","algoritma, python, coding, logika komputasi",Indonesia,Fisik,160,978-1-5494-8083-6,6
BK00054,Pemrograman Java untuk Pemula Edisi Ke-3,Dimas Wasita,Bumi Aksara,2016,"Fakultas Sains, Teknologi, & Kesehatan",Informatika,Pemrograman & Algoritma,"Buku ini membahas secara mendalam tentang pengembangan perangkat lunak, efisiensi algoritma, serta logika pemrograman. Menjadi rujukan penting dalam perkuliahan dan penelitian terkait.","algoritma, coding, java, python",Inggris,E-book,248,978-0-7770-1436-3,9999
BK00055,Algoritma dan Algoritma,"Hesti Samosir, M.Farm",Alfabeta,2017,"Fakultas Sains, Teknologi, & Kesehatan",Informatika,Pemrograman & Algoritma,"Buku ini mengulas berbagai aspek penting dari implementasi kode, efisiensi algoritma, serta pengembangan perangkat lunak. Cocok digunakan sebagai referensi utama bagi mahasiswa dan praktisi.","struktur data, kompleksitas, java, pemrograman",Indonesia,E-book,471,978-1-885685-57-5,9999
BK00056,Belajar Web Development dari Nol,Ina Ramadan,Bumi Aksara,2006,"Fakultas Sains, Teknologi, & Kesehatan",Informatika,Pemrograman & Algoritma,"Buku ini menyajikan kajian komprehensif mengenai pengembangan perangkat lunak, logika pemrograman, serta implementasi kode. Cocok digunakan sebagai referensi utama bagi mahasiswa dan praktisi.","java, pemrograman, python, struktur data",Inggris,Fisik,416,978-0-351-82337-4,5
BK00057,Dasar Pemrograman Berorientasi Objek,Tari Rahmawati,Bumi Aksara,2020,"Fakultas Sains, Teknologi, & Kesehatan",Informatika,Pemrograman & Algoritma,"Buku ini menyajikan kajian komprehensif mengenai efisiensi algoritma, pengembangan perangkat lunak, serta implementasi kode. Disusun dengan bahasa yang mudah dipahami untuk kalangan akademik.","java, struktur data, pemrograman, python",Indonesia,Fisik,359,978-0-343-52408-1,1
BK00058,Pengantar Logika Pemrograman,Endra Gunawan,PT Grasindo,2013,"Fakultas Sains, Teknologi, & Kesehatan",Informatika,Pemrograman & Algoritma,"Buku ini memberikan pemahaman menyeluruh tentang implementasi kode, efisiensi algoritma, serta algoritma dan struktur data. Disusun dengan bahasa yang mudah dipahami untuk kalangan akademik.","logika komputasi, algoritma, java, coding",Indonesia,Fisik,465,978-1-271-09477-6,3
BK00059,Dasar C++,"Jasmin Nashiruddin, Dono Kuswandari",Bumi Aksara,2006,"Fakultas Sains, Teknologi, & Kesehatan",Informatika,Pemrograman & Algoritma,"Buku ini menyajikan kajian komprehensif mengenai pengembangan perangkat lunak, pemecahan masalah komputasional, serta algoritma dan struktur data. Cocok digunakan sebagai referensi utama bagi mahasiswa dan praktisi.","struktur data, logika komputasi, java, python",Inggris,Fisik,169,978-0-671-90229-2,3
BK00060,Pemrograman Web Development untuk Pemula,Chelsea Prayoga,Erlangga,2013,"Fakultas Sains, Teknologi, & Kesehatan",Informatika,Pemrograman & Algoritma,"Buku ini dirancang sebagai panduan untuk memahami pemecahan masalah komputasional, algoritma dan struktur data, serta pengembangan perangkat lunak. Menjadi rujukan penting dalam perkuliahan dan penelitian terkait.","coding, pemrograman, logika komputasi, struktur data",Indonesia,Fisik,347,978-1-9993867-7-1,7
BK00061,Algoritma dan Python,Zelda Rahmawati,Gramedia Pustaka Utama,2024,"Fakultas Sains, Teknologi, & Kesehatan",Informatika,Pemrograman & Algoritma,"Buku ini membahas secara mendalam tentang logika pemrograman, algoritma dan struktur data, serta pemecahan masalah komputasional. Dilengkapi dengan contoh kasus dan studi lapangan yang relevan.","logika komputasi, algoritma, java, python",Indonesia,Fisik,244,978-1-990913-34-1,2
BK00062,Dasar Algoritma,"Bajragin Manullang, S.H.",Deepublish,2013,"Fakultas Sains, Teknologi, & Kesehatan",Informatika,Pemrograman & Algoritma,"Buku ini menyajikan kajian komprehensif mengenai algoritma dan struktur data, implementasi kode, serta logika pemrograman. Membantu pembaca membangun pemahaman konseptual maupun praktis.","java, python, struktur data, pemrograman",Indonesia,E-book,133,978-0-206-79740-9,9999
BK00063,Dasar C++,"Edward Suryono, Zelda Hasanah, S.Pt",Pustaka Pelajar,2007,"Fakultas Sains, Teknologi, & Kesehatan",Informatika,Pemrograman & Algoritma,"Buku ini dirancang sebagai panduan untuk memahami algoritma dan struktur data, logika pemrograman, serta pemecahan masalah komputasional. Cocok digunakan sebagai referensi utama bagi mahasiswa dan praktisi.","logika komputasi, algoritma, struktur data, python",Inggris,Fisik,382,978-1-936183-24-1,1
BK00064,Belajar Algoritma dari Nol,"R. Belinda Halim, S.E., T. Legawa Purnawati, S.Pd",Nuha Medika,2020,"Fakultas Sains, Teknologi, & Kesehatan",Informatika,Pemrograman & Algoritma,"Buku ini memberikan pemahaman menyeluruh tentang algoritma dan struktur data, pemecahan masalah komputasional, serta efisiensi algoritma. Cocok digunakan sebagai referensi utama bagi mahasiswa dan praktisi.","pemrograman, java, logika komputasi, algoritma",Indonesia,Fisik,284,978-0-7464-8877-5,2
BK00065,Pengantar Pemrograman Berorientasi Objek,Liman Gunarto,Elex Media Komputindo,2022,"Fakultas Sains, Teknologi, & Kesehatan",Informatika,Pemrograman & Algoritma,"Buku ini membahas secara mendalam tentang implementasi kode, pemecahan masalah komputasional, serta efisiensi algoritma. Cocok digunakan sebagai referensi utama bagi mahasiswa dan praktisi.","logika komputasi, java, pemrograman, kompleksitas",Inggris,Fisik,236,978-1-940139-90-6,6
BK00066,Pemrograman Logika Pemrograman untuk Pemula,"Ir. Rizki Santoso, M.Farm, Prabowo Natsir",Andi Publisher,2007,"Fakultas Sains, Teknologi, & Kesehatan",Informatika,Pemrograman & Algoritma,"Buku ini membahas secara mendalam tentang implementasi kode, logika pemrograman, serta pemecahan masalah komputasional. Cocok digunakan sebagai referensi utama bagi mahasiswa dan praktisi.","coding, python, logika komputasi, kompleksitas",Inggris,Fisik,501,978-1-4296-7175-0,5
BK00067,Belajar Struktur Data dari Nol,Juli Sinaga,UI Press,2014,"Fakultas Sains, Teknologi, & Kesehatan",Informatika,Pemrograman & Algoritma,"Buku ini mengulas berbagai aspek penting dari implementasi kode, pemecahan masalah komputasional, serta algoritma dan struktur data. Membantu pembaca membangun pemahaman konseptual maupun praktis.","logika komputasi, kompleksitas, algoritma, java",Indonesia,E-book,379,978-0-567-46807-9,9999
BK00068,Aplikasi Data Science di Industri Edisi Revisi,Galih Ramadan,Deepublish,2005,"Fakultas Sains, Teknologi, & Kesehatan",Informatika,Kecerdasan Buatan & Data Science,"Buku ini dirancang sebagai panduan untuk memahami pembelajaran mesin, jaringan saraf tiruan, serta kecerdasan buatan. Disusun dengan bahasa yang mudah dipahami untuk kalangan akademik.","big data, machine learning, data science, neural network",Indonesia,E-book,510,978-0-680-87603-4,9999
BK00069,Konsep Dasar Deep Learning Edisi Ke-2,Tgk. Luthfi Mandasari,Graha Ilmu,2019,"Fakultas Sains, Teknologi, & Kesehatan",Informatika,Kecerdasan Buatan & Data Science,"Buku ini memberikan pemahaman menyeluruh tentang kecerdasan buatan, prediksi berbasis data, serta pembelajaran mesin. Menjadi rujukan penting dalam perkuliahan dan penelitian terkait.","artificial intelligence, machine learning, deep learning, data mining",Indonesia,Fisik,279,978-0-348-24771-8,5
BK00070,Pengantar Machine Learning Edisi Revisi,Lasmono Sudiati,Rajawali Pers,2011,"Fakultas Sains, Teknologi, & Kesehatan",Informatika,Kecerdasan Buatan & Data Science,"Buku ini memberikan pemahaman menyeluruh tentang jaringan saraf tiruan, prediksi berbasis data, serta otomatisasi cerdas. Disusun dengan bahasa yang mudah dipahami untuk kalangan akademik.","neural network, kecerdasan buatan, big data, artificial intelligence",Indonesia,Fisik,176,978-0-480-86131-5,4
BK00071,Natural Language Processing untuk Pemula,"Devi Yuliarti, R. Najwa Siregar, M.TI.",Gramedia Pustaka Utama,2008,"Fakultas Sains, Teknologi, & Kesehatan",Informatika,Kecerdasan Buatan & Data Science,"Buku ini mengulas berbagai aspek penting dari pembelajaran mesin, otomatisasi cerdas, serta analisis data besar. Disusun dengan bahasa yang mudah dipahami untuk kalangan akademik.","machine learning, data mining, deep learning, data science",Inggris,E-book,340,978-1-77378-263-8,9999
BK00072,Data Science: Teori dan Praktik,"Drs. Ulva Mansur, Puti Ika Agustina, S.Psi",Informatika Bandung,2023,"Fakultas Sains, Teknologi, & Kesehatan",Informatika,Kecerdasan Buatan & Data Science,"Buku ini membahas secara mendalam tentang jaringan saraf tiruan, kecerdasan buatan, serta otomatisasi cerdas. Disusun dengan bahasa yang mudah dipahami untuk kalangan akademik.","big data, machine learning, kecerdasan buatan, artificial intelligence",Inggris,E-book,447,978-0-449-97278-6,9999
BK00073,Konsep Dasar Kecerdasan Buatan,Jelita Sitorus,Informatika Bandung,2012,"Fakultas Sains, Teknologi, & Kesehatan",Informatika,Kecerdasan Buatan & Data Science,"Buku ini memberikan pemahaman menyeluruh tentang otomatisasi cerdas, analisis data besar, serta kecerdasan buatan. Cocok digunakan sebagai referensi utama bagi mahasiswa dan praktisi.","data science, artificial intelligence, neural network, kecerdasan buatan",Inggris,E-book,160,978-1-5339-6360-4,9999
BK00074,Konsep Dasar Natural Language Processing,Uli Kusmawati,Kencana Prenada,2009,"Fakultas Sains, Teknologi, & Kesehatan",Informatika,Kecerdasan Buatan & Data Science,"Buku ini mengulas berbagai aspek penting dari prediksi berbasis data, otomatisasi cerdas, serta pembelajaran mesin. Disusun dengan bahasa yang mudah dipahami untuk kalangan akademik.","data science, machine learning, neural network, artificial intelligence",Indonesia,Fisik,251,978-1-270-28951-7,3
BK00075,Machine Learning untuk Pemula,"Dr. Cinthia Novitasari, M.M.",Graha Ilmu,2015,"Fakultas Sains, Teknologi, & Kesehatan",Informatika,Kecerdasan Buatan & Data Science,"Buku ini dirancang sebagai panduan untuk memahami jaringan saraf tiruan, prediksi berbasis data, serta otomatisasi cerdas. Membantu pembaca membangun pemahaman konseptual maupun praktis.","data science, artificial intelligence, big data, kecerdasan buatan",Indonesia,Fisik,154,978-0-621-74596-2,7
BK00076,Aplikasi Deep Learning di Industri,"Bajragin Sitompul, M.Pd",Andi Publisher,2014,"Fakultas Sains, Teknologi, & Kesehatan",Informatika,Kecerdasan Buatan & Data Science,"Buku ini membahas secara mendalam tentang jaringan saraf tiruan, otomatisasi cerdas, serta kecerdasan buatan. Disusun dengan bahasa yang mudah dipahami untuk kalangan akademik.","big data, neural network, machine learning, data science",Indonesia,E-book,424,978-1-78091-343-8,9999
BK00077,Membangun Sistem Data Mining,"Cornelia Fujiati, S.IP",Nuha Medika,2006,"Fakultas Sains, Teknologi, & Kesehatan",Informatika,Kecerdasan Buatan & Data Science,"Buku ini dirancang sebagai panduan untuk memahami analisis data besar, prediksi berbasis data, serta jaringan saraf tiruan. Dilengkapi dengan contoh kasus dan studi lapangan yang relevan.","machine learning, kecerdasan buatan, neural network, deep learning",Indonesia,Fisik,485,978-1-240-05045-1,1
BK00078,Pengantar Machine Learning,Mala Maulana,Andi Publisher,2015,"Fakultas Sains, Teknologi, & Kesehatan",Informatika,Kecerdasan Buatan & Data Science,"Buku ini dirancang sebagai panduan untuk memahami jaringan saraf tiruan, otomatisasi cerdas, serta analisis data besar. Cocok digunakan sebagai referensi utama bagi mahasiswa dan praktisi.","data science, data mining, artificial intelligence, big data",Indonesia,Fisik,405,978-1-922219-69-5,6
BK00079,Konsep Dasar Natural Language Processing,"Dimas Mandasari, M.Farm",Andi Publisher,2009,"Fakultas Sains, Teknologi, & Kesehatan",Informatika,Kecerdasan Buatan & Data Science,"Buku ini mengulas berbagai aspek penting dari otomatisasi cerdas, pembelajaran mesin, serta analisis data besar. Menjadi rujukan penting dalam perkuliahan dan penelitian terkait.","data science, data mining, machine learning, neural network",Indonesia,E-book,312,978-0-7474-0748-5,9999
BK00080,Natural Language Processing: Teori dan Praktik,Bagya Handayani,Elex Media Komputindo,2010,"Fakultas Sains, Teknologi, & Kesehatan",Informatika,Kecerdasan Buatan & Data Science,"Buku ini mengulas berbagai aspek penting dari prediksi berbasis data, analisis data besar, serta kecerdasan buatan. Disusun dengan bahasa yang mudah dipahami untuk kalangan akademik.","deep learning, big data, artificial intelligence, kecerdasan buatan",Indonesia,Fisik,218,978-1-64743-671-1,3
BK00081,Kecerdasan Buatan: Teori dan Praktik,Harjaya Pertiwi,Deepublish,2010,"Fakultas Sains, Teknologi, & Kesehatan",Informatika,Kecerdasan Buatan & Data Science,"Buku ini menyajikan kajian komprehensif mengenai pembelajaran mesin, prediksi berbasis data, serta jaringan saraf tiruan. Dilengkapi dengan contoh kasus dan studi lapangan yang relevan.","machine learning, big data, data science, neural network",Inggris,Fisik,330,978-1-4064-0909-3,5
BK00082,Membangun Sistem Data Mining,"Najwa Suwarno, S.H.",Nuha Medika,2019,"Fakultas Sains, Teknologi, & Kesehatan",Informatika,Kecerdasan Buatan & Data Science,"Buku ini mengulas berbagai aspek penting dari analisis data besar, jaringan saraf tiruan, serta pembelajaran mesin. Membantu pembaca membangun pemahaman konseptual maupun praktis.","data mining, deep learning, neural network, artificial intelligence",Indonesia,Fisik,377,978-0-394-21047-6,8
BK00083,Computer Vision: Teori dan Praktik Edisi Ke-2,Labuh Utama,Alfabeta,2010,"Fakultas Sains, Teknologi, & Kesehatan",Informatika,Kecerdasan Buatan & Data Science,"Buku ini mengulas berbagai aspek penting dari prediksi berbasis data, kecerdasan buatan, serta otomatisasi cerdas. Cocok digunakan sebagai referensi utama bagi mahasiswa dan praktisi.","machine learning, big data, kecerdasan buatan, data science",Inggris,E-book,195,978-0-456-23285-9,9999
BK00084,Pengantar Machine Learning,Dr. Vino Saputra,Kencana Prenada,2016,"Fakultas Sains, Teknologi, & Kesehatan",Informatika,Kecerdasan Buatan & Data Science,"Buku ini memberikan pemahaman menyeluruh tentang prediksi berbasis data, analisis data besar, serta pembelajaran mesin. Cocok digunakan sebagai referensi utama bagi mahasiswa dan praktisi.","machine learning, kecerdasan buatan, data mining, artificial intelligence",Indonesia,Fisik,170,978-1-74517-123-1,5
BK00085,Kecerdasan Buatan: Teori dan Praktik,"Hj. Tari Wulandari, S.Sos",Elex Media Komputindo,2013,"Fakultas Sains, Teknologi, & Kesehatan",Informatika,Kecerdasan Buatan & Data Science,"Buku ini membahas secara mendalam tentang jaringan saraf tiruan, prediksi berbasis data, serta kecerdasan buatan. Cocok digunakan sebagai referensi utama bagi mahasiswa dan praktisi.","data science, artificial intelligence, big data, kecerdasan buatan",Indonesia,E-book,492,978-0-604-81754-9,9999
BK00086,Pengantar Computer Vision,drg. Yuni Uyainah,Gramedia Pustaka Utama,2022,"Fakultas Sains, Teknologi, & Kesehatan",Informatika,Kecerdasan Buatan & Data Science,"Buku ini memberikan pemahaman menyeluruh tentang jaringan saraf tiruan, kecerdasan buatan, serta prediksi berbasis data. Membantu pembaca membangun pemahaman konseptual maupun praktis.","machine learning, deep learning, kecerdasan buatan, neural network",Indonesia,E-book,193,978-0-370-98593-0,9999
BK00087,Membangun Sistem Kecerdasan Buatan,"Atma Usada, M.M., Ilsa Yulianti, S.Farm",Gramedia Pustaka Utama,2021,"Fakultas Sains, Teknologi, & Kesehatan",Informatika,Kecerdasan Buatan & Data Science,"Buku ini dirancang sebagai panduan untuk memahami prediksi berbasis data, analisis data besar, serta kecerdasan buatan. Membantu pembaca membangun pemahaman konseptual maupun praktis.","artificial intelligence, deep learning, big data, machine learning",Inggris,Fisik,142,978-0-00-471138-6,6
BK00088,Konsep Dasar Natural Language Processing Edisi Revisi,Harsanto Hasanah,Nuha Medika,2010,"Fakultas Sains, Teknologi, & Kesehatan",Informatika,Kecerdasan Buatan & Data Science,"Buku ini dirancang sebagai panduan untuk memahami pembelajaran mesin, kecerdasan buatan, serta analisis data besar. Disusun dengan bahasa yang mudah dipahami untuk kalangan akademik.","deep learning, artificial intelligence, neural network, data science",Inggris,E-book,213,978-1-926179-64-3,9999
BK00089,Pengantar Natural Language Processing,Muhammad Uwais,Pustaka Pelajar,2022,"Fakultas Sains, Teknologi, & Kesehatan",Informatika,Kecerdasan Buatan & Data Science,"Buku ini dirancang sebagai panduan untuk memahami kecerdasan buatan, analisis data besar, serta prediksi berbasis data. Menjadi rujukan penting dalam perkuliahan dan penelitian terkait.","neural network, deep learning, machine learning, artificial intelligence",Indonesia,Fisik,505,978-1-7351585-0-1,3
BK00090,Konsep Dasar Computer Vision,Ika Nainggolan,Pustaka Pelajar,2010,"Fakultas Sains, Teknologi, & Kesehatan",Informatika,Kecerdasan Buatan & Data Science,"Buku ini memberikan pemahaman menyeluruh tentang jaringan saraf tiruan, otomatisasi cerdas, serta prediksi berbasis data. Disusun dengan bahasa yang mudah dipahami untuk kalangan akademik.","big data, data science, machine learning, artificial intelligence",Inggris,Fisik,528,978-1-139-00532-6,8
BK00091,Pengantar Natural Language Processing,"Drs. Danang Hidayat, M.Pd",Informatika Bandung,2019,"Fakultas Sains, Teknologi, & Kesehatan",Informatika,Kecerdasan Buatan & Data Science,"Buku ini mengulas berbagai aspek penting dari kecerdasan buatan, otomatisasi cerdas, serta analisis data besar. Disusun dengan bahasa yang mudah dipahami untuk kalangan akademik.","data science, neural network, data mining, big data",Indonesia,E-book,347,978-0-352-90422-5,9999
BK00092,Membangun Sistem Kecerdasan Buatan,T. Raditya Natsir,Salemba Empat,2005,"Fakultas Sains, Teknologi, & Kesehatan",Informatika,Kecerdasan Buatan & Data Science,"Buku ini dirancang sebagai panduan untuk memahami kecerdasan buatan, jaringan saraf tiruan, serta analisis data besar. Dilengkapi dengan contoh kasus dan studi lapangan yang relevan.","artificial intelligence, data science, big data, machine learning",Inggris,Fisik,184,978-0-205-39502-6,1
BK00093,Aplikasi Deep Learning di Industri,Anastasia Mahendra,UI Press,2009,"Fakultas Sains, Teknologi, & Kesehatan",Informatika,Kecerdasan Buatan & Data Science,"Buku ini membahas secara mendalam tentang analisis data besar, otomatisasi cerdas, serta jaringan saraf tiruan. Membantu pembaca membangun pemahaman konseptual maupun praktis.","machine learning, neural network, deep learning, kecerdasan buatan",Inggris,Fisik,452,978-0-17-758917-1,4
BK00094,Pengantar Kecerdasan Buatan,Sutan Warsita Susanti,Elex Media Komputindo,2020,"Fakultas Sains, Teknologi, & Kesehatan",Informatika,Kecerdasan Buatan & Data Science,"Buku ini dirancang sebagai panduan untuk memahami analisis data besar, jaringan saraf tiruan, serta pembelajaran mesin. Disusun dengan bahasa yang mudah dipahami untuk kalangan akademik.","artificial intelligence, neural network, machine learning, data science",Indonesia,Fisik,157,978-1-70076-617-5,7
BK00095,Aplikasi Data Science di Industri,"Maimunah Hidayanto, S.Pt",UI Press,2010,"Fakultas Sains, Teknologi, & Kesehatan",Informatika,Kecerdasan Buatan & Data Science,"Buku ini mengulas berbagai aspek penting dari prediksi berbasis data, otomatisasi cerdas, serta analisis data besar. Dilengkapi dengan contoh kasus dan studi lapangan yang relevan.","big data, data mining, data science, machine learning",Indonesia,Fisik,222,978-0-12-499856-8,2
BK00096,Membangun Sistem Kecerdasan Buatan,Drs. Ida Hasanah,Informatika Bandung,2020,"Fakultas Sains, Teknologi, & Kesehatan",Informatika,Kecerdasan Buatan & Data Science,"Buku ini mengulas berbagai aspek penting dari prediksi berbasis data, kecerdasan buatan, serta otomatisasi cerdas. Menjadi rujukan penting dalam perkuliahan dan penelitian terkait.","data mining, artificial intelligence, neural network, deep learning",Inggris,E-book,157,978-0-18-367365-9,9999
BK00097,Konsep Dasar Natural Language Processing Edisi Terbaru,"Dr. Lalita Agustina, S.IP",Salemba Empat,2008,"Fakultas Sains, Teknologi, & Kesehatan",Informatika,Kecerdasan Buatan & Data Science,"Buku ini dirancang sebagai panduan untuk memahami pembelajaran mesin, otomatisasi cerdas, serta jaringan saraf tiruan. Cocok digunakan sebagai referensi utama bagi mahasiswa dan praktisi.","big data, deep learning, neural network, data mining",Indonesia,Fisik,202,978-1-5452-7111-7,5
BK00098,Konsep Dasar Data Mining,Ian Kuswoyo,Deepublish,2007,"Fakultas Sains, Teknologi, & Kesehatan",Informatika,Kecerdasan Buatan & Data Science,"Buku ini dirancang sebagai panduan untuk memahami analisis data besar, pembelajaran mesin, serta otomatisasi cerdas. Membantu pembaca membangun pemahaman konseptual maupun praktis.","neural network, deep learning, big data, data mining",Indonesia,Fisik,457,978-0-8098-8516-9,5
BK00099,Pengantar Kecerdasan Buatan Edisi Ke-3,Salwa Anggraini,PT Grasindo,2012,"Fakultas Sains, Teknologi, & Kesehatan",Informatika,Kecerdasan Buatan & Data Science,"Buku ini mengulas berbagai aspek penting dari jaringan saraf tiruan, prediksi berbasis data, serta analisis data besar. Menjadi rujukan penting dalam perkuliahan dan penelitian terkait.","artificial intelligence, neural network, big data, machine learning",Indonesia,Fisik,157,978-1-945198-32-8,0
BK00100,Membangun Sistem Data Science,"Jaya Prasetyo, S.IP, Zulfa Puspita",Rajawali Pers,2021,"Fakultas Sains, Teknologi, & Kesehatan",Informatika,Kecerdasan Buatan & Data Science,"Buku ini menyajikan kajian komprehensif mengenai otomatisasi cerdas, analisis data besar, serta jaringan saraf tiruan. Disusun dengan bahasa yang mudah dipahami untuk kalangan akademik.","data science, data mining, big data, artificial intelligence",Indonesia,Fisik,358,978-0-493-68998-2,1
BK00101,Membangun Sistem Machine Learning Edisi Revisi,"Lulut Wahyuni, Tgk. Ana Najmudin, S.T.",Deepublish,2011,"Fakultas Sains, Teknologi, & Kesehatan",Informatika,Kecerdasan Buatan & Data Science,"Buku ini dirancang sebagai panduan untuk memahami pembelajaran mesin, otomatisasi cerdas, serta analisis data besar. Disusun dengan bahasa yang mudah dipahami untuk kalangan akademik.","artificial intelligence, data mining, neural network, kecerdasan buatan",Inggris,E-book,359,978-1-5022-9612-2,9999
BK00102,Konsep Dasar Data Science Edisi Terbaru,"Siska Dabukke, S.Pt",Bumi Aksara,2020,"Fakultas Sains, Teknologi, & Kesehatan",Informatika,Kecerdasan Buatan & Data Science,"Buku ini memberikan pemahaman menyeluruh tentang kecerdasan buatan, otomatisasi cerdas, serta analisis data besar. Membantu pembaca membangun pemahaman konseptual maupun praktis.","kecerdasan buatan, deep learning, neural network, data science",Indonesia,Fisik,340,978-1-67525-459-2,2
BK00103,Aplikasi Deep Learning di Industri,Puti Anastasia Mangunsong,Nuha Medika,2021,"Fakultas Sains, Teknologi, & Kesehatan",Informatika,Kecerdasan Buatan & Data Science,"Buku ini membahas secara mendalam tentang pembelajaran mesin, analisis data besar, serta prediksi berbasis data. Menjadi rujukan penting dalam perkuliahan dan penelitian terkait.","artificial intelligence, machine learning, neural network, big data",Indonesia,E-book,468,978-0-14-767976-5,9999
BK00104,Kecerdasan Buatan: Teori dan Praktik,Gasti Mulyani,Erlangga,2006,"Fakultas Sains, Teknologi, & Kesehatan",Informatika,Kecerdasan Buatan & Data Science,"Buku ini dirancang sebagai panduan untuk memahami pembelajaran mesin, prediksi berbasis data, serta jaringan saraf tiruan. Cocok digunakan sebagai referensi utama bagi mahasiswa dan praktisi.","big data, neural network, data science, deep learning",Indonesia,E-book,290,978-1-61497-840-4,9999
BK00105,Data Science untuk Pemula Edisi Ke-2,Harto Rahimah,Pustaka Pelajar,2022,"Fakultas Sains, Teknologi, & Kesehatan",Informatika,Kecerdasan Buatan & Data Science,"Buku ini dirancang sebagai panduan untuk memahami otomatisasi cerdas, analisis data besar, serta prediksi berbasis data. Membantu pembaca membangun pemahaman konseptual maupun praktis.","big data, deep learning, kecerdasan buatan, neural network",Indonesia,Fisik,537,978-0-343-24451-4,0
BK00106,Konsep Dasar Natural Language Processing Edisi Terbaru,Jamal Astuti,Deepublish,2020,"Fakultas Sains, Teknologi, & Kesehatan",Informatika,Kecerdasan Buatan & Data Science,"Buku ini membahas secara mendalam tentang otomatisasi cerdas, prediksi berbasis data, serta pembelajaran mesin. Membantu pembaca membangun pemahaman konseptual maupun praktis.","machine learning, neural network, kecerdasan buatan, data science",Inggris,Fisik,540,978-0-683-88516-3,3
BK00107,Natural Language Processing untuk Pemula Edisi Revisi,"Cut Maya Budiyanto, M.M.",Elex Media Komputindo,2021,"Fakultas Sains, Teknologi, & Kesehatan",Informatika,Kecerdasan Buatan & Data Science,"Buku ini membahas secara mendalam tentang jaringan saraf tiruan, prediksi berbasis data, serta otomatisasi cerdas. Dilengkapi dengan contoh kasus dan studi lapangan yang relevan.","artificial intelligence, deep learning, kecerdasan buatan, data mining",Indonesia,E-book,364,978-1-969664-16-8,9999
BK00108,Konsep Dasar Machine Learning,Gamani Narpati,Bumi Aksara,2022,"Fakultas Sains, Teknologi, & Kesehatan",Informatika,Kecerdasan Buatan & Data Science,"Buku ini menyajikan kajian komprehensif mengenai prediksi berbasis data, jaringan saraf tiruan, serta pembelajaran mesin. Disusun dengan bahasa yang mudah dipahami untuk kalangan akademik.","big data, data mining, artificial intelligence, data science",Indonesia,Fisik,514,978-1-161-36968-7,4
BK00109,Aplikasi Natural Language Processing di Industri,Harto Saragih,Bumi Aksara,2009,"Fakultas Sains, Teknologi, & Kesehatan",Informatika,Kecerdasan Buatan & Data Science,"Buku ini memberikan pemahaman menyeluruh tentang otomatisasi cerdas, prediksi berbasis data, serta jaringan saraf tiruan. Disusun dengan bahasa yang mudah dipahami untuk kalangan akademik.","neural network, data science, machine learning, data mining",Indonesia,Fisik,485,978-0-521-81883-4,1
BK00110,Membangun Sistem Natural Language Processing,"Tgk. Gara Yuliarti, S.E.I",Kencana Prenada,2023,"Fakultas Sains, Teknologi, & Kesehatan",Informatika,Kecerdasan Buatan & Data Science,"Buku ini membahas secara mendalam tentang prediksi berbasis data, analisis data besar, serta pembelajaran mesin. Membantu pembaca membangun pemahaman konseptual maupun praktis.","kecerdasan buatan, artificial intelligence, neural network, data science",Indonesia,Fisik,462,978-0-243-29212-7,8
BK00111,Aplikasi Machine Learning di Industri Edisi Terbaru,"Ir. Jumadi Hariyah, M.Farm",Elex Media Komputindo,2020,"Fakultas Sains, Teknologi, & Kesehatan",Informatika,Kecerdasan Buatan & Data Science,"Buku ini memberikan pemahaman menyeluruh tentang kecerdasan buatan, prediksi berbasis data, serta pembelajaran mesin. Menjadi rujukan penting dalam perkuliahan dan penelitian terkait.","data mining, machine learning, big data, deep learning",Indonesia,Fisik,266,978-1-5271-7744-4,0
BK00112,Aplikasi Data Mining di Industri Edisi Revisi,Cut Kamila Mayasari,Bumi Aksara,2005,"Fakultas Sains, Teknologi, & Kesehatan",Informatika,Kecerdasan Buatan & Data Science,"Buku ini mengulas berbagai aspek penting dari jaringan saraf tiruan, otomatisasi cerdas, serta pembelajaran mesin. Cocok digunakan sebagai referensi utama bagi mahasiswa dan praktisi.","data science, kecerdasan buatan, deep learning, machine learning",Indonesia,Fisik,265,978-1-77005-411-0,7
BK00113,Computer Vision: Teori dan Praktik,"Ir. Ophelia Winarno, Ratna Puspasari",Elex Media Komputindo,2014,"Fakultas Sains, Teknologi, & Kesehatan",Informatika,Kecerdasan Buatan & Data Science,"Buku ini membahas secara mendalam tentang otomatisasi cerdas, analisis data besar, serta pembelajaran mesin. Disusun dengan bahasa yang mudah dipahami untuk kalangan akademik.","deep learning, data science, data mining, kecerdasan buatan",Indonesia,E-book,447,978-1-935978-20-6,9999
BK00114,Membangun Sistem Data Mining,Ciaobella Siregar,Nuha Medika,2012,"Fakultas Sains, Teknologi, & Kesehatan",Informatika,Kecerdasan Buatan & Data Science,"Buku ini mengulas berbagai aspek penting dari analisis data besar, pembelajaran mesin, serta kecerdasan buatan. Menjadi rujukan penting dalam perkuliahan dan penelitian terkait.","deep learning, data mining, artificial intelligence, kecerdasan buatan",Indonesia,Fisik,274,978-0-03-778892-8,0
BK00115,Aplikasi Deep Learning di Industri,"Kasiyah Suryono, Laila Sirait",Kencana Prenada,2016,"Fakultas Sains, Teknologi, & Kesehatan",Informatika,Kecerdasan Buatan & Data Science,"Buku ini membahas secara mendalam tentang jaringan saraf tiruan, prediksi berbasis data, serta analisis data besar. Disusun dengan bahasa yang mudah dipahami untuk kalangan akademik.","deep learning, kecerdasan buatan, data science, data mining",Indonesia,Fisik,364,978-1-151-86449-9,2
BK00116,Aplikasi Data Mining di Industri,"R. Juli Hutapea, M.Farm",UI Press,2021,"Fakultas Sains, Teknologi, & Kesehatan",Informatika,Kecerdasan Buatan & Data Science,"Buku ini dirancang sebagai panduan untuk memahami pembelajaran mesin, prediksi berbasis data, serta kecerdasan buatan. Menjadi rujukan penting dalam perkuliahan dan penelitian terkait.","data mining, artificial intelligence, neural network, deep learning",Indonesia,E-book,177,978-1-4629-1486-9,9999
BK00117,Data Mining untuk Pemula Edisi Ke-2,"Prima Sitompul, S.E.I, Nardi Novitasari, S.Pt",Erlangga,2019,"Fakultas Sains, Teknologi, & Kesehatan",Informatika,Kecerdasan Buatan & Data Science,"Buku ini membahas secara mendalam tentang otomatisasi cerdas, prediksi berbasis data, serta jaringan saraf tiruan. Membantu pembaca membangun pemahaman konseptual maupun praktis.","data mining, machine learning, big data, deep learning",Inggris,Fisik,382,978-1-05-423573-0,6
BK00118,Kecerdasan Buatan untuk Pemula,Cahyo Mangunsong,Informatika Bandung,2006,"Fakultas Sains, Teknologi, & Kesehatan",Informatika,Kecerdasan Buatan & Data Science,"Buku ini dirancang sebagai panduan untuk memahami analisis data besar, kecerdasan buatan, serta pembelajaran mesin. Cocok digunakan sebagai referensi utama bagi mahasiswa dan praktisi.","neural network, big data, machine learning, kecerdasan buatan",Indonesia,E-book,152,978-1-188-80592-2,9999
BK00119,Pengantar Data Science Edisi Terbaru,"drg. Eva Marpaung, Radika Oktaviani",Salemba Empat,2007,"Fakultas Sains, Teknologi, & Kesehatan",Informatika,Kecerdasan Buatan & Data Science,"Buku ini memberikan pemahaman menyeluruh tentang analisis data besar, jaringan saraf tiruan, serta prediksi berbasis data. Menjadi rujukan penting dalam perkuliahan dan penelitian terkait.","data science, artificial intelligence, big data, kecerdasan buatan",Indonesia,Fisik,211,978-1-06-537947-8,8
BK00120,Machine Learning untuk Pemula,"Kasusra Permadi, Yessi Halimah",Kencana Prenada,2012,"Fakultas Sains, Teknologi, & Kesehatan",Informatika,Kecerdasan Buatan & Data Science,"Buku ini dirancang sebagai panduan untuk memahami jaringan saraf tiruan, prediksi berbasis data, serta otomatisasi cerdas. Menjadi rujukan penting dalam perkuliahan dan penelitian terkait.","machine learning, artificial intelligence, data mining, data science",Inggris,Fisik,199,978-1-9774-6886-4,4
BK00121,Aplikasi Computer Vision di Industri Edisi Terbaru,Rendy Pangestu,Kencana Prenada,2006,"Fakultas Sains, Teknologi, & Kesehatan",Informatika,Kecerdasan Buatan & Data Science,"Buku ini memberikan pemahaman menyeluruh tentang kecerdasan buatan, prediksi berbasis data, serta otomatisasi cerdas. Membantu pembaca membangun pemahaman konseptual maupun praktis.","machine learning, deep learning, artificial intelligence, data mining",Indonesia,Fisik,344,978-1-07-581814-1,3
BK00122,Pengantar Machine Learning,"Prabowo Marpaung, Mila Mulyani",Bumi Aksara,2018,"Fakultas Sains, Teknologi, & Kesehatan",Informatika,Kecerdasan Buatan & Data Science,"Buku ini dirancang sebagai panduan untuk memahami pembelajaran mesin, analisis data besar, serta otomatisasi cerdas. Dilengkapi dengan contoh kasus dan studi lapangan yang relevan.","big data, neural network, artificial intelligence, data science",Indonesia,Fisik,405,978-1-137-50606-1,2
BK00123,Data Science untuk Pemula Edisi Ke-3,Tgk. Daryani Winarno,Deepublish,2017,"Fakultas Sains, Teknologi, & Kesehatan",Informatika,Kecerdasan Buatan & Data Science,"Buku ini menyajikan kajian komprehensif mengenai otomatisasi cerdas, jaringan saraf tiruan, serta prediksi berbasis data. Disusun dengan bahasa yang mudah dipahami untuk kalangan akademik.","artificial intelligence, data mining, neural network, data science",Inggris,Fisik,235,978-1-305-15220-5,4
BK00124,Membangun Sistem Kecerdasan Buatan,Yance Halimah,Elex Media Komputindo,2007,"Fakultas Sains, Teknologi, & Kesehatan",Informatika,Kecerdasan Buatan & Data Science,"Buku ini memberikan pemahaman menyeluruh tentang pembelajaran mesin, analisis data besar, serta kecerdasan buatan. Disusun dengan bahasa yang mudah dipahami untuk kalangan akademik.","data science, kecerdasan buatan, deep learning, data mining",Indonesia,Fisik,313,978-1-79010-432-1,0
BK00125,Computer Vision: Teori dan Praktik,H. Lulut Nuraini,Kencana Prenada,2020,"Fakultas Sains, Teknologi, & Kesehatan",Informatika,Kecerdasan Buatan & Data Science,"Buku ini menyajikan kajian komprehensif mengenai analisis data besar, kecerdasan buatan, serta pembelajaran mesin. Cocok digunakan sebagai referensi utama bagi mahasiswa dan praktisi.","kecerdasan buatan, data mining, deep learning, data science",Indonesia,Fisik,242,978-0-434-10369-0,8
BK00126,Konsep Dasar Data Science,Bella Kusumo,UI Press,2011,"Fakultas Sains, Teknologi, & Kesehatan",Informatika,Kecerdasan Buatan & Data Science,"Buku ini memberikan pemahaman menyeluruh tentang jaringan saraf tiruan, otomatisasi cerdas, serta kecerdasan buatan. Disusun dengan bahasa yang mudah dipahami untuk kalangan akademik.","neural network, data science, artificial intelligence, data mining",Indonesia,Fisik,143,978-0-89324-609-9,3
BK00127,Pengantar Deep Learning,Halima Pertiwi,Graha Ilmu,2020,"Fakultas Sains, Teknologi, & Kesehatan",Informatika,Kecerdasan Buatan & Data Science,"Buku ini dirancang sebagai panduan untuk memahami analisis data besar, pembelajaran mesin, serta jaringan saraf tiruan. Dilengkapi dengan contoh kasus dan studi lapangan yang relevan.","artificial intelligence, data science, deep learning, big data",Indonesia,Fisik,490,978-0-18-518888-5,7
BK00128,Natural Language Processing: Teori dan Praktik,"Dt. Harsaya Halimah, Makara Wibisono",Salemba Empat,2018,"Fakultas Sains, Teknologi, & Kesehatan",Informatika,Kecerdasan Buatan & Data Science,"Buku ini membahas secara mendalam tentang prediksi berbasis data, kecerdasan buatan, serta otomatisasi cerdas. Cocok digunakan sebagai referensi utama bagi mahasiswa dan praktisi.","data mining, deep learning, neural network, machine learning",Indonesia,Fisik,482,978-1-05-153195-8,2
BK00129,Data Mining: Teori dan Praktik,"Artawan Thamrin, Tgk. Rahmat Yuniar",Alfabeta,2021,"Fakultas Sains, Teknologi, & Kesehatan",Informatika,Kecerdasan Buatan & Data Science,"Buku ini membahas secara mendalam tentang kecerdasan buatan, prediksi berbasis data, serta jaringan saraf tiruan. Cocok digunakan sebagai referensi utama bagi mahasiswa dan praktisi.","data mining, big data, kecerdasan buatan, machine learning",Indonesia,Fisik,377,978-1-72217-043-1,6
BK00130,Pengantar Kecerdasan Buatan,"Prima Pangestu, Galih Saragih",Kencana Prenada,2023,"Fakultas Sains, Teknologi, & Kesehatan",Informatika,Kecerdasan Buatan & Data Science,"Buku ini memberikan pemahaman menyeluruh tentang jaringan saraf tiruan, kecerdasan buatan, serta analisis data besar. Menjadi rujukan penting dalam perkuliahan dan penelitian terkait.","neural network, artificial intelligence, data science, big data",Indonesia,Fisik,470,978-1-4034-5054-8,1
BK00131,Pengantar Data Science,Raharja Uwais,Erlangga,2008,"Fakultas Sains, Teknologi, & Kesehatan",Informatika,Kecerdasan Buatan & Data Science,"Buku ini mengulas berbagai aspek penting dari kecerdasan buatan, jaringan saraf tiruan, serta prediksi berbasis data. Membantu pembaca membangun pemahaman konseptual maupun praktis.","machine learning, big data, data mining, deep learning",Indonesia,Fisik,474,978-1-76527-758-6,7
BK00132,Pengantar Kecerdasan Buatan,"Wani Hutasoit, Lintang Hutapea, S.Farm",Deepublish,2014,"Fakultas Sains, Teknologi, & Kesehatan",Informatika,Kecerdasan Buatan & Data Science,"Buku ini memberikan pemahaman menyeluruh tentang pembelajaran mesin, prediksi berbasis data, serta otomatisasi cerdas. Cocok digunakan sebagai referensi utama bagi mahasiswa dan praktisi.","machine learning, deep learning, data science, data mining",Indonesia,E-book,547,978-1-5115-4479-5,9999
BK00133,Aplikasi Data Mining di Industri,"Maria Marbun, M.M.",Andi Publisher,2012,"Fakultas Sains, Teknologi, & Kesehatan",Informatika,Kecerdasan Buatan & Data Science,"Buku ini membahas secara mendalam tentang prediksi berbasis data, analisis data besar, serta kecerdasan buatan. Menjadi rujukan penting dalam perkuliahan dan penelitian terkait.","data science, artificial intelligence, big data, machine learning",Indonesia,E-book,513,978-1-05-964016-4,9999
BK00134,Konsep Dasar Kecerdasan Buatan,Oliva Wastuti,Andi Publisher,2017,"Fakultas Sains, Teknologi, & Kesehatan",Informatika,Kecerdasan Buatan & Data Science,"Buku ini menyajikan kajian komprehensif mengenai prediksi berbasis data, jaringan saraf tiruan, serta otomatisasi cerdas. Membantu pembaca membangun pemahaman konseptual maupun praktis.","data mining, kecerdasan buatan, deep learning, data science",Indonesia,Fisik,485,978-0-297-02135-3,1
BK00135,Konsep Dasar Machine Learning,Kiandra Purnawati,UI Press,2019,"Fakultas Sains, Teknologi, & Kesehatan",Informatika,Kecerdasan Buatan & Data Science,"Buku ini membahas secara mendalam tentang analisis data besar, kecerdasan buatan, serta prediksi berbasis data. Disusun dengan bahasa yang mudah dipahami untuk kalangan akademik.","data science, big data, kecerdasan buatan, data mining",Indonesia,Fisik,187,978-0-7557-1928-0,1
BK00136,Membangun Sistem Data Science,Lala Sihotang,Informatika Bandung,2014,"Fakultas Sains, Teknologi, & Kesehatan",Informatika,Kecerdasan Buatan & Data Science,"Buku ini memberikan pemahaman menyeluruh tentang prediksi berbasis data, kecerdasan buatan, serta analisis data besar. Cocok digunakan sebagai referensi utama bagi mahasiswa dan praktisi.","deep learning, machine learning, artificial intelligence, data science",Inggris,Fisik,491,978-0-10-278681-1,8
BK00137,Infrastruktur Jaringan: Prinsip dan Praktik,"Vicky Rajata, Melinda Prabowo, M.Ak",Pustaka Pelajar,2014,"Fakultas Sains, Teknologi, & Kesehatan",Informatika,Jaringan & Keamanan Siber,"Buku ini mengulas berbagai aspek penting dari keamanan jaringan komputer, proteksi data digital, serta protokol komunikasi data. Menjadi rujukan penting dalam perkuliahan dan penelitian terkait.","firewall, cyber security, kriptografi, keamanan siber",Indonesia,Fisik,248,978-1-312-17271-5,3
BK00138,Ethical Hacking di Era Digital Edisi Revisi,"Ir. Surya Simanjuntak, S.I.Kom, Bella Pudjiastuti, M.Pd",Salemba Empat,2024,"Fakultas Sains, Teknologi, & Kesehatan",Informatika,Jaringan & Keamanan Siber,"Buku ini mengulas berbagai aspek penting dari protokol komunikasi data, ancaman siber, serta audit keamanan sistem. Menjadi rujukan penting dalam perkuliahan dan penelitian terkait.","jaringan komputer, kriptografi, cyber security, firewall",Indonesia,Fisik,428,978-1-225-83132-7,3
BK00139,Pengantar Keamanan Siber,Paiman Lailasari,UI Press,2017,"Fakultas Sains, Teknologi, & Kesehatan",Informatika,Jaringan & Keamanan Siber,"Buku ini memberikan pemahaman menyeluruh tentang sistem enkripsi, proteksi data digital, serta ancaman siber. Disusun dengan bahasa yang mudah dipahami untuk kalangan akademik.","firewall, protokol jaringan, hacking etis, kriptografi",Indonesia,E-book,222,978-1-895782-91-2,9999
BK00140,Jaringan Komputer di Era Digital,Galak Widodo,Salemba Empat,2013,"Fakultas Sains, Teknologi, & Kesehatan",Informatika,Jaringan & Keamanan Siber,"Buku ini mengulas berbagai aspek penting dari protokol komunikasi data, audit keamanan sistem, serta proteksi data digital. Dilengkapi dengan contoh kasus dan studi lapangan yang relevan.","kriptografi, enkripsi, cyber security, jaringan komputer",Inggris,Fisik,157,978-1-69125-177-3,7
BK00141,Keamanan Informasi di Era Digital,"Kariman Situmorang, S.E.I",Deepublish,2016,"Fakultas Sains, Teknologi, & Kesehatan",Informatika,Jaringan & Keamanan Siber,"Buku ini membahas secara mendalam tentang audit keamanan sistem, sistem enkripsi, serta keamanan jaringan komputer. Dilengkapi dengan contoh kasus dan studi lapangan yang relevan.","hacking etis, firewall, jaringan komputer, cyber security",Indonesia,E-book,450,978-0-680-18242-5,9999
BK00142,Pengantar Keamanan Informasi Edisi Revisi,"Gaman Prasetyo, Padma Suryono",Rajawali Pers,2020,"Fakultas Sains, Teknologi, & Kesehatan",Informatika,Jaringan & Keamanan Siber,"Buku ini mengulas berbagai aspek penting dari protokol komunikasi data, sistem enkripsi, serta proteksi data digital. Cocok digunakan sebagai referensi utama bagi mahasiswa dan praktisi.","kriptografi, enkripsi, cyber security, hacking etis",Indonesia,Fisik,163,978-1-384-24981-0,1
BK00143,Pengantar Kriptografi,Ir. Cawisadi Rahayu,Rajawali Pers,2006,"Fakultas Sains, Teknologi, & Kesehatan",Informatika,Jaringan & Keamanan Siber,"Buku ini membahas secara mendalam tentang protokol komunikasi data, audit keamanan sistem, serta ancaman siber. Disusun dengan bahasa yang mudah dipahami untuk kalangan akademik.","enkripsi, cyber security, kriptografi, jaringan komputer",Indonesia,Fisik,451,978-0-9959001-0-3,1
BK00144,Ethical Hacking: Prinsip dan Praktik Edisi Ke-2,"Prasetya Permata, S.T.",Elex Media Komputindo,2005,"Fakultas Sains, Teknologi, & Kesehatan",Informatika,Jaringan & Keamanan Siber,"Buku ini memberikan pemahaman menyeluruh tentang audit keamanan sistem, proteksi data digital, serta sistem enkripsi. Menjadi rujukan penting dalam perkuliahan dan penelitian terkait.","hacking etis, kriptografi, keamanan siber, enkripsi",Inggris,E-book,339,978-1-907844-73-7,9999
BK00145,Dasar-Dasar Infrastruktur Jaringan Edisi Ke-3,"KH. Mahdi Waskita, S.Pd",Alfabeta,2008,"Fakultas Sains, Teknologi, & Kesehatan",Informatika,Jaringan & Keamanan Siber,"Buku ini menyajikan kajian komprehensif mengenai proteksi data digital, ancaman siber, serta sistem enkripsi. Menjadi rujukan penting dalam perkuliahan dan penelitian terkait.","keamanan siber, firewall, jaringan komputer, hacking etis",Inggris,E-book,447,978-0-02-767735-5,9999
BK00146,Keamanan Informasi di Era Digital,R. Iriana Simanjuntak,Kencana Prenada,2008,"Fakultas Sains, Teknologi, & Kesehatan",Informatika,Jaringan & Keamanan Siber,"Buku ini menyajikan kajian komprehensif mengenai proteksi data digital, ancaman siber, serta keamanan jaringan komputer. Disusun dengan bahasa yang mudah dipahami untuk kalangan akademik.","protokol jaringan, cyber security, kriptografi, firewall",Indonesia,Fisik,213,978-1-258-81537-0,5
BK00147,Keamanan Informasi di Era Digital,"Emas Hartati, Caket Kuswoyo",Bumi Aksara,2020,"Fakultas Sains, Teknologi, & Kesehatan",Informatika,Jaringan & Keamanan Siber,"Buku ini dirancang sebagai panduan untuk memahami audit keamanan sistem, sistem enkripsi, serta proteksi data digital. Dilengkapi dengan contoh kasus dan studi lapangan yang relevan.","hacking etis, kriptografi, keamanan siber, enkripsi",Indonesia,Fisik,281,978-1-69632-595-0,7
BK00148,Pengantar Jaringan Komputer,"Prabowo Manullang, Oliva Hastuti",Andi Publisher,2010,"Fakultas Sains, Teknologi, & Kesehatan",Informatika,Jaringan & Keamanan Siber,"Buku ini memberikan pemahaman menyeluruh tentang protokol komunikasi data, audit keamanan sistem, serta sistem enkripsi. Menjadi rujukan penting dalam perkuliahan dan penelitian terkait.","hacking etis, firewall, enkripsi, kriptografi",Indonesia,Fisik,269,978-1-70168-733-2,0
BK00149,Ethical Hacking: Prinsip dan Praktik,dr. Alika Hardiansyah,Erlangga,2022,"Fakultas Sains, Teknologi, & Kesehatan",Informatika,Jaringan & Keamanan Siber,"Buku ini dirancang sebagai panduan untuk memahami sistem enkripsi, keamanan jaringan komputer, serta ancaman siber. Disusun dengan bahasa yang mudah dipahami untuk kalangan akademik.","enkripsi, firewall, hacking etis, jaringan komputer",Inggris,E-book,231,978-1-9748-0162-6,9999
BK00150,Dasar-Dasar Infrastruktur Jaringan,Titi Utama,Elex Media Komputindo,2012,"Fakultas Sains, Teknologi, & Kesehatan",Informatika,Jaringan & Keamanan Siber,"Buku ini memberikan pemahaman menyeluruh tentang ancaman siber, audit keamanan sistem, serta keamanan jaringan komputer. Cocok digunakan sebagai referensi utama bagi mahasiswa dan praktisi.","firewall, hacking etis, jaringan komputer, kriptografi",Indonesia,E-book,432,978-1-06-098358-8,9999
BK00151,Ethical Hacking: Prinsip dan Praktik Edisi Ke-2,Belinda Winarno,Alfabeta,2014,"Fakultas Sains, Teknologi, & Kesehatan",Informatika,Jaringan & Keamanan Siber,"Buku ini mengulas berbagai aspek penting dari ancaman siber, sistem enkripsi, serta proteksi data digital. Disusun dengan bahasa yang mudah dipahami untuk kalangan akademik.","jaringan komputer, firewall, cyber security, hacking etis",Indonesia,Fisik,504,978-1-991216-55-7,6
BK00152,Pengantar Infrastruktur Jaringan Edisi Ke-2,"Tgk. Perkasa Megantara, Luhung Melani",Andi Publisher,2019,"Fakultas Sains, Teknologi, & Kesehatan",Informatika,Jaringan & Keamanan Siber,"Buku ini memberikan pemahaman menyeluruh tentang protokol komunikasi data, proteksi data digital, serta ancaman siber. Menjadi rujukan penting dalam perkuliahan dan penelitian terkait.","protokol jaringan, hacking etis, keamanan siber, kriptografi",Indonesia,Fisik,383,978-0-00-257872-1,4
BK00153,Membangun Keamanan Informasi yang Aman,"Drs. Dina Simbolon, dr. Elisa Wijaya",Pustaka Pelajar,2011,"Fakultas Sains, Teknologi, & Kesehatan",Informatika,Jaringan & Keamanan Siber,"Buku ini menyajikan kajian komprehensif mengenai keamanan jaringan komputer, sistem enkripsi, serta protokol komunikasi data. Menjadi rujukan penting dalam perkuliahan dan penelitian terkait.","keamanan siber, protokol jaringan, kriptografi, cyber security",Indonesia,Fisik,544,978-1-888794-70-0,4
BK00154,Ethical Hacking di Era Digital Edisi Terbaru,Julia Wulandari,Informatika Bandung,2005,"Fakultas Sains, Teknologi, & Kesehatan",Informatika,Jaringan & Keamanan Siber,"Buku ini memberikan pemahaman menyeluruh tentang keamanan jaringan komputer, audit keamanan sistem, serta proteksi data digital. Menjadi rujukan penting dalam perkuliahan dan penelitian terkait.","jaringan komputer, enkripsi, hacking etis, kriptografi",Indonesia,E-book,187,978-1-940974-99-6,9999
BK00155,Kriptografi: Prinsip dan Praktik Edisi Ke-3,"Najam Habibi, Dr. Ella Novitasari",Rajawali Pers,2007,"Fakultas Sains, Teknologi, & Kesehatan",Informatika,Jaringan & Keamanan Siber,"Buku ini menyajikan kajian komprehensif mengenai keamanan jaringan komputer, protokol komunikasi data, serta ancaman siber. Menjadi rujukan penting dalam perkuliahan dan penelitian terkait.","protokol jaringan, enkripsi, hacking etis, keamanan siber",Indonesia,Fisik,364,978-0-309-13075-2,1
BK00156,Keamanan Siber di Era Digital,Eka Zulkarnain,Andi Publisher,2017,"Fakultas Sains, Teknologi, & Kesehatan",Informatika,Jaringan & Keamanan Siber,"Buku ini membahas secara mendalam tentang protokol komunikasi data, proteksi data digital, serta audit keamanan sistem. Dilengkapi dengan contoh kasus dan studi lapangan yang relevan.","jaringan komputer, protokol jaringan, cyber security, enkripsi",Indonesia,Fisik,280,978-1-897028-38-4,5
BK00157,Keamanan Informasi: Prinsip dan Praktik,Salimah Kuswandari,UI Press,2019,"Fakultas Sains, Teknologi, & Kesehatan",Informatika,Jaringan & Keamanan Siber,"Buku ini dirancang sebagai panduan untuk memahami keamanan jaringan komputer, sistem enkripsi, serta audit keamanan sistem. Dilengkapi dengan contoh kasus dan studi lapangan yang relevan.","cyber security, protokol jaringan, hacking etis, keamanan siber",Indonesia,E-book,503,978-1-278-58549-9,9999
BK00158,Membangun Ethical Hacking yang Aman,Febi Prayoga,Kencana Prenada,2009,"Fakultas Sains, Teknologi, & Kesehatan",Informatika,Jaringan & Keamanan Siber,"Buku ini memberikan pemahaman menyeluruh tentang sistem enkripsi, protokol komunikasi data, serta ancaman siber. Disusun dengan bahasa yang mudah dipahami untuk kalangan akademik.","keamanan siber, jaringan komputer, enkripsi, hacking etis",Indonesia,E-book,163,978-1-344-37575-7,9999
BK00159,Ethical Hacking di Era Digital,KH. Najam Saefullah,Kencana Prenada,2006,"Fakultas Sains, Teknologi, & Kesehatan",Informatika,Jaringan & Keamanan Siber,"Buku ini memberikan pemahaman menyeluruh tentang proteksi data digital, sistem enkripsi, serta audit keamanan sistem. Disusun dengan bahasa yang mudah dipahami untuk kalangan akademik.","jaringan komputer, hacking etis, protokol jaringan, cyber security",Inggris,Fisik,177,978-0-9866524-0-0,3
BK00160,Jaringan Komputer di Era Digital,Tania Hutapea,Andi Publisher,2020,"Fakultas Sains, Teknologi, & Kesehatan",Informatika,Jaringan & Keamanan Siber,"Buku ini dirancang sebagai panduan untuk memahami sistem enkripsi, protokol komunikasi data, serta ancaman siber. Dilengkapi dengan contoh kasus dan studi lapangan yang relevan.","protokol jaringan, cyber security, keamanan siber, kriptografi",Indonesia,E-book,154,978-1-4733-8484-2,9999
BK00161,Pengantar Keamanan Siber Edisi Revisi,Balangga Susanti,Salemba Empat,2022,"Fakultas Sains, Teknologi, & Kesehatan",Informatika,Jaringan & Keamanan Siber,"Buku ini membahas secara mendalam tentang protokol komunikasi data, audit keamanan sistem, serta sistem enkripsi. Membantu pembaca membangun pemahaman konseptual maupun praktis.","hacking etis, firewall, cyber security, enkripsi",Indonesia,Fisik,278,978-0-08-330165-2,1
BK00162,Ethical Hacking: Prinsip dan Praktik,"Nadine Januar, S.E.I",Rajawali Pers,2018,"Fakultas Sains, Teknologi, & Kesehatan",Informatika,Jaringan & Keamanan Siber,"Buku ini menyajikan kajian komprehensif mengenai audit keamanan sistem, proteksi data digital, serta keamanan jaringan komputer. Cocok digunakan sebagai referensi utama bagi mahasiswa dan praktisi.","keamanan siber, cyber security, protokol jaringan, kriptografi",Inggris,E-book,431,978-0-677-34540-6,9999
BK00163,Pengantar Infrastruktur Jaringan,"R. Martana Pertiwi, S.H.",Alfabeta,2021,"Fakultas Sains, Teknologi, & Kesehatan",Informatika,Jaringan & Keamanan Siber,"Buku ini memberikan pemahaman menyeluruh tentang audit keamanan sistem, keamanan jaringan komputer, serta proteksi data digital. Disusun dengan bahasa yang mudah dipahami untuk kalangan akademik.","keamanan siber, jaringan komputer, protokol jaringan, enkripsi",Indonesia,Fisik,184,978-0-620-67240-5,4
BK00164,Dasar-Dasar Kriptografi,"Emin Purnawati, Puti Juli Suryono",Erlangga,2016,"Fakultas Sains, Teknologi, & Kesehatan",Informatika,Jaringan & Keamanan Siber,"Buku ini memberikan pemahaman menyeluruh tentang audit keamanan sistem, keamanan jaringan komputer, serta protokol komunikasi data. Membantu pembaca membangun pemahaman konseptual maupun praktis.","keamanan siber, cyber security, protokol jaringan, firewall",Inggris,E-book,205,978-1-287-43152-7,9999
BK00165,Kriptografi: Prinsip dan Praktik,"Michelle Yuliarti, S.T.",UI Press,2020,"Fakultas Sains, Teknologi, & Kesehatan",Informatika,Jaringan & Keamanan Siber,"Buku ini menyajikan kajian komprehensif mengenai keamanan jaringan komputer, audit keamanan sistem, serta sistem enkripsi. Cocok digunakan sebagai referensi utama bagi mahasiswa dan praktisi.","keamanan siber, enkripsi, protokol jaringan, firewall",Inggris,Fisik,211,978-0-549-32966-4,0
BK00166,Kriptografi: Prinsip dan Praktik Edisi Ke-3,"Tgk. Bakianto Wacana, Bakiono Nashiruddin, S.E.I",PT Grasindo,2006,"Fakultas Sains, Teknologi, & Kesehatan",Informatika,Jaringan & Keamanan Siber,"Buku ini menyajikan kajian komprehensif mengenai sistem enkripsi, keamanan jaringan komputer, serta proteksi data digital. Membantu pembaca membangun pemahaman konseptual maupun praktis.","keamanan siber, firewall, cyber security, jaringan komputer",Indonesia,Fisik,264,978-1-304-63745-1,4
BK00167,Dasar-Dasar Ethical Hacking,Restu Pertiwi,Kencana Prenada,2011,"Fakultas Sains, Teknologi, & Kesehatan",Informatika,Jaringan & Keamanan Siber,"Buku ini dirancang sebagai panduan untuk memahami proteksi data digital, protokol komunikasi data, serta ancaman siber. Menjadi rujukan penting dalam perkuliahan dan penelitian terkait.","firewall, enkripsi, cyber security, hacking etis",Indonesia,Fisik,329,978-1-5301-7426-3,0
BK00168,Kriptografi di Era Digital,"Jefri Saragih, S.IP",Informatika Bandung,2012,"Fakultas Sains, Teknologi, & Kesehatan",Informatika,Jaringan & Keamanan Siber,"Buku ini menyajikan kajian komprehensif mengenai audit keamanan sistem, ancaman siber, serta keamanan jaringan komputer. Membantu pembaca membangun pemahaman konseptual maupun praktis.","jaringan komputer, cyber security, enkripsi, kriptografi",Inggris,Fisik,192,978-1-933272-79-5,4
BK00169,Dasar-Dasar Keamanan Siber,Lidya Pudjiastuti,Erlangga,2023,"Fakultas Sains, Teknologi, & Kesehatan",Informatika,Jaringan & Keamanan Siber,"Buku ini memberikan pemahaman menyeluruh tentang sistem enkripsi, keamanan jaringan komputer, serta proteksi data digital. Cocok digunakan sebagai referensi utama bagi mahasiswa dan praktisi.","protokol jaringan, kriptografi, enkripsi, jaringan komputer",Inggris,E-book,186,978-0-391-87851-8,9999
BK00170,Pengantar Kriptografi,Puti Almira Pudjiastuti,Salemba Empat,2011,"Fakultas Sains, Teknologi, & Kesehatan",Informatika,Jaringan & Keamanan Siber,"Buku ini menyajikan kajian komprehensif mengenai ancaman siber, protokol komunikasi data, serta audit keamanan sistem. Cocok digunakan sebagai referensi utama bagi mahasiswa dan praktisi.","hacking etis, protokol jaringan, enkripsi, cyber security",Indonesia,Fisik,174,978-0-258-71397-6,2
BK00171,Membangun Kriptografi yang Aman,Uda Melani,Erlangga,2024,"Fakultas Sains, Teknologi, & Kesehatan",Informatika,Jaringan & Keamanan Siber,"Buku ini menyajikan kajian komprehensif mengenai ancaman siber, keamanan jaringan komputer, serta sistem enkripsi. Disusun dengan bahasa yang mudah dipahami untuk kalangan akademik.","kriptografi, enkripsi, cyber security, hacking etis",Indonesia,Fisik,195,978-0-7286-7908-5,1
BK00172,Pengantar Keamanan Informasi,Samiah Samosir,Salemba Empat,2008,"Fakultas Sains, Teknologi, & Kesehatan",Informatika,Jaringan & Keamanan Siber,"Buku ini membahas secara mendalam tentang protokol komunikasi data, audit keamanan sistem, serta proteksi data digital. Menjadi rujukan penting dalam perkuliahan dan penelitian terkait.","firewall, hacking etis, keamanan siber, jaringan komputer",Indonesia,Fisik,151,978-1-4039-1065-3,3
BK00173,Keamanan Informasi: Prinsip dan Praktik,"Bella Namaga, S.Gz",Andi Publisher,2009,"Fakultas Sains, Teknologi, & Kesehatan",Informatika,Jaringan & Keamanan Siber,"Buku ini menyajikan kajian komprehensif mengenai keamanan jaringan komputer, audit keamanan sistem, serta sistem enkripsi. Menjadi rujukan penting dalam perkuliahan dan penelitian terkait.","keamanan siber, firewall, hacking etis, cyber security",Indonesia,Fisik,141,978-1-04-622656-2,7
BK00174,Ethical Hacking: Prinsip dan Praktik,Keisha Waluyo,Nuha Medika,2013,"Fakultas Sains, Teknologi, & Kesehatan",Informatika,Jaringan & Keamanan Siber,"Buku ini menyajikan kajian komprehensif mengenai proteksi data digital, ancaman siber, serta audit keamanan sistem. Disusun dengan bahasa yang mudah dipahami untuk kalangan akademik.","enkripsi, jaringan komputer, kriptografi, protokol jaringan",Indonesia,Fisik,434,978-0-512-86823-7,3
BK00175,Membangun Keamanan Informasi yang Aman,"Cut Usyi Damanik, S.Pd",UI Press,2017,"Fakultas Sains, Teknologi, & Kesehatan",Informatika,Jaringan & Keamanan Siber,"Buku ini dirancang sebagai panduan untuk memahami protokol komunikasi data, proteksi data digital, serta sistem enkripsi. Cocok digunakan sebagai referensi utama bagi mahasiswa dan praktisi.","keamanan siber, cyber security, kriptografi, enkripsi",Inggris,E-book,520,978-1-86337-524-5,9999
BK00176,Pengantar Ethical Hacking,Waluyo Kusumo,UI Press,2021,"Fakultas Sains, Teknologi, & Kesehatan",Informatika,Jaringan & Keamanan Siber,"Buku ini membahas secara mendalam tentang proteksi data digital, keamanan jaringan komputer, serta ancaman siber. Menjadi rujukan penting dalam perkuliahan dan penelitian terkait.","cyber security, jaringan komputer, enkripsi, firewall",Indonesia,Fisik,171,978-1-903311-90-5,3
BK00177,Pengantar Ethical Hacking,Rahayu Wulandari,Graha Ilmu,2023,"Fakultas Sains, Teknologi, & Kesehatan",Informatika,Jaringan & Keamanan Siber,"Buku ini menyajikan kajian komprehensif mengenai protokol komunikasi data, ancaman siber, serta proteksi data digital. Dilengkapi dengan contoh kasus dan studi lapangan yang relevan.","jaringan komputer, hacking etis, keamanan siber, firewall",Indonesia,E-book,134,978-0-06-738302-5,9999
BK00178,Ethical Hacking di Era Digital Edisi Ke-2,T. Daruna Permata,Kencana Prenada,2024,"Fakultas Sains, Teknologi, & Kesehatan",Informatika,Jaringan & Keamanan Siber,"Buku ini membahas secara mendalam tentang protokol komunikasi data, keamanan jaringan komputer, serta sistem enkripsi. Dilengkapi dengan contoh kasus dan studi lapangan yang relevan.","enkripsi, firewall, cyber security, keamanan siber",Indonesia,E-book,364,978-1-342-83644-1,9999
BK00179,Pengantar Ethical Hacking Edisi Ke-2,Kalim Rahayu,Andi Publisher,2016,"Fakultas Sains, Teknologi, & Kesehatan",Informatika,Jaringan & Keamanan Siber,"Buku ini membahas secara mendalam tentang keamanan jaringan komputer, proteksi data digital, serta sistem enkripsi. Membantu pembaca membangun pemahaman konseptual maupun praktis.","cyber security, hacking etis, enkripsi, jaringan komputer",Indonesia,E-book,459,978-1-870568-56-2,9999
BK00180,Jaringan Komputer di Era Digital,Eka Salahudin,Kencana Prenada,2016,"Fakultas Sains, Teknologi, & Kesehatan",Informatika,Jaringan & Keamanan Siber,"Buku ini dirancang sebagai panduan untuk memahami audit keamanan sistem, ancaman siber, serta proteksi data digital. Membantu pembaca membangun pemahaman konseptual maupun praktis.","cyber security, protokol jaringan, kriptografi, hacking etis",Indonesia,Fisik,277,978-0-87334-270-4,4
BK00181,Infrastruktur Jaringan: Prinsip dan Praktik Edisi Terbaru,dr. Hamzah Puspita,Andi Publisher,2015,"Fakultas Sains, Teknologi, & Kesehatan",Informatika,Jaringan & Keamanan Siber,"Buku ini memberikan pemahaman menyeluruh tentang sistem enkripsi, proteksi data digital, serta keamanan jaringan komputer. Dilengkapi dengan contoh kasus dan studi lapangan yang relevan.","jaringan komputer, keamanan siber, firewall, cyber security",Indonesia,Fisik,283,978-1-343-51751-6,2
BK00182,Pengantar Keamanan Informasi Edisi Ke-2,"H. Radit Nainggolan, Embuh Waluyo",Deepublish,2018,"Fakultas Sains, Teknologi, & Kesehatan",Informatika,Jaringan & Keamanan Siber,"Buku ini memberikan pemahaman menyeluruh tentang audit keamanan sistem, keamanan jaringan komputer, serta sistem enkripsi. Menjadi rujukan penting dalam perkuliahan dan penelitian terkait.","keamanan siber, cyber security, hacking etis, jaringan komputer",Inggris,Fisik,313,978-0-398-37354-2,5
BK00183,Dasar-Dasar Keamanan Informasi,Danuja Nainggolan,Andi Publisher,2008,"Fakultas Sains, Teknologi, & Kesehatan",Informatika,Jaringan & Keamanan Siber,"Buku ini mengulas berbagai aspek penting dari keamanan jaringan komputer, ancaman siber, serta audit keamanan sistem. Disusun dengan bahasa yang mudah dipahami untuk kalangan akademik.","kriptografi, keamanan siber, enkripsi, jaringan komputer",Indonesia,Fisik,312,978-1-393-63854-4,2
BK00184,Jaringan Komputer di Era Digital,Nadia Nasyidah,Graha Ilmu,2008,"Fakultas Sains, Teknologi, & Kesehatan",Informatika,Jaringan & Keamanan Siber,"Buku ini menyajikan kajian komprehensif mengenai audit keamanan sistem, proteksi data digital, serta protokol komunikasi data. Cocok digunakan sebagai referensi utama bagi mahasiswa dan praktisi.","enkripsi, protokol jaringan, jaringan komputer, kriptografi",Indonesia,Fisik,329,978-1-4587-7175-9,8
BK00185,Pengantar Kriptografi Edisi Revisi,Hairyanto Sihotang,Elex Media Komputindo,2020,"Fakultas Sains, Teknologi, & Kesehatan",Informatika,Jaringan & Keamanan Siber,"Buku ini mengulas berbagai aspek penting dari keamanan jaringan komputer, protokol komunikasi data, serta audit keamanan sistem. Membantu pembaca membangun pemahaman konseptual maupun praktis.","enkripsi, keamanan siber, jaringan komputer, cyber security",Indonesia,Fisik,225,978-0-932048-99-8,2
BK00186,Dasar-Dasar Keamanan Informasi,"Lidya Sihombing, S.E.I",UI Press,2017,"Fakultas Sains, Teknologi, & Kesehatan",Informatika,Jaringan & Keamanan Siber,"Buku ini menyajikan kajian komprehensif mengenai keamanan jaringan komputer, sistem enkripsi, serta protokol komunikasi data. Disusun dengan bahasa yang mudah dipahami untuk kalangan akademik.","hacking etis, kriptografi, enkripsi, cyber security",Indonesia,Fisik,142,978-1-369-37854-2,4
BK00187,Membangun Kriptografi yang Aman Edisi Ke-3,"drg. Nyoman Yuniar, M.Kom.",Erlangga,2022,"Fakultas Sains, Teknologi, & Kesehatan",Informatika,Jaringan & Keamanan Siber,"Buku ini dirancang sebagai panduan untuk memahami keamanan jaringan komputer, ancaman siber, serta protokol komunikasi data. Dilengkapi dengan contoh kasus dan studi lapangan yang relevan.","cyber security, hacking etis, protokol jaringan, jaringan komputer",Inggris,E-book,334,978-0-522-87280-4,9999
BK00188,Keamanan Siber di Era Digital,"Dt. Salman Hutagalung, Hj. Alika Ardianto, S.Farm",Deepublish,2010,"Fakultas Sains, Teknologi, & Kesehatan",Informatika,Jaringan & Keamanan Siber,"Buku ini membahas secara mendalam tentang sistem enkripsi, audit keamanan sistem, serta proteksi data digital. Menjadi rujukan penting dalam perkuliahan dan penelitian terkait.","jaringan komputer, firewall, hacking etis, protokol jaringan",Indonesia,Fisik,184,978-0-12-038750-2,0
BK00189,Dasar-Dasar Infrastruktur Jaringan,Hj. Salwa Susanti,Graha Ilmu,2017,"Fakultas Sains, Teknologi, & Kesehatan",Informatika,Jaringan & Keamanan Siber,"Buku ini memberikan pemahaman menyeluruh tentang ancaman siber, keamanan jaringan komputer, serta sistem enkripsi. Membantu pembaca membangun pemahaman konseptual maupun praktis.","cyber security, hacking etis, firewall, enkripsi",Indonesia,E-book,354,978-1-00-886008-7,9999
BK00190,Ethical Hacking di Era Digital,"Ika Nasyiah, S.Pd",Bumi Aksara,2008,"Fakultas Sains, Teknologi, & Kesehatan",Informatika,Jaringan & Keamanan Siber,"Buku ini membahas secara mendalam tentang sistem enkripsi, audit keamanan sistem, serta keamanan jaringan komputer. Membantu pembaca membangun pemahaman konseptual maupun praktis.","hacking etis, keamanan siber, enkripsi, firewall",Indonesia,Fisik,255,978-1-211-82339-8,6
BK00191,Ethical Hacking di Era Digital,"T. Rahman Thamrin, Wulan Widodo",Erlangga,2012,"Fakultas Sains, Teknologi, & Kesehatan",Informatika,Jaringan & Keamanan Siber,"Buku ini memberikan pemahaman menyeluruh tentang audit keamanan sistem, protokol komunikasi data, serta keamanan jaringan komputer. Disusun dengan bahasa yang mudah dipahami untuk kalangan akademik.","hacking etis, keamanan siber, firewall, protokol jaringan",Inggris,Fisik,310,978-1-67933-410-8,0
BK00192,Pengantar Kriptografi,Halim Wibowo,Andi Publisher,2024,"Fakultas Sains, Teknologi, & Kesehatan",Informatika,Jaringan & Keamanan Siber,"Buku ini mengulas berbagai aspek penting dari ancaman siber, protokol komunikasi data, serta audit keamanan sistem. Menjadi rujukan penting dalam perkuliahan dan penelitian terkait.","keamanan siber, hacking etis, enkripsi, protokol jaringan",Indonesia,Fisik,228,978-1-00-217659-7,6
BK00193,Kriptografi di Era Digital,"Puti Paris Gunarto, S.H.",Erlangga,2011,"Fakultas Sains, Teknologi, & Kesehatan",Informatika,Jaringan & Keamanan Siber,"Buku ini menyajikan kajian komprehensif mengenai protokol komunikasi data, proteksi data digital, serta keamanan jaringan komputer. Dilengkapi dengan contoh kasus dan studi lapangan yang relevan.","cyber security, jaringan komputer, enkripsi, firewall",Indonesia,Fisik,353,978-1-4014-8902-1,0
BK00194,Kriptografi: Prinsip dan Praktik,"dr. Anita Pranowo, M.Farm",Pustaka Pelajar,2010,"Fakultas Sains, Teknologi, & Kesehatan",Informatika,Jaringan & Keamanan Siber,"Buku ini dirancang sebagai panduan untuk memahami proteksi data digital, ancaman siber, serta protokol komunikasi data. Menjadi rujukan penting dalam perkuliahan dan penelitian terkait.","hacking etis, protokol jaringan, jaringan komputer, enkripsi",Indonesia,Fisik,203,978-1-142-93968-7,4
BK00195,Pengantar Jaringan Komputer,"Kiandra Mandala, H. Nyoman Hutapea, M.TI.",Gramedia Pustaka Utama,2005,"Fakultas Sains, Teknologi, & Kesehatan",Informatika,Jaringan & Keamanan Siber,"Buku ini memberikan pemahaman menyeluruh tentang audit keamanan sistem, proteksi data digital, serta ancaman siber. Membantu pembaca membangun pemahaman konseptual maupun praktis.","kriptografi, hacking etis, keamanan siber, protokol jaringan",Inggris,Fisik,451,978-0-16-315999-9,2
BK00196,Kriptografi: Prinsip dan Praktik,Vicky Simbolon,PT Grasindo,2021,"Fakultas Sains, Teknologi, & Kesehatan",Informatika,Jaringan & Keamanan Siber,"Buku ini memberikan pemahaman menyeluruh tentang protokol komunikasi data, ancaman siber, serta proteksi data digital. Disusun dengan bahasa yang mudah dipahami untuk kalangan akademik.","firewall, kriptografi, hacking etis, cyber security",Indonesia,Fisik,381,978-1-77358-662-5,5
BK00197,Pengantar Infrastruktur Jaringan Edisi Revisi,"Lanang Wijayanti, S.Sos",Erlangga,2012,"Fakultas Sains, Teknologi, & Kesehatan",Informatika,Jaringan & Keamanan Siber,"Buku ini menyajikan kajian komprehensif mengenai ancaman siber, audit keamanan sistem, serta proteksi data digital. Membantu pembaca membangun pemahaman konseptual maupun praktis.","firewall, protokol jaringan, cyber security, hacking etis",Inggris,E-book,283,978-1-311-42626-0,9999
BK00198,Dasar-Dasar Infrastruktur Jaringan,"Karen Kurniawan, Adhiarja Samosir",Pustaka Pelajar,2022,"Fakultas Sains, Teknologi, & Kesehatan",Informatika,Jaringan & Keamanan Siber,"Buku ini mengulas berbagai aspek penting dari sistem enkripsi, audit keamanan sistem, serta proteksi data digital. Dilengkapi dengan contoh kasus dan studi lapangan yang relevan.","hacking etis, kriptografi, enkripsi, jaringan komputer",Indonesia,E-book,273,978-1-4121-2678-6,9999
BK00199,Keamanan Siber di Era Digital,Dr. Hasim Jailani,Bumi Aksara,2012,"Fakultas Sains, Teknologi, & Kesehatan",Informatika,Jaringan & Keamanan Siber,"Buku ini menyajikan kajian komprehensif mengenai audit keamanan sistem, ancaman siber, serta keamanan jaringan komputer. Disusun dengan bahasa yang mudah dipahami untuk kalangan akademik.","firewall, protokol jaringan, enkripsi, keamanan siber",Inggris,Fisik,310,978-0-581-99560-5,4
BK00200,Membangun Jaringan Komputer yang Aman,Laras Wibisono,Salemba Empat,2009,"Fakultas Sains, Teknologi, & Kesehatan",Informatika,Jaringan & Keamanan Siber,"Buku ini memberikan pemahaman menyeluruh tentang keamanan jaringan komputer, protokol komunikasi data, serta ancaman siber. Cocok digunakan sebagai referensi utama bagi mahasiswa dan praktisi.","keamanan siber, kriptografi, enkripsi, firewall",Indonesia,Fisik,329,978-0-9826224-4-5,7
BK00201,Pengantar Infrastruktur Jaringan Edisi Revisi,Nilam Maulana,Deepublish,2023,"Fakultas Sains, Teknologi, & Kesehatan",Informatika,Jaringan & Keamanan Siber,"Buku ini menyajikan kajian komprehensif mengenai keamanan jaringan komputer, protokol komunikasi data, serta ancaman siber. Dilengkapi dengan contoh kasus dan studi lapangan yang relevan.","cyber security, enkripsi, protokol jaringan, jaringan komputer",Inggris,Fisik,186,978-0-646-47154-9,6
BK00202,Membangun Keamanan Informasi yang Aman,Najam Utami,Kencana Prenada,2012,"Fakultas Sains, Teknologi, & Kesehatan",Informatika,Jaringan & Keamanan Siber,"Buku ini membahas secara mendalam tentang keamanan jaringan komputer, ancaman siber, serta proteksi data digital. Cocok digunakan sebagai referensi utama bagi mahasiswa dan praktisi.","jaringan komputer, firewall, keamanan siber, cyber security",Indonesia,Fisik,186,978-0-7124-0659-8,1
BK00203,Ethical Hacking di Era Digital,"Wani Sitompul, Juli Astuti",Pustaka Pelajar,2015,"Fakultas Sains, Teknologi, & Kesehatan",Informatika,Jaringan & Keamanan Siber,"Buku ini memberikan pemahaman menyeluruh tentang audit keamanan sistem, sistem enkripsi, serta ancaman siber. Dilengkapi dengan contoh kasus dan studi lapangan yang relevan.","jaringan komputer, cyber security, hacking etis, kriptografi",Indonesia,Fisik,204,978-1-59375-265-1,6
BK00204,Keamanan Siber: Prinsip dan Praktik,"Unjani Usada, Ratih Prasasta",Erlangga,2022,"Fakultas Sains, Teknologi, & Kesehatan",Informatika,Jaringan & Keamanan Siber,"Buku ini memberikan pemahaman menyeluruh tentang keamanan jaringan komputer, ancaman siber, serta audit keamanan sistem. Disusun dengan bahasa yang mudah dipahami untuk kalangan akademik.","jaringan komputer, firewall, hacking etis, keamanan siber",Indonesia,E-book,175,978-1-4651-9398-8,9999
BK00205,Dasar-Dasar Infrastruktur Jaringan Edisi Terbaru,Mahmud Pudjiastuti,Alfabeta,2021,"Fakultas Sains, Teknologi, & Kesehatan",Informatika,Jaringan & Keamanan Siber,"Buku ini memberikan pemahaman menyeluruh tentang proteksi data digital, keamanan jaringan komputer, serta ancaman siber. Cocok digunakan sebagai referensi utama bagi mahasiswa dan praktisi.","firewall, kriptografi, protokol jaringan, keamanan siber",Indonesia,Fisik,545,978-1-374-16724-7,1
BK00206,Pengantar Jaringan Komputer,Dono Wahyuni,Pustaka Pelajar,2006,"Fakultas Sains, Teknologi, & Kesehatan",Informatika,Jaringan & Keamanan Siber,"Buku ini mengulas berbagai aspek penting dari proteksi data digital, ancaman siber, serta protokol komunikasi data. Dilengkapi dengan contoh kasus dan studi lapangan yang relevan.","kriptografi, hacking etis, cyber security, firewall",Indonesia,E-book,366,978-1-61797-968-2,9999
BK00207,Jaringan Komputer: Prinsip dan Praktik Edisi Revisi,H. Hari Palastri,Alfabeta,2014,"Fakultas Sains, Teknologi, & Kesehatan",Informatika,Jaringan & Keamanan Siber,"Buku ini menyajikan kajian komprehensif mengenai keamanan jaringan komputer, audit keamanan sistem, serta ancaman siber. Menjadi rujukan penting dalam perkuliahan dan penelitian terkait.","enkripsi, keamanan siber, jaringan komputer, firewall",Inggris,Fisik,171,978-1-891135-29-3,2
BK00208,Pengantar Kriptografi,Kardi Yuliarti,Alfabeta,2024,"Fakultas Sains, Teknologi, & Kesehatan",Informatika,Jaringan & Keamanan Siber,"Buku ini mengulas berbagai aspek penting dari proteksi data digital, audit keamanan sistem, serta ancaman siber. Menjadi rujukan penting dalam perkuliahan dan penelitian terkait.","keamanan siber, jaringan komputer, hacking etis, protokol jaringan",Indonesia,Fisik,537,978-1-61014-388-2,5
BK00209,Dasar-Dasar Keamanan Informasi,Drs. Malik Permata,Rajawali Pers,2010,"Fakultas Sains, Teknologi, & Kesehatan",Informatika,Jaringan & Keamanan Siber,"Buku ini menyajikan kajian komprehensif mengenai audit keamanan sistem, proteksi data digital, serta keamanan jaringan komputer. Cocok digunakan sebagai referensi utama bagi mahasiswa dan praktisi.","hacking etis, protokol jaringan, kriptografi, enkripsi",Inggris,E-book,367,978-1-56798-250-3,9999
BK00210,Ethical Hacking: Prinsip dan Praktik,Ciaobella Sihombing,Andi Publisher,2006,"Fakultas Sains, Teknologi, & Kesehatan",Informatika,Jaringan & Keamanan Siber,"Buku ini memberikan pemahaman menyeluruh tentang protokol komunikasi data, audit keamanan sistem, serta keamanan jaringan komputer. Menjadi rujukan penting dalam perkuliahan dan penelitian terkait.","jaringan komputer, hacking etis, protokol jaringan, keamanan siber",Indonesia,E-book,280,978-0-12-545738-5,9999
BK00211,Infrastruktur Jaringan di Era Digital,Kamaria Kusmawati,Salemba Empat,2017,"Fakultas Sains, Teknologi, & Kesehatan",Informatika,Jaringan & Keamanan Siber,"Buku ini memberikan pemahaman menyeluruh tentang keamanan jaringan komputer, protokol komunikasi data, serta proteksi data digital. Disusun dengan bahasa yang mudah dipahami untuk kalangan akademik.","protokol jaringan, firewall, hacking etis, enkripsi",Indonesia,Fisik,449,978-1-75140-105-6,2
BK00212,Membangun Keamanan Siber yang Aman Edisi Terbaru,"Balangga Wastuti, S.E.",Nuha Medika,2007,"Fakultas Sains, Teknologi, & Kesehatan",Informatika,Jaringan & Keamanan Siber,"Buku ini memberikan pemahaman menyeluruh tentang proteksi data digital, sistem enkripsi, serta protokol komunikasi data. Dilengkapi dengan contoh kasus dan studi lapangan yang relevan.","protokol jaringan, cyber security, jaringan komputer, firewall",Inggris,E-book,349,978-0-8258-6736-1,9999
BK00213,Membangun Keamanan Informasi yang Aman,"Cengkal Nashiruddin, S.Farm",Bumi Aksara,2024,"Fakultas Sains, Teknologi, & Kesehatan",Informatika,Jaringan & Keamanan Siber,"Buku ini membahas secara mendalam tentang keamanan jaringan komputer, sistem enkripsi, serta audit keamanan sistem. Membantu pembaca membangun pemahaman konseptual maupun praktis.","jaringan komputer, enkripsi, kriptografi, protokol jaringan",Indonesia,E-book,463,978-0-937966-03-7,9999
BK00214,Pengantar Kriptografi,Estiawan Haryanto,Kencana Prenada,2008,"Fakultas Sains, Teknologi, & Kesehatan",Informatika,Jaringan & Keamanan Siber,"Buku ini memberikan pemahaman menyeluruh tentang sistem enkripsi, protokol komunikasi data, serta ancaman siber. Cocok digunakan sebagai referensi utama bagi mahasiswa dan praktisi.","enkripsi, cyber security, firewall, protokol jaringan",Indonesia,Fisik,301,978-0-553-71478-4,4
BK00215,Dasar-Dasar Jaringan Komputer,"Galar Riyanti, S.Sos",Elex Media Komputindo,2019,"Fakultas Sains, Teknologi, & Kesehatan",Informatika,Jaringan & Keamanan Siber,"Buku ini memberikan pemahaman menyeluruh tentang proteksi data digital, audit keamanan sistem, serta keamanan jaringan komputer. Dilengkapi dengan contoh kasus dan studi lapangan yang relevan.","hacking etis, jaringan komputer, cyber security, firewall",Indonesia,Fisik,507,978-0-557-92499-8,6
BK00216,Jaringan Komputer di Era Digital,Muni Mansur,Deepublish,2021,"Fakultas Sains, Teknologi, & Kesehatan",Informatika,Jaringan & Keamanan Siber,"Buku ini dirancang sebagai panduan untuk memahami audit keamanan sistem, keamanan jaringan komputer, serta protokol komunikasi data. Menjadi rujukan penting dalam perkuliahan dan penelitian terkait.","cyber security, kriptografi, jaringan komputer, firewall",Indonesia,E-book,537,978-0-341-25286-3,9999
BK00217,Dasar-Dasar Keamanan Informasi,Rina Mandala,Nuha Medika,2014,"Fakultas Sains, Teknologi, & Kesehatan",Informatika,Jaringan & Keamanan Siber,"Buku ini memberikan pemahaman menyeluruh tentang sistem enkripsi, proteksi data digital, serta ancaman siber. Disusun dengan bahasa yang mudah dipahami untuk kalangan akademik.","protokol jaringan, firewall, kriptografi, enkripsi",Indonesia,Fisik,331,978-1-278-28274-9,8
BK00218,Kriptografi di Era Digital,Cengkir Sihotang,Graha Ilmu,2021,"Fakultas Sains, Teknologi, & Kesehatan",Informatika,Jaringan & Keamanan Siber,"Buku ini menyajikan kajian komprehensif mengenai audit keamanan sistem, ancaman siber, serta sistem enkripsi. Dilengkapi dengan contoh kasus dan studi lapangan yang relevan.","kriptografi, keamanan siber, hacking etis, firewall",Indonesia,Fisik,407,978-0-507-23688-1,7
BK00219,Kriptografi di Era Digital,"Jumari Wasita, M.Kom.",Deepublish,2013,"Fakultas Sains, Teknologi, & Kesehatan",Informatika,Jaringan & Keamanan Siber,"Buku ini membahas secara mendalam tentang protokol komunikasi data, proteksi data digital, serta keamanan jaringan komputer. Dilengkapi dengan contoh kasus dan studi lapangan yang relevan.","jaringan komputer, firewall, enkripsi, protokol jaringan",Indonesia,E-book,248,978-1-72190-340-5,9999
BK00220,Dasar-Dasar Infrastruktur Jaringan,"Genta Nasyiah, Ella Haryanti",Bumi Aksara,2012,"Fakultas Sains, Teknologi, & Kesehatan",Informatika,Jaringan & Keamanan Siber,"Buku ini dirancang sebagai panduan untuk memahami sistem enkripsi, audit keamanan sistem, serta proteksi data digital. Menjadi rujukan penting dalam perkuliahan dan penelitian terkait.","jaringan komputer, cyber security, kriptografi, enkripsi",Indonesia,Fisik,318,978-0-914858-07-2,6
BK00221,Jaringan Komputer di Era Digital Edisi Ke-3,"Sutan Irwan Jailani, Yance Yolanda, S.H.",Deepublish,2019,"Fakultas Sains, Teknologi, & Kesehatan",Informatika,Jaringan & Keamanan Siber,"Buku ini menyajikan kajian komprehensif mengenai sistem enkripsi, audit keamanan sistem, serta proteksi data digital. Disusun dengan bahasa yang mudah dipahami untuk kalangan akademik.","enkripsi, hacking etis, keamanan siber, cyber security",Indonesia,Fisik,208,978-0-7451-7133-3,8
BK00222,Membangun Jaringan Komputer yang Aman,"H. Lanjar Tampubolon, M.Ak",Graha Ilmu,2009,"Fakultas Sains, Teknologi, & Kesehatan",Informatika,Jaringan & Keamanan Siber,"Buku ini menyajikan kajian komprehensif mengenai keamanan jaringan komputer, ancaman siber, serta protokol komunikasi data. Cocok digunakan sebagai referensi utama bagi mahasiswa dan praktisi.","cyber security, keamanan siber, firewall, enkripsi",Indonesia,E-book,435,978-0-923309-58-9,9999
BK00223,Membangun Ethical Hacking yang Aman,"Rina Nasyiah, Gaman Siregar",PT Grasindo,2022,"Fakultas Sains, Teknologi, & Kesehatan",Informatika,Jaringan & Keamanan Siber,"Buku ini memberikan pemahaman menyeluruh tentang sistem enkripsi, keamanan jaringan komputer, serta proteksi data digital. Membantu pembaca membangun pemahaman konseptual maupun praktis.","protokol jaringan, firewall, keamanan siber, enkripsi",Indonesia,Fisik,233,978-1-81260-422-8,3
BK00224,Pengantar Kriptografi,Cakrabuana Sinaga,Kencana Prenada,2024,"Fakultas Sains, Teknologi, & Kesehatan",Informatika,Jaringan & Keamanan Siber,"Buku ini menyajikan kajian komprehensif mengenai keamanan jaringan komputer, ancaman siber, serta protokol komunikasi data. Membantu pembaca membangun pemahaman konseptual maupun praktis.","enkripsi, firewall, protokol jaringan, jaringan komputer",Indonesia,E-book,284,978-1-72946-671-1,9999
BK00225,Dasar-Dasar Keamanan Informasi,"Putu Iswahyudi, S.Sos",Graha Ilmu,2011,"Fakultas Sains, Teknologi, & Kesehatan",Informatika,Jaringan & Keamanan Siber,"Buku ini membahas secara mendalam tentang sistem enkripsi, protokol komunikasi data, serta audit keamanan sistem. Disusun dengan bahasa yang mudah dipahami untuk kalangan akademik.","jaringan komputer, firewall, cyber security, hacking etis",Indonesia,Fisik,205,978-1-77590-175-4,8
BK00226,Dasar-Dasar Keamanan Siber,"Puti Wulan Nasyidah, S.Sos",Graha Ilmu,2019,"Fakultas Sains, Teknologi, & Kesehatan",Informatika,Jaringan & Keamanan Siber,"Buku ini menyajikan kajian komprehensif mengenai sistem enkripsi, protokol komunikasi data, serta keamanan jaringan komputer. Cocok digunakan sebagai referensi utama bagi mahasiswa dan praktisi.","hacking etis, enkripsi, jaringan komputer, keamanan siber",Indonesia,Fisik,157,978-1-374-54589-2,0
BK00227,Pengantar Ethical Hacking Edisi Ke-2,Karya Laksita,Gramedia Pustaka Utama,2022,"Fakultas Sains, Teknologi, & Kesehatan",Informatika,Jaringan & Keamanan Siber,"Buku ini memberikan pemahaman menyeluruh tentang protokol komunikasi data, ancaman siber, serta keamanan jaringan komputer. Cocok digunakan sebagai referensi utama bagi mahasiswa dan praktisi.","hacking etis, kriptografi, enkripsi, protokol jaringan",Indonesia,E-book,419,978-0-01-701277-7,9999
BK00228,Dasar-Dasar Kriptografi,"Yusuf Aryani, Malik Mustofa",Kencana Prenada,2010,"Fakultas Sains, Teknologi, & Kesehatan",Informatika,Jaringan & Keamanan Siber,"Buku ini membahas secara mendalam tentang protokol komunikasi data, audit keamanan sistem, serta sistem enkripsi. Menjadi rujukan penting dalam perkuliahan dan penelitian terkait.","firewall, enkripsi, jaringan komputer, cyber security",Indonesia,E-book,320,978-0-415-41520-0,9999
BK00229,Kriptografi: Prinsip dan Praktik,Sari Samosir,PT Grasindo,2024,"Fakultas Sains, Teknologi, & Kesehatan",Informatika,Jaringan & Keamanan Siber,"Buku ini membahas secara mendalam tentang proteksi data digital, keamanan jaringan komputer, serta sistem enkripsi. Membantu pembaca membangun pemahaman konseptual maupun praktis.","protokol jaringan, jaringan komputer, firewall, enkripsi",Indonesia,Fisik,227,978-1-110-37129-7,5
BK00230,Manajemen SQL Server Modern Edisi Ke-2,Karja Zulaika,Bumi Aksara,2007,"Fakultas Sains, Teknologi, & Kesehatan",Informatika,Basis Data,"Buku ini memberikan pemahaman menyeluruh tentang arsitektur data warehouse, perancangan basis data, serta normalisasi data. Membantu pembaca membangun pemahaman konseptual maupun praktis.","manajemen data, sql, basis data, query",Indonesia,Fisik,170,978-0-05-162713-5,3
BK00231,Sistem Basis Data: Teori dan Aplikasi Edisi Ke-2,"Clara Jailani, Galar Uwais",UI Press,2009,"Fakultas Sains, Teknologi, & Kesehatan",Informatika,Basis Data,"Buku ini mengulas berbagai aspek penting dari query dan manipulasi data, normalisasi data, serta arsitektur data warehouse. Membantu pembaca membangun pemahaman konseptual maupun praktis.","sql, data warehouse, database, normalisasi",Indonesia,Fisik,206,978-0-622-18909-3,0
BK00232,Perancangan SQL Server,"Catur Farida, S.I.Kom",Pustaka Pelajar,2014,"Fakultas Sains, Teknologi, & Kesehatan",Informatika,Basis Data,"Buku ini memberikan pemahaman menyeluruh tentang normalisasi data, query dan manipulasi data, serta manajemen sistem basis data. Disusun dengan bahasa yang mudah dipahami untuk kalangan akademik.","manajemen data, query, database, sql",Indonesia,Fisik,450,978-0-697-31121-4,1
BK00233,Perancangan Database NoSQL Edisi Revisi,drg. Kamaria Aryani,Alfabeta,2022,"Fakultas Sains, Teknologi, & Kesehatan",Informatika,Basis Data,"Buku ini menyajikan kajian komprehensif mengenai arsitektur data warehouse, query dan manipulasi data, serta normalisasi data. Cocok digunakan sebagai referensi utama bagi mahasiswa dan praktisi.","basis data, query, manajemen data, data warehouse",Inggris,E-book,516,978-0-341-38999-6,9999
BK00234,Data Warehouse: Teori dan Aplikasi Edisi Ke-3,"Victoria Dongoran, Hj. Ilsa Putra, M.TI.",Nuha Medika,2009,"Fakultas Sains, Teknologi, & Kesehatan",Informatika,Basis Data,"Buku ini menyajikan kajian komprehensif mengenai perancangan basis data, manajemen sistem basis data, serta normalisasi data. Membantu pembaca membangun pemahaman konseptual maupun praktis.","sql, normalisasi, database, manajemen data",Indonesia,Fisik,409,978-1-4037-6137-8,2
BK00235,Basis Data: Teori dan Aplikasi Edisi Terbaru,"Legawa Hidayanto, M.TI., Gatra Simanjuntak",Erlangga,2006,"Fakultas Sains, Teknologi, & Kesehatan",Informatika,Basis Data,"Buku ini memberikan pemahaman menyeluruh tentang manajemen sistem basis data, normalisasi data, serta arsitektur data warehouse. Menjadi rujukan penting dalam perkuliahan dan penelitian terkait.","manajemen data, database, sql, basis data",Indonesia,Fisik,480,978-1-965827-10-9,8
BK00236,Database NoSQL: Teori dan Aplikasi,"Puti Amalia Saptono, Arta Halim",UI Press,2017,"Fakultas Sains, Teknologi, & Kesehatan",Informatika,Basis Data,"Buku ini menyajikan kajian komprehensif mengenai arsitektur data warehouse, normalisasi data, serta manajemen sistem basis data. Membantu pembaca membangun pemahaman konseptual maupun praktis.","query, database, manajemen data, basis data",Indonesia,Fisik,525,978-1-86661-889-9,7
BK00237,Manajemen SQL Server Modern,"Estiawan Hutasoit, Cindy Melani",Graha Ilmu,2018,"Fakultas Sains, Teknologi, & Kesehatan",Informatika,Basis Data,"Buku ini membahas secara mendalam tentang manajemen sistem basis data, normalisasi data, serta query dan manipulasi data. Dilengkapi dengan contoh kasus dan studi lapangan yang relevan.","manajemen data, sql, query, nosql",Indonesia,Fisik,465,978-0-85691-463-8,7
BK00238,Perancangan Database NoSQL Edisi Terbaru,"Dipa Irawan, Calista Hasanah",Salemba Empat,2023,"Fakultas Sains, Teknologi, & Kesehatan",Informatika,Basis Data,"Buku ini dirancang sebagai panduan untuk memahami manajemen sistem basis data, arsitektur data warehouse, serta normalisasi data. Cocok digunakan sebagai referensi utama bagi mahasiswa dan praktisi.","basis data, sql, manajemen data, nosql",Indonesia,Fisik,252,978-1-210-20275-0,2
BK00239,Manajemen Database NoSQL Modern,Dr. Purwa Rajata,Salemba Empat,2018,"Fakultas Sains, Teknologi, & Kesehatan",Informatika,Basis Data,"Buku ini menyajikan kajian komprehensif mengenai arsitektur data warehouse, query dan manipulasi data, serta manajemen sistem basis data. Dilengkapi dengan contoh kasus dan studi lapangan yang relevan.","manajemen data, basis data, sql, normalisasi",Indonesia,E-book,457,978-1-241-05648-3,9999
BK00240,Perancangan Sistem Basis Data,Eluh Permata,Informatika Bandung,2021,"Fakultas Sains, Teknologi, & Kesehatan",Informatika,Basis Data,"Buku ini menyajikan kajian komprehensif mengenai manajemen sistem basis data, perancangan basis data, serta query dan manipulasi data. Membantu pembaca membangun pemahaman konseptual maupun praktis.","sql, data warehouse, normalisasi, nosql",Indonesia,E-book,169,978-1-78507-925-2,9999
BK00241,Pengantar Database NoSQL Relasional,Dodo Jailani,UI Press,2018,"Fakultas Sains, Teknologi, & Kesehatan",Informatika,Basis Data,"Buku ini memberikan pemahaman menyeluruh tentang arsitektur data warehouse, perancangan basis data, serta normalisasi data. Membantu pembaca membangun pemahaman konseptual maupun praktis.","sql, basis data, normalisasi, data warehouse",Indonesia,E-book,391,978-0-8000-3075-9,9999
BK00242,Perancangan Data Warehouse,Eka Nugroho,Informatika Bandung,2022,"Fakultas Sains, Teknologi, & Kesehatan",Informatika,Basis Data,"Buku ini mengulas berbagai aspek penting dari query dan manipulasi data, manajemen sistem basis data, serta perancangan basis data. Membantu pembaca membangun pemahaman konseptual maupun praktis.","sql, normalisasi, data warehouse, database",Indonesia,Fisik,122,978-1-353-65419-5,0
BK00243,Manajemen Basis Data Modern,"Devi Mardhiyah, Umay Habibi, S.E.",Informatika Bandung,2013,"Fakultas Sains, Teknologi, & Kesehatan",Informatika,Basis Data,"Buku ini dirancang sebagai panduan untuk memahami manajemen sistem basis data, query dan manipulasi data, serta normalisasi data. Disusun dengan bahasa yang mudah dipahami untuk kalangan akademik.","nosql, normalisasi, database, basis data",Indonesia,E-book,261,978-0-617-44518-0,9999
BK00244,Perancangan Data Warehouse,Ajeng Uwais,Salemba Empat,2017,"Fakultas Sains, Teknologi, & Kesehatan",Informatika,Basis Data,"Buku ini dirancang sebagai panduan untuk memahami query dan manipulasi data, normalisasi data, serta manajemen sistem basis data. Disusun dengan bahasa yang mudah dipahami untuk kalangan akademik.","database, data warehouse, manajemen data, nosql",Indonesia,E-book,237,978-1-949375-97-8,9999
BK00245,Perancangan Basis Data Edisi Terbaru,"KH. Daliman Palastri, S.H.",Andi Publisher,2007,"Fakultas Sains, Teknologi, & Kesehatan",Informatika,Basis Data,"Buku ini dirancang sebagai panduan untuk memahami perancangan basis data, manajemen sistem basis data, serta query dan manipulasi data. Menjadi rujukan penting dalam perkuliahan dan penelitian terkait.","basis data, sql, normalisasi, data warehouse",Indonesia,Fisik,309,978-0-603-85050-9,1
BK00246,Pengantar Data Warehouse Relasional,"Ir. Harimurti Samosir, S.IP",Erlangga,2011,"Fakultas Sains, Teknologi, & Kesehatan",Informatika,Basis Data,"Buku ini dirancang sebagai panduan untuk memahami query dan manipulasi data, perancangan basis data, serta arsitektur data warehouse. Disusun dengan bahasa yang mudah dipahami untuk kalangan akademik.","basis data, query, sql, normalisasi",Indonesia,E-book,206,978-0-670-24103-3,9999
BK00247,SQL Server: Teori dan Aplikasi,"Drs. Laras Wahyudin, M.M.",Andi Publisher,2005,"Fakultas Sains, Teknologi, & Kesehatan",Informatika,Basis Data,"Buku ini menyajikan kajian komprehensif mengenai query dan manipulasi data, arsitektur data warehouse, serta normalisasi data. Membantu pembaca membangun pemahaman konseptual maupun praktis.","sql, database, normalisasi, query",Indonesia,E-book,265,978-0-8261-9906-5,9999
BK00248,Sistem Basis Data: Teori dan Aplikasi Edisi Ke-2,"Yoga Mustofa, S.H.",Bumi Aksara,2007,"Fakultas Sains, Teknologi, & Kesehatan",Informatika,Basis Data,"Buku ini membahas secara mendalam tentang manajemen sistem basis data, query dan manipulasi data, serta normalisasi data. Membantu pembaca membangun pemahaman konseptual maupun praktis.","query, manajemen data, basis data, database",Indonesia,Fisik,531,978-1-56557-431-1,8
BK00249,Manajemen Database NoSQL Modern,Cahya Padmasari,Pustaka Pelajar,2005,"Fakultas Sains, Teknologi, & Kesehatan",Informatika,Basis Data,"Buku ini memberikan pemahaman menyeluruh tentang normalisasi data, query dan manipulasi data, serta arsitektur data warehouse. Membantu pembaca membangun pemahaman konseptual maupun praktis.","query, manajemen data, normalisasi, sql",Indonesia,Fisik,154,978-0-12-775618-9,6
BK00250,Perancangan Sistem Basis Data,Vera Pranowo,Deepublish,2022,"Fakultas Sains, Teknologi, & Kesehatan",Informatika,Basis Data,"Buku ini mengulas berbagai aspek penting dari normalisasi data, perancangan basis data, serta manajemen sistem basis data. Cocok digunakan sebagai referensi utama bagi mahasiswa dan praktisi.","basis data, nosql, database, sql",Inggris,Fisik,301,978-1-74112-490-3,3
BK00251,Perancangan SQL Server,"Rafid Simbolon, Bakijan Prayoga",Rajawali Pers,2009,"Fakultas Sains, Teknologi, & Kesehatan",Informatika,Basis Data,"Buku ini dirancang sebagai panduan untuk memahami manajemen sistem basis data, arsitektur data warehouse, serta perancangan basis data. Disusun dengan bahasa yang mudah dipahami untuk kalangan akademik.","normalisasi, query, database, sql",Indonesia,Fisik,466,978-1-80442-067-6,7
BK00252,Manajemen Basis Data Modern,H. Kunthara Prayoga,Salemba Empat,2012,"Fakultas Sains, Teknologi, & Kesehatan",Informatika,Basis Data,"Buku ini mengulas berbagai aspek penting dari query dan manipulasi data, manajemen sistem basis data, serta normalisasi data. Menjadi rujukan penting dalam perkuliahan dan penelitian terkait.","nosql, normalisasi, manajemen data, database",Indonesia,E-book,529,978-1-121-00323-1,9999
BK00253,Pengantar Database NoSQL Relasional Edisi Ke-3,"drg. Kasiyah Usamah, S.Pt",PT Grasindo,2011,"Fakultas Sains, Teknologi, & Kesehatan",Informatika,Basis Data,"Buku ini membahas secara mendalam tentang query dan manipulasi data, normalisasi data, serta arsitektur data warehouse. Cocok digunakan sebagai referensi utama bagi mahasiswa dan praktisi.","database, normalisasi, basis data, manajemen data",Indonesia,Fisik,305,978-0-01-372151-2,4
BK00254,Manajemen Sistem Basis Data Modern Edisi Terbaru,Wardaya Hariyah,Alfabeta,2017,"Fakultas Sains, Teknologi, & Kesehatan",Informatika,Basis Data,"Buku ini mengulas berbagai aspek penting dari query dan manipulasi data, manajemen sistem basis data, serta arsitektur data warehouse. Disusun dengan bahasa yang mudah dipahami untuk kalangan akademik.","nosql, database, sql, normalisasi",Inggris,Fisik,412,978-0-9667066-2-8,2
BK00255,Konsep Sistem Basis Data,Gabriella Nashiruddin,Graha Ilmu,2009,"Fakultas Sains, Teknologi, & Kesehatan",Informatika,Basis Data,"Buku ini memberikan pemahaman menyeluruh tentang query dan manipulasi data, perancangan basis data, serta arsitektur data warehouse. Menjadi rujukan penting dalam perkuliahan dan penelitian terkait.","query, sql, data warehouse, nosql",Inggris,Fisik,248,978-1-72099-934-8,8
BK00256,Pengantar Basis Data Relasional,"Laras Pudjiastuti, Almira Irawan",Alfabeta,2022,"Fakultas Sains, Teknologi, & Kesehatan",Informatika,Basis Data,"Buku ini mengulas berbagai aspek penting dari query dan manipulasi data, normalisasi data, serta manajemen sistem basis data. Disusun dengan bahasa yang mudah dipahami untuk kalangan akademik.","manajemen data, normalisasi, nosql, basis data",Indonesia,Fisik,330,978-1-263-83806-7,1
BK00257,Manajemen SQL Server Modern,"H. Gatot Kuswandari, M.Pd",Bumi Aksara,2017,"Fakultas Sains, Teknologi, & Kesehatan",Informatika,Basis Data,"Buku ini memberikan pemahaman menyeluruh tentang normalisasi data, query dan manipulasi data, serta arsitektur data warehouse. Cocok digunakan sebagai referensi utama bagi mahasiswa dan praktisi.","database, query, data warehouse, nosql",Inggris,E-book,194,978-1-9856-4205-8,9999
BK00258,Data Warehouse: Teori dan Aplikasi,R.A. Ana Setiawan,PT Grasindo,2024,"Fakultas Sains, Teknologi, & Kesehatan",Informatika,Basis Data,"Buku ini mengulas berbagai aspek penting dari manajemen sistem basis data, normalisasi data, serta arsitektur data warehouse. Disusun dengan bahasa yang mudah dipahami untuk kalangan akademik.","sql, basis data, data warehouse, database",Indonesia,Fisik,519,978-1-85932-133-1,5
BK00259,Pengantar SQL Server Relasional Edisi Revisi,"Patricia Hakim, Sutan Kamal Wibisono, S.I.Kom",Pustaka Pelajar,2007,"Fakultas Sains, Teknologi, & Kesehatan",Informatika,Basis Data,"Buku ini membahas secara mendalam tentang manajemen sistem basis data, arsitektur data warehouse, serta query dan manipulasi data. Cocok digunakan sebagai referensi utama bagi mahasiswa dan praktisi.","normalisasi, nosql, database, basis data",Indonesia,Fisik,514,978-0-395-59059-1,6
BK00260,Konsep Sistem Basis Data,"R. Padmi Nainggolan, Dr. Puput Saragih, S.E.",Deepublish,2021,"Fakultas Sains, Teknologi, & Kesehatan",Informatika,Basis Data,"Buku ini menyajikan kajian komprehensif mengenai normalisasi data, query dan manipulasi data, serta arsitektur data warehouse. Dilengkapi dengan contoh kasus dan studi lapangan yang relevan.","query, database, sql, nosql",Indonesia,Fisik,459,978-0-10-393087-9,5
BK00261,Pengantar Data Warehouse Relasional,Gamblang Susanti,Informatika Bandung,2023,"Fakultas Sains, Teknologi, & Kesehatan",Informatika,Basis Data,"Buku ini dirancang sebagai panduan untuk memahami arsitektur data warehouse, manajemen sistem basis data, serta normalisasi data. Menjadi rujukan penting dalam perkuliahan dan penelitian terkait.","manajemen data, data warehouse, normalisasi, sql",Indonesia,Fisik,366,978-0-525-00292-5,8
BK00262,Konsep Data Warehouse,"R. Slamet Novitasari, S.I.Kom",Gramedia Pustaka Utama,2022,"Fakultas Sains, Teknologi, & Kesehatan",Informatika,Basis Data,"Buku ini mengulas berbagai aspek penting dari arsitektur data warehouse, manajemen sistem basis data, serta query dan manipulasi data. Menjadi rujukan penting dalam perkuliahan dan penelitian terkait.","database, data warehouse, basis data, nosql",Inggris,Fisik,273,978-1-69154-522-3,0
BK00263,Database NoSQL: Teori dan Aplikasi Edisi Revisi,"Maya Uyainah, M.Kom.",Alfabeta,2012,"Fakultas Sains, Teknologi, & Kesehatan",Informatika,Basis Data,"Buku ini memberikan pemahaman menyeluruh tentang query dan manipulasi data, manajemen sistem basis data, serta perancangan basis data. Menjadi rujukan penting dalam perkuliahan dan penelitian terkait.","normalisasi, data warehouse, manajemen data, query",Indonesia,Fisik,440,978-0-89539-264-0,3
BK00264,Database NoSQL: Teori dan Aplikasi,"Shakila Sihombing, S.E.I",Pustaka Pelajar,2024,"Fakultas Sains, Teknologi, & Kesehatan",Informatika,Basis Data,"Buku ini memberikan pemahaman menyeluruh tentang perancangan basis data, query dan manipulasi data, serta normalisasi data. Disusun dengan bahasa yang mudah dipahami untuk kalangan akademik.","sql, data warehouse, query, database",Indonesia,Fisik,129,978-0-9690295-9-5,2
BK00265,Manajemen Basis Data Modern Edisi Revisi,"Manah Pratiwi, Waluyo Mandasari",Graha Ilmu,2011,"Fakultas Sains, Teknologi, & Kesehatan",Informatika,Basis Data,"Buku ini membahas secara mendalam tentang manajemen sistem basis data, perancangan basis data, serta query dan manipulasi data. Menjadi rujukan penting dalam perkuliahan dan penelitian terkait.","database, nosql, normalisasi, basis data",Inggris,Fisik,522,978-1-135-52157-8,7
BK00266,Pengantar Basis Data Relasional,Eman Pranowo,Gramedia Pustaka Utama,2017,"Fakultas Sains, Teknologi, & Kesehatan",Informatika,Basis Data,"Buku ini menyajikan kajian komprehensif mengenai perancangan basis data, query dan manipulasi data, serta arsitektur data warehouse. Disusun dengan bahasa yang mudah dipahami untuk kalangan akademik.","database, basis data, data warehouse, normalisasi",Indonesia,E-book,247,978-0-541-00676-1,9999
BK00267,Pengantar SQL Server Relasional,"Tasdik Zulkarnain, Keisha Tampubolon",Erlangga,2010,"Fakultas Sains, Teknologi, & Kesehatan",Informatika,Basis Data,"Buku ini mengulas berbagai aspek penting dari manajemen sistem basis data, query dan manipulasi data, serta arsitektur data warehouse. Disusun dengan bahasa yang mudah dipahami untuk kalangan akademik.","data warehouse, nosql, basis data, manajemen data",Indonesia,Fisik,366,978-0-7932-7104-7,4
BK00268,Basis Data: Teori dan Aplikasi,"Galuh Rajata, Bagya Siregar",PT Grasindo,2008,"Fakultas Sains, Teknologi, & Kesehatan",Informatika,Basis Data,"Buku ini mengulas berbagai aspek penting dari normalisasi data, perancangan basis data, serta query dan manipulasi data. Membantu pembaca membangun pemahaman konseptual maupun praktis.","sql, data warehouse, nosql, normalisasi",Indonesia,Fisik,141,978-1-218-15997-1,7
BK00269,Basis Data: Teori dan Aplikasi Edisi Terbaru,"Ana Astuti, S.E., drg. Endah Habibi",Salemba Empat,2008,"Fakultas Sains, Teknologi, & Kesehatan",Informatika,Basis Data,"Buku ini menyajikan kajian komprehensif mengenai perancangan basis data, normalisasi data, serta query dan manipulasi data. Membantu pembaca membangun pemahaman konseptual maupun praktis.","nosql, query, data warehouse, basis data",Inggris,Fisik,282,978-1-336-88444-1,8
BK00270,Pengantar SQL Server Relasional Edisi Terbaru,Bakti Hardiansyah,Deepublish,2023,"Fakultas Sains, Teknologi, & Kesehatan",Informatika,Basis Data,"Buku ini memberikan pemahaman menyeluruh tentang query dan manipulasi data, normalisasi data, serta arsitektur data warehouse. Dilengkapi dengan contoh kasus dan studi lapangan yang relevan.","database, data warehouse, basis data, normalisasi",Indonesia,Fisik,494,978-1-205-06149-2,7
BK00271,Manajemen Database NoSQL Modern Edisi Ke-2,Farah Kuswoyo,UI Press,2024,"Fakultas Sains, Teknologi, & Kesehatan",Informatika,Basis Data,"Buku ini menyajikan kajian komprehensif mengenai perancangan basis data, query dan manipulasi data, serta normalisasi data. Cocok digunakan sebagai referensi utama bagi mahasiswa dan praktisi.","manajemen data, data warehouse, database, normalisasi",Indonesia,Fisik,489,978-0-241-71467-6,1
BK00272,Perancangan Database NoSQL,Salimah Saptono,Erlangga,2007,"Fakultas Sains, Teknologi, & Kesehatan",Informatika,Basis Data,"Buku ini membahas secara mendalam tentang query dan manipulasi data, normalisasi data, serta perancangan basis data. Membantu pembaca membangun pemahaman konseptual maupun praktis.","database, manajemen data, data warehouse, nosql",Indonesia,Fisik,136,978-1-256-52704-6,3
BK00273,Pengantar SQL Server Relasional Edisi Terbaru,Nadia Saptono,Nuha Medika,2007,"Fakultas Sains, Teknologi, & Kesehatan",Informatika,Basis Data,"Buku ini menyajikan kajian komprehensif mengenai arsitektur data warehouse, perancangan basis data, serta query dan manipulasi data. Menjadi rujukan penting dalam perkuliahan dan penelitian terkait.","manajemen data, basis data, database, sql",Indonesia,Fisik,405,978-1-902115-86-3,6
BK00274,Konsep Database NoSQL,"Drs. Darsirah Puspasari, S.Gz, drg. Yuliana Nurdiyanti, S.Farm",Elex Media Komputindo,2017,"Fakultas Sains, Teknologi, & Kesehatan",Informatika,Basis Data,"Buku ini menyajikan kajian komprehensif mengenai manajemen sistem basis data, perancangan basis data, serta query dan manipulasi data. Membantu pembaca membangun pemahaman konseptual maupun praktis.","sql, query, database, basis data",Indonesia,E-book,456,978-0-7416-0898-7,9999
BK00275,Manajemen SQL Server Modern,"Drs. Murti Safitri, S.E.I",Deepublish,2010,"Fakultas Sains, Teknologi, & Kesehatan",Informatika,Basis Data,"Buku ini memberikan pemahaman menyeluruh tentang normalisasi data, query dan manipulasi data, serta arsitektur data warehouse. Cocok digunakan sebagai referensi utama bagi mahasiswa dan praktisi.","sql, query, nosql, manajemen data",Inggris,E-book,292,978-1-223-32061-8,9999
BK00276,Manajemen Database NoSQL Modern,"Ibrahim Pangestu, S.E.I",Elex Media Komputindo,2012,"Fakultas Sains, Teknologi, & Kesehatan",Informatika,Basis Data,"Buku ini mengulas berbagai aspek penting dari query dan manipulasi data, arsitektur data warehouse, serta normalisasi data. Membantu pembaca membangun pemahaman konseptual maupun praktis.","nosql, manajemen data, database, data warehouse",Inggris,E-book,501,978-1-116-86854-8,9999
BK00277,Data Warehouse: Teori dan Aplikasi,drg. Vero Budiman,Elex Media Komputindo,2012,"Fakultas Sains, Teknologi, & Kesehatan",Informatika,Basis Data,"Buku ini membahas secara mendalam tentang arsitektur data warehouse, manajemen sistem basis data, serta query dan manipulasi data. Disusun dengan bahasa yang mudah dipahami untuk kalangan akademik.","basis data, database, manajemen data, data warehouse",Indonesia,Fisik,515,978-0-622-99911-1,4
BK00278,Konsep Basis Data,"Puti Winda Suwarno, Drs. Jelita Zulkarnain, S.T.",Elex Media Komputindo,2017,"Fakultas Sains, Teknologi, & Kesehatan",Informatika,Basis Data,"Buku ini membahas secara mendalam tentang manajemen sistem basis data, normalisasi data, serta arsitektur data warehouse. Membantu pembaca membangun pemahaman konseptual maupun praktis.","manajemen data, database, data warehouse, sql",Indonesia,E-book,286,978-1-997024-62-0,9999
BK00279,Perancangan Data Warehouse,Ir. Sabrina Wacana,Informatika Bandung,2016,"Fakultas Sains, Teknologi, & Kesehatan",Informatika,Basis Data,"Buku ini membahas secara mendalam tentang perancangan basis data, query dan manipulasi data, serta arsitektur data warehouse. Disusun dengan bahasa yang mudah dipahami untuk kalangan akademik.","sql, manajemen data, nosql, database",Inggris,Fisik,514,978-1-5307-4505-0,3
BK00280,Pengantar Basis Data Relasional,"Tgk. Ira Setiawan, M.Kom., Hj. Cinthia Pradana, S.E.I",Andi Publisher,2024,"Fakultas Sains, Teknologi, & Kesehatan",Informatika,Basis Data,"Buku ini memberikan pemahaman menyeluruh tentang manajemen sistem basis data, perancangan basis data, serta normalisasi data. Menjadi rujukan penting dalam perkuliahan dan penelitian terkait.","database, data warehouse, manajemen data, sql",Indonesia,Fisik,268,978-1-5469-1373-3,6
BK00281,Perancangan Sistem Basis Data Edisi Revisi,"drg. Ulya Laksita, M.TI.",Pustaka Pelajar,2011,"Fakultas Sains, Teknologi, & Kesehatan",Informatika,Basis Data,"Buku ini memberikan pemahaman menyeluruh tentang query dan manipulasi data, manajemen sistem basis data, serta perancangan basis data. Membantu pembaca membangun pemahaman konseptual maupun praktis.","manajemen data, basis data, normalisasi, data warehouse",Inggris,E-book,412,978-0-8214-8628-3,9999
BK00282,Manajemen Database NoSQL Modern,Cut Ellis Nababan,UI Press,2016,"Fakultas Sains, Teknologi, & Kesehatan",Informatika,Basis Data,"Buku ini memberikan pemahaman menyeluruh tentang normalisasi data, perancangan basis data, serta query dan manipulasi data. Menjadi rujukan penting dalam perkuliahan dan penelitian terkait.","normalisasi, basis data, database, data warehouse",Indonesia,Fisik,296,978-0-307-05345-9,0
BK00283,Perancangan Sistem Basis Data,"Dr. Ophelia Widodo, S.IP",Rajawali Pers,2007,"Fakultas Sains, Teknologi, & Kesehatan",Informatika,Basis Data,"Buku ini mengulas berbagai aspek penting dari perancangan basis data, manajemen sistem basis data, serta arsitektur data warehouse. Dilengkapi dengan contoh kasus dan studi lapangan yang relevan.","data warehouse, manajemen data, sql, normalisasi",Indonesia,Fisik,437,978-0-579-72798-0,2
BK00284,Konsep Sistem Basis Data,"Jelita Marpaung, Tgk. Ulva Iswahyudi, S.Pd",Pustaka Pelajar,2013,"Fakultas Sains, Teknologi, & Kesehatan",Informatika,Basis Data,"Buku ini dirancang sebagai panduan untuk memahami manajemen sistem basis data, arsitektur data warehouse, serta perancangan basis data. Membantu pembaca membangun pemahaman konseptual maupun praktis.","data warehouse, normalisasi, basis data, database",Indonesia,E-book,477,978-1-02-933334-8,9999
BK00285,Pengantar Database NoSQL Relasional,"Hasan Mulyani, S.Ked",PT Grasindo,2007,"Fakultas Sains, Teknologi, & Kesehatan",Informatika,Basis Data,"Buku ini memberikan pemahaman menyeluruh tentang manajemen sistem basis data, normalisasi data, serta perancangan basis data. Cocok digunakan sebagai referensi utama bagi mahasiswa dan praktisi.","manajemen data, sql, basis data, database",Indonesia,E-book,457,978-1-229-03494-6,9999
BK00286,Konsep Basis Data,"Titin Yuniar, S.T.",Deepublish,2007,"Fakultas Sains, Teknologi, & Kesehatan",Informatika,Basis Data,"Buku ini dirancang sebagai panduan untuk memahami perancangan basis data, normalisasi data, serta manajemen sistem basis data. Membantu pembaca membangun pemahaman konseptual maupun praktis.","query, sql, normalisasi, manajemen data",Indonesia,E-book,354,978-1-57437-489-6,9999
BK00287,Konsep SQL Server,Restu Jailani,Kencana Prenada,2014,"Fakultas Sains, Teknologi, & Kesehatan",Informatika,Basis Data,"Buku ini mengulas berbagai aspek penting dari perancangan basis data, normalisasi data, serta query dan manipulasi data. Disusun dengan bahasa yang mudah dipahami untuk kalangan akademik.","data warehouse, normalisasi, nosql, sql",Indonesia,Fisik,440,978-1-899441-71-6,4
BK00288,Konsep Database NoSQL,"Ika Uyainah, Zelda Saefullah",Kencana Prenada,2018,"Fakultas Sains, Teknologi, & Kesehatan",Informatika,Basis Data,"Buku ini dirancang sebagai panduan untuk memahami perancangan basis data, query dan manipulasi data, serta normalisasi data. Dilengkapi dengan contoh kasus dan studi lapangan yang relevan.","nosql, normalisasi, data warehouse, sql",Indonesia,Fisik,279,978-1-328-30965-5,5
BK00289,Manajemen SQL Server Modern Edisi Ke-2,"Cahyono Dongoran, M.Kom.",Graha Ilmu,2010,"Fakultas Sains, Teknologi, & Kesehatan",Informatika,Basis Data,"Buku ini menyajikan kajian komprehensif mengenai arsitektur data warehouse, manajemen sistem basis data, serta query dan manipulasi data. Membantu pembaca membangun pemahaman konseptual maupun praktis.","normalisasi, query, sql, database",Indonesia,E-book,392,978-1-66609-935-5,9999
BK00290,Perancangan Sistem Basis Data,"Tania Prasetya, M.Pd, Purwanto Kusmawati, S.I.Kom",Rajawali Pers,2011,"Fakultas Sains, Teknologi, & Kesehatan",Informatika,Basis Data,"Buku ini mengulas berbagai aspek penting dari query dan manipulasi data, normalisasi data, serta manajemen sistem basis data. Dilengkapi dengan contoh kasus dan studi lapangan yang relevan.","basis data, query, database, normalisasi",Indonesia,Fisik,133,978-0-8241-7248-0,4
BK00291,Manajemen SQL Server Modern Edisi Revisi,"R.M. Warsita Zulaika, S.Psi",Salemba Empat,2020,"Fakultas Sains, Teknologi, & Kesehatan",Informatika,Basis Data,"Buku ini memberikan pemahaman menyeluruh tentang query dan manipulasi data, normalisasi data, serta perancangan basis data. Menjadi rujukan penting dalam perkuliahan dan penelitian terkait.","data warehouse, sql, manajemen data, nosql",Indonesia,Fisik,235,978-0-534-65549-5,0
BK00292,Konsep Sistem Basis Data,"Malika Lazuardi, Anastasia Usada",Kencana Prenada,2019,"Fakultas Sains, Teknologi, & Kesehatan",Informatika,Basis Data,"Buku ini memberikan pemahaman menyeluruh tentang manajemen sistem basis data, query dan manipulasi data, serta normalisasi data. Disusun dengan bahasa yang mudah dipahami untuk kalangan akademik.","normalisasi, query, sql, basis data",Inggris,Fisik,517,978-1-381-68460-7,0
BK00293,Data Warehouse: Teori dan Aplikasi,"R. Dina Pangestu, S.Psi",Erlangga,2017,"Fakultas Sains, Teknologi, & Kesehatan",Informatika,Basis Data,"Buku ini dirancang sebagai panduan untuk memahami query dan manipulasi data, perancangan basis data, serta arsitektur data warehouse. Membantu pembaca membangun pemahaman konseptual maupun praktis.","basis data, manajemen data, data warehouse, normalisasi",Inggris,E-book,511,978-1-252-17525-8,9999
BK00294,Perancangan Sistem Basis Data,"Asmianto Ardianto, M.M.",Nuha Medika,2019,"Fakultas Sains, Teknologi, & Kesehatan",Informatika,Basis Data,"Buku ini dirancang sebagai panduan untuk memahami normalisasi data, perancangan basis data, serta arsitektur data warehouse. Dilengkapi dengan contoh kasus dan studi lapangan yang relevan.","manajemen data, normalisasi, sql, query",Indonesia,E-book,376,978-0-292-71296-6,9999
BK00295,Perancangan Database NoSQL,"Ikhsan Waskita, S.Farm",Nuha Medika,2011,"Fakultas Sains, Teknologi, & Kesehatan",Informatika,Basis Data,"Buku ini memberikan pemahaman menyeluruh tentang query dan manipulasi data, perancangan basis data, serta arsitektur data warehouse. Membantu pembaca membangun pemahaman konseptual maupun praktis.","database, normalisasi, query, data warehouse",Indonesia,Fisik,285,978-1-00-835058-8,2
BK00296,Konsep Basis Data,Ajiman Wastuti,Deepublish,2006,"Fakultas Sains, Teknologi, & Kesehatan",Informatika,Basis Data,"Buku ini dirancang sebagai panduan untuk memahami arsitektur data warehouse, manajemen sistem basis data, serta query dan manipulasi data. Menjadi rujukan penting dalam perkuliahan dan penelitian terkait.","sql, manajemen data, nosql, normalisasi",Indonesia,E-book,457,978-0-354-21689-0,9999
BK00297,Perancangan SQL Server Edisi Revisi,Eli Haryanto,Alfabeta,2024,"Fakultas Sains, Teknologi, & Kesehatan",Informatika,Basis Data,"Buku ini menyajikan kajian komprehensif mengenai manajemen sistem basis data, perancangan basis data, serta query dan manipulasi data. Cocok digunakan sebagai referensi utama bagi mahasiswa dan praktisi.","manajemen data, nosql, normalisasi, database",Indonesia,Fisik,374,978-1-4789-8562-4,7
BK00298,Manajemen Data Warehouse Modern Edisi Terbaru,Nurul Tamba,Elex Media Komputindo,2022,"Fakultas Sains, Teknologi, & Kesehatan",Informatika,Basis Data,"Buku ini mengulas berbagai aspek penting dari perancangan basis data, manajemen sistem basis data, serta normalisasi data. Membantu pembaca membangun pemahaman konseptual maupun praktis.","data warehouse, basis data, manajemen data, nosql",Indonesia,Fisik,195,978-0-603-32309-6,0
BK00299,Konsep SQL Server,R.M. Bancar Utama,Deepublish,2024,"Fakultas Sains, Teknologi, & Kesehatan",Informatika,Basis Data,"Buku ini menyajikan kajian komprehensif mengenai perancangan basis data, query dan manipulasi data, serta arsitektur data warehouse. Disusun dengan bahasa yang mudah dipahami untuk kalangan akademik.","manajemen data, database, basis data, nosql",Inggris,E-book,416,978-1-4890-9010-2,9999
BK00300,Konsep Basis Data,Muhammad Latupono,Alfabeta,2008,"Fakultas Sains, Teknologi, & Kesehatan",Informatika,Basis Data,"Buku ini memberikan pemahaman menyeluruh tentang arsitektur data warehouse, perancangan basis data, serta manajemen sistem basis data. Dilengkapi dengan contoh kasus dan studi lapangan yang relevan.","query, data warehouse, basis data, normalisasi",Indonesia,E-book,331,978-1-61847-230-4,9999
BK00301,Perancangan Database NoSQL Edisi Revisi,Lili Wijayanti,Pustaka Pelajar,2020,"Fakultas Sains, Teknologi, & Kesehatan",Informatika,Basis Data,"Buku ini dirancang sebagai panduan untuk memahami normalisasi data, arsitektur data warehouse, serta perancangan basis data. Membantu pembaca membangun pemahaman konseptual maupun praktis.","manajemen data, normalisasi, data warehouse, database",Inggris,Fisik,432,978-1-992618-91-6,3
BK00302,Perancangan Basis Data Edisi Terbaru,Calista Kurniawan,Elex Media Komputindo,2022,"Fakultas Sains, Teknologi, & Kesehatan",Informatika,Basis Data,"Buku ini mengulas berbagai aspek penting dari query dan manipulasi data, arsitektur data warehouse, serta perancangan basis data. Disusun dengan bahasa yang mudah dipahami untuk kalangan akademik.","sql, nosql, data warehouse, manajemen data",Indonesia,E-book,223,978-0-934835-64-0,9999
BK00303,Basis Data: Teori dan Aplikasi,Arta Pudjiastuti,Deepublish,2005,"Fakultas Sains, Teknologi, & Kesehatan",Informatika,Basis Data,"Buku ini dirancang sebagai panduan untuk memahami normalisasi data, arsitektur data warehouse, serta manajemen sistem basis data. Membantu pembaca membangun pemahaman konseptual maupun praktis.","nosql, query, basis data, data warehouse",Indonesia,Fisik,546,978-0-7530-0119-6,5
BK00304,Pengantar Basis Data Relasional,"Jumadi Maryadi, S.Pt",Graha Ilmu,2014,"Fakultas Sains, Teknologi, & Kesehatan",Informatika,Basis Data,"Buku ini membahas secara mendalam tentang query dan manipulasi data, arsitektur data warehouse, serta normalisasi data. Membantu pembaca membangun pemahaman konseptual maupun praktis.","data warehouse, query, manajemen data, database",Indonesia,Fisik,415,978-0-437-44701-2,5
BK00305,Konsep SQL Server,"R. Azalea Siregar, S.I.Kom, Ir. Galar Aryani, S.IP",Graha Ilmu,2014,"Fakultas Sains, Teknologi, & Kesehatan",Informatika,Basis Data,"Buku ini dirancang sebagai panduan untuk memahami arsitektur data warehouse, query dan manipulasi data, serta perancangan basis data. Cocok digunakan sebagai referensi utama bagi mahasiswa dan praktisi.","query, nosql, manajemen data, sql",Indonesia,Fisik,331,978-0-02-255794-2,1
BK00306,Perancangan Sistem Basis Data,"Cornelia Wahyudin, S.Psi",Gramedia Pustaka Utama,2019,"Fakultas Sains, Teknologi, & Kesehatan",Informatika,Basis Data,"Buku ini menyajikan kajian komprehensif mengenai perancangan basis data, normalisasi data, serta arsitektur data warehouse. Cocok digunakan sebagai referensi utama bagi mahasiswa dan praktisi.","normalisasi, manajemen data, database, sql",Inggris,E-book,198,978-0-667-46762-0,9999
BK00307,Data Warehouse: Teori dan Aplikasi,Cahyadi Halim,Rajawali Pers,2017,"Fakultas Sains, Teknologi, & Kesehatan",Informatika,Basis Data,"Buku ini membahas secara mendalam tentang manajemen sistem basis data, arsitektur data warehouse, serta normalisasi data. Menjadi rujukan penting dalam perkuliahan dan penelitian terkait.","nosql, sql, basis data, manajemen data",Indonesia,Fisik,142,978-0-697-97296-5,1
BK00308,Pengantar Basis Data Relasional Edisi Ke-3,"Tgk. Luwar Dabukke, S.E.I, Nova Kusumo",Nuha Medika,2015,"Fakultas Sains, Teknologi, & Kesehatan",Informatika,Basis Data,"Buku ini mengulas berbagai aspek penting dari manajemen sistem basis data, arsitektur data warehouse, serta query dan manipulasi data. Membantu pembaca membangun pemahaman konseptual maupun praktis.","manajemen data, nosql, sql, database",Indonesia,Fisik,196,978-1-01-450899-7,2
BK00309,Konsep Basis Data,Yahya Winarsih,Kencana Prenada,2023,"Fakultas Sains, Teknologi, & Kesehatan",Informatika,Basis Data,"Buku ini menyajikan kajian komprehensif mengenai arsitektur data warehouse, normalisasi data, serta manajemen sistem basis data. Disusun dengan bahasa yang mudah dipahami untuk kalangan akademik.","sql, data warehouse, manajemen data, database",Indonesia,Fisik,279,978-0-637-56289-8,5
BK00310,Konsep SQL Server Edisi Revisi,"Adikara Yuniar, Johan Halimah",Elex Media Komputindo,2015,"Fakultas Sains, Teknologi, & Kesehatan",Informatika,Basis Data,"Buku ini mengulas berbagai aspek penting dari manajemen sistem basis data, query dan manipulasi data, serta normalisasi data. Disusun dengan bahasa yang mudah dipahami untuk kalangan akademik.","basis data, data warehouse, normalisasi, nosql",Indonesia,Fisik,410,978-0-17-535408-5,2
BK00311,Pengantar Basis Data Relasional,Kunthara Yuniar,Graha Ilmu,2015,"Fakultas Sains, Teknologi, & Kesehatan",Informatika,Basis Data,"Buku ini memberikan pemahaman menyeluruh tentang manajemen sistem basis data, normalisasi data, serta arsitektur data warehouse. Dilengkapi dengan contoh kasus dan studi lapangan yang relevan.","data warehouse, normalisasi, sql, nosql",Inggris,Fisik,135,978-1-317-79717-3,1
BK00312,Konsep Sistem Basis Data,Iriana Lazuardi,Graha Ilmu,2008,"Fakultas Sains, Teknologi, & Kesehatan",Informatika,Basis Data,"Buku ini membahas secara mendalam tentang arsitektur data warehouse, manajemen sistem basis data, serta normalisasi data. Menjadi rujukan penting dalam perkuliahan dan penelitian terkait.","manajemen data, query, database, data warehouse",Indonesia,Fisik,392,978-0-16-608801-2,7
BK00313,Manajemen Data Warehouse Modern Edisi Ke-2,"Drs. Yoga Safitri, S.Pd",Kencana Prenada,2022,"Fakultas Sains, Teknologi, & Kesehatan",Informatika,Basis Data,"Buku ini dirancang sebagai panduan untuk memahami manajemen sistem basis data, query dan manipulasi data, serta arsitektur data warehouse. Disusun dengan bahasa yang mudah dipahami untuk kalangan akademik.","data warehouse, normalisasi, basis data, database",Indonesia,E-book,462,978-1-55037-589-3,9999
BK00314,Manajemen Data Warehouse Modern Edisi Terbaru,Dr. Tina Wahyuni,PT Grasindo,2024,"Fakultas Sains, Teknologi, & Kesehatan",Informatika,Basis Data,"Buku ini dirancang sebagai panduan untuk memahami normalisasi data, query dan manipulasi data, serta perancangan basis data. Cocok digunakan sebagai referensi utama bagi mahasiswa dan praktisi.","sql, query, normalisasi, data warehouse",Indonesia,Fisik,450,978-1-113-05548-4,0
BK00315,Perancangan SQL Server,Tgk. Nardi Kurniawan,Elex Media Komputindo,2019,"Fakultas Sains, Teknologi, & Kesehatan",Informatika,Basis Data,"Buku ini dirancang sebagai panduan untuk memahami query dan manipulasi data, normalisasi data, serta manajemen sistem basis data. Membantu pembaca membangun pemahaman konseptual maupun praktis.","basis data, query, sql, nosql",Indonesia,E-book,282,978-0-7261-4933-7,9999
BK00316,Optimalisasi Manajemen Kualitas,Wadi Wijaya,UI Press,2022,"Fakultas Sains, Teknologi, & Kesehatan",Teknik Industri,Teknik Industri & Manajemen Operasi,"Buku ini membahas secara mendalam tentang perancangan sistem kerja industri, manajemen kualitas dan produktivitas, serta perencanaan dan pengendalian produksi. Cocok digunakan sebagai referensi utama bagi mahasiswa dan praktisi.","perencanaan produksi, efisiensi kerja, manajemen operasi, produktivitas",Indonesia,Fisik,135,978-1-351-60917-3,3
BK00317,Perancangan Perencanaan Produksi,Sakura Rahmawati,PT Grasindo,2022,"Fakultas Sains, Teknologi, & Kesehatan",Teknik Industri,Teknik Industri & Manajemen Operasi,"Buku ini menyajikan kajian komprehensif mengenai optimalisasi proses produksi, efisiensi tata letak fasilitas pabrik, serta perencanaan dan pengendalian produksi. Dilengkapi dengan contoh kasus dan studi lapangan yang relevan.","perencanaan produksi, tata letak pabrik, efisiensi kerja, manajemen kualitas",Indonesia,Fisik,198,978-1-08-086978-7,4
BK00318,Pengantar Teknik Industri Edisi Revisi,"R.M. Mustofa Prastuti, S.E., Yulia Mahendra, S.IP",Informatika Bandung,2024,"Fakultas Sains, Teknologi, & Kesehatan",Teknik Industri,Teknik Industri & Manajemen Operasi,"Buku ini memberikan pemahaman menyeluruh tentang perancangan sistem kerja industri, optimalisasi proses produksi, serta manajemen kualitas dan produktivitas. Menjadi rujukan penting dalam perkuliahan dan penelitian terkait.","efisiensi kerja, six sigma, tata letak pabrik, manajemen operasi",Indonesia,Fisik,380,978-1-86693-465-4,6
BK00319,Optimalisasi Manajemen Kualitas Edisi Terbaru,Mila Mansur,Erlangga,2016,"Fakultas Sains, Teknologi, & Kesehatan",Teknik Industri,Teknik Industri & Manajemen Operasi,"Buku ini dirancang sebagai panduan untuk memahami efisiensi tata letak fasilitas pabrik, manajemen kualitas dan produktivitas, serta optimalisasi proses produksi. Membantu pembaca membangun pemahaman konseptual maupun praktis.","efisiensi kerja, perencanaan produksi, six sigma, manajemen operasi",Indonesia,E-book,367,978-1-9848-5833-7,9999
BK00320,Dasar-Dasar Tata Letak Pabrik,Leo Siregar,Andi Publisher,2024,"Fakultas Sains, Teknologi, & Kesehatan",Teknik Industri,Teknik Industri & Manajemen Operasi,"Buku ini membahas secara mendalam tentang manajemen kualitas dan produktivitas, perencanaan dan pengendalian produksi, serta efisiensi tata letak fasilitas pabrik. Membantu pembaca membangun pemahaman konseptual maupun praktis.","produktivitas, six sigma, perencanaan produksi, manajemen kualitas",Indonesia,Fisik,442,978-0-288-51587-8,1
BK00321,Perancangan Teknik Industri,Ir. Salwa Agustina,Deepublish,2014,"Fakultas Sains, Teknologi, & Kesehatan",Teknik Industri,Teknik Industri & Manajemen Operasi,"Buku ini mengulas berbagai aspek penting dari perencanaan dan pengendalian produksi, manajemen kualitas dan produktivitas, serta optimalisasi proses produksi. Disusun dengan bahasa yang mudah dipahami untuk kalangan akademik.","teknik industri, tata letak pabrik, perencanaan produksi, manajemen kualitas",Indonesia,E-book,425,978-1-08-106200-2,9999
BK00322,Perancangan Manajemen Kualitas Edisi Terbaru,Emas Marpaung,Andi Publisher,2021,"Fakultas Sains, Teknologi, & Kesehatan",Teknik Industri,Teknik Industri & Manajemen Operasi,"Buku ini membahas secara mendalam tentang perancangan sistem kerja industri, manajemen kualitas dan produktivitas, serta optimalisasi proses produksi. Dilengkapi dengan contoh kasus dan studi lapangan yang relevan.","teknik industri, six sigma, produktivitas, manajemen kualitas",Indonesia,Fisik,187,978-1-204-38057-0,4
BK00323,Teknik Industri: Teori dan Aplikasi,Latif Wulandari,Erlangga,2010,"Fakultas Sains, Teknologi, & Kesehatan",Teknik Industri,Teknik Industri & Manajemen Operasi,"Buku ini menyajikan kajian komprehensif mengenai optimalisasi proses produksi, manajemen kualitas dan produktivitas, serta perencanaan dan pengendalian produksi. Menjadi rujukan penting dalam perkuliahan dan penelitian terkait.","produktivitas, six sigma, tata letak pabrik, efisiensi kerja",Indonesia,Fisik,194,978-1-384-06665-3,2
BK00324,Optimalisasi Perencanaan Produksi Edisi Terbaru,Dt. Adinata Ramadan,PT Grasindo,2019,"Fakultas Sains, Teknologi, & Kesehatan",Teknik Industri,Teknik Industri & Manajemen Operasi,"Buku ini membahas secara mendalam tentang perancangan sistem kerja industri, manajemen kualitas dan produktivitas, serta efisiensi tata letak fasilitas pabrik. Dilengkapi dengan contoh kasus dan studi lapangan yang relevan.","produktivitas, manajemen operasi, manajemen kualitas, efisiensi kerja",Inggris,Fisik,363,978-1-359-89334-5,8
BK00325,Optimalisasi Perencanaan Produksi,"Elma Zulaika, Cengkir Natsir",UI Press,2022,"Fakultas Sains, Teknologi, & Kesehatan",Teknik Industri,Teknik Industri & Manajemen Operasi,"Buku ini membahas secara mendalam tentang perencanaan dan pengendalian produksi, manajemen kualitas dan produktivitas, serta efisiensi tata letak fasilitas pabrik. Cocok digunakan sebagai referensi utama bagi mahasiswa dan praktisi.","perencanaan produksi, teknik industri, produktivitas, tata letak pabrik",Inggris,E-book,453,978-1-06-484229-4,9999
BK00326,Manajemen Kualitas: Teori dan Aplikasi,"Tgk. Agnes Sitompul, M.M., Eva Gunarto, S.E.I",Gramedia Pustaka Utama,2015,"Fakultas Sains, Teknologi, & Kesehatan",Teknik Industri,Teknik Industri & Manajemen Operasi,"Buku ini mengulas berbagai aspek penting dari efisiensi tata letak fasilitas pabrik, optimalisasi proses produksi, serta manajemen kualitas dan produktivitas. Dilengkapi dengan contoh kasus dan studi lapangan yang relevan.","perencanaan produksi, tata letak pabrik, six sigma, manajemen operasi",Indonesia,Fisik,126,978-0-947985-15-8,6
BK00327,Perancangan Teknik Industri,Sutan Yahya Nashiruddin,Rajawali Pers,2024,"Fakultas Sains, Teknologi, & Kesehatan",Teknik Industri,Teknik Industri & Manajemen Operasi,"Buku ini dirancang sebagai panduan untuk memahami perancangan sistem kerja industri, efisiensi tata letak fasilitas pabrik, serta perencanaan dan pengendalian produksi. Dilengkapi dengan contoh kasus dan studi lapangan yang relevan.","manajemen kualitas, produktivitas, manajemen operasi, teknik industri",Indonesia,Fisik,429,978-0-688-61533-8,2
BK00328,Perancangan Manajemen Operasi,"Gamblang Sitompul, S.I.Kom",Andi Publisher,2010,"Fakultas Sains, Teknologi, & Kesehatan",Teknik Industri,Teknik Industri & Manajemen Operasi,"Buku ini mengulas berbagai aspek penting dari perencanaan dan pengendalian produksi, manajemen kualitas dan produktivitas, serta optimalisasi proses produksi. Disusun dengan bahasa yang mudah dipahami untuk kalangan akademik.","manajemen kualitas, produktivitas, tata letak pabrik, teknik industri",Indonesia,Fisik,315,978-0-9878015-7-9,6
BK00329,Dasar-Dasar Manajemen Kualitas,"Utama Yuniar, Ir. Hesti Gunarto",Informatika Bandung,2009,"Fakultas Sains, Teknologi, & Kesehatan",Teknik Industri,Teknik Industri & Manajemen Operasi,"Buku ini memberikan pemahaman menyeluruh tentang efisiensi tata letak fasilitas pabrik, perencanaan dan pengendalian produksi, serta perancangan sistem kerja industri. Cocok digunakan sebagai referensi utama bagi mahasiswa dan praktisi.","efisiensi kerja, teknik industri, tata letak pabrik, manajemen operasi",Indonesia,E-book,449,978-1-164-84085-5,9999
BK00330,Optimalisasi Manajemen Kualitas Edisi Revisi,"KH. Kacung Hassanah, Aurora Sihombing",Alfabeta,2017,"Fakultas Sains, Teknologi, & Kesehatan",Teknik Industri,Teknik Industri & Manajemen Operasi,"Buku ini membahas secara mendalam tentang perencanaan dan pengendalian produksi, optimalisasi proses produksi, serta manajemen kualitas dan produktivitas. Cocok digunakan sebagai referensi utama bagi mahasiswa dan praktisi.","manajemen kualitas, perencanaan produksi, tata letak pabrik, teknik industri",Indonesia,E-book,288,978-1-81128-801-6,9999
BK00331,Perancangan Teknik Industri,Mumpuni Usamah,UI Press,2008,"Fakultas Sains, Teknologi, & Kesehatan",Teknik Industri,Teknik Industri & Manajemen Operasi,"Buku ini memberikan pemahaman menyeluruh tentang perancangan sistem kerja industri, optimalisasi proses produksi, serta efisiensi tata letak fasilitas pabrik. Menjadi rujukan penting dalam perkuliahan dan penelitian terkait.","efisiensi kerja, tata letak pabrik, perencanaan produksi, six sigma",Indonesia,E-book,275,978-1-138-61207-5,9999
BK00332,Dasar-Dasar Teknik Industri,"Julia Firgantoro, S.Pt",Bumi Aksara,2011,"Fakultas Sains, Teknologi, & Kesehatan",Teknik Industri,Teknik Industri & Manajemen Operasi,"Buku ini membahas secara mendalam tentang optimalisasi proses produksi, efisiensi tata letak fasilitas pabrik, serta manajemen kualitas dan produktivitas. Menjadi rujukan penting dalam perkuliahan dan penelitian terkait.","six sigma, teknik industri, tata letak pabrik, produktivitas",Inggris,Fisik,442,978-0-248-19346-7,5
BK00333,Dasar-Dasar Perencanaan Produksi,"Mila Usamah, Mala Sihotang",Pustaka Pelajar,2014,"Fakultas Sains, Teknologi, & Kesehatan",Teknik Industri,Teknik Industri & Manajemen Operasi,"Buku ini membahas secara mendalam tentang optimalisasi proses produksi, perencanaan dan pengendalian produksi, serta efisiensi tata letak fasilitas pabrik. Membantu pembaca membangun pemahaman konseptual maupun praktis.","tata letak pabrik, teknik industri, six sigma, manajemen kualitas",Inggris,Fisik,138,978-1-180-91901-6,5
BK00334,Teknik Industri: Teori dan Aplikasi,"Olivia Kurniawan, Winda Sihombing",Gramedia Pustaka Utama,2020,"Fakultas Sains, Teknologi, & Kesehatan",Teknik Industri,Teknik Industri & Manajemen Operasi,"Buku ini membahas secara mendalam tentang efisiensi tata letak fasilitas pabrik, optimalisasi proses produksi, serta perancangan sistem kerja industri. Dilengkapi dengan contoh kasus dan studi lapangan yang relevan.","efisiensi kerja, six sigma, manajemen kualitas, manajemen operasi",Inggris,E-book,143,978-1-76607-283-8,9999
BK00335,Pengantar Teknik Industri Edisi Revisi,Pangeran Wijaya,Kencana Prenada,2024,"Fakultas Sains, Teknologi, & Kesehatan",Teknik Industri,Teknik Industri & Manajemen Operasi,"Buku ini membahas secara mendalam tentang efisiensi tata letak fasilitas pabrik, perancangan sistem kerja industri, serta perencanaan dan pengendalian produksi. Menjadi rujukan penting dalam perkuliahan dan penelitian terkait.","manajemen operasi, tata letak pabrik, manajemen kualitas, efisiensi kerja",Indonesia,Fisik,338,978-0-450-88210-4,5
BK00336,Teknik Industri: Teori dan Aplikasi,Kemal Riyanti,Salemba Empat,2013,"Fakultas Sains, Teknologi, & Kesehatan",Teknik Industri,Teknik Industri & Manajemen Operasi,"Buku ini membahas secara mendalam tentang efisiensi tata letak fasilitas pabrik, optimalisasi proses produksi, serta perencanaan dan pengendalian produksi. Cocok digunakan sebagai referensi utama bagi mahasiswa dan praktisi.","produktivitas, efisiensi kerja, manajemen operasi, teknik industri",Inggris,Fisik,476,978-0-435-36822-7,5
BK00337,Optimalisasi Manajemen Operasi,"Darman Susanti, Tgk. Febi Latupono, S.E.",Gramedia Pustaka Utama,2005,"Fakultas Sains, Teknologi, & Kesehatan",Teknik Industri,Teknik Industri & Manajemen Operasi,"Buku ini memberikan pemahaman menyeluruh tentang perencanaan dan pengendalian produksi, optimalisasi proses produksi, serta perancangan sistem kerja industri. Cocok digunakan sebagai referensi utama bagi mahasiswa dan praktisi.","manajemen operasi, perencanaan produksi, six sigma, manajemen kualitas",Indonesia,Fisik,481,978-1-81414-139-4,4
BK00338,Optimalisasi Manajemen Operasi Edisi Ke-3,Julia Tamba,Bumi Aksara,2007,"Fakultas Sains, Teknologi, & Kesehatan",Teknik Industri,Teknik Industri & Manajemen Operasi,"Buku ini memberikan pemahaman menyeluruh tentang perancangan sistem kerja industri, optimalisasi proses produksi, serta manajemen kualitas dan produktivitas. Membantu pembaca membangun pemahaman konseptual maupun praktis.","perencanaan produksi, manajemen operasi, efisiensi kerja, manajemen kualitas",Indonesia,Fisik,122,978-0-14-913577-1,8
BK00339,Pengantar Teknik Industri,Raisa Wahyuni,Elex Media Komputindo,2006,"Fakultas Sains, Teknologi, & Kesehatan",Teknik Industri,Teknik Industri & Manajemen Operasi,"Buku ini menyajikan kajian komprehensif mengenai optimalisasi proses produksi, perencanaan dan pengendalian produksi, serta manajemen kualitas dan produktivitas. Disusun dengan bahasa yang mudah dipahami untuk kalangan akademik.","six sigma, perencanaan produksi, manajemen kualitas, efisiensi kerja",Indonesia,Fisik,470,978-0-9955620-5-9,7
BK00340,Pengantar Manajemen Operasi,"Panji Prasetya, Ulya Yuniar, S.Farm",Erlangga,2008,"Fakultas Sains, Teknologi, & Kesehatan",Teknik Industri,Teknik Industri & Manajemen Operasi,"Buku ini memberikan pemahaman menyeluruh tentang manajemen kualitas dan produktivitas, efisiensi tata letak fasilitas pabrik, serta perencanaan dan pengendalian produksi. Cocok digunakan sebagai referensi utama bagi mahasiswa dan praktisi.","six sigma, produktivitas, manajemen operasi, tata letak pabrik",Indonesia,Fisik,522,978-1-257-77547-7,0
BK00341,Perancangan Teknik Industri Edisi Ke-2,R. Cayadi Yuliarti,Informatika Bandung,2012,"Fakultas Sains, Teknologi, & Kesehatan",Teknik Industri,Teknik Industri & Manajemen Operasi,"Buku ini menyajikan kajian komprehensif mengenai optimalisasi proses produksi, perancangan sistem kerja industri, serta efisiensi tata letak fasilitas pabrik. Cocok digunakan sebagai referensi utama bagi mahasiswa dan praktisi.","six sigma, tata letak pabrik, manajemen operasi, produktivitas",Indonesia,Fisik,232,978-1-283-41108-0,1
BK00342,Perancangan Perencanaan Produksi Edisi Terbaru,"Among Prastuti, M.Farm, Vivi Rahayu",Elex Media Komputindo,2013,"Fakultas Sains, Teknologi, & Kesehatan",Teknik Industri,Teknik Industri & Manajemen Operasi,"Buku ini menyajikan kajian komprehensif mengenai optimalisasi proses produksi, perencanaan dan pengendalian produksi, serta manajemen kualitas dan produktivitas. Disusun dengan bahasa yang mudah dipahami untuk kalangan akademik.","efisiensi kerja, manajemen operasi, tata letak pabrik, produktivitas",Indonesia,Fisik,136,978-0-8488-7256-4,0
BK00343,Pengantar Teknik Industri,Tri Rahmawati,Kencana Prenada,2023,"Fakultas Sains, Teknologi, & Kesehatan",Teknik Industri,Teknik Industri & Manajemen Operasi,"Buku ini dirancang sebagai panduan untuk memahami manajemen kualitas dan produktivitas, optimalisasi proses produksi, serta efisiensi tata letak fasilitas pabrik. Dilengkapi dengan contoh kasus dan studi lapangan yang relevan.","produktivitas, perencanaan produksi, efisiensi kerja, manajemen operasi",Indonesia,Fisik,387,978-0-7881-6580-1,7
BK00344,Perancangan Perencanaan Produksi,"Digdaya Susanti, S.E., Dr. Cahyono Hassanah, S.E.",Gramedia Pustaka Utama,2009,"Fakultas Sains, Teknologi, & Kesehatan",Teknik Industri,Teknik Industri & Manajemen Operasi,"Buku ini menyajikan kajian komprehensif mengenai manajemen kualitas dan produktivitas, perencanaan dan pengendalian produksi, serta efisiensi tata letak fasilitas pabrik. Membantu pembaca membangun pemahaman konseptual maupun praktis.","perencanaan produksi, six sigma, manajemen operasi, efisiensi kerja",Inggris,Fisik,140,978-0-7503-7314-2,7
BK00345,Optimalisasi Tata Letak Pabrik,Gina Gunarto,UI Press,2009,"Fakultas Sains, Teknologi, & Kesehatan",Teknik Industri,Teknik Industri & Manajemen Operasi,"Buku ini memberikan pemahaman menyeluruh tentang perancangan sistem kerja industri, efisiensi tata letak fasilitas pabrik, serta manajemen kualitas dan produktivitas. Dilengkapi dengan contoh kasus dan studi lapangan yang relevan.","manajemen operasi, tata letak pabrik, perencanaan produksi, efisiensi kerja",Indonesia,Fisik,451,978-1-67700-518-5,1
BK00346,Optimalisasi Manajemen Kualitas Edisi Terbaru,"Radit Saefullah, S.T.",PT Grasindo,2007,"Fakultas Sains, Teknologi, & Kesehatan",Teknik Industri,Teknik Industri & Manajemen Operasi,"Buku ini memberikan pemahaman menyeluruh tentang perencanaan dan pengendalian produksi, optimalisasi proses produksi, serta efisiensi tata letak fasilitas pabrik. Cocok digunakan sebagai referensi utama bagi mahasiswa dan praktisi.","teknik industri, tata letak pabrik, perencanaan produksi, manajemen operasi",Indonesia,E-book,136,978-1-65918-463-1,9999
BK00347,Optimalisasi Manajemen Kualitas,dr. Garan Situmorang,Erlangga,2016,"Fakultas Sains, Teknologi, & Kesehatan",Teknik Industri,Teknik Industri & Manajemen Operasi,"Buku ini membahas secara mendalam tentang efisiensi tata letak fasilitas pabrik, manajemen kualitas dan produktivitas, serta perencanaan dan pengendalian produksi. Membantu pembaca membangun pemahaman konseptual maupun praktis.","tata letak pabrik, perencanaan produksi, six sigma, teknik industri",Indonesia,Fisik,307,978-1-908272-31-7,7
BK00348,Manajemen Kualitas: Teori dan Aplikasi Edisi Revisi,Ir. Estiono Prabowo,Kencana Prenada,2011,"Fakultas Sains, Teknologi, & Kesehatan",Teknik Industri,Teknik Industri & Manajemen Operasi,"Buku ini memberikan pemahaman menyeluruh tentang efisiensi tata letak fasilitas pabrik, perancangan sistem kerja industri, serta manajemen kualitas dan produktivitas. Membantu pembaca membangun pemahaman konseptual maupun praktis.","tata letak pabrik, manajemen operasi, produktivitas, perencanaan produksi",Indonesia,Fisik,256,978-0-259-13651-4,8
BK00349,Teknik Industri: Teori dan Aplikasi Edisi Ke-3,Samiah Kuswandari,Elex Media Komputindo,2007,"Fakultas Sains, Teknologi, & Kesehatan",Teknik Industri,Teknik Industri & Manajemen Operasi,"Buku ini dirancang sebagai panduan untuk memahami efisiensi tata letak fasilitas pabrik, manajemen kualitas dan produktivitas, serta optimalisasi proses produksi. Disusun dengan bahasa yang mudah dipahami untuk kalangan akademik.","manajemen operasi, tata letak pabrik, six sigma, manajemen kualitas",Inggris,Fisik,161,978-0-926030-29-9,6
BK00350,Teknik Industri: Teori dan Aplikasi Edisi Ke-3,"R. Diana Usamah, Dt. Tri Pertiwi",Pustaka Pelajar,2009,"Fakultas Sains, Teknologi, & Kesehatan",Teknik Industri,Teknik Industri & Manajemen Operasi,"Buku ini memberikan pemahaman menyeluruh tentang efisiensi tata letak fasilitas pabrik, perancangan sistem kerja industri, serta optimalisasi proses produksi. Membantu pembaca membangun pemahaman konseptual maupun praktis.","produktivitas, tata letak pabrik, manajemen operasi, six sigma",Indonesia,Fisik,347,978-0-242-86990-0,0
BK00351,Pengantar Teknik Industri Edisi Ke-2,"Titi Wijayanti, S.Pd",Nuha Medika,2019,"Fakultas Sains, Teknologi, & Kesehatan",Teknik Industri,Teknik Industri & Manajemen Operasi,"Buku ini dirancang sebagai panduan untuk memahami manajemen kualitas dan produktivitas, perencanaan dan pengendalian produksi, serta efisiensi tata letak fasilitas pabrik. Membantu pembaca membangun pemahaman konseptual maupun praktis.","six sigma, tata letak pabrik, manajemen kualitas, produktivitas",Indonesia,E-book,187,978-0-7977-2369-6,9999
BK00352,Pengantar Manajemen Kualitas Edisi Ke-3,Putu Padmasari,Deepublish,2014,"Fakultas Sains, Teknologi, & Kesehatan",Teknik Industri,Teknik Industri & Manajemen Operasi,"Buku ini menyajikan kajian komprehensif mengenai perencanaan dan pengendalian produksi, optimalisasi proses produksi, serta manajemen kualitas dan produktivitas. Membantu pembaca membangun pemahaman konseptual maupun praktis.","teknik industri, manajemen operasi, produktivitas, six sigma",Indonesia,E-book,474,978-1-257-99136-5,9999
BK00353,Pengantar Manajemen Operasi Edisi Ke-3,Diah Kurniawan,UI Press,2009,"Fakultas Sains, Teknologi, & Kesehatan",Teknik Industri,Teknik Industri & Manajemen Operasi,"Buku ini mengulas berbagai aspek penting dari optimalisasi proses produksi, perancangan sistem kerja industri, serta manajemen kualitas dan produktivitas. Disusun dengan bahasa yang mudah dipahami untuk kalangan akademik.","efisiensi kerja, produktivitas, perencanaan produksi, manajemen operasi",Inggris,E-book,203,978-0-88629-127-3,9999
BK00354,Dasar-Dasar Teknik Industri,Ir. Ani Nasyidah,Salemba Empat,2014,"Fakultas Sains, Teknologi, & Kesehatan",Teknik Industri,Teknik Industri & Manajemen Operasi,"Buku ini mengulas berbagai aspek penting dari perancangan sistem kerja industri, manajemen kualitas dan produktivitas, serta perencanaan dan pengendalian produksi. Menjadi rujukan penting dalam perkuliahan dan penelitian terkait.","produktivitas, tata letak pabrik, efisiensi kerja, manajemen operasi",Inggris,Fisik,472,978-0-7298-0686-2,1
BK00355,Dasar-Dasar Manajemen Operasi,"Aurora Nuraini, Ghaliyati Laksmiwati",Elex Media Komputindo,2024,"Fakultas Sains, Teknologi, & Kesehatan",Teknik Industri,Teknik Industri & Manajemen Operasi,"Buku ini mengulas berbagai aspek penting dari perencanaan dan pengendalian produksi, manajemen kualitas dan produktivitas, serta perancangan sistem kerja industri. Cocok digunakan sebagai referensi utama bagi mahasiswa dan praktisi.","teknik industri, tata letak pabrik, manajemen kualitas, manajemen operasi",Indonesia,Fisik,220,978-1-991624-73-4,0
BK00356,Perancangan Perencanaan Produksi,"Puti Intan Rahimah, M.Pd",Informatika Bandung,2009,"Fakultas Sains, Teknologi, & Kesehatan",Teknik Industri,Teknik Industri & Manajemen Operasi,"Buku ini mengulas berbagai aspek penting dari efisiensi tata letak fasilitas pabrik, perancangan sistem kerja industri, serta manajemen kualitas dan produktivitas. Menjadi rujukan penting dalam perkuliahan dan penelitian terkait.","perencanaan produksi, manajemen operasi, tata letak pabrik, produktivitas",Indonesia,Fisik,310,978-1-300-98180-0,0
BK00357,Manajemen Kualitas: Teori dan Aplikasi,Safina Putra,Salemba Empat,2018,"Fakultas Sains, Teknologi, & Kesehatan",Teknik Industri,Teknik Industri & Manajemen Operasi,"Buku ini menyajikan kajian komprehensif mengenai perencanaan dan pengendalian produksi, efisiensi tata letak fasilitas pabrik, serta optimalisasi proses produksi. Menjadi rujukan penting dalam perkuliahan dan penelitian terkait.","manajemen operasi, efisiensi kerja, six sigma, tata letak pabrik",Indonesia,Fisik,226,978-1-5126-9448-2,4
BK00358,Perancangan Manajemen Kualitas Edisi Terbaru,"Padmi Utama, Tgk. Sabrina Widodo",Deepublish,2011,"Fakultas Sains, Teknologi, & Kesehatan",Teknik Industri,Teknik Industri & Manajemen Operasi,"Buku ini dirancang sebagai panduan untuk memahami optimalisasi proses produksi, perencanaan dan pengendalian produksi, serta manajemen kualitas dan produktivitas. Dilengkapi dengan contoh kasus dan studi lapangan yang relevan.","perencanaan produksi, six sigma, produktivitas, tata letak pabrik",Inggris,Fisik,403,978-1-887258-87-6,7
BK00359,Tata Letak Pabrik: Teori dan Aplikasi,Ina Permata,Informatika Bandung,2014,"Fakultas Sains, Teknologi, & Kesehatan",Teknik Industri,Teknik Industri & Manajemen Operasi,"Buku ini memberikan pemahaman menyeluruh tentang optimalisasi proses produksi, manajemen kualitas dan produktivitas, serta efisiensi tata letak fasilitas pabrik. Cocok digunakan sebagai referensi utama bagi mahasiswa dan praktisi.","efisiensi kerja, manajemen operasi, teknik industri, six sigma",Indonesia,Fisik,472,978-1-213-72138-8,3
BK00360,Dasar-Dasar Manajemen Kualitas,Winda Sirait,Gramedia Pustaka Utama,2016,"Fakultas Sains, Teknologi, & Kesehatan",Teknik Industri,Teknik Industri & Manajemen Operasi,"Buku ini memberikan pemahaman menyeluruh tentang perencanaan dan pengendalian produksi, manajemen kualitas dan produktivitas, serta efisiensi tata letak fasilitas pabrik. Cocok digunakan sebagai referensi utama bagi mahasiswa dan praktisi.","six sigma, manajemen kualitas, tata letak pabrik, perencanaan produksi",Indonesia,Fisik,417,978-0-601-27961-6,0
BK00361,Perencanaan Produksi: Teori dan Aplikasi,"Eluh Prasetya, Cindy Sudiati",Andi Publisher,2021,"Fakultas Sains, Teknologi, & Kesehatan",Teknik Industri,Teknik Industri & Manajemen Operasi,"Buku ini mengulas berbagai aspek penting dari perencanaan dan pengendalian produksi, manajemen kualitas dan produktivitas, serta perancangan sistem kerja industri. Disusun dengan bahasa yang mudah dipahami untuk kalangan akademik.","produktivitas, teknik industri, efisiensi kerja, six sigma",Indonesia,E-book,213,978-1-69849-027-4,9999
BK00362,Perancangan Manajemen Operasi,Ajeng Pangestu,Bumi Aksara,2021,"Fakultas Sains, Teknologi, & Kesehatan",Teknik Industri,Teknik Industri & Manajemen Operasi,"Buku ini membahas secara mendalam tentang perancangan sistem kerja industri, manajemen kualitas dan produktivitas, serta efisiensi tata letak fasilitas pabrik. Dilengkapi dengan contoh kasus dan studi lapangan yang relevan.","manajemen kualitas, produktivitas, six sigma, perencanaan produksi",Indonesia,Fisik,330,978-0-09-883920-1,5
BK00363,Dasar-Dasar Manajemen Operasi Edisi Ke-2,Halima Yolanda,UI Press,2014,"Fakultas Sains, Teknologi, & Kesehatan",Teknik Industri,Teknik Industri & Manajemen Operasi,"Buku ini memberikan pemahaman menyeluruh tentang perancangan sistem kerja industri, optimalisasi proses produksi, serta efisiensi tata letak fasilitas pabrik. Disusun dengan bahasa yang mudah dipahami untuk kalangan akademik.","manajemen operasi, tata letak pabrik, perencanaan produksi, teknik industri",Indonesia,Fisik,425,978-0-14-656693-6,8
BK00364,Pengantar Manajemen Kualitas Edisi Revisi,"Dt. Okto Hidayat, Kunthara Suryono",Andi Publisher,2008,"Fakultas Sains, Teknologi, & Kesehatan",Teknik Industri,Teknik Industri & Manajemen Operasi,"Buku ini membahas secara mendalam tentang optimalisasi proses produksi, efisiensi tata letak fasilitas pabrik, serta perancangan sistem kerja industri. Menjadi rujukan penting dalam perkuliahan dan penelitian terkait.","produktivitas, six sigma, manajemen operasi, efisiensi kerja",Indonesia,Fisik,507,978-1-4393-7690-4,6
BK00365,Pengantar Teknik Industri Edisi Revisi,Ellis Wasita,Elex Media Komputindo,2023,"Fakultas Sains, Teknologi, & Kesehatan",Teknik Industri,Teknik Industri & Manajemen Operasi,"Buku ini dirancang sebagai panduan untuk memahami perancangan sistem kerja industri, efisiensi tata letak fasilitas pabrik, serta perencanaan dan pengendalian produksi. Dilengkapi dengan contoh kasus dan studi lapangan yang relevan.","manajemen kualitas, teknik industri, perencanaan produksi, produktivitas",Indonesia,E-book,299,978-0-8451-8489-9,9999
BK00366,Dasar-Dasar Manajemen Operasi,Talia Handayani,Gramedia Pustaka Utama,2008,"Fakultas Sains, Teknologi, & Kesehatan",Teknik Industri,Teknik Industri & Manajemen Operasi,"Buku ini dirancang sebagai panduan untuk memahami efisiensi tata letak fasilitas pabrik, optimalisasi proses produksi, serta manajemen kualitas dan produktivitas. Cocok digunakan sebagai referensi utama bagi mahasiswa dan praktisi.","six sigma, produktivitas, manajemen operasi, manajemen kualitas",Indonesia,E-book,218,978-1-357-79071-4,9999
BK00367,Pengantar Tata Letak Pabrik Edisi Revisi,Betania Wibowo,PT Grasindo,2016,"Fakultas Sains, Teknologi, & Kesehatan",Teknik Industri,Teknik Industri & Manajemen Operasi,"Buku ini membahas secara mendalam tentang optimalisasi proses produksi, perencanaan dan pengendalian produksi, serta manajemen kualitas dan produktivitas. Dilengkapi dengan contoh kasus dan studi lapangan yang relevan.","efisiensi kerja, produktivitas, six sigma, manajemen kualitas",Inggris,Fisik,383,978-0-565-88043-9,3
BK00368,Dasar-Dasar Manajemen Kualitas Edisi Revisi,Cornelia Wacana,PT Grasindo,2008,"Fakultas Sains, Teknologi, & Kesehatan",Teknik Industri,Teknik Industri & Manajemen Operasi,"Buku ini mengulas berbagai aspek penting dari efisiensi tata letak fasilitas pabrik, perancangan sistem kerja industri, serta perencanaan dan pengendalian produksi. Menjadi rujukan penting dalam perkuliahan dan penelitian terkait.","efisiensi kerja, perencanaan produksi, produktivitas, six sigma",Indonesia,Fisik,427,978-0-8275-5394-1,4
BK00369,Pengantar Tata Letak Pabrik,Warsita Zulaika,Nuha Medika,2017,"Fakultas Sains, Teknologi, & Kesehatan",Teknik Industri,Teknik Industri & Manajemen Operasi,"Buku ini memberikan pemahaman menyeluruh tentang manajemen kualitas dan produktivitas, optimalisasi proses produksi, serta perancangan sistem kerja industri. Cocok digunakan sebagai referensi utama bagi mahasiswa dan praktisi.","perencanaan produksi, manajemen operasi, teknik industri, tata letak pabrik",Indonesia,Fisik,193,978-1-333-43333-8,6
BK00370,Perancangan Teknik Industri,"Ir. Kani Mangunsong, S.IP",Informatika Bandung,2012,"Fakultas Sains, Teknologi, & Kesehatan",Teknik Industri,Teknik Industri & Manajemen Operasi,"Buku ini memberikan pemahaman menyeluruh tentang manajemen kualitas dan produktivitas, optimalisasi proses produksi, serta efisiensi tata letak fasilitas pabrik. Cocok digunakan sebagai referensi utama bagi mahasiswa dan praktisi.","produktivitas, teknik industri, efisiensi kerja, manajemen operasi",Inggris,Fisik,511,978-0-7908-0759-1,4
BK00371,Perencanaan Produksi: Teori dan Aplikasi,Nilam Permata,Kencana Prenada,2020,"Fakultas Sains, Teknologi, & Kesehatan",Teknik Industri,Teknik Industri & Manajemen Operasi,"Buku ini mengulas berbagai aspek penting dari perencanaan dan pengendalian produksi, perancangan sistem kerja industri, serta efisiensi tata letak fasilitas pabrik. Menjadi rujukan penting dalam perkuliahan dan penelitian terkait.","efisiensi kerja, manajemen kualitas, produktivitas, manajemen operasi",Indonesia,Fisik,170,978-1-284-63920-9,0
BK00372,Optimalisasi Teknik Industri,KH. Indra Kuswandari,Elex Media Komputindo,2019,"Fakultas Sains, Teknologi, & Kesehatan",Teknik Industri,Teknik Industri & Manajemen Operasi,"Buku ini dirancang sebagai panduan untuk memahami efisiensi tata letak fasilitas pabrik, perancangan sistem kerja industri, serta perencanaan dan pengendalian produksi. Menjadi rujukan penting dalam perkuliahan dan penelitian terkait.","six sigma, manajemen operasi, produktivitas, manajemen kualitas",Indonesia,E-book,374,978-1-62718-750-3,9999
BK00373,Perancangan Manajemen Kualitas,Mursita Pranowo,Nuha Medika,2019,"Fakultas Sains, Teknologi, & Kesehatan",Teknik Industri,Teknik Industri & Manajemen Operasi,"Buku ini mengulas berbagai aspek penting dari perancangan sistem kerja industri, perencanaan dan pengendalian produksi, serta optimalisasi proses produksi. Menjadi rujukan penting dalam perkuliahan dan penelitian terkait.","teknik industri, perencanaan produksi, efisiensi kerja, tata letak pabrik",Indonesia,Fisik,210,978-0-559-42843-2,8
BK00374,Pengantar Perencanaan Produksi,Nadine Suryatmi,Erlangga,2021,"Fakultas Sains, Teknologi, & Kesehatan",Teknik Industri,Teknik Industri & Manajemen Operasi,"Buku ini dirancang sebagai panduan untuk memahami perencanaan dan pengendalian produksi, efisiensi tata letak fasilitas pabrik, serta optimalisasi proses produksi. Dilengkapi dengan contoh kasus dan studi lapangan yang relevan.","perencanaan produksi, tata letak pabrik, teknik industri, manajemen kualitas",Inggris,Fisik,373,978-1-276-36556-7,6
BK00375,Manajemen Kualitas: Teori dan Aplikasi Edisi Revisi,"Mila Najmudin, R. Ratih Pradana",UI Press,2016,"Fakultas Sains, Teknologi, & Kesehatan",Teknik Industri,Teknik Industri & Manajemen Operasi,"Buku ini membahas secara mendalam tentang perancangan sistem kerja industri, manajemen kualitas dan produktivitas, serta optimalisasi proses produksi. Menjadi rujukan penting dalam perkuliahan dan penelitian terkait.","six sigma, produktivitas, efisiensi kerja, manajemen kualitas",Inggris,Fisik,148,978-1-386-63227-6,3
BK00376,Pengantar Manajemen Kualitas,"Dt. Cecep Andriani, M.Kom.",Nuha Medika,2006,"Fakultas Sains, Teknologi, & Kesehatan",Teknik Industri,Teknik Industri & Manajemen Operasi,"Buku ini dirancang sebagai panduan untuk memahami manajemen kualitas dan produktivitas, optimalisasi proses produksi, serta perancangan sistem kerja industri. Disusun dengan bahasa yang mudah dipahami untuk kalangan akademik.","manajemen operasi, perencanaan produksi, produktivitas, teknik industri",Inggris,E-book,383,978-1-74489-061-4,9999
BK00377,Teknik Industri: Teori dan Aplikasi,"Elisa Halim, S.Kom",Pustaka Pelajar,2015,"Fakultas Sains, Teknologi, & Kesehatan",Teknik Industri,Teknik Industri & Manajemen Operasi,"Buku ini membahas secara mendalam tentang manajemen kualitas dan produktivitas, perancangan sistem kerja industri, serta optimalisasi proses produksi. Dilengkapi dengan contoh kasus dan studi lapangan yang relevan.","six sigma, tata letak pabrik, manajemen kualitas, perencanaan produksi",Indonesia,Fisik,434,978-1-175-45588-8,4
BK00378,Optimalisasi Manajemen Operasi,"T. Gangsar Damanik, S.Farm",Kencana Prenada,2017,"Fakultas Sains, Teknologi, & Kesehatan",Teknik Industri,Teknik Industri & Manajemen Operasi,"Buku ini mengulas berbagai aspek penting dari manajemen kualitas dan produktivitas, efisiensi tata letak fasilitas pabrik, serta perancangan sistem kerja industri. Membantu pembaca membangun pemahaman konseptual maupun praktis.","manajemen operasi, perencanaan produksi, manajemen kualitas, efisiensi kerja",Indonesia,E-book,416,978-1-939982-45-2,9999
BK00379,Perancangan Manajemen Kualitas,Samiah Melani,Graha Ilmu,2022,"Fakultas Sains, Teknologi, & Kesehatan",Teknik Industri,Teknik Industri & Manajemen Operasi,"Buku ini mengulas berbagai aspek penting dari perancangan sistem kerja industri, manajemen kualitas dan produktivitas, serta perencanaan dan pengendalian produksi. Menjadi rujukan penting dalam perkuliahan dan penelitian terkait.","efisiensi kerja, tata letak pabrik, manajemen operasi, produktivitas",Indonesia,Fisik,325,978-1-169-47225-9,4
BK00380,Perancangan Manajemen Operasi,Siti Suryatmi,Erlangga,2018,"Fakultas Sains, Teknologi, & Kesehatan",Teknik Industri,Teknik Industri & Manajemen Operasi,"Buku ini dirancang sebagai panduan untuk memahami perencanaan dan pengendalian produksi, manajemen kualitas dan produktivitas, serta efisiensi tata letak fasilitas pabrik. Membantu pembaca membangun pemahaman konseptual maupun praktis.","produktivitas, manajemen kualitas, tata letak pabrik, manajemen operasi",Indonesia,Fisik,356,978-0-12-535544-5,2
BK00381,Pengantar Manajemen Kualitas,Hj. Lala Saputra,Kencana Prenada,2024,"Fakultas Sains, Teknologi, & Kesehatan",Teknik Industri,Teknik Industri & Manajemen Operasi,"Buku ini menyajikan kajian komprehensif mengenai manajemen kualitas dan produktivitas, efisiensi tata letak fasilitas pabrik, serta perencanaan dan pengendalian produksi. Disusun dengan bahasa yang mudah dipahami untuk kalangan akademik.","manajemen operasi, six sigma, efisiensi kerja, tata letak pabrik",Inggris,Fisik,178,978-1-9876-2202-7,2
BK00382,Dasar-Dasar Manajemen Operasi,"Gilda Wijayanti, S.T.",Alfabeta,2005,"Fakultas Sains, Teknologi, & Kesehatan",Teknik Industri,Teknik Industri & Manajemen Operasi,"Buku ini mengulas berbagai aspek penting dari perancangan sistem kerja industri, optimalisasi proses produksi, serta efisiensi tata letak fasilitas pabrik. Dilengkapi dengan contoh kasus dan studi lapangan yang relevan.","efisiensi kerja, manajemen kualitas, tata letak pabrik, six sigma",Indonesia,E-book,401,978-0-261-11780-8,9999
BK00383,Dasar-Dasar Perencanaan Produksi,"Prasetya Widodo, KH. Bakda Jailani",Kencana Prenada,2009,"Fakultas Sains, Teknologi, & Kesehatan",Teknik Industri,Teknik Industri & Manajemen Operasi,"Buku ini membahas secara mendalam tentang perancangan sistem kerja industri, perencanaan dan pengendalian produksi, serta optimalisasi proses produksi. Menjadi rujukan penting dalam perkuliahan dan penelitian terkait.","manajemen operasi, produktivitas, manajemen kualitas, perencanaan produksi",Indonesia,E-book,496,978-0-16-433472-2,9999
BK00384,Perancangan Tata Letak Pabrik,Karsa Narpati,Kencana Prenada,2017,"Fakultas Sains, Teknologi, & Kesehatan",Teknik Industri,Teknik Industri & Manajemen Operasi,"Buku ini mengulas berbagai aspek penting dari efisiensi tata letak fasilitas pabrik, perancangan sistem kerja industri, serta optimalisasi proses produksi. Membantu pembaca membangun pemahaman konseptual maupun praktis.","manajemen kualitas, tata letak pabrik, teknik industri, manajemen operasi",Inggris,Fisik,193,978-0-557-78487-5,1
BK00385,Pengantar Manajemen Kualitas,"Warta Namaga, Lantar Riyanti",Alfabeta,2012,"Fakultas Sains, Teknologi, & Kesehatan",Teknik Industri,Teknik Industri & Manajemen Operasi,"Buku ini memberikan pemahaman menyeluruh tentang perancangan sistem kerja industri, manajemen kualitas dan produktivitas, serta perencanaan dan pengendalian produksi. Menjadi rujukan penting dalam perkuliahan dan penelitian terkait.","teknik industri, tata letak pabrik, manajemen kualitas, produktivitas",Indonesia,Fisik,363,978-1-884578-31-1,5
BK00386,Dasar-Dasar Tata Letak Pabrik Edisi Revisi,Ina Utama,Nuha Medika,2012,"Fakultas Sains, Teknologi, & Kesehatan",Teknik Industri,Teknik Industri & Manajemen Operasi,"Buku ini membahas secara mendalam tentang manajemen kualitas dan produktivitas, efisiensi tata letak fasilitas pabrik, serta perencanaan dan pengendalian produksi. Membantu pembaca membangun pemahaman konseptual maupun praktis.","tata letak pabrik, produktivitas, manajemen kualitas, efisiensi kerja",Inggris,Fisik,321,978-1-240-08254-4,4
BK00387,Dasar-Dasar Manajemen Operasi,Patricia Anggriawan,Informatika Bandung,2020,"Fakultas Sains, Teknologi, & Kesehatan",Teknik Industri,Teknik Industri & Manajemen Operasi,"Buku ini membahas secara mendalam tentang perencanaan dan pengendalian produksi, perancangan sistem kerja industri, serta optimalisasi proses produksi. Menjadi rujukan penting dalam perkuliahan dan penelitian terkait.","produktivitas, tata letak pabrik, six sigma, efisiensi kerja",Indonesia,E-book,336,978-1-4064-9308-5,9999
BK00388,Pengantar Manajemen Kualitas,Fitriani Zulkarnain,PT Grasindo,2005,"Fakultas Sains, Teknologi, & Kesehatan",Teknik Industri,Teknik Industri & Manajemen Operasi,"Buku ini memberikan pemahaman menyeluruh tentang perancangan sistem kerja industri, optimalisasi proses produksi, serta manajemen kualitas dan produktivitas. Dilengkapi dengan contoh kasus dan studi lapangan yang relevan.","six sigma, tata letak pabrik, efisiensi kerja, teknik industri",Indonesia,E-book,276,978-1-326-63416-2,9999
BK00389,Perancangan Teknik Industri Edisi Ke-2,"Digdaya Maryati, M.Ak",Graha Ilmu,2010,"Fakultas Sains, Teknologi, & Kesehatan",Teknik Industri,Teknik Industri & Manajemen Operasi,"Buku ini menyajikan kajian komprehensif mengenai manajemen kualitas dan produktivitas, perencanaan dan pengendalian produksi, serta optimalisasi proses produksi. Disusun dengan bahasa yang mudah dipahami untuk kalangan akademik.","produktivitas, perencanaan produksi, manajemen kualitas, tata letak pabrik",Indonesia,Fisik,163,978-1-84631-224-3,6
BK00390,Pengantar Perencanaan Produksi,Makuta Hasanah,Deepublish,2013,"Fakultas Sains, Teknologi, & Kesehatan",Teknik Industri,Teknik Industri & Manajemen Operasi,"Buku ini memberikan pemahaman menyeluruh tentang efisiensi tata letak fasilitas pabrik, optimalisasi proses produksi, serta perancangan sistem kerja industri. Dilengkapi dengan contoh kasus dan studi lapangan yang relevan.","tata letak pabrik, teknik industri, perencanaan produksi, manajemen kualitas",Indonesia,Fisik,436,978-1-9735-0208-1,6
BK00391,Pengantar Teknik Industri,"Cengkir Jailani, Hasna Mahendra",Elex Media Komputindo,2012,"Fakultas Sains, Teknologi, & Kesehatan",Teknik Industri,Teknik Industri & Manajemen Operasi,"Buku ini memberikan pemahaman menyeluruh tentang perencanaan dan pengendalian produksi, efisiensi tata letak fasilitas pabrik, serta manajemen kualitas dan produktivitas. Cocok digunakan sebagai referensi utama bagi mahasiswa dan praktisi.","manajemen operasi, teknik industri, six sigma, manajemen kualitas",Indonesia,Fisik,267,978-0-312-07356-5,7
BK00392,Pengantar Perencanaan Produksi,Winda Mandasari,Alfabeta,2014,"Fakultas Sains, Teknologi, & Kesehatan",Teknik Industri,Teknik Industri & Manajemen Operasi,"Buku ini menyajikan kajian komprehensif mengenai perencanaan dan pengendalian produksi, optimalisasi proses produksi, serta efisiensi tata letak fasilitas pabrik. Cocok digunakan sebagai referensi utama bagi mahasiswa dan praktisi.","manajemen kualitas, six sigma, perencanaan produksi, manajemen operasi",Indonesia,E-book,350,978-1-05-120461-6,9999
BK00393,Tata Letak Pabrik: Teori dan Aplikasi,drg. Cemeti Nababan,Alfabeta,2024,"Fakultas Sains, Teknologi, & Kesehatan",Teknik Industri,Teknik Industri & Manajemen Operasi,"Buku ini memberikan pemahaman menyeluruh tentang perencanaan dan pengendalian produksi, optimalisasi proses produksi, serta manajemen kualitas dan produktivitas. Menjadi rujukan penting dalam perkuliahan dan penelitian terkait.","teknik industri, tata letak pabrik, manajemen operasi, produktivitas",Indonesia,Fisik,405,978-1-01-367303-0,0
BK00394,Manajemen Operasi: Teori dan Aplikasi,Unjani Kuswoyo,Erlangga,2009,"Fakultas Sains, Teknologi, & Kesehatan",Teknik Industri,Teknik Industri & Manajemen Operasi,"Buku ini memberikan pemahaman menyeluruh tentang efisiensi tata letak fasilitas pabrik, perencanaan dan pengendalian produksi, serta optimalisasi proses produksi. Disusun dengan bahasa yang mudah dipahami untuk kalangan akademik.","teknik industri, efisiensi kerja, produktivitas, manajemen kualitas",Indonesia,Fisik,206,978-1-64520-881-5,8
BK00395,Manajemen Rantai Pasok Edisi Terbaru,"Novi Uyainah, Faizah Tarihoran",Alfabeta,2014,"Fakultas Sains, Teknologi, & Kesehatan",Teknik Industri,Ergonomi & Rantai Pasok,"Buku ini mengulas berbagai aspek penting dari keselamatan dan kesehatan kerja industri, pengendalian persediaan barang, serta optimalisasi jaringan logistik. Menjadi rujukan penting dalam perkuliahan dan penelitian terkait.","rantai pasok, supply chain, ergonomi, k3",Indonesia,E-book,280,978-0-13-650249-4,9999
BK00396,Dasar-Dasar Manajemen Logistik,Harto Prasasta,Erlangga,2010,"Fakultas Sains, Teknologi, & Kesehatan",Teknik Industri,Ergonomi & Rantai Pasok,"Buku ini membahas secara mendalam tentang analisis ergonomi tempat kerja, manajemen rantai pasok dan distribusi, serta optimalisasi jaringan logistik. Dilengkapi dengan contoh kasus dan studi lapangan yang relevan.","supply chain, analisis beban kerja, manajemen persediaan, logistik",Inggris,Fisik,203,978-0-9792513-2-0,7
BK00397,Pengantar Manajemen Persediaan Edisi Ke-3,Cornelia Safitri,Deepublish,2014,"Fakultas Sains, Teknologi, & Kesehatan",Teknik Industri,Ergonomi & Rantai Pasok,"Buku ini membahas secara mendalam tentang manajemen rantai pasok dan distribusi, analisis ergonomi tempat kerja, serta optimalisasi jaringan logistik. Dilengkapi dengan contoh kasus dan studi lapangan yang relevan.","k3, logistik, distribusi, ergonomi",Indonesia,E-book,380,978-0-05-281273-8,9999
BK00398,Studi Keselamatan dan Kesehatan Kerja di Industri Edisi Revisi,Puti Yuliarti,PT Grasindo,2008,"Fakultas Sains, Teknologi, & Kesehatan",Teknik Industri,Ergonomi & Rantai Pasok,"Buku ini membahas secara mendalam tentang keselamatan dan kesehatan kerja industri, analisis ergonomi tempat kerja, serta manajemen rantai pasok dan distribusi. Disusun dengan bahasa yang mudah dipahami untuk kalangan akademik.","supply chain, logistik, ergonomi, rantai pasok",Indonesia,E-book,174,978-1-306-52407-0,9999
BK00399,Dasar-Dasar Ergonomi Edisi Terbaru,"Maida Purwanti, S.Pd",Salemba Empat,2015,"Fakultas Sains, Teknologi, & Kesehatan",Teknik Industri,Ergonomi & Rantai Pasok,"Buku ini dirancang sebagai panduan untuk memahami pengendalian persediaan barang, analisis ergonomi tempat kerja, serta optimalisasi jaringan logistik. Menjadi rujukan penting dalam perkuliahan dan penelitian terkait.","analisis beban kerja, k3, manajemen persediaan, ergonomi",Indonesia,Fisik,530,978-0-928557-49-7,4
BK00400,Pengantar Ergonomi,"Drs. Elisa Hidayat, M.TI.",PT Grasindo,2010,"Fakultas Sains, Teknologi, & Kesehatan",Teknik Industri,Ergonomi & Rantai Pasok,"Buku ini membahas secara mendalam tentang manajemen rantai pasok dan distribusi, keselamatan dan kesehatan kerja industri, serta analisis ergonomi tempat kerja. Dilengkapi dengan contoh kasus dan studi lapangan yang relevan.","rantai pasok, logistik, supply chain, k3",Inggris,Fisik,451,978-1-4485-7086-7,2
BK00401,Manajemen Persediaan: Konsep dan Praktik,"Fitria Budiyanto, M.Ak",Nuha Medika,2020,"Fakultas Sains, Teknologi, & Kesehatan",Teknik Industri,Ergonomi & Rantai Pasok,"Buku ini dirancang sebagai panduan untuk memahami pengendalian persediaan barang, analisis ergonomi tempat kerja, serta manajemen rantai pasok dan distribusi. Dilengkapi dengan contoh kasus dan studi lapangan yang relevan.","analisis beban kerja, manajemen persediaan, k3, rantai pasok",Inggris,Fisik,257,978-0-518-63878-0,6
BK00402,Manajemen Manajemen Logistik,Luwar Suryono,Andi Publisher,2020,"Fakultas Sains, Teknologi, & Kesehatan",Teknik Industri,Ergonomi & Rantai Pasok,"Buku ini menyajikan kajian komprehensif mengenai pengendalian persediaan barang, keselamatan dan kesehatan kerja industri, serta optimalisasi jaringan logistik. Dilengkapi dengan contoh kasus dan studi lapangan yang relevan.","distribusi, ergonomi, k3, analisis beban kerja",Indonesia,Fisik,343,978-1-5118-1022-7,1
BK00403,Rantai Pasok: Konsep dan Praktik,"Cut Farah Kurniawan, M.Kom.",Erlangga,2007,"Fakultas Sains, Teknologi, & Kesehatan",Teknik Industri,Ergonomi & Rantai Pasok,"Buku ini membahas secara mendalam tentang keselamatan dan kesehatan kerja industri, pengendalian persediaan barang, serta optimalisasi jaringan logistik. Membantu pembaca membangun pemahaman konseptual maupun praktis.","analisis beban kerja, distribusi, rantai pasok, k3",Indonesia,E-book,337,978-0-09-678994-2,9999
BK00404,Pengantar Manajemen Persediaan,Ghani Prasetya,PT Grasindo,2010,"Fakultas Sains, Teknologi, & Kesehatan",Teknik Industri,Ergonomi & Rantai Pasok,"Buku ini memberikan pemahaman menyeluruh tentang analisis ergonomi tempat kerja, optimalisasi jaringan logistik, serta keselamatan dan kesehatan kerja industri. Dilengkapi dengan contoh kasus dan studi lapangan yang relevan.","analisis beban kerja, supply chain, distribusi, k3",Indonesia,Fisik,333,978-0-371-70586-5,4
BK00405,Studi Manajemen Persediaan di Industri,"dr. Wulan Hakim, M.Ak",Informatika Bandung,2008,"Fakultas Sains, Teknologi, & Kesehatan",Teknik Industri,Ergonomi & Rantai Pasok,"Buku ini dirancang sebagai panduan untuk memahami manajemen rantai pasok dan distribusi, analisis ergonomi tempat kerja, serta pengendalian persediaan barang. Disusun dengan bahasa yang mudah dipahami untuk kalangan akademik.","analisis beban kerja, supply chain, rantai pasok, manajemen persediaan",Indonesia,Fisik,322,978-0-14-138113-8,1
BK00406,Dasar-Dasar Manajemen Persediaan,dr. Dadap Nababan,Gramedia Pustaka Utama,2009,"Fakultas Sains, Teknologi, & Kesehatan",Teknik Industri,Ergonomi & Rantai Pasok,"Buku ini membahas secara mendalam tentang pengendalian persediaan barang, keselamatan dan kesehatan kerja industri, serta manajemen rantai pasok dan distribusi. Dilengkapi dengan contoh kasus dan studi lapangan yang relevan.","k3, supply chain, analisis beban kerja, manajemen persediaan",Indonesia,Fisik,537,978-0-88619-576-2,0
BK00407,Pengantar Rantai Pasok,"Caturangga Najmudin, dr. Johan Sirait",Informatika Bandung,2020,"Fakultas Sains, Teknologi, & Kesehatan",Teknik Industri,Ergonomi & Rantai Pasok,"Buku ini memberikan pemahaman menyeluruh tentang manajemen rantai pasok dan distribusi, analisis ergonomi tempat kerja, serta optimalisasi jaringan logistik. Dilengkapi dengan contoh kasus dan studi lapangan yang relevan.","logistik, k3, manajemen persediaan, analisis beban kerja",Indonesia,Fisik,205,978-1-55855-665-2,2
BK00408,Manajemen Manajemen Persediaan Edisi Terbaru,R.A. Padmi Palastri,Pustaka Pelajar,2018,"Fakultas Sains, Teknologi, & Kesehatan",Teknik Industri,Ergonomi & Rantai Pasok,"Buku ini membahas secara mendalam tentang analisis ergonomi tempat kerja, pengendalian persediaan barang, serta optimalisasi jaringan logistik. Menjadi rujukan penting dalam perkuliahan dan penelitian terkait.","logistik, supply chain, analisis beban kerja, k3",Indonesia,Fisik,369,978-1-84577-600-8,6
BK00409,Studi Keselamatan dan Kesehatan Kerja di Industri,Rina Budiyanto,Andi Publisher,2022,"Fakultas Sains, Teknologi, & Kesehatan",Teknik Industri,Ergonomi & Rantai Pasok,"Buku ini dirancang sebagai panduan untuk memahami optimalisasi jaringan logistik, analisis ergonomi tempat kerja, serta manajemen rantai pasok dan distribusi. Disusun dengan bahasa yang mudah dipahami untuk kalangan akademik.","k3, rantai pasok, manajemen persediaan, ergonomi",Indonesia,E-book,333,978-1-04-335048-2,9999
BK00410,Pengantar Manajemen Persediaan,Dr. Kenzie Pertiwi,Nuha Medika,2016,"Fakultas Sains, Teknologi, & Kesehatan",Teknik Industri,Ergonomi & Rantai Pasok,"Buku ini menyajikan kajian komprehensif mengenai manajemen rantai pasok dan distribusi, pengendalian persediaan barang, serta keselamatan dan kesehatan kerja industri. Menjadi rujukan penting dalam perkuliahan dan penelitian terkait.","k3, manajemen persediaan, logistik, ergonomi",Indonesia,E-book,232,978-0-07-522459-4,9999
BK00411,Studi Manajemen Persediaan di Industri Edisi Ke-3,Daruna Rajasa,Pustaka Pelajar,2007,"Fakultas Sains, Teknologi, & Kesehatan",Teknik Industri,Ergonomi & Rantai Pasok,"Buku ini menyajikan kajian komprehensif mengenai keselamatan dan kesehatan kerja industri, manajemen rantai pasok dan distribusi, serta pengendalian persediaan barang. Disusun dengan bahasa yang mudah dipahami untuk kalangan akademik.","distribusi, logistik, manajemen persediaan, supply chain",Indonesia,Fisik,222,978-0-9693157-2-8,2
BK00412,Pengantar Manajemen Persediaan,Yunita Permata,Erlangga,2010,"Fakultas Sains, Teknologi, & Kesehatan",Teknik Industri,Ergonomi & Rantai Pasok,"Buku ini mengulas berbagai aspek penting dari analisis ergonomi tempat kerja, pengendalian persediaan barang, serta manajemen rantai pasok dan distribusi. Dilengkapi dengan contoh kasus dan studi lapangan yang relevan.","logistik, rantai pasok, analisis beban kerja, ergonomi",Indonesia,Fisik,340,978-1-09-610556-5,1
BK00413,Pengantar Keselamatan dan Kesehatan Kerja Edisi Ke-3,Devi Pradana,Erlangga,2008,"Fakultas Sains, Teknologi, & Kesehatan",Teknik Industri,Ergonomi & Rantai Pasok,"Buku ini dirancang sebagai panduan untuk memahami pengendalian persediaan barang, manajemen rantai pasok dan distribusi, serta optimalisasi jaringan logistik. Membantu pembaca membangun pemahaman konseptual maupun praktis.","manajemen persediaan, distribusi, ergonomi, analisis beban kerja",Inggris,Fisik,550,978-1-04-805892-5,1
BK00414,Studi Keselamatan dan Kesehatan Kerja di Industri,Olivia Prasetya,Pustaka Pelajar,2019,"Fakultas Sains, Teknologi, & Kesehatan",Teknik Industri,Ergonomi & Rantai Pasok,"Buku ini menyajikan kajian komprehensif mengenai analisis ergonomi tempat kerja, manajemen rantai pasok dan distribusi, serta keselamatan dan kesehatan kerja industri. Disusun dengan bahasa yang mudah dipahami untuk kalangan akademik.","ergonomi, analisis beban kerja, k3, rantai pasok",Indonesia,Fisik,451,978-0-679-98136-7,5
BK00415,Dasar-Dasar Ergonomi,Winda Wijaya,Alfabeta,2007,"Fakultas Sains, Teknologi, & Kesehatan",Teknik Industri,Ergonomi & Rantai Pasok,"Buku ini dirancang sebagai panduan untuk memahami keselamatan dan kesehatan kerja industri, pengendalian persediaan barang, serta manajemen rantai pasok dan distribusi. Dilengkapi dengan contoh kasus dan studi lapangan yang relevan.","distribusi, k3, ergonomi, rantai pasok",Indonesia,E-book,506,978-0-517-90864-8,9999
BK00416,Rantai Pasok: Konsep dan Praktik Edisi Terbaru,Heru Mardhiyah,Salemba Empat,2019,"Fakultas Sains, Teknologi, & Kesehatan",Teknik Industri,Ergonomi & Rantai Pasok,"Buku ini mengulas berbagai aspek penting dari keselamatan dan kesehatan kerja industri, optimalisasi jaringan logistik, serta pengendalian persediaan barang. Cocok digunakan sebagai referensi utama bagi mahasiswa dan praktisi.","supply chain, distribusi, logistik, manajemen persediaan",Indonesia,E-book,532,978-0-278-37693-9,9999
BK00417,Pengantar Manajemen Logistik,Drs. Oman Novitasari,Informatika Bandung,2014,"Fakultas Sains, Teknologi, & Kesehatan",Teknik Industri,Ergonomi & Rantai Pasok,"Buku ini membahas secara mendalam tentang analisis ergonomi tempat kerja, manajemen rantai pasok dan distribusi, serta pengendalian persediaan barang. Membantu pembaca membangun pemahaman konseptual maupun praktis.","supply chain, logistik, ergonomi, distribusi",Inggris,E-book,478,978-0-14-659116-7,9999
BK00418,Manajemen Logistik: Konsep dan Praktik Edisi Ke-3,Karimah Tampubolon,Bumi Aksara,2011,"Fakultas Sains, Teknologi, & Kesehatan",Teknik Industri,Ergonomi & Rantai Pasok,"Buku ini mengulas berbagai aspek penting dari manajemen rantai pasok dan distribusi, keselamatan dan kesehatan kerja industri, serta pengendalian persediaan barang. Menjadi rujukan penting dalam perkuliahan dan penelitian terkait.","supply chain, manajemen persediaan, logistik, distribusi",Indonesia,Fisik,395,978-1-59042-597-8,5
BK00419,Dasar-Dasar Keselamatan dan Kesehatan Kerja,"R. Maida Gunawan, R.A. Farah Wahyudin, S.E.I",Alfabeta,2005,"Fakultas Sains, Teknologi, & Kesehatan",Teknik Industri,Ergonomi & Rantai Pasok,"Buku ini menyajikan kajian komprehensif mengenai optimalisasi jaringan logistik, pengendalian persediaan barang, serta keselamatan dan kesehatan kerja industri. Cocok digunakan sebagai referensi utama bagi mahasiswa dan praktisi.","rantai pasok, analisis beban kerja, distribusi, supply chain",Indonesia,Fisik,491,978-0-03-924051-6,6
BK00420,Pengantar Manajemen Logistik,Mila Halimah,Kencana Prenada,2015,"Fakultas Sains, Teknologi, & Kesehatan",Teknik Industri,Ergonomi & Rantai Pasok,"Buku ini membahas secara mendalam tentang keselamatan dan kesehatan kerja industri, pengendalian persediaan barang, serta optimalisasi jaringan logistik. Menjadi rujukan penting dalam perkuliahan dan penelitian terkait.","rantai pasok, ergonomi, manajemen persediaan, distribusi",Indonesia,Fisik,273,978-1-383-38848-0,4
BK00421,Manajemen Keselamatan dan Kesehatan Kerja,"Sarah Megantara, Tami Winarsih, S.Ked",Andi Publisher,2007,"Fakultas Sains, Teknologi, & Kesehatan",Teknik Industri,Ergonomi & Rantai Pasok,"Buku ini memberikan pemahaman menyeluruh tentang analisis ergonomi tempat kerja, manajemen rantai pasok dan distribusi, serta pengendalian persediaan barang. Menjadi rujukan penting dalam perkuliahan dan penelitian terkait.","logistik, distribusi, supply chain, k3",Indonesia,Fisik,186,978-0-420-43940-6,7
BK00422,Manajemen Ergonomi,Safina Anggriawan,Salemba Empat,2010,"Fakultas Sains, Teknologi, & Kesehatan",Teknik Industri,Ergonomi & Rantai Pasok,"Buku ini memberikan pemahaman menyeluruh tentang keselamatan dan kesehatan kerja industri, optimalisasi jaringan logistik, serta manajemen rantai pasok dan distribusi. Menjadi rujukan penting dalam perkuliahan dan penelitian terkait.","distribusi, k3, supply chain, analisis beban kerja",Indonesia,Fisik,484,978-1-4510-4636-6,7
BK00423,Studi Keselamatan dan Kesehatan Kerja di Industri Edisi Ke-2,H. Baktiadi Sihotang,UI Press,2008,"Fakultas Sains, Teknologi, & Kesehatan",Teknik Industri,Ergonomi & Rantai Pasok,"Buku ini memberikan pemahaman menyeluruh tentang pengendalian persediaan barang, analisis ergonomi tempat kerja, serta optimalisasi jaringan logistik. Cocok digunakan sebagai referensi utama bagi mahasiswa dan praktisi.","ergonomi, manajemen persediaan, rantai pasok, analisis beban kerja",Indonesia,Fisik,387,978-0-238-78003-5,2
BK00424,Manajemen Logistik: Konsep dan Praktik,T. Ganda Lestari,Deepublish,2011,"Fakultas Sains, Teknologi, & Kesehatan",Teknik Industri,Ergonomi & Rantai Pasok,"Buku ini mengulas berbagai aspek penting dari optimalisasi jaringan logistik, keselamatan dan kesehatan kerja industri, serta analisis ergonomi tempat kerja. Disusun dengan bahasa yang mudah dipahami untuk kalangan akademik.","k3, ergonomi, rantai pasok, manajemen persediaan",Inggris,Fisik,182,978-0-05-554384-4,8
BK00425,Pengantar Ergonomi,"Dt. Luis Rajasa, S.Sos",Nuha Medika,2019,"Fakultas Sains, Teknologi, & Kesehatan",Teknik Industri,Ergonomi & Rantai Pasok,"Buku ini dirancang sebagai panduan untuk memahami optimalisasi jaringan logistik, manajemen rantai pasok dan distribusi, serta analisis ergonomi tempat kerja. Menjadi rujukan penting dalam perkuliahan dan penelitian terkait.","k3, supply chain, logistik, manajemen persediaan",Indonesia,E-book,286,978-1-325-62168-2,9999
BK00426,Studi Keselamatan dan Kesehatan Kerja di Industri,"Luwar Utami, S.H., Halima Pertiwi",Bumi Aksara,2005,"Fakultas Sains, Teknologi, & Kesehatan",Teknik Industri,Ergonomi & Rantai Pasok,"Buku ini membahas secara mendalam tentang keselamatan dan kesehatan kerja industri, pengendalian persediaan barang, serta optimalisasi jaringan logistik. Dilengkapi dengan contoh kasus dan studi lapangan yang relevan.","distribusi, supply chain, analisis beban kerja, ergonomi",Indonesia,E-book,406,978-1-4957-8232-9,9999
BK00427,Dasar-Dasar Keselamatan dan Kesehatan Kerja,Drs. Silvia Pangestu,Alfabeta,2005,"Fakultas Sains, Teknologi, & Kesehatan",Teknik Industri,Ergonomi & Rantai Pasok,"Buku ini dirancang sebagai panduan untuk memahami analisis ergonomi tempat kerja, optimalisasi jaringan logistik, serta pengendalian persediaan barang. Dilengkapi dengan contoh kasus dan studi lapangan yang relevan.","logistik, distribusi, k3, analisis beban kerja",Indonesia,Fisik,544,978-1-82629-251-0,7
BK00428,Studi Keselamatan dan Kesehatan Kerja di Industri,Dr. Warta Lazuardi,PT Grasindo,2015,"Fakultas Sains, Teknologi, & Kesehatan",Teknik Industri,Ergonomi & Rantai Pasok,"Buku ini membahas secara mendalam tentang keselamatan dan kesehatan kerja industri, manajemen rantai pasok dan distribusi, serta optimalisasi jaringan logistik. Membantu pembaca membangun pemahaman konseptual maupun praktis.","k3, distribusi, ergonomi, supply chain",Indonesia,Fisik,178,978-1-205-66474-7,1
BK00429,Rantai Pasok: Konsep dan Praktik Edisi Revisi,"Prayogo Nainggolan, Cahyadi Nashiruddin",PT Grasindo,2014,"Fakultas Sains, Teknologi, & Kesehatan",Teknik Industri,Ergonomi & Rantai Pasok,"Buku ini membahas secara mendalam tentang optimalisasi jaringan logistik, pengendalian persediaan barang, serta analisis ergonomi tempat kerja. Cocok digunakan sebagai referensi utama bagi mahasiswa dan praktisi.","distribusi, manajemen persediaan, rantai pasok, ergonomi",Indonesia,Fisik,192,978-1-9993933-0-4,6
BK00430,Manajemen Persediaan: Konsep dan Praktik,Cindy Kuswandari,Rajawali Pers,2017,"Fakultas Sains, Teknologi, & Kesehatan",Teknik Industri,Ergonomi & Rantai Pasok,"Buku ini dirancang sebagai panduan untuk memahami optimalisasi jaringan logistik, manajemen rantai pasok dan distribusi, serta keselamatan dan kesehatan kerja industri. Membantu pembaca membangun pemahaman konseptual maupun praktis.","ergonomi, rantai pasok, distribusi, analisis beban kerja",Indonesia,Fisik,282,978-1-5267-7223-7,7
BK00431,Pengantar Manajemen Persediaan Edisi Ke-2,Anggabaya Wasita,Informatika Bandung,2023,"Fakultas Sains, Teknologi, & Kesehatan",Teknik Industri,Ergonomi & Rantai Pasok,"Buku ini menyajikan kajian komprehensif mengenai analisis ergonomi tempat kerja, manajemen rantai pasok dan distribusi, serta pengendalian persediaan barang. Disusun dengan bahasa yang mudah dipahami untuk kalangan akademik.","ergonomi, supply chain, analisis beban kerja, manajemen persediaan",Inggris,Fisik,445,978-1-63331-279-1,8
BK00432,Dasar-Dasar Manajemen Logistik,"Shakila Simbolon, Dr. Hilda Aryani, S.Sos",Deepublish,2014,"Fakultas Sains, Teknologi, & Kesehatan",Teknik Industri,Ergonomi & Rantai Pasok,"Buku ini memberikan pemahaman menyeluruh tentang keselamatan dan kesehatan kerja industri, analisis ergonomi tempat kerja, serta optimalisasi jaringan logistik. Membantu pembaca membangun pemahaman konseptual maupun praktis.","logistik, analisis beban kerja, k3, distribusi",Indonesia,Fisik,366,978-1-56999-880-9,4
BK00433,Manajemen Manajemen Logistik,"R. Jabal Hasanah, Cut Hesti Maryati, M.Pd",Salemba Empat,2008,"Fakultas Sains, Teknologi, & Kesehatan",Teknik Industri,Ergonomi & Rantai Pasok,"Buku ini membahas secara mendalam tentang optimalisasi jaringan logistik, analisis ergonomi tempat kerja, serta manajemen rantai pasok dan distribusi. Menjadi rujukan penting dalam perkuliahan dan penelitian terkait.","analisis beban kerja, ergonomi, rantai pasok, k3",Indonesia,Fisik,227,978-0-86803-476-8,8
BK00434,Manajemen Logistik: Konsep dan Praktik,Vicky Suwarno,Salemba Empat,2005,"Fakultas Sains, Teknologi, & Kesehatan",Teknik Industri,Ergonomi & Rantai Pasok,"Buku ini dirancang sebagai panduan untuk memahami pengendalian persediaan barang, manajemen rantai pasok dan distribusi, serta keselamatan dan kesehatan kerja industri. Disusun dengan bahasa yang mudah dipahami untuk kalangan akademik.","analisis beban kerja, rantai pasok, manajemen persediaan, supply chain",Indonesia,E-book,363,978-0-649-08277-3,9999
BK00435,Pengantar Rantai Pasok,Najam Mardhiyah,UI Press,2008,"Fakultas Sains, Teknologi, & Kesehatan",Teknik Industri,Ergonomi & Rantai Pasok,"Buku ini membahas secara mendalam tentang analisis ergonomi tempat kerja, optimalisasi jaringan logistik, serta pengendalian persediaan barang. Menjadi rujukan penting dalam perkuliahan dan penelitian terkait.","k3, distribusi, logistik, analisis beban kerja",Inggris,E-book,303,978-0-9826657-0-1,9999
BK00436,Dasar-Dasar Ergonomi Edisi Ke-3,Jaeman Rahayu,Kencana Prenada,2014,"Fakultas Sains, Teknologi, & Kesehatan",Teknik Industri,Ergonomi & Rantai Pasok,"Buku ini membahas secara mendalam tentang pengendalian persediaan barang, optimalisasi jaringan logistik, serta analisis ergonomi tempat kerja. Membantu pembaca membangun pemahaman konseptual maupun praktis.","k3, ergonomi, rantai pasok, distribusi",Indonesia,Fisik,305,978-1-145-21117-9,0
BK00437,Manajemen Keselamatan dan Kesehatan Kerja Edisi Ke-2,"Gilang Hutasoit, M.TI.",Deepublish,2023,"Fakultas Sains, Teknologi, & Kesehatan",Teknik Industri,Ergonomi & Rantai Pasok,"Buku ini dirancang sebagai panduan untuk memahami optimalisasi jaringan logistik, keselamatan dan kesehatan kerja industri, serta analisis ergonomi tempat kerja. Dilengkapi dengan contoh kasus dan studi lapangan yang relevan.","distribusi, ergonomi, supply chain, analisis beban kerja",Indonesia,E-book,185,978-0-686-02592-4,9999
BK00438,Dasar-Dasar Manajemen Logistik,Taswir Maulana,Informatika Bandung,2005,"Fakultas Sains, Teknologi, & Kesehatan",Teknik Industri,Ergonomi & Rantai Pasok,"Buku ini dirancang sebagai panduan untuk memahami optimalisasi jaringan logistik, pengendalian persediaan barang, serta keselamatan dan kesehatan kerja industri. Menjadi rujukan penting dalam perkuliahan dan penelitian terkait.","analisis beban kerja, rantai pasok, manajemen persediaan, ergonomi",Indonesia,Fisik,341,978-0-644-74212-2,6
BK00439,Pengantar Keselamatan dan Kesehatan Kerja,Ade Oktaviani,PT Grasindo,2005,"Fakultas Sains, Teknologi, & Kesehatan",Teknik Industri,Ergonomi & Rantai Pasok,"Buku ini memberikan pemahaman menyeluruh tentang pengendalian persediaan barang, keselamatan dan kesehatan kerja industri, serta optimalisasi jaringan logistik. Disusun dengan bahasa yang mudah dipahami untuk kalangan akademik.","ergonomi, manajemen persediaan, rantai pasok, k3",Indonesia,Fisik,161,978-0-7778-0973-0,0
BK00440,Manajemen Ergonomi,"Lanjar Wahyuni, Mutia Wasita",Alfabeta,2015,"Fakultas Sains, Teknologi, & Kesehatan",Teknik Industri,Ergonomi & Rantai Pasok,"Buku ini membahas secara mendalam tentang analisis ergonomi tempat kerja, keselamatan dan kesehatan kerja industri, serta manajemen rantai pasok dan distribusi. Membantu pembaca membangun pemahaman konseptual maupun praktis.","manajemen persediaan, supply chain, ergonomi, k3",Indonesia,Fisik,362,978-0-9903849-8-4,3
BK00441,Pengantar Manajemen Logistik,"R.A. Alika Nashiruddin, S.E.I, Martani Tampubolon",Andi Publisher,2008,"Fakultas Sains, Teknologi, & Kesehatan",Teknik Industri,Ergonomi & Rantai Pasok,"Buku ini memberikan pemahaman menyeluruh tentang keselamatan dan kesehatan kerja industri, analisis ergonomi tempat kerja, serta pengendalian persediaan barang. Membantu pembaca membangun pemahaman konseptual maupun praktis.","rantai pasok, distribusi, analisis beban kerja, manajemen persediaan",Indonesia,Fisik,313,978-0-09-945101-3,5
BK00442,Dasar-Dasar Ergonomi,Elma Marpaung,Bumi Aksara,2006,"Fakultas Sains, Teknologi, & Kesehatan",Teknik Industri,Ergonomi & Rantai Pasok,"Buku ini membahas secara mendalam tentang analisis ergonomi tempat kerja, optimalisasi jaringan logistik, serta pengendalian persediaan barang. Membantu pembaca membangun pemahaman konseptual maupun praktis.","analisis beban kerja, k3, manajemen persediaan, logistik",Inggris,Fisik,169,978-0-7950-1455-0,6
BK00443,Studi Keselamatan dan Kesehatan Kerja di Industri Edisi Terbaru,Yuliana Hidayat,Elex Media Komputindo,2023,"Fakultas Sains, Teknologi, & Kesehatan",Teknik Industri,Ergonomi & Rantai Pasok,"Buku ini dirancang sebagai panduan untuk memahami pengendalian persediaan barang, analisis ergonomi tempat kerja, serta manajemen rantai pasok dan distribusi. Disusun dengan bahasa yang mudah dipahami untuk kalangan akademik.","distribusi, analisis beban kerja, k3, ergonomi",Indonesia,Fisik,126,978-0-472-14586-7,1
BK00444,Studi Rantai Pasok di Industri,"Sutan Mursinin Pranowo, Cut Cici Pertiwi",Salemba Empat,2006,"Fakultas Sains, Teknologi, & Kesehatan",Teknik Industri,Ergonomi & Rantai Pasok,"Buku ini menyajikan kajian komprehensif mengenai keselamatan dan kesehatan kerja industri, manajemen rantai pasok dan distribusi, serta analisis ergonomi tempat kerja. Cocok digunakan sebagai referensi utama bagi mahasiswa dan praktisi.","distribusi, logistik, manajemen persediaan, analisis beban kerja",Indonesia,E-book,343,978-1-946954-89-3,9999
BK00445,Keselamatan dan Kesehatan Kerja: Konsep dan Praktik,dr. Diah Susanti,Salemba Empat,2023,"Fakultas Sains, Teknologi, & Kesehatan",Teknik Industri,Ergonomi & Rantai Pasok,"Buku ini membahas secara mendalam tentang pengendalian persediaan barang, optimalisasi jaringan logistik, serta manajemen rantai pasok dan distribusi. Membantu pembaca membangun pemahaman konseptual maupun praktis.","supply chain, logistik, k3, analisis beban kerja",Indonesia,Fisik,379,978-1-72934-301-2,8
BK00446,Manajemen Manajemen Logistik Edisi Ke-2,Jaka Utami,Graha Ilmu,2015,"Fakultas Sains, Teknologi, & Kesehatan",Teknik Industri,Ergonomi & Rantai Pasok,"Buku ini memberikan pemahaman menyeluruh tentang manajemen rantai pasok dan distribusi, keselamatan dan kesehatan kerja industri, serta pengendalian persediaan barang. Membantu pembaca membangun pemahaman konseptual maupun praktis.","logistik, distribusi, ergonomi, supply chain",Indonesia,Fisik,288,978-0-9660558-3-2,2
BK00447,Manajemen Ergonomi,Manah Pangestu,Elex Media Komputindo,2017,"Fakultas Sains, Teknologi, & Kesehatan",Teknik Industri,Ergonomi & Rantai Pasok,"Buku ini memberikan pemahaman menyeluruh tentang optimalisasi jaringan logistik, manajemen rantai pasok dan distribusi, serta analisis ergonomi tempat kerja. Disusun dengan bahasa yang mudah dipahami untuk kalangan akademik.","logistik, manajemen persediaan, rantai pasok, k3",Inggris,Fisik,542,978-1-144-88501-2,0
BK00448,Pengantar Ergonomi,"Ganda Siregar, S.Sos",Bumi Aksara,2011,"Fakultas Sains, Teknologi, & Kesehatan",Teknik Industri,Ergonomi & Rantai Pasok,"Buku ini membahas secara mendalam tentang optimalisasi jaringan logistik, pengendalian persediaan barang, serta analisis ergonomi tempat kerja. Dilengkapi dengan contoh kasus dan studi lapangan yang relevan.","supply chain, k3, logistik, rantai pasok",Indonesia,Fisik,254,978-0-355-77027-8,2
BK00449,Studi Rantai Pasok di Industri Edisi Revisi,"Lutfan Haryanti, Drs. Juli Hariyah, S.Farm",Kencana Prenada,2019,"Fakultas Sains, Teknologi, & Kesehatan",Teknik Industri,Ergonomi & Rantai Pasok,"Buku ini menyajikan kajian komprehensif mengenai keselamatan dan kesehatan kerja industri, analisis ergonomi tempat kerja, serta manajemen rantai pasok dan distribusi. Disusun dengan bahasa yang mudah dipahami untuk kalangan akademik.","analisis beban kerja, ergonomi, distribusi, rantai pasok",Indonesia,Fisik,458,978-1-958803-95-0,2
BK00450,Pengantar Ergonomi Edisi Ke-2,"KH. Garang Haryanto, S.E.I",Elex Media Komputindo,2024,"Fakultas Sains, Teknologi, & Kesehatan",Teknik Industri,Ergonomi & Rantai Pasok,"Buku ini menyajikan kajian komprehensif mengenai pengendalian persediaan barang, keselamatan dan kesehatan kerja industri, serta optimalisasi jaringan logistik. Cocok digunakan sebagai referensi utama bagi mahasiswa dan praktisi.","logistik, analisis beban kerja, k3, supply chain",Indonesia,Fisik,287,978-0-568-29962-7,3
BK00451,Rantai Pasok: Konsep dan Praktik,Puti Zelaya Samosir,UI Press,2021,"Fakultas Sains, Teknologi, & Kesehatan",Teknik Industri,Ergonomi & Rantai Pasok,"Buku ini dirancang sebagai panduan untuk memahami keselamatan dan kesehatan kerja industri, analisis ergonomi tempat kerja, serta optimalisasi jaringan logistik. Menjadi rujukan penting dalam perkuliahan dan penelitian terkait.","k3, rantai pasok, manajemen persediaan, ergonomi",Inggris,E-book,357,978-0-461-73574-1,9999
BK00452,Manajemen Logistik: Konsep dan Praktik,Karna Sihombing,Kencana Prenada,2019,"Fakultas Sains, Teknologi, & Kesehatan",Teknik Industri,Ergonomi & Rantai Pasok,"Buku ini menyajikan kajian komprehensif mengenai keselamatan dan kesehatan kerja industri, analisis ergonomi tempat kerja, serta optimalisasi jaringan logistik. Dilengkapi dengan contoh kasus dan studi lapangan yang relevan.","k3, logistik, supply chain, analisis beban kerja",Inggris,Fisik,276,978-0-503-17807-9,6
BK00453,Studi Rantai Pasok di Industri,R.M. Dadap Siregar,Graha Ilmu,2019,"Fakultas Sains, Teknologi, & Kesehatan",Teknik Industri,Ergonomi & Rantai Pasok,"Buku ini dirancang sebagai panduan untuk memahami keselamatan dan kesehatan kerja industri, pengendalian persediaan barang, serta analisis ergonomi tempat kerja. Cocok digunakan sebagai referensi utama bagi mahasiswa dan praktisi.","rantai pasok, k3, ergonomi, supply chain",Inggris,Fisik,359,978-1-5218-2307-1,6
BK00454,Manajemen Persediaan: Konsep dan Praktik,Tania Nurdiyanti,Andi Publisher,2021,"Fakultas Sains, Teknologi, & Kesehatan",Teknik Industri,Ergonomi & Rantai Pasok,"Buku ini mengulas berbagai aspek penting dari analisis ergonomi tempat kerja, pengendalian persediaan barang, serta optimalisasi jaringan logistik. Membantu pembaca membangun pemahaman konseptual maupun praktis.","supply chain, logistik, rantai pasok, k3",Indonesia,Fisik,170,978-0-409-15701-7,1
BK00455,Ergonomi: Konsep dan Praktik,KH. Maryanto Saragih,Bumi Aksara,2005,"Fakultas Sains, Teknologi, & Kesehatan",Teknik Industri,Ergonomi & Rantai Pasok,"Buku ini dirancang sebagai panduan untuk memahami manajemen rantai pasok dan distribusi, optimalisasi jaringan logistik, serta pengendalian persediaan barang. Disusun dengan bahasa yang mudah dipahami untuk kalangan akademik.","manajemen persediaan, supply chain, distribusi, k3",Indonesia,Fisik,520,978-1-353-34485-0,6
BK00456,Studi Ergonomi di Industri,"drg. Mumpuni Lazuardi, S.T.",Nuha Medika,2023,"Fakultas Sains, Teknologi, & Kesehatan",Teknik Industri,Ergonomi & Rantai Pasok,"Buku ini menyajikan kajian komprehensif mengenai manajemen rantai pasok dan distribusi, optimalisasi jaringan logistik, serta keselamatan dan kesehatan kerja industri. Membantu pembaca membangun pemahaman konseptual maupun praktis.","supply chain, distribusi, logistik, rantai pasok",Inggris,Fisik,525,978-0-410-98813-6,1
BK00457,Dasar-Dasar Manajemen Persediaan,Tgk. Kunthara Simanjuntak,Gramedia Pustaka Utama,2014,"Fakultas Sains, Teknologi, & Kesehatan",Teknik Industri,Ergonomi & Rantai Pasok,"Buku ini dirancang sebagai panduan untuk memahami analisis ergonomi tempat kerja, pengendalian persediaan barang, serta optimalisasi jaringan logistik. Dilengkapi dengan contoh kasus dan studi lapangan yang relevan.","logistik, k3, distribusi, analisis beban kerja",Inggris,E-book,547,978-0-493-21495-5,9999
BK00458,Rantai Pasok: Konsep dan Praktik,drg. Asirwanda Mustofa,Salemba Empat,2006,"Fakultas Sains, Teknologi, & Kesehatan",Teknik Industri,Ergonomi & Rantai Pasok,"Buku ini membahas secara mendalam tentang pengendalian persediaan barang, optimalisasi jaringan logistik, serta keselamatan dan kesehatan kerja industri. Membantu pembaca membangun pemahaman konseptual maupun praktis.","distribusi, k3, manajemen persediaan, analisis beban kerja",Indonesia,Fisik,410,978-1-01-601662-9,6
BK00459,Dasar-Dasar Manajemen Persediaan Edisi Terbaru,"Rina Rahayu, M.M., dr. Ira Sitorus",Erlangga,2010,"Fakultas Sains, Teknologi, & Kesehatan",Teknik Industri,Ergonomi & Rantai Pasok,"Buku ini membahas secara mendalam tentang pengendalian persediaan barang, analisis ergonomi tempat kerja, serta keselamatan dan kesehatan kerja industri. Membantu pembaca membangun pemahaman konseptual maupun praktis.","rantai pasok, supply chain, analisis beban kerja, logistik",Inggris,Fisik,215,978-0-7921-7174-4,3
BK00460,Manajemen Manajemen Logistik Edisi Ke-3,"Margana Hastuti, M.Kom.",Deepublish,2017,"Fakultas Sains, Teknologi, & Kesehatan",Teknik Industri,Ergonomi & Rantai Pasok,"Buku ini mengulas berbagai aspek penting dari optimalisasi jaringan logistik, analisis ergonomi tempat kerja, serta keselamatan dan kesehatan kerja industri. Menjadi rujukan penting dalam perkuliahan dan penelitian terkait.","rantai pasok, logistik, ergonomi, supply chain",Indonesia,Fisik,394,978-0-294-56255-2,6
BK00461,Pengantar Manajemen Persediaan,Nova Dabukke,Elex Media Komputindo,2014,"Fakultas Sains, Teknologi, & Kesehatan",Teknik Industri,Ergonomi & Rantai Pasok,"Buku ini dirancang sebagai panduan untuk memahami keselamatan dan kesehatan kerja industri, optimalisasi jaringan logistik, serta analisis ergonomi tempat kerja. Membantu pembaca membangun pemahaman konseptual maupun praktis.","supply chain, distribusi, rantai pasok, k3",Inggris,Fisik,223,978-1-157-72459-9,0
BK00462,Manajemen Ergonomi,R. Oni Jailani,Bumi Aksara,2007,"Fakultas Sains, Teknologi, & Kesehatan",Teknik Industri,Ergonomi & Rantai Pasok,"Buku ini dirancang sebagai panduan untuk memahami keselamatan dan kesehatan kerja industri, optimalisasi jaringan logistik, serta manajemen rantai pasok dan distribusi. Cocok digunakan sebagai referensi utama bagi mahasiswa dan praktisi.","logistik, analisis beban kerja, supply chain, distribusi",Inggris,Fisik,478,978-0-581-48769-8,4
BK00463,Studi Rantai Pasok di Industri,"Halima Safitri, Kuncara Manullang",Alfabeta,2010,"Fakultas Sains, Teknologi, & Kesehatan",Teknik Industri,Ergonomi & Rantai Pasok,"Buku ini membahas secara mendalam tentang optimalisasi jaringan logistik, analisis ergonomi tempat kerja, serta manajemen rantai pasok dan distribusi. Dilengkapi dengan contoh kasus dan studi lapangan yang relevan.","distribusi, logistik, k3, rantai pasok",Indonesia,E-book,154,978-1-153-96695-5,9999
BK00464,Manajemen Manajemen Persediaan,H. Daryani Natsir,Erlangga,2011,"Fakultas Sains, Teknologi, & Kesehatan",Teknik Industri,Ergonomi & Rantai Pasok,"Buku ini menyajikan kajian komprehensif mengenai pengendalian persediaan barang, keselamatan dan kesehatan kerja industri, serta manajemen rantai pasok dan distribusi. Disusun dengan bahasa yang mudah dipahami untuk kalangan akademik.","manajemen persediaan, ergonomi, distribusi, analisis beban kerja",Inggris,Fisik,157,978-1-199-75817-0,7
BK00465,Manajemen Persediaan: Konsep dan Praktik,Gaiman Waskita,Kencana Prenada,2007,"Fakultas Sains, Teknologi, & Kesehatan",Teknik Industri,Ergonomi & Rantai Pasok,"Buku ini memberikan pemahaman menyeluruh tentang pengendalian persediaan barang, keselamatan dan kesehatan kerja industri, serta manajemen rantai pasok dan distribusi. Cocok digunakan sebagai referensi utama bagi mahasiswa dan praktisi.","ergonomi, supply chain, k3, rantai pasok",Inggris,Fisik,361,978-0-9657013-2-7,4
BK00466,Dasar-Dasar Ergonomi,"Hj. Yessi Adriansyah, R.M. Mitra Maryadi, M.M.",Nuha Medika,2009,"Fakultas Sains, Teknologi, & Kesehatan",Teknik Industri,Ergonomi & Rantai Pasok,"Buku ini membahas secara mendalam tentang manajemen rantai pasok dan distribusi, analisis ergonomi tempat kerja, serta pengendalian persediaan barang. Disusun dengan bahasa yang mudah dipahami untuk kalangan akademik.","rantai pasok, analisis beban kerja, manajemen persediaan, logistik",Indonesia,Fisik,230,978-1-997335-49-8,0
BK00467,Manajemen Ergonomi,"Ir. Gadang Fujiati, S.I.Kom",Elex Media Komputindo,2017,"Fakultas Sains, Teknologi, & Kesehatan",Teknik Industri,Ergonomi & Rantai Pasok,"Buku ini membahas secara mendalam tentang keselamatan dan kesehatan kerja industri, analisis ergonomi tempat kerja, serta pengendalian persediaan barang. Cocok digunakan sebagai referensi utama bagi mahasiswa dan praktisi.","rantai pasok, logistik, manajemen persediaan, supply chain",Indonesia,Fisik,242,978-0-9862405-8-4,3
BK00468,Pengantar Manajemen Persediaan Edisi Revisi,Abyasa Purwanti,Informatika Bandung,2006,"Fakultas Sains, Teknologi, & Kesehatan",Teknik Industri,Ergonomi & Rantai Pasok,"Buku ini menyajikan kajian komprehensif mengenai manajemen rantai pasok dan distribusi, analisis ergonomi tempat kerja, serta pengendalian persediaan barang. Dilengkapi dengan contoh kasus dan studi lapangan yang relevan.","logistik, manajemen persediaan, distribusi, ergonomi",Indonesia,Fisik,285,978-0-403-69656-7,8
BK00469,Studi Rantai Pasok di Industri,Kezia Fujiati,Graha Ilmu,2017,"Fakultas Sains, Teknologi, & Kesehatan",Teknik Industri,Ergonomi & Rantai Pasok,"Buku ini menyajikan kajian komprehensif mengenai analisis ergonomi tempat kerja, pengendalian persediaan barang, serta manajemen rantai pasok dan distribusi. Cocok digunakan sebagai referensi utama bagi mahasiswa dan praktisi.","distribusi, ergonomi, rantai pasok, manajemen persediaan",Indonesia,Fisik,228,978-0-7238-6562-9,7
BK00470,Pengantar Manajemen Logistik,Salsabila Mahendra,Alfabeta,2010,"Fakultas Sains, Teknologi, & Kesehatan",Teknik Industri,Ergonomi & Rantai Pasok,"Buku ini dirancang sebagai panduan untuk memahami optimalisasi jaringan logistik, keselamatan dan kesehatan kerja industri, serta analisis ergonomi tempat kerja. Membantu pembaca membangun pemahaman konseptual maupun praktis.","rantai pasok, k3, logistik, supply chain",Indonesia,E-book,286,978-0-10-276212-9,9999
BK00471,Dasar-Dasar Manajemen Logistik Edisi Ke-3,"Reksa Agustina, M.M.",Gramedia Pustaka Utama,2021,"Fakultas Sains, Teknologi, & Kesehatan",Teknik Industri,Ergonomi & Rantai Pasok,"Buku ini dirancang sebagai panduan untuk memahami optimalisasi jaringan logistik, keselamatan dan kesehatan kerja industri, serta manajemen rantai pasok dan distribusi. Dilengkapi dengan contoh kasus dan studi lapangan yang relevan.","k3, ergonomi, supply chain, distribusi",Indonesia,Fisik,435,978-0-7868-7653-2,1
BK00472,Dasar-Dasar Manajemen Persediaan,Irwan Suartini,Kencana Prenada,2006,"Fakultas Sains, Teknologi, & Kesehatan",Teknik Industri,Ergonomi & Rantai Pasok,"Buku ini memberikan pemahaman menyeluruh tentang pengendalian persediaan barang, manajemen rantai pasok dan distribusi, serta analisis ergonomi tempat kerja. Dilengkapi dengan contoh kasus dan studi lapangan yang relevan.","ergonomi, rantai pasok, supply chain, logistik",Inggris,E-book,288,978-1-384-68950-0,9999
BK00473,Manajemen Logistik: Konsep dan Praktik,Kasim Laksmiwati,Erlangga,2022,"Fakultas Sains, Teknologi, & Kesehatan",Teknik Industri,Ergonomi & Rantai Pasok,"Buku ini menyajikan kajian komprehensif mengenai manajemen rantai pasok dan distribusi, pengendalian persediaan barang, serta optimalisasi jaringan logistik. Dilengkapi dengan contoh kasus dan studi lapangan yang relevan.","distribusi, manajemen persediaan, supply chain, ergonomi",Indonesia,E-book,476,978-0-9712847-8-4,9999
BK00474,Studi Manajemen Persediaan di Industri,"Karman Suryatmi, Dipa Halimah",Andi Publisher,2009,"Fakultas Sains, Teknologi, & Kesehatan",Teknik Industri,Ergonomi & Rantai Pasok,"Buku ini menyajikan kajian komprehensif mengenai manajemen rantai pasok dan distribusi, analisis ergonomi tempat kerja, serta pengendalian persediaan barang. Dilengkapi dengan contoh kasus dan studi lapangan yang relevan.","ergonomi, k3, logistik, distribusi",Indonesia,E-book,401,978-1-905807-78-9,9999
BK00475,Dasar-Dasar Keselamatan dan Kesehatan Kerja Edisi Terbaru,Queen Sitompul,Elex Media Komputindo,2019,"Fakultas Sains, Teknologi, & Kesehatan",Teknik Industri,Ergonomi & Rantai Pasok,"Buku ini mengulas berbagai aspek penting dari optimalisasi jaringan logistik, manajemen rantai pasok dan distribusi, serta keselamatan dan kesehatan kerja industri. Membantu pembaca membangun pemahaman konseptual maupun praktis.","logistik, rantai pasok, k3, distribusi",Indonesia,Fisik,160,978-1-4420-9494-9,5
BK00476,Konsep Dasar Keperawatan Maternitas,Lasmono Kusmawati,Salemba Empat,2024,"Fakultas Sains, Teknologi, & Kesehatan",Keperawatan,Keperawatan Klinis,"Buku ini membahas secara mendalam tentang asuhan keperawatan pasien, komunikasi terapeutik perawat, serta prosedur klinis keperawatan. Disusun dengan bahasa yang mudah dipahami untuk kalangan akademik.","praktik klinis, keperawatan anak, asuhan keperawatan, keperawatan gawat darurat",Indonesia,Fisik,314,978-0-490-47128-3,7
BK00477,Keperawatan Gawat Darurat: Teori dan Praktik Klinis,Soleh Setiawan,UI Press,2005,"Fakultas Sains, Teknologi, & Kesehatan",Keperawatan,Keperawatan Klinis,"Buku ini menyajikan kajian komprehensif mengenai komunikasi terapeutik perawat, prosedur klinis keperawatan, serta asuhan keperawatan pasien. Cocok digunakan sebagai referensi utama bagi mahasiswa dan praktisi.","keperawatan, keperawatan medikal bedah, asuhan keperawatan, keperawatan gawat darurat",Inggris,Fisik,332,978-0-944401-92-7,6
BK00478,Keperawatan Maternitas: Teori dan Praktik Klinis,R. Sakura Hassanah,Pustaka Pelajar,2016,"Fakultas Sains, Teknologi, & Kesehatan",Keperawatan,Keperawatan Klinis,"Buku ini memberikan pemahaman menyeluruh tentang komunikasi terapeutik perawat, prosedur klinis keperawatan, serta asuhan keperawatan pasien. Disusun dengan bahasa yang mudah dipahami untuk kalangan akademik.","keperawatan, keperawatan anak, praktik klinis, keperawatan gawat darurat",Indonesia,E-book,149,978-0-437-28051-0,9999
BK00479,Keperawatan Dasar: Teori dan Praktik Klinis Edisi Terbaru,"Legawa Mangunsong, Dr. Umi Zulkarnain, S.Sos",Deepublish,2012,"Fakultas Sains, Teknologi, & Kesehatan",Keperawatan,Keperawatan Klinis,"Buku ini menyajikan kajian komprehensif mengenai penanganan kondisi darurat medis, komunikasi terapeutik perawat, serta manajemen perawatan pasien. Disusun dengan bahasa yang mudah dipahami untuk kalangan akademik.","keperawatan medikal bedah, keperawatan, asuhan keperawatan, keperawatan anak",Indonesia,Fisik,514,978-1-239-50410-1,1
BK00480,Keperawatan Dasar: Teori dan Praktik Klinis,Jaiman Wacana,PT Grasindo,2022,"Fakultas Sains, Teknologi, & Kesehatan",Keperawatan,Keperawatan Klinis,"Buku ini mengulas berbagai aspek penting dari komunikasi terapeutik perawat, manajemen perawatan pasien, serta penanganan kondisi darurat medis. Membantu pembaca membangun pemahaman konseptual maupun praktis.","keperawatan gawat darurat, asuhan keperawatan, keperawatan anak, keperawatan",Indonesia,E-book,330,978-1-78366-742-0,9999
BK00481,Asuhan Keperawatan Dasar,dr. Adinata Suwarno,Rajawali Pers,2005,"Fakultas Sains, Teknologi, & Kesehatan",Keperawatan,Keperawatan Klinis,"Buku ini menyajikan kajian komprehensif mengenai komunikasi terapeutik perawat, manajemen perawatan pasien, serta asuhan keperawatan pasien. Menjadi rujukan penting dalam perkuliahan dan penelitian terkait.","asuhan keperawatan, keperawatan medikal bedah, praktik klinis, keperawatan gawat darurat",Indonesia,E-book,333,978-1-58018-569-1,9999
BK00482,Panduan Keperawatan Dasar,"Sidiq Saputra, S.Psi, Hasna Januar",Elex Media Komputindo,2010,"Fakultas Sains, Teknologi, & Kesehatan",Keperawatan,Keperawatan Klinis,"Buku ini dirancang sebagai panduan untuk memahami prosedur klinis keperawatan, asuhan keperawatan pasien, serta penanganan kondisi darurat medis. Dilengkapi dengan contoh kasus dan studi lapangan yang relevan.","asuhan keperawatan, praktik klinis, keperawatan gawat darurat, keperawatan anak",Indonesia,E-book,213,978-1-7393852-5-5,9999
BK00483,Panduan Keperawatan Maternitas,Dt. Muni Anggriawan,Gramedia Pustaka Utama,2015,"Fakultas Sains, Teknologi, & Kesehatan",Keperawatan,Keperawatan Klinis,"Buku ini mengulas berbagai aspek penting dari asuhan keperawatan pasien, komunikasi terapeutik perawat, serta penanganan kondisi darurat medis. Cocok digunakan sebagai referensi utama bagi mahasiswa dan praktisi.","keperawatan, asuhan keperawatan, praktik klinis, keperawatan gawat darurat",Indonesia,Fisik,368,978-0-618-17534-5,1
BK00484,Asuhan Keperawatan Gawat Darurat,"Febi Firmansyah, Lukman Iswahyudi",Pustaka Pelajar,2013,"Fakultas Sains, Teknologi, & Kesehatan",Keperawatan,Keperawatan Klinis,"Buku ini dirancang sebagai panduan untuk memahami penanganan kondisi darurat medis, asuhan keperawatan pasien, serta prosedur klinis keperawatan. Membantu pembaca membangun pemahaman konseptual maupun praktis.","keperawatan gawat darurat, keperawatan, praktik klinis, keperawatan anak",Inggris,Fisik,429,978-0-911192-69-8,6
BK00485,Panduan Keperawatan Dasar,"R.M. Umar Kusumo, S.E.",Nuha Medika,2005,"Fakultas Sains, Teknologi, & Kesehatan",Keperawatan,Keperawatan Klinis,"Buku ini mengulas berbagai aspek penting dari penanganan kondisi darurat medis, asuhan keperawatan pasien, serta prosedur klinis keperawatan. Cocok digunakan sebagai referensi utama bagi mahasiswa dan praktisi.","asuhan keperawatan, keperawatan medikal bedah, keperawatan anak, praktik klinis",Inggris,E-book,547,978-1-71746-542-9,9999
BK00486,Asuhan Keperawatan Jiwa Edisi Ke-3,"R. Enteng Halim, S.Sos",Gramedia Pustaka Utama,2015,"Fakultas Sains, Teknologi, & Kesehatan",Keperawatan,Keperawatan Klinis,"Buku ini menyajikan kajian komprehensif mengenai komunikasi terapeutik perawat, penanganan kondisi darurat medis, serta manajemen perawatan pasien. Cocok digunakan sebagai referensi utama bagi mahasiswa dan praktisi.","asuhan keperawatan, keperawatan medikal bedah, keperawatan anak, keperawatan gawat darurat",Indonesia,Fisik,533,978-1-04-427173-1,5
BK00487,Konsep Dasar Keperawatan Jiwa,drg. Elma Yuliarti,Erlangga,2009,"Fakultas Sains, Teknologi, & Kesehatan",Keperawatan,Keperawatan Klinis,"Buku ini dirancang sebagai panduan untuk memahami asuhan keperawatan pasien, komunikasi terapeutik perawat, serta prosedur klinis keperawatan. Dilengkapi dengan contoh kasus dan studi lapangan yang relevan.","keperawatan, keperawatan medikal bedah, keperawatan anak, asuhan keperawatan",Indonesia,Fisik,527,978-0-286-39174-0,1
BK00488,Dasar-Dasar Keperawatan Maternitas Edisi Terbaru,Anom Hidayanto,Gramedia Pustaka Utama,2018,"Fakultas Sains, Teknologi, & Kesehatan",Keperawatan,Keperawatan Klinis,"Buku ini membahas secara mendalam tentang prosedur klinis keperawatan, penanganan kondisi darurat medis, serta manajemen perawatan pasien. Cocok digunakan sebagai referensi utama bagi mahasiswa dan praktisi.","keperawatan anak, keperawatan gawat darurat, asuhan keperawatan, keperawatan",Indonesia,Fisik,316,978-1-70720-064-1,4
BK00489,Panduan Keperawatan Dasar,Naradi Sitompul,PT Grasindo,2015,"Fakultas Sains, Teknologi, & Kesehatan",Keperawatan,Keperawatan Klinis,"Buku ini dirancang sebagai panduan untuk memahami manajemen perawatan pasien, prosedur klinis keperawatan, serta penanganan kondisi darurat medis. Cocok digunakan sebagai referensi utama bagi mahasiswa dan praktisi.","keperawatan, asuhan keperawatan, keperawatan anak, praktik klinis",Inggris,E-book,448,978-0-87766-183-2,9999
BK00490,Konsep Dasar Keperawatan Anak,"Harjo Laksmiwati, Kasim Nasyiah",Salemba Empat,2016,"Fakultas Sains, Teknologi, & Kesehatan",Keperawatan,Keperawatan Klinis,"Buku ini membahas secara mendalam tentang penanganan kondisi darurat medis, prosedur klinis keperawatan, serta manajemen perawatan pasien. Membantu pembaca membangun pemahaman konseptual maupun praktis.","keperawatan, praktik klinis, keperawatan medikal bedah, keperawatan anak",Indonesia,Fisik,415,978-1-4601-5851-7,0
BK00491,Asuhan Keperawatan Jiwa,"Dr. Vanya Siregar, S.Kom",Nuha Medika,2022,"Fakultas Sains, Teknologi, & Kesehatan",Keperawatan,Keperawatan Klinis,"Buku ini memberikan pemahaman menyeluruh tentang prosedur klinis keperawatan, penanganan kondisi darurat medis, serta asuhan keperawatan pasien. Cocok digunakan sebagai referensi utama bagi mahasiswa dan praktisi.","keperawatan anak, keperawatan medikal bedah, keperawatan gawat darurat, praktik klinis",Indonesia,Fisik,537,978-0-634-61571-9,4
BK00492,Keperawatan Dasar: Teori dan Praktik Klinis,"Ismail Nainggolan, S.E.I",Pustaka Pelajar,2011,"Fakultas Sains, Teknologi, & Kesehatan",Keperawatan,Keperawatan Klinis,"Buku ini dirancang sebagai panduan untuk memahami penanganan kondisi darurat medis, asuhan keperawatan pasien, serta prosedur klinis keperawatan. Menjadi rujukan penting dalam perkuliahan dan penelitian terkait.","asuhan keperawatan, keperawatan, keperawatan medikal bedah, praktik klinis",Indonesia,E-book,312,978-0-09-376184-2,9999
BK00493,Panduan Keperawatan Anak,"Patricia Hartati, Argono Sirait",PT Grasindo,2022,"Fakultas Sains, Teknologi, & Kesehatan",Keperawatan,Keperawatan Klinis,"Buku ini menyajikan kajian komprehensif mengenai komunikasi terapeutik perawat, penanganan kondisi darurat medis, serta prosedur klinis keperawatan. Cocok digunakan sebagai referensi utama bagi mahasiswa dan praktisi.","praktik klinis, asuhan keperawatan, keperawatan, keperawatan anak",Indonesia,Fisik,467,978-1-06-138782-8,7
BK00494,Keperawatan Maternitas: Teori dan Praktik Klinis Edisi Ke-3,"Ratna Pradipta, S.Pt, Oman Megantara",Deepublish,2019,"Fakultas Sains, Teknologi, & Kesehatan",Keperawatan,Keperawatan Klinis,"Buku ini membahas secara mendalam tentang prosedur klinis keperawatan, manajemen perawatan pasien, serta komunikasi terapeutik perawat. Disusun dengan bahasa yang mudah dipahami untuk kalangan akademik.","asuhan keperawatan, keperawatan gawat darurat, keperawatan anak, keperawatan",Indonesia,Fisik,476,978-0-7903-2020-5,7
BK00495,Konsep Dasar Keperawatan Anak Edisi Ke-2,Yuni Kuswoyo,UI Press,2008,"Fakultas Sains, Teknologi, & Kesehatan",Keperawatan,Keperawatan Klinis,"Buku ini menyajikan kajian komprehensif mengenai prosedur klinis keperawatan, komunikasi terapeutik perawat, serta penanganan kondisi darurat medis. Cocok digunakan sebagai referensi utama bagi mahasiswa dan praktisi.","keperawatan, keperawatan medikal bedah, praktik klinis, keperawatan gawat darurat",Inggris,Fisik,146,978-0-911179-93-4,1
BK00496,Dasar-Dasar Keperawatan Maternitas,Rangga Pangestu,PT Grasindo,2010,"Fakultas Sains, Teknologi, & Kesehatan",Keperawatan,Keperawatan Klinis,"Buku ini mengulas berbagai aspek penting dari prosedur klinis keperawatan, komunikasi terapeutik perawat, serta penanganan kondisi darurat medis. Membantu pembaca membangun pemahaman konseptual maupun praktis.","keperawatan anak, asuhan keperawatan, keperawatan, praktik klinis",Indonesia,Fisik,538,978-1-65198-253-2,6
BK00497,Keperawatan Gawat Darurat: Teori dan Praktik Klinis Edisi Revisi,"Dt. Lega Natsir, S.Psi, Banawa Saefullah",PT Grasindo,2010,"Fakultas Sains, Teknologi, & Kesehatan",Keperawatan,Keperawatan Klinis,"Buku ini membahas secara mendalam tentang penanganan kondisi darurat medis, komunikasi terapeutik perawat, serta prosedur klinis keperawatan. Membantu pembaca membangun pemahaman konseptual maupun praktis.","keperawatan anak, keperawatan gawat darurat, asuhan keperawatan, keperawatan",Inggris,E-book,479,978-1-258-27390-3,9999
BK00498,Panduan Keperawatan Jiwa Edisi Ke-3,"Baktianto Usamah, drg. Victoria Manullang",Andi Publisher,2020,"Fakultas Sains, Teknologi, & Kesehatan",Keperawatan,Keperawatan Klinis,"Buku ini dirancang sebagai panduan untuk memahami asuhan keperawatan pasien, komunikasi terapeutik perawat, serta manajemen perawatan pasien. Membantu pembaca membangun pemahaman konseptual maupun praktis.","keperawatan gawat darurat, asuhan keperawatan, keperawatan anak, keperawatan medikal bedah",Indonesia,Fisik,457,978-1-100-21946-2,1
BK00499,Dasar-Dasar Keperawatan Dasar Edisi Terbaru,"Yani Kusmawati, S.E.I",Andi Publisher,2006,"Fakultas Sains, Teknologi, & Kesehatan",Keperawatan,Keperawatan Klinis,"Buku ini dirancang sebagai panduan untuk memahami prosedur klinis keperawatan, penanganan kondisi darurat medis, serta asuhan keperawatan pasien. Disusun dengan bahasa yang mudah dipahami untuk kalangan akademik.","keperawatan, praktik klinis, asuhan keperawatan, keperawatan medikal bedah",Indonesia,E-book,272,978-0-487-63290-1,9999
BK00500,Dasar-Dasar Keperawatan Anak,R. Tina Mandasari,Pustaka Pelajar,2009,"Fakultas Sains, Teknologi, & Kesehatan",Keperawatan,Keperawatan Klinis,"Buku ini dirancang sebagai panduan untuk memahami penanganan kondisi darurat medis, manajemen perawatan pasien, serta komunikasi terapeutik perawat. Menjadi rujukan penting dalam perkuliahan dan penelitian terkait.","keperawatan, asuhan keperawatan, keperawatan medikal bedah, praktik klinis",Indonesia,E-book,300,978-1-56083-318-5,9999
BK00501,Asuhan Keperawatan Dasar,"Lasmanto Tarihoran, Drs. Ophelia Prasetya, M.M.",Informatika Bandung,2009,"Fakultas Sains, Teknologi, & Kesehatan",Keperawatan,Keperawatan Klinis,"Buku ini mengulas berbagai aspek penting dari prosedur klinis keperawatan, penanganan kondisi darurat medis, serta manajemen perawatan pasien. Disusun dengan bahasa yang mudah dipahami untuk kalangan akademik.","asuhan keperawatan, praktik klinis, keperawatan medikal bedah, keperawatan",Indonesia,E-book,250,978-1-03-127722-7,9999
BK00502,Keperawatan Dasar: Teori dan Praktik Klinis,"Virman Gunawan, S.Gz",Deepublish,2016,"Fakultas Sains, Teknologi, & Kesehatan",Keperawatan,Keperawatan Klinis,"Buku ini mengulas berbagai aspek penting dari prosedur klinis keperawatan, penanganan kondisi darurat medis, serta asuhan keperawatan pasien. Dilengkapi dengan contoh kasus dan studi lapangan yang relevan.","keperawatan, keperawatan medikal bedah, keperawatan anak, keperawatan gawat darurat",Inggris,Fisik,281,978-1-364-59701-6,6
BK00503,Asuhan Keperawatan Jiwa Edisi Ke-3,"Anastasia Nasyiah, S.E., Panji Dabukke",Kencana Prenada,2009,"Fakultas Sains, Teknologi, & Kesehatan",Keperawatan,Keperawatan Klinis,"Buku ini mengulas berbagai aspek penting dari manajemen perawatan pasien, asuhan keperawatan pasien, serta prosedur klinis keperawatan. Disusun dengan bahasa yang mudah dipahami untuk kalangan akademik.","keperawatan, keperawatan gawat darurat, keperawatan anak, praktik klinis",Indonesia,Fisik,170,978-0-13-799563-9,6
BK00504,Keperawatan Medikal Bedah: Teori dan Praktik Klinis,"Shania Simbolon, S.H., R. Gamani Pradana, S.IP",Alfabeta,2022,"Fakultas Sains, Teknologi, & Kesehatan",Keperawatan,Keperawatan Klinis,"Buku ini dirancang sebagai panduan untuk memahami penanganan kondisi darurat medis, manajemen perawatan pasien, serta komunikasi terapeutik perawat. Disusun dengan bahasa yang mudah dipahami untuk kalangan akademik.","keperawatan gawat darurat, keperawatan medikal bedah, keperawatan anak, keperawatan",Indonesia,Fisik,207,978-1-363-17970-1,5
BK00505,Konsep Dasar Keperawatan Gawat Darurat,Dalima Pratama,Salemba Empat,2009,"Fakultas Sains, Teknologi, & Kesehatan",Keperawatan,Keperawatan Klinis,"Buku ini membahas secara mendalam tentang penanganan kondisi darurat medis, prosedur klinis keperawatan, serta komunikasi terapeutik perawat. Membantu pembaca membangun pemahaman konseptual maupun praktis.","keperawatan gawat darurat, praktik klinis, keperawatan anak, asuhan keperawatan",Indonesia,Fisik,410,978-0-652-73543-7,4
BK00506,Panduan Keperawatan Dasar,Dian Firmansyah,Kencana Prenada,2018,"Fakultas Sains, Teknologi, & Kesehatan",Keperawatan,Keperawatan Klinis,"Buku ini mengulas berbagai aspek penting dari manajemen perawatan pasien, komunikasi terapeutik perawat, serta penanganan kondisi darurat medis. Disusun dengan bahasa yang mudah dipahami untuk kalangan akademik.","keperawatan anak, praktik klinis, asuhan keperawatan, keperawatan gawat darurat",Indonesia,E-book,164,978-1-217-76253-0,9999
BK00507,Keperawatan Gawat Darurat: Teori dan Praktik Klinis,Rahmi Manullang,Gramedia Pustaka Utama,2020,"Fakultas Sains, Teknologi, & Kesehatan",Keperawatan,Keperawatan Klinis,"Buku ini mengulas berbagai aspek penting dari penanganan kondisi darurat medis, asuhan keperawatan pasien, serta komunikasi terapeutik perawat. Membantu pembaca membangun pemahaman konseptual maupun praktis.","keperawatan, asuhan keperawatan, praktik klinis, keperawatan anak",Inggris,E-book,380,978-0-16-873977-6,9999
BK00508,Keperawatan Maternitas: Teori dan Praktik Klinis,Amalia Aryani,UI Press,2022,"Fakultas Sains, Teknologi, & Kesehatan",Keperawatan,Keperawatan Klinis,"Buku ini membahas secara mendalam tentang penanganan kondisi darurat medis, prosedur klinis keperawatan, serta manajemen perawatan pasien. Menjadi rujukan penting dalam perkuliahan dan penelitian terkait.","keperawatan gawat darurat, keperawatan, keperawatan anak, praktik klinis",Indonesia,E-book,458,978-0-569-39290-7,9999
BK00509,Dasar-Dasar Keperawatan Maternitas,Aurora Gunarto,Pustaka Pelajar,2018,"Fakultas Sains, Teknologi, & Kesehatan",Keperawatan,Keperawatan Klinis,"Buku ini mengulas berbagai aspek penting dari manajemen perawatan pasien, prosedur klinis keperawatan, serta penanganan kondisi darurat medis. Cocok digunakan sebagai referensi utama bagi mahasiswa dan praktisi.","keperawatan gawat darurat, asuhan keperawatan, praktik klinis, keperawatan",Inggris,Fisik,311,978-0-686-71773-7,1
BK00510,Konsep Dasar Keperawatan Jiwa,Kalim Budiman,Bumi Aksara,2011,"Fakultas Sains, Teknologi, & Kesehatan",Keperawatan,Keperawatan Klinis,"Buku ini dirancang sebagai panduan untuk memahami manajemen perawatan pasien, prosedur klinis keperawatan, serta asuhan keperawatan pasien. Menjadi rujukan penting dalam perkuliahan dan penelitian terkait.","keperawatan medikal bedah, praktik klinis, keperawatan anak, asuhan keperawatan",Indonesia,Fisik,436,978-0-254-31074-2,7
BK00511,Panduan Keperawatan Medikal Bedah,Niyaga Haryanti,Pustaka Pelajar,2018,"Fakultas Sains, Teknologi, & Kesehatan",Keperawatan,Keperawatan Klinis,"Buku ini membahas secara mendalam tentang prosedur klinis keperawatan, komunikasi terapeutik perawat, serta penanganan kondisi darurat medis. Cocok digunakan sebagai referensi utama bagi mahasiswa dan praktisi.","keperawatan medikal bedah, keperawatan, keperawatan gawat darurat, asuhan keperawatan",Indonesia,Fisik,390,978-1-72625-701-5,8
BK00512,Keperawatan Medikal Bedah: Teori dan Praktik Klinis,"Shakila Sitorus, Dt. Ega Aryani",Alfabeta,2010,"Fakultas Sains, Teknologi, & Kesehatan",Keperawatan,Keperawatan Klinis,"Buku ini mengulas berbagai aspek penting dari komunikasi terapeutik perawat, manajemen perawatan pasien, serta prosedur klinis keperawatan. Menjadi rujukan penting dalam perkuliahan dan penelitian terkait.","praktik klinis, keperawatan medikal bedah, asuhan keperawatan, keperawatan anak",Indonesia,Fisik,456,978-0-19-508501-3,7
BK00513,Konsep Dasar Keperawatan Gawat Darurat,"Karimah Hastuti, Cut Karimah Utama",Erlangga,2015,"Fakultas Sains, Teknologi, & Kesehatan",Keperawatan,Keperawatan Klinis,"Buku ini memberikan pemahaman menyeluruh tentang manajemen perawatan pasien, asuhan keperawatan pasien, serta komunikasi terapeutik perawat. Menjadi rujukan penting dalam perkuliahan dan penelitian terkait.","praktik klinis, asuhan keperawatan, keperawatan, keperawatan anak",Indonesia,E-book,221,978-0-8325-3817-9,9999
BK00514,Panduan Keperawatan Medikal Bedah,"Umi Prastuti, S.Kom",Salemba Empat,2005,"Fakultas Sains, Teknologi, & Kesehatan",Keperawatan,Keperawatan Klinis,"Buku ini membahas secara mendalam tentang penanganan kondisi darurat medis, komunikasi terapeutik perawat, serta asuhan keperawatan pasien. Cocok digunakan sebagai referensi utama bagi mahasiswa dan praktisi.","praktik klinis, asuhan keperawatan, keperawatan medikal bedah, keperawatan gawat darurat",Indonesia,Fisik,376,978-1-5486-4015-6,0
BK00515,Asuhan Keperawatan Dasar,Mila Laksita,Salemba Empat,2012,"Fakultas Sains, Teknologi, & Kesehatan",Keperawatan,Keperawatan Klinis,"Buku ini membahas secara mendalam tentang manajemen perawatan pasien, penanganan kondisi darurat medis, serta prosedur klinis keperawatan. Menjadi rujukan penting dalam perkuliahan dan penelitian terkait.","keperawatan gawat darurat, keperawatan, keperawatan anak, asuhan keperawatan",Indonesia,Fisik,263,978-1-884795-13-8,1
BK00516,Konsep Dasar Keperawatan Dasar,"Clara Hutapea, Elma Suwarno",Erlangga,2017,"Fakultas Sains, Teknologi, & Kesehatan",Keperawatan,Keperawatan Klinis,"Buku ini membahas secara mendalam tentang penanganan kondisi darurat medis, prosedur klinis keperawatan, serta asuhan keperawatan pasien. Dilengkapi dengan contoh kasus dan studi lapangan yang relevan.","praktik klinis, keperawatan, asuhan keperawatan, keperawatan gawat darurat",Indonesia,Fisik,194,978-0-241-27238-1,6
BK00517,Dasar-Dasar Keperawatan Anak Edisi Revisi,"Ajimin Sihombing, S.Farm",Erlangga,2018,"Fakultas Sains, Teknologi, & Kesehatan",Keperawatan,Keperawatan Klinis,"Buku ini membahas secara mendalam tentang manajemen perawatan pasien, komunikasi terapeutik perawat, serta prosedur klinis keperawatan. Membantu pembaca membangun pemahaman konseptual maupun praktis.","keperawatan gawat darurat, keperawatan medikal bedah, asuhan keperawatan, keperawatan",Indonesia,Fisik,257,978-1-56704-310-5,5
BK00518,Panduan Keperawatan Dasar,"R.A. Zahra Nurdiyanti, S.Psi",Rajawali Pers,2013,"Fakultas Sains, Teknologi, & Kesehatan",Keperawatan,Keperawatan Klinis,"Buku ini mengulas berbagai aspek penting dari asuhan keperawatan pasien, manajemen perawatan pasien, serta penanganan kondisi darurat medis. Menjadi rujukan penting dalam perkuliahan dan penelitian terkait.","keperawatan, asuhan keperawatan, praktik klinis, keperawatan anak",Inggris,Fisik,249,978-1-57988-774-2,7
BK00519,Panduan Keperawatan Gawat Darurat Edisi Revisi,R. Widya Samosir,PT Grasindo,2023,"Fakultas Sains, Teknologi, & Kesehatan",Keperawatan,Keperawatan Klinis,"Buku ini mengulas berbagai aspek penting dari manajemen perawatan pasien, penanganan kondisi darurat medis, serta asuhan keperawatan pasien. Dilengkapi dengan contoh kasus dan studi lapangan yang relevan.","asuhan keperawatan, keperawatan medikal bedah, keperawatan gawat darurat, keperawatan anak",Indonesia,Fisik,186,978-1-375-40254-5,1
BK00520,Dasar-Dasar Keperawatan Dasar,"Eli Safitri, Narji Nasyiah",Salemba Empat,2022,"Fakultas Sains, Teknologi, & Kesehatan",Keperawatan,Keperawatan Klinis,"Buku ini memberikan pemahaman menyeluruh tentang penanganan kondisi darurat medis, manajemen perawatan pasien, serta prosedur klinis keperawatan. Dilengkapi dengan contoh kasus dan studi lapangan yang relevan.","keperawatan anak, keperawatan, keperawatan gawat darurat, keperawatan medikal bedah",Indonesia,Fisik,218,978-0-222-31059-0,6
BK00521,Dasar-Dasar Keperawatan Gawat Darurat,Irnanto Rajata,Alfabeta,2010,"Fakultas Sains, Teknologi, & Kesehatan",Keperawatan,Keperawatan Klinis,"Buku ini dirancang sebagai panduan untuk memahami komunikasi terapeutik perawat, penanganan kondisi darurat medis, serta manajemen perawatan pasien. Cocok digunakan sebagai referensi utama bagi mahasiswa dan praktisi.","praktik klinis, keperawatan, keperawatan anak, keperawatan gawat darurat",Indonesia,Fisik,143,978-0-380-55257-3,0
BK00522,Keperawatan Maternitas: Teori dan Praktik Klinis,R.M. Kasusra Sihombing,Deepublish,2011,"Fakultas Sains, Teknologi, & Kesehatan",Keperawatan,Keperawatan Klinis,"Buku ini dirancang sebagai panduan untuk memahami komunikasi terapeutik perawat, penanganan kondisi darurat medis, serta prosedur klinis keperawatan. Disusun dengan bahasa yang mudah dipahami untuk kalangan akademik.","keperawatan, asuhan keperawatan, keperawatan anak, keperawatan medikal bedah",Indonesia,Fisik,412,978-0-672-75208-7,3
BK00523,Dasar-Dasar Keperawatan Maternitas,Tgk. Marsudi Sihombing,Kencana Prenada,2022,"Fakultas Sains, Teknologi, & Kesehatan",Keperawatan,Keperawatan Klinis,"Buku ini menyajikan kajian komprehensif mengenai manajemen perawatan pasien, asuhan keperawatan pasien, serta komunikasi terapeutik perawat. Cocok digunakan sebagai referensi utama bagi mahasiswa dan praktisi.","keperawatan medikal bedah, praktik klinis, asuhan keperawatan, keperawatan anak",Indonesia,Fisik,447,978-1-929751-70-9,2
BK00524,Konsep Dasar Keperawatan Gawat Darurat,"Mustika Puspasari, Gaiman Dongoran",Salemba Empat,2013,"Fakultas Sains, Teknologi, & Kesehatan",Keperawatan,Keperawatan Klinis,"Buku ini membahas secara mendalam tentang manajemen perawatan pasien, penanganan kondisi darurat medis, serta prosedur klinis keperawatan. Membantu pembaca membangun pemahaman konseptual maupun praktis.","asuhan keperawatan, praktik klinis, keperawatan, keperawatan anak",Inggris,E-book,270,978-0-7515-0939-7,9999
BK00525,Asuhan Keperawatan Dasar,Sutan Purwa Setiawan,Elex Media Komputindo,2024,"Fakultas Sains, Teknologi, & Kesehatan",Keperawatan,Keperawatan Klinis,"Buku ini memberikan pemahaman menyeluruh tentang asuhan keperawatan pasien, penanganan kondisi darurat medis, serta manajemen perawatan pasien. Disusun dengan bahasa yang mudah dipahami untuk kalangan akademik.","asuhan keperawatan, keperawatan medikal bedah, praktik klinis, keperawatan anak",Inggris,Fisik,286,978-0-18-718637-7,4
BK00526,Dasar-Dasar Keperawatan Dasar,Rahmi Suartini,Deepublish,2020,"Fakultas Sains, Teknologi, & Kesehatan",Keperawatan,Keperawatan Klinis,"Buku ini memberikan pemahaman menyeluruh tentang komunikasi terapeutik perawat, manajemen perawatan pasien, serta asuhan keperawatan pasien. Cocok digunakan sebagai referensi utama bagi mahasiswa dan praktisi.","asuhan keperawatan, keperawatan anak, praktik klinis, keperawatan medikal bedah",Inggris,Fisik,537,978-1-62656-504-3,2
BK00527,Dasar-Dasar Keperawatan Maternitas,"Kamaria Samosir, Putri Irawan",Salemba Empat,2007,"Fakultas Sains, Teknologi, & Kesehatan",Keperawatan,Keperawatan Klinis,"Buku ini dirancang sebagai panduan untuk memahami prosedur klinis keperawatan, komunikasi terapeutik perawat, serta manajemen perawatan pasien. Dilengkapi dengan contoh kasus dan studi lapangan yang relevan.","keperawatan medikal bedah, keperawatan, praktik klinis, keperawatan gawat darurat",Indonesia,Fisik,245,978-1-67426-629-9,7
BK00528,Asuhan Keperawatan Dasar,Puti Dinda Pranowo,Kencana Prenada,2009,"Fakultas Sains, Teknologi, & Kesehatan",Keperawatan,Keperawatan Klinis,"Buku ini membahas secara mendalam tentang komunikasi terapeutik perawat, asuhan keperawatan pasien, serta penanganan kondisi darurat medis. Cocok digunakan sebagai referensi utama bagi mahasiswa dan praktisi.","keperawatan, keperawatan gawat darurat, praktik klinis, asuhan keperawatan",Indonesia,Fisik,193,978-1-85196-106-1,0
BK00529,Asuhan Keperawatan Jiwa,"Vinsen Saputra, S.Farm",Salemba Empat,2020,"Fakultas Sains, Teknologi, & Kesehatan",Keperawatan,Keperawatan Klinis,"Buku ini mengulas berbagai aspek penting dari komunikasi terapeutik perawat, penanganan kondisi darurat medis, serta asuhan keperawatan pasien. Disusun dengan bahasa yang mudah dipahami untuk kalangan akademik.","praktik klinis, keperawatan, asuhan keperawatan, keperawatan gawat darurat",Indonesia,Fisik,398,978-1-923264-87-8,4
BK00530,Asuhan Keperawatan Medikal Bedah Edisi Ke-3,"Ridwan Sihombing, Ir. Ilsa Lailasari, M.Pd",Bumi Aksara,2016,"Fakultas Sains, Teknologi, & Kesehatan",Keperawatan,Keperawatan Klinis,"Buku ini memberikan pemahaman menyeluruh tentang asuhan keperawatan pasien, prosedur klinis keperawatan, serta komunikasi terapeutik perawat. Dilengkapi dengan contoh kasus dan studi lapangan yang relevan.","keperawatan anak, asuhan keperawatan, keperawatan, praktik klinis",Indonesia,E-book,316,978-0-00-244714-0,9999
BK00531,Keperawatan Anak: Teori dan Praktik Klinis,"Elma Lestari, Septi Prasasta, S.Ked",Salemba Empat,2024,"Fakultas Sains, Teknologi, & Kesehatan",Keperawatan,Keperawatan Klinis,"Buku ini membahas secara mendalam tentang manajemen perawatan pasien, asuhan keperawatan pasien, serta prosedur klinis keperawatan. Cocok digunakan sebagai referensi utama bagi mahasiswa dan praktisi.","keperawatan medikal bedah, praktik klinis, keperawatan, keperawatan gawat darurat",Indonesia,Fisik,391,978-1-71959-796-8,5
BK00532,Keperawatan Anak: Teori dan Praktik Klinis,"Tgk. Sari Kusmawati, S.IP",Gramedia Pustaka Utama,2007,"Fakultas Sains, Teknologi, & Kesehatan",Keperawatan,Keperawatan Klinis,"Buku ini mengulas berbagai aspek penting dari manajemen perawatan pasien, komunikasi terapeutik perawat, serta penanganan kondisi darurat medis. Disusun dengan bahasa yang mudah dipahami untuk kalangan akademik.","keperawatan gawat darurat, keperawatan medikal bedah, praktik klinis, keperawatan",Indonesia,E-book,195,978-0-429-02572-3,9999
BK00533,Konsep Dasar Keperawatan Maternitas,Elisa Habibi,Deepublish,2009,"Fakultas Sains, Teknologi, & Kesehatan",Keperawatan,Keperawatan Klinis,"Buku ini membahas secara mendalam tentang komunikasi terapeutik perawat, manajemen perawatan pasien, serta asuhan keperawatan pasien. Disusun dengan bahasa yang mudah dipahami untuk kalangan akademik.","keperawatan anak, keperawatan, keperawatan gawat darurat, keperawatan medikal bedah",Inggris,Fisik,283,978-1-65044-818-3,7
BK00534,Keperawatan Dasar: Teori dan Praktik Klinis,Pranata Utami,Pustaka Pelajar,2022,"Fakultas Sains, Teknologi, & Kesehatan",Keperawatan,Keperawatan Klinis,"Buku ini dirancang sebagai panduan untuk memahami prosedur klinis keperawatan, komunikasi terapeutik perawat, serta penanganan kondisi darurat medis. Menjadi rujukan penting dalam perkuliahan dan penelitian terkait.","praktik klinis, keperawatan medikal bedah, asuhan keperawatan, keperawatan gawat darurat",Indonesia,Fisik,162,978-0-928554-45-8,6
BK00535,Asuhan Keperawatan Anak,"Kasusra Prastuti, Yuni Megantara",Nuha Medika,2014,"Fakultas Sains, Teknologi, & Kesehatan",Keperawatan,Keperawatan Klinis,"Buku ini mengulas berbagai aspek penting dari asuhan keperawatan pasien, penanganan kondisi darurat medis, serta prosedur klinis keperawatan. Dilengkapi dengan contoh kasus dan studi lapangan yang relevan.","keperawatan, keperawatan medikal bedah, keperawatan anak, praktik klinis",Indonesia,E-book,335,978-0-8457-6521-0,9999
BK00536,Konsep Dasar Keperawatan Anak Edisi Ke-2,"Chandra Mardhiyah, Radika Nainggolan",Andi Publisher,2023,"Fakultas Sains, Teknologi, & Kesehatan",Keperawatan,Keperawatan Klinis,"Buku ini membahas secara mendalam tentang asuhan keperawatan pasien, komunikasi terapeutik perawat, serta prosedur klinis keperawatan. Cocok digunakan sebagai referensi utama bagi mahasiswa dan praktisi.","praktik klinis, asuhan keperawatan, keperawatan anak, keperawatan medikal bedah",Inggris,E-book,200,978-1-71120-754-4,9999
BK00537,Konsep Dasar Keperawatan Gawat Darurat Edisi Ke-2,"Karen Mandala, M.M., Drs. Vanesa Siregar",Informatika Bandung,2020,"Fakultas Sains, Teknologi, & Kesehatan",Keperawatan,Keperawatan Klinis,"Buku ini dirancang sebagai panduan untuk memahami komunikasi terapeutik perawat, prosedur klinis keperawatan, serta manajemen perawatan pasien. Disusun dengan bahasa yang mudah dipahami untuk kalangan akademik.","keperawatan gawat darurat, keperawatan anak, asuhan keperawatan, keperawatan",Indonesia,Fisik,520,978-1-01-322342-6,0
BK00538,Asuhan Keperawatan Anak Edisi Revisi,Cager Hutapea,Bumi Aksara,2013,"Fakultas Sains, Teknologi, & Kesehatan",Keperawatan,Keperawatan Klinis,"Buku ini memberikan pemahaman menyeluruh tentang komunikasi terapeutik perawat, penanganan kondisi darurat medis, serta manajemen perawatan pasien. Membantu pembaca membangun pemahaman konseptual maupun praktis.","asuhan keperawatan, keperawatan gawat darurat, praktik klinis, keperawatan",Indonesia,Fisik,200,978-0-10-760310-6,4
BK00539,Dasar-Dasar Keperawatan Maternitas,"Ir. Kambali Rahayu, S.Gz, Devi Ramadan",Nuha Medika,2007,"Fakultas Sains, Teknologi, & Kesehatan",Keperawatan,Keperawatan Klinis,"Buku ini dirancang sebagai panduan untuk memahami komunikasi terapeutik perawat, prosedur klinis keperawatan, serta manajemen perawatan pasien. Membantu pembaca membangun pemahaman konseptual maupun praktis.","asuhan keperawatan, keperawatan anak, keperawatan, keperawatan gawat darurat",Inggris,Fisik,454,978-0-401-19393-8,6
BK00540,Konsep Dasar Keperawatan Medikal Bedah,Mumpuni Tampubolon,Bumi Aksara,2012,"Fakultas Sains, Teknologi, & Kesehatan",Keperawatan,Keperawatan Klinis,"Buku ini mengulas berbagai aspek penting dari asuhan keperawatan pasien, manajemen perawatan pasien, serta komunikasi terapeutik perawat. Cocok digunakan sebagai referensi utama bagi mahasiswa dan praktisi.","asuhan keperawatan, keperawatan medikal bedah, keperawatan, keperawatan anak",Indonesia,E-book,174,978-0-249-55289-8,9999
BK00541,Konsep Dasar Keperawatan Jiwa Edisi Ke-3,"Johan Purnawati, Baktiadi Prastuti",Graha Ilmu,2006,"Fakultas Sains, Teknologi, & Kesehatan",Keperawatan,Keperawatan Klinis,"Buku ini memberikan pemahaman menyeluruh tentang asuhan keperawatan pasien, penanganan kondisi darurat medis, serta manajemen perawatan pasien. Cocok digunakan sebagai referensi utama bagi mahasiswa dan praktisi.","asuhan keperawatan, keperawatan, praktik klinis, keperawatan anak",Indonesia,Fisik,124,978-0-342-80138-1,5
BK00542,Keperawatan Jiwa: Teori dan Praktik Klinis Edisi Terbaru,"Dr. Karimah Rahmawati, S.E.",PT Grasindo,2023,"Fakultas Sains, Teknologi, & Kesehatan",Keperawatan,Keperawatan Klinis,"Buku ini menyajikan kajian komprehensif mengenai penanganan kondisi darurat medis, asuhan keperawatan pasien, serta manajemen perawatan pasien. Cocok digunakan sebagai referensi utama bagi mahasiswa dan praktisi.","asuhan keperawatan, keperawatan, keperawatan medikal bedah, praktik klinis",Inggris,E-book,139,978-0-256-63836-3,9999
BK00543,Konsep Dasar Keperawatan Anak,"Prabawa Sihotang, Jaka Kusumo",Graha Ilmu,2021,"Fakultas Sains, Teknologi, & Kesehatan",Keperawatan,Keperawatan Klinis,"Buku ini dirancang sebagai panduan untuk memahami prosedur klinis keperawatan, penanganan kondisi darurat medis, serta manajemen perawatan pasien. Membantu pembaca membangun pemahaman konseptual maupun praktis.","praktik klinis, keperawatan, asuhan keperawatan, keperawatan gawat darurat",Inggris,Fisik,293,978-1-5480-1571-8,4
BK00544,Dasar-Dasar Keperawatan Maternitas Edisi Terbaru,"Intan Hasanah, Tgk. Silvia Handayani",Andi Publisher,2014,"Fakultas Sains, Teknologi, & Kesehatan",Keperawatan,Keperawatan Klinis,"Buku ini membahas secara mendalam tentang penanganan kondisi darurat medis, komunikasi terapeutik perawat, serta asuhan keperawatan pasien. Dilengkapi dengan contoh kasus dan studi lapangan yang relevan.","keperawatan gawat darurat, praktik klinis, keperawatan, keperawatan anak",Inggris,Fisik,352,978-1-4631-7520-7,5
BK00545,Panduan Keperawatan Anak Edisi Ke-3,"Joko Wulandari, S.IP",Pustaka Pelajar,2023,"Fakultas Sains, Teknologi, & Kesehatan",Keperawatan,Keperawatan Klinis,"Buku ini menyajikan kajian komprehensif mengenai komunikasi terapeutik perawat, manajemen perawatan pasien, serta prosedur klinis keperawatan. Cocok digunakan sebagai referensi utama bagi mahasiswa dan praktisi.","keperawatan, asuhan keperawatan, keperawatan anak, keperawatan gawat darurat",Indonesia,Fisik,266,978-1-81126-691-5,6
BK00546,Dasar-Dasar Keperawatan Dasar Edisi Ke-3,"Ella Haryanto, S.I.Kom",Kencana Prenada,2006,"Fakultas Sains, Teknologi, & Kesehatan",Keperawatan,Keperawatan Klinis,"Buku ini membahas secara mendalam tentang komunikasi terapeutik perawat, penanganan kondisi darurat medis, serta prosedur klinis keperawatan. Membantu pembaca membangun pemahaman konseptual maupun praktis.","keperawatan gawat darurat, keperawatan medikal bedah, praktik klinis, keperawatan",Indonesia,Fisik,173,978-1-396-13674-0,4
BK00547,Konsep Dasar Keperawatan Jiwa,"H. Pranata Prastuti, M.Farm, Usyi Yuniar",Andi Publisher,2008,"Fakultas Sains, Teknologi, & Kesehatan",Keperawatan,Keperawatan Klinis,"Buku ini dirancang sebagai panduan untuk memahami komunikasi terapeutik perawat, penanganan kondisi darurat medis, serta manajemen perawatan pasien. Menjadi rujukan penting dalam perkuliahan dan penelitian terkait.","keperawatan anak, praktik klinis, keperawatan, asuhan keperawatan",Indonesia,E-book,175,978-1-79678-427-5,9999
BK00548,Keperawatan Anak: Teori dan Praktik Klinis,"Banawi Ramadan, Najwa Pradipta",Salemba Empat,2022,"Fakultas Sains, Teknologi, & Kesehatan",Keperawatan,Keperawatan Klinis,"Buku ini memberikan pemahaman menyeluruh tentang komunikasi terapeutik perawat, asuhan keperawatan pasien, serta prosedur klinis keperawatan. Cocok digunakan sebagai referensi utama bagi mahasiswa dan praktisi.","keperawatan medikal bedah, keperawatan gawat darurat, keperawatan anak, keperawatan",Inggris,Fisik,447,978-0-10-170269-0,3
BK00549,Dasar-Dasar Keperawatan Medikal Bedah,"Gamanto Mangunsong, S.Pd",Alfabeta,2013,"Fakultas Sains, Teknologi, & Kesehatan",Keperawatan,Keperawatan Klinis,"Buku ini membahas secara mendalam tentang prosedur klinis keperawatan, asuhan keperawatan pasien, serta komunikasi terapeutik perawat. Menjadi rujukan penting dalam perkuliahan dan penelitian terkait.","keperawatan, keperawatan medikal bedah, keperawatan anak, asuhan keperawatan",Indonesia,Fisik,192,978-0-87734-778-1,1
BK00550,Keperawatan Medikal Bedah: Teori dan Praktik Klinis,Puput Siregar,Bumi Aksara,2015,"Fakultas Sains, Teknologi, & Kesehatan",Keperawatan,Keperawatan Klinis,"Buku ini membahas secara mendalam tentang manajemen perawatan pasien, prosedur klinis keperawatan, serta asuhan keperawatan pasien. Menjadi rujukan penting dalam perkuliahan dan penelitian terkait.","keperawatan anak, keperawatan gawat darurat, asuhan keperawatan, keperawatan medikal bedah",Indonesia,Fisik,298,978-0-616-75677-5,6
BK00551,Keperawatan Jiwa: Teori dan Praktik Klinis,"Anggabaya Nugroho, Ir. Satya Sihombing",Andi Publisher,2011,"Fakultas Sains, Teknologi, & Kesehatan",Keperawatan,Keperawatan Klinis,"Buku ini dirancang sebagai panduan untuk memahami penanganan kondisi darurat medis, komunikasi terapeutik perawat, serta asuhan keperawatan pasien. Membantu pembaca membangun pemahaman konseptual maupun praktis.","praktik klinis, keperawatan anak, keperawatan medikal bedah, keperawatan gawat darurat",Indonesia,Fisik,460,978-1-62467-197-5,5
BK00552,Konsep Dasar Keperawatan Maternitas,"Kadir Namaga, M.Farm",Rajawali Pers,2023,"Fakultas Sains, Teknologi, & Kesehatan",Keperawatan,Keperawatan Klinis,"Buku ini menyajikan kajian komprehensif mengenai penanganan kondisi darurat medis, asuhan keperawatan pasien, serta prosedur klinis keperawatan. Menjadi rujukan penting dalam perkuliahan dan penelitian terkait.","keperawatan medikal bedah, keperawatan, keperawatan anak, asuhan keperawatan",Indonesia,Fisik,501,978-1-82806-479-5,3
BK00553,Dasar-Dasar Keperawatan Anak,"Raisa Wastuti, Vivi Suryono",Pustaka Pelajar,2008,"Fakultas Sains, Teknologi, & Kesehatan",Keperawatan,Keperawatan Klinis,"Buku ini mengulas berbagai aspek penting dari manajemen perawatan pasien, asuhan keperawatan pasien, serta prosedur klinis keperawatan. Membantu pembaca membangun pemahaman konseptual maupun praktis.","asuhan keperawatan, praktik klinis, keperawatan, keperawatan gawat darurat",Inggris,Fisik,330,978-0-09-025590-0,5
BK00554,Dasar-Dasar Keperawatan Maternitas,"Ir. Ganep Wibowo, S.IP",Informatika Bandung,2022,"Fakultas Sains, Teknologi, & Kesehatan",Keperawatan,Keperawatan Klinis,"Buku ini dirancang sebagai panduan untuk memahami manajemen perawatan pasien, prosedur klinis keperawatan, serta penanganan kondisi darurat medis. Dilengkapi dengan contoh kasus dan studi lapangan yang relevan.","keperawatan, asuhan keperawatan, keperawatan anak, keperawatan gawat darurat",Inggris,Fisik,457,978-1-56503-334-4,6
BK00555,Dasar-Dasar Keperawatan Medikal Bedah,Puti Shakila Haryanto,Nuha Medika,2008,"Fakultas Sains, Teknologi, & Kesehatan",Keperawatan,Keperawatan Klinis,"Buku ini dirancang sebagai panduan untuk memahami komunikasi terapeutik perawat, asuhan keperawatan pasien, serta prosedur klinis keperawatan. Membantu pembaca membangun pemahaman konseptual maupun praktis.","keperawatan, praktik klinis, keperawatan gawat darurat, keperawatan medikal bedah",Indonesia,E-book,268,978-0-520-85076-7,9999
BK00556,Konsep Dasar Keperawatan Anak,Drs. Lili Santoso,Kencana Prenada,2016,"Fakultas Sains, Teknologi, & Kesehatan",Keperawatan,Keperawatan Klinis,"Buku ini memberikan pemahaman menyeluruh tentang manajemen perawatan pasien, komunikasi terapeutik perawat, serta prosedur klinis keperawatan. Cocok digunakan sebagai referensi utama bagi mahasiswa dan praktisi.","keperawatan, asuhan keperawatan, keperawatan anak, praktik klinis",Indonesia,Fisik,457,978-1-905696-59-8,4
BK00557,Keperawatan Dasar: Teori dan Praktik Klinis Edisi Terbaru,"Respati Lestari, Muhammad Wulandari",Kencana Prenada,2018,"Fakultas Sains, Teknologi, & Kesehatan",Keperawatan,Keperawatan Klinis,"Buku ini menyajikan kajian komprehensif mengenai penanganan kondisi darurat medis, manajemen perawatan pasien, serta prosedur klinis keperawatan. Membantu pembaca membangun pemahaman konseptual maupun praktis.","keperawatan, asuhan keperawatan, keperawatan medikal bedah, keperawatan anak",Inggris,Fisik,435,978-1-78529-456-3,6
BK00558,Dasar-Dasar Keperawatan Maternitas Edisi Terbaru,Jamal Usada,Rajawali Pers,2021,"Fakultas Sains, Teknologi, & Kesehatan",Keperawatan,Keperawatan Klinis,"Buku ini membahas secara mendalam tentang prosedur klinis keperawatan, komunikasi terapeutik perawat, serta asuhan keperawatan pasien. Dilengkapi dengan contoh kasus dan studi lapangan yang relevan.","asuhan keperawatan, keperawatan anak, keperawatan medikal bedah, keperawatan gawat darurat",Inggris,E-book,253,978-0-440-49639-7,9999
BK00559,Panduan Keperawatan Anak Edisi Revisi,"Cornelia Prastuti, S.IP",Nuha Medika,2009,"Fakultas Sains, Teknologi, & Kesehatan",Keperawatan,Keperawatan Klinis,"Buku ini memberikan pemahaman menyeluruh tentang penanganan kondisi darurat medis, asuhan keperawatan pasien, serta manajemen perawatan pasien. Cocok digunakan sebagai referensi utama bagi mahasiswa dan praktisi.","praktik klinis, keperawatan gawat darurat, asuhan keperawatan, keperawatan",Indonesia,Fisik,242,978-1-198-76351-9,3
BK00560,Farmasi Klinis untuk Praktik Klinis,"Ridwan Sihombing, M.TI.",Rajawali Pers,2008,"Fakultas Sains, Teknologi, & Kesehatan",Farmasi,Farmakologi & Kefarmasian,"Buku ini membahas secara mendalam tentang formulasi sediaan farmasi, mekanisme kerja obat, serta efek samping dan dosis obat. Membantu pembaca membangun pemahaman konseptual maupun praktis.","apoteker, kimia farmasi, farmasi klinis, farmakologi",Inggris,E-book,182,978-1-85366-498-4,9999
BK00561,Toksikologi Klinis,"Salsabila Pudjiastuti, Teguh Budiyanto",Pustaka Pelajar,2007,"Fakultas Sains, Teknologi, & Kesehatan",Farmasi,Farmakologi & Kefarmasian,"Buku ini membahas secara mendalam tentang efek samping dan dosis obat, mekanisme kerja obat, serta interaksi obat dalam tubuh. Menjadi rujukan penting dalam perkuliahan dan penelitian terkait.","obat, toksikologi, farmasi klinis, kimia farmasi",Indonesia,Fisik,471,978-1-374-89690-1,6
BK00562,Pengantar Farmasetika,Sutan Galih Hariyah,Gramedia Pustaka Utama,2020,"Fakultas Sains, Teknologi, & Kesehatan",Farmasi,Farmakologi & Kefarmasian,"Buku ini mengulas berbagai aspek penting dari pelayanan kefarmasian klinis, mekanisme kerja obat, serta efek samping dan dosis obat. Disusun dengan bahasa yang mudah dipahami untuk kalangan akademik.","farmasi klinis, kimia farmasi, farmakologi, obat",Indonesia,E-book,499,978-0-246-65136-5,9999
BK00563,Dasar Farmasi Klinis,Yuni Suwarno,Salemba Empat,2007,"Fakultas Sains, Teknologi, & Kesehatan",Farmasi,Farmakologi & Kefarmasian,"Buku ini menyajikan kajian komprehensif mengenai interaksi obat dalam tubuh, mekanisme kerja obat, serta pelayanan kefarmasian klinis. Dilengkapi dengan contoh kasus dan studi lapangan yang relevan.","farmasi klinis, obat, kimia farmasi, farmakologi",Indonesia,Fisik,366,978-1-936312-30-6,3
BK00564,Pengantar Farmasetika,"Raditya Saragih, Nova Purwanti",Rajawali Pers,2017,"Fakultas Sains, Teknologi, & Kesehatan",Farmasi,Farmakologi & Kefarmasian,"Buku ini menyajikan kajian komprehensif mengenai interaksi obat dalam tubuh, formulasi sediaan farmasi, serta mekanisme kerja obat. Disusun dengan bahasa yang mudah dipahami untuk kalangan akademik.","kimia farmasi, toksikologi, formulasi obat, apoteker",Indonesia,Fisik,526,978-1-03-242044-8,3
BK00565,Prinsip Kimia Farmasi,"Kunthara Nugroho, S.Gz",Andi Publisher,2016,"Fakultas Sains, Teknologi, & Kesehatan",Farmasi,Farmakologi & Kefarmasian,"Buku ini dirancang sebagai panduan untuk memahami efek samping dan dosis obat, pelayanan kefarmasian klinis, serta mekanisme kerja obat. Disusun dengan bahasa yang mudah dipahami untuk kalangan akademik.","farmakokinetik, formulasi obat, farmakologi, apoteker",Inggris,Fisik,137,978-0-01-594165-9,8
BK00566,Kimia Farmasi untuk Praktik Klinis,"Maryadi Iswahyudi, S.Sos",Andi Publisher,2012,"Fakultas Sains, Teknologi, & Kesehatan",Farmasi,Farmakologi & Kefarmasian,"Buku ini menyajikan kajian komprehensif mengenai interaksi obat dalam tubuh, formulasi sediaan farmasi, serta pelayanan kefarmasian klinis. Disusun dengan bahasa yang mudah dipahami untuk kalangan akademik.","farmakokinetik, toksikologi, farmakologi, kimia farmasi",Indonesia,E-book,310,978-0-19-818984-8,9999
BK00567,Toksikologi Klinis Edisi Ke-3,Cornelia Prakasa,Elex Media Komputindo,2014,"Fakultas Sains, Teknologi, & Kesehatan",Farmasi,Farmakologi & Kefarmasian,"Buku ini membahas secara mendalam tentang formulasi sediaan farmasi, interaksi obat dalam tubuh, serta pelayanan kefarmasian klinis. Menjadi rujukan penting dalam perkuliahan dan penelitian terkait.","farmakokinetik, obat, toksikologi, formulasi obat",Indonesia,Fisik,407,978-1-59636-321-2,4
BK00568,Farmasetika untuk Praktik Klinis,Dariati Saefullah,Informatika Bandung,2013,"Fakultas Sains, Teknologi, & Kesehatan",Farmasi,Farmakologi & Kefarmasian,"Buku ini memberikan pemahaman menyeluruh tentang interaksi obat dalam tubuh, mekanisme kerja obat, serta pelayanan kefarmasian klinis. Cocok digunakan sebagai referensi utama bagi mahasiswa dan praktisi.","farmakokinetik, apoteker, farmasi klinis, obat",Indonesia,Fisik,351,978-1-4907-8515-8,2
BK00569,Kimia Farmasi untuk Praktik Klinis Edisi Revisi,"dr. Jaswadi Zulaika, Yoga Setiawan",Gramedia Pustaka Utama,2015,"Fakultas Sains, Teknologi, & Kesehatan",Farmasi,Farmakologi & Kefarmasian,"Buku ini dirancang sebagai panduan untuk memahami efek samping dan dosis obat, mekanisme kerja obat, serta formulasi sediaan farmasi. Cocok digunakan sebagai referensi utama bagi mahasiswa dan praktisi.","farmakologi, toksikologi, farmasi klinis, obat",Indonesia,Fisik,168,978-1-75409-003-5,6
BK00570,Pengantar Toksikologi,Puspa Winarno,UI Press,2008,"Fakultas Sains, Teknologi, & Kesehatan",Farmasi,Farmakologi & Kefarmasian,"Buku ini memberikan pemahaman menyeluruh tentang efek samping dan dosis obat, formulasi sediaan farmasi, serta pelayanan kefarmasian klinis. Menjadi rujukan penting dalam perkuliahan dan penelitian terkait.","farmakokinetik, toksikologi, formulasi obat, farmakologi",Indonesia,Fisik,234,978-1-183-76064-6,0
BK00571,Farmakologi Klinis,Cornelia Prakasa,Erlangga,2013,"Fakultas Sains, Teknologi, & Kesehatan",Farmasi,Farmakologi & Kefarmasian,"Buku ini membahas secara mendalam tentang interaksi obat dalam tubuh, formulasi sediaan farmasi, serta efek samping dan dosis obat. Cocok digunakan sebagai referensi utama bagi mahasiswa dan praktisi.","apoteker, obat, kimia farmasi, farmakologi",Indonesia,Fisik,275,978-0-275-60417-2,1
BK00572,Pengantar Farmasetika,Unjani Zulkarnain,Informatika Bandung,2009,"Fakultas Sains, Teknologi, & Kesehatan",Farmasi,Farmakologi & Kefarmasian,"Buku ini menyajikan kajian komprehensif mengenai pelayanan kefarmasian klinis, efek samping dan dosis obat, serta mekanisme kerja obat. Disusun dengan bahasa yang mudah dipahami untuk kalangan akademik.","formulasi obat, farmakokinetik, obat, apoteker",Inggris,E-book,182,978-1-124-81569-5,9999
BK00573,Kimia Farmasi untuk Praktik Klinis,"Yulia Pudjiastuti, S.Psi",Kencana Prenada,2016,"Fakultas Sains, Teknologi, & Kesehatan",Farmasi,Farmakologi & Kefarmasian,"Buku ini mengulas berbagai aspek penting dari interaksi obat dalam tubuh, mekanisme kerja obat, serta pelayanan kefarmasian klinis. Cocok digunakan sebagai referensi utama bagi mahasiswa dan praktisi.","farmakokinetik, apoteker, kimia farmasi, toksikologi",Indonesia,E-book,159,978-0-02-720634-0,9999
BK00574,Prinsip Farmakologi Edisi Ke-2,Ratih Hutasoit,Bumi Aksara,2015,"Fakultas Sains, Teknologi, & Kesehatan",Farmasi,Farmakologi & Kefarmasian,"Buku ini dirancang sebagai panduan untuk memahami formulasi sediaan farmasi, interaksi obat dalam tubuh, serta pelayanan kefarmasian klinis. Membantu pembaca membangun pemahaman konseptual maupun praktis.","apoteker, obat, toksikologi, farmakologi",Inggris,E-book,198,978-0-382-96577-7,9999
BK00575,Farmasi Klinis Klinis,"R. Hana Natsir, M.Farm",Deepublish,2018,"Fakultas Sains, Teknologi, & Kesehatan",Farmasi,Farmakologi & Kefarmasian,"Buku ini membahas secara mendalam tentang interaksi obat dalam tubuh, efek samping dan dosis obat, serta mekanisme kerja obat. Disusun dengan bahasa yang mudah dipahami untuk kalangan akademik.","kimia farmasi, apoteker, formulasi obat, farmakokinetik",Indonesia,E-book,451,978-1-316-52669-9,9999
BK00576,Kimia Farmasi Klinis,Ajimat Damanik,Alfabeta,2016,"Fakultas Sains, Teknologi, & Kesehatan",Farmasi,Farmakologi & Kefarmasian,"Buku ini dirancang sebagai panduan untuk memahami formulasi sediaan farmasi, mekanisme kerja obat, serta interaksi obat dalam tubuh. Menjadi rujukan penting dalam perkuliahan dan penelitian terkait.","toksikologi, farmakologi, kimia farmasi, obat",Indonesia,E-book,163,978-0-7342-0696-1,9999
BK00577,Prinsip Farmasi Klinis Edisi Terbaru,Tgk. Eka Irawan,Bumi Aksara,2011,"Fakultas Sains, Teknologi, & Kesehatan",Farmasi,Farmakologi & Kefarmasian,"Buku ini memberikan pemahaman menyeluruh tentang mekanisme kerja obat, pelayanan kefarmasian klinis, serta formulasi sediaan farmasi. Menjadi rujukan penting dalam perkuliahan dan penelitian terkait.","farmakologi, toksikologi, farmasi klinis, farmakokinetik",Indonesia,Fisik,210,978-0-910867-71-9,4
BK00578,Kimia Farmasi untuk Praktik Klinis Edisi Revisi,Nasab Putra,Alfabeta,2008,"Fakultas Sains, Teknologi, & Kesehatan",Farmasi,Farmakologi & Kefarmasian,"Buku ini membahas secara mendalam tentang mekanisme kerja obat, formulasi sediaan farmasi, serta pelayanan kefarmasian klinis. Membantu pembaca membangun pemahaman konseptual maupun praktis.","obat, kimia farmasi, farmakologi, farmakokinetik",Indonesia,E-book,478,978-1-4762-6393-9,9999
BK00579,Prinsip Kimia Farmasi Edisi Ke-3,"Tgk. Titi Wastuti, S.Kom",Pustaka Pelajar,2010,"Fakultas Sains, Teknologi, & Kesehatan",Farmasi,Farmakologi & Kefarmasian,"Buku ini membahas secara mendalam tentang formulasi sediaan farmasi, pelayanan kefarmasian klinis, serta efek samping dan dosis obat. Cocok digunakan sebagai referensi utama bagi mahasiswa dan praktisi.","farmasi klinis, apoteker, obat, kimia farmasi",Indonesia,E-book,242,978-0-620-44397-5,9999
BK00580,Pengantar Farmasetika Edisi Ke-2,Hairyanto Padmasari,Deepublish,2007,"Fakultas Sains, Teknologi, & Kesehatan",Farmasi,Farmakologi & Kefarmasian,"Buku ini menyajikan kajian komprehensif mengenai efek samping dan dosis obat, formulasi sediaan farmasi, serta mekanisme kerja obat. Disusun dengan bahasa yang mudah dipahami untuk kalangan akademik.","kimia farmasi, obat, farmakologi, toksikologi",Indonesia,E-book,300,978-0-07-256366-5,9999
BK00581,Farmakologi untuk Praktik Klinis,"Rina Rajasa, S.Pt, Kalim Halim",Rajawali Pers,2009,"Fakultas Sains, Teknologi, & Kesehatan",Farmasi,Farmakologi & Kefarmasian,"Buku ini dirancang sebagai panduan untuk memahami formulasi sediaan farmasi, interaksi obat dalam tubuh, serta pelayanan kefarmasian klinis. Dilengkapi dengan contoh kasus dan studi lapangan yang relevan.","obat, farmakologi, apoteker, formulasi obat",Indonesia,Fisik,531,978-1-375-99004-2,5
BK00582,Prinsip Farmasetika,Drs. Harjaya Sihombing,Pustaka Pelajar,2024,"Fakultas Sains, Teknologi, & Kesehatan",Farmasi,Farmakologi & Kefarmasian,"Buku ini mengulas berbagai aspek penting dari mekanisme kerja obat, formulasi sediaan farmasi, serta interaksi obat dalam tubuh. Membantu pembaca membangun pemahaman konseptual maupun praktis.","kimia farmasi, farmasi klinis, apoteker, toksikologi",Indonesia,Fisik,471,978-1-280-92428-6,8
BK00583,Kimia Farmasi Klinis,Jessica Hastuti,PT Grasindo,2011,"Fakultas Sains, Teknologi, & Kesehatan",Farmasi,Farmakologi & Kefarmasian,"Buku ini menyajikan kajian komprehensif mengenai interaksi obat dalam tubuh, efek samping dan dosis obat, serta pelayanan kefarmasian klinis. Cocok digunakan sebagai referensi utama bagi mahasiswa dan praktisi.","farmasi klinis, kimia farmasi, toksikologi, farmakologi",Indonesia,Fisik,440,978-0-586-24150-9,8
BK00584,Farmasi Klinis untuk Praktik Klinis,Jamil Setiawan,Graha Ilmu,2021,"Fakultas Sains, Teknologi, & Kesehatan",Farmasi,Farmakologi & Kefarmasian,"Buku ini membahas secara mendalam tentang formulasi sediaan farmasi, pelayanan kefarmasian klinis, serta mekanisme kerja obat. Membantu pembaca membangun pemahaman konseptual maupun praktis.","farmakokinetik, toksikologi, formulasi obat, apoteker",Indonesia,Fisik,527,978-1-4494-8562-7,7
BK00585,Pengantar Farmakologi,Unjani Lestari,Pustaka Pelajar,2014,"Fakultas Sains, Teknologi, & Kesehatan",Farmasi,Farmakologi & Kefarmasian,"Buku ini dirancang sebagai panduan untuk memahami pelayanan kefarmasian klinis, formulasi sediaan farmasi, serta efek samping dan dosis obat. Dilengkapi dengan contoh kasus dan studi lapangan yang relevan.","farmasi klinis, toksikologi, farmakokinetik, obat",Indonesia,Fisik,529,978-1-03-203207-8,4
BK00586,Prinsip Farmakologi Edisi Revisi,"Elisa Hastuti, Calista Lailasari",Salemba Empat,2014,"Fakultas Sains, Teknologi, & Kesehatan",Farmasi,Farmakologi & Kefarmasian,"Buku ini menyajikan kajian komprehensif mengenai mekanisme kerja obat, pelayanan kefarmasian klinis, serta interaksi obat dalam tubuh. Disusun dengan bahasa yang mudah dipahami untuk kalangan akademik.","formulasi obat, farmakologi, toksikologi, farmasi klinis",Indonesia,E-book,258,978-1-58777-121-7,9999
BK00587,Kimia Farmasi Klinis,"Cornelia Putra, Tgk. Elvina Narpati, M.TI.",Bumi Aksara,2013,"Fakultas Sains, Teknologi, & Kesehatan",Farmasi,Farmakologi & Kefarmasian,"Buku ini memberikan pemahaman menyeluruh tentang interaksi obat dalam tubuh, efek samping dan dosis obat, serta pelayanan kefarmasian klinis. Cocok digunakan sebagai referensi utama bagi mahasiswa dan praktisi.","toksikologi, farmakologi, kimia farmasi, farmasi klinis",Indonesia,Fisik,408,978-0-908926-13-8,6
BK00588,Farmasi Klinis untuk Praktik Klinis,"drg. Murti Kuswoyo, S.Psi, Edi Zulaika",Deepublish,2019,"Fakultas Sains, Teknologi, & Kesehatan",Farmasi,Farmakologi & Kefarmasian,"Buku ini mengulas berbagai aspek penting dari formulasi sediaan farmasi, pelayanan kefarmasian klinis, serta mekanisme kerja obat. Membantu pembaca membangun pemahaman konseptual maupun praktis.","farmasi klinis, toksikologi, formulasi obat, obat",Inggris,Fisik,169,978-1-59152-017-7,2
BK00589,Pengantar Farmakognosi,"Hj. Natalia Hasanah, S.T.",Informatika Bandung,2005,"Fakultas Sains, Teknologi, & Kesehatan",Farmasi,Farmakologi & Kefarmasian,"Buku ini membahas secara mendalam tentang efek samping dan dosis obat, pelayanan kefarmasian klinis, serta interaksi obat dalam tubuh. Membantu pembaca membangun pemahaman konseptual maupun praktis.","kimia farmasi, farmasi klinis, toksikologi, farmakokinetik",Indonesia,Fisik,434,978-1-09-759230-2,4
BK00590,Farmakognosi untuk Praktik Klinis,"Ir. Eko Sinaga, S.Gz",Andi Publisher,2006,"Fakultas Sains, Teknologi, & Kesehatan",Farmasi,Farmakologi & Kefarmasian,"Buku ini dirancang sebagai panduan untuk memahami efek samping dan dosis obat, mekanisme kerja obat, serta interaksi obat dalam tubuh. Menjadi rujukan penting dalam perkuliahan dan penelitian terkait.","formulasi obat, farmakologi, toksikologi, obat",Indonesia,Fisik,544,978-1-164-23610-8,1
BK00591,Farmakologi untuk Praktik Klinis,"R.A. Elisa Wibisono, S.Sos",Pustaka Pelajar,2009,"Fakultas Sains, Teknologi, & Kesehatan",Farmasi,Farmakologi & Kefarmasian,"Buku ini menyajikan kajian komprehensif mengenai pelayanan kefarmasian klinis, mekanisme kerja obat, serta formulasi sediaan farmasi. Membantu pembaca membangun pemahaman konseptual maupun praktis.","farmakokinetik, apoteker, farmakologi, kimia farmasi",Indonesia,Fisik,465,978-0-14-764925-6,2
BK00592,Pengantar Farmasetika,"Bakti Uwais, M.TI., Jindra Hassanah",Rajawali Pers,2008,"Fakultas Sains, Teknologi, & Kesehatan",Farmasi,Farmakologi & Kefarmasian,"Buku ini menyajikan kajian komprehensif mengenai mekanisme kerja obat, pelayanan kefarmasian klinis, serta efek samping dan dosis obat. Membantu pembaca membangun pemahaman konseptual maupun praktis.","kimia farmasi, formulasi obat, farmakokinetik, obat",Indonesia,Fisik,173,978-1-4996-1659-0,7
BK00593,Kimia Farmasi untuk Praktik Klinis,Ibrahim Usamah,Informatika Bandung,2008,"Fakultas Sains, Teknologi, & Kesehatan",Farmasi,Farmakologi & Kefarmasian,"Buku ini memberikan pemahaman menyeluruh tentang interaksi obat dalam tubuh, formulasi sediaan farmasi, serta efek samping dan dosis obat. Membantu pembaca membangun pemahaman konseptual maupun praktis.","formulasi obat, toksikologi, apoteker, obat",Indonesia,E-book,131,978-0-08-573278-2,9999
BK00594,Farmasetika Klinis,"Marsudi Novitasari, S.Pt, Nadia Fujiati",PT Grasindo,2013,"Fakultas Sains, Teknologi, & Kesehatan",Farmasi,Farmakologi & Kefarmasian,"Buku ini memberikan pemahaman menyeluruh tentang formulasi sediaan farmasi, mekanisme kerja obat, serta pelayanan kefarmasian klinis. Disusun dengan bahasa yang mudah dipahami untuk kalangan akademik.","toksikologi, kimia farmasi, apoteker, farmasi klinis",Inggris,E-book,529,978-1-4224-3864-0,9999
BK00595,Prinsip Kimia Farmasi,"Cut Puspa Hutagalung, Kambali Kurniawan",Nuha Medika,2024,"Fakultas Sains, Teknologi, & Kesehatan",Farmasi,Farmakologi & Kefarmasian,"Buku ini mengulas berbagai aspek penting dari efek samping dan dosis obat, mekanisme kerja obat, serta formulasi sediaan farmasi. Cocok digunakan sebagai referensi utama bagi mahasiswa dan praktisi.","formulasi obat, toksikologi, farmakologi, kimia farmasi",Indonesia,Fisik,191,978-1-179-45491-7,7
BK00596,Pengantar Farmakologi,"Dr. Agus Latupono, M.M.",Graha Ilmu,2023,"Fakultas Sains, Teknologi, & Kesehatan",Farmasi,Farmakologi & Kefarmasian,"Buku ini menyajikan kajian komprehensif mengenai efek samping dan dosis obat, mekanisme kerja obat, serta pelayanan kefarmasian klinis. Disusun dengan bahasa yang mudah dipahami untuk kalangan akademik.","toksikologi, farmasi klinis, farmakokinetik, formulasi obat",Inggris,E-book,522,978-0-601-64597-8,9999
BK00597,Pengantar Farmasetika,"Ir. Ihsan Oktaviani, S.T.",UI Press,2023,"Fakultas Sains, Teknologi, & Kesehatan",Farmasi,Farmakologi & Kefarmasian,"Buku ini mengulas berbagai aspek penting dari interaksi obat dalam tubuh, formulasi sediaan farmasi, serta mekanisme kerja obat. Membantu pembaca membangun pemahaman konseptual maupun praktis.","kimia farmasi, toksikologi, apoteker, formulasi obat",Inggris,Fisik,143,978-0-321-94168-8,0
BK00598,Farmakologi Klinis,Adhiarja Widodo,Erlangga,2007,"Fakultas Sains, Teknologi, & Kesehatan",Farmasi,Farmakologi & Kefarmasian,"Buku ini memberikan pemahaman menyeluruh tentang mekanisme kerja obat, interaksi obat dalam tubuh, serta formulasi sediaan farmasi. Menjadi rujukan penting dalam perkuliahan dan penelitian terkait.","kimia farmasi, farmasi klinis, obat, farmakokinetik",Indonesia,Fisik,139,978-0-277-69749-3,1
BK00599,Pengantar Farmakognosi,"Ir. Karen Wulandari, S.Sos, T. Bakianto Mahendra, S.E.I",Elex Media Komputindo,2011,"Fakultas Sains, Teknologi, & Kesehatan",Farmasi,Farmakologi & Kefarmasian,"Buku ini dirancang sebagai panduan untuk memahami efek samping dan dosis obat, interaksi obat dalam tubuh, serta formulasi sediaan farmasi. Membantu pembaca membangun pemahaman konseptual maupun praktis.","farmasi klinis, kimia farmasi, farmakologi, toksikologi",Indonesia,Fisik,344,978-0-10-303723-3,4
BK00600,Farmasetika Klinis Edisi Ke-2,"Zaenab Utami, Drs. Fitriani Irawan, S.Pd",Andi Publisher,2018,"Fakultas Sains, Teknologi, & Kesehatan",Farmasi,Farmakologi & Kefarmasian,"Buku ini membahas secara mendalam tentang interaksi obat dalam tubuh, mekanisme kerja obat, serta efek samping dan dosis obat. Disusun dengan bahasa yang mudah dipahami untuk kalangan akademik.","farmakologi, farmakokinetik, apoteker, kimia farmasi",Indonesia,Fisik,469,978-0-7601-2277-8,8
BK00601,Farmasi Klinis Klinis,Ayu Hartati,Andi Publisher,2007,"Fakultas Sains, Teknologi, & Kesehatan",Farmasi,Farmakologi & Kefarmasian,"Buku ini memberikan pemahaman menyeluruh tentang interaksi obat dalam tubuh, mekanisme kerja obat, serta pelayanan kefarmasian klinis. Menjadi rujukan penting dalam perkuliahan dan penelitian terkait.","farmakokinetik, farmasi klinis, formulasi obat, kimia farmasi",Indonesia,E-book,272,978-0-496-05016-1,9999
BK00602,Dasar Kimia Farmasi Edisi Ke-3,"Zizi Lailasari, Ratna Riyanti, M.Pd",Kencana Prenada,2022,"Fakultas Sains, Teknologi, & Kesehatan",Farmasi,Farmakologi & Kefarmasian,"Buku ini mengulas berbagai aspek penting dari formulasi sediaan farmasi, mekanisme kerja obat, serta efek samping dan dosis obat. Cocok digunakan sebagai referensi utama bagi mahasiswa dan praktisi.","formulasi obat, apoteker, farmasi klinis, toksikologi",Indonesia,Fisik,436,978-0-7678-9973-4,0
BK00603,Kimia Farmasi untuk Praktik Klinis,"Almira Nuraini, S.Ked",Graha Ilmu,2011,"Fakultas Sains, Teknologi, & Kesehatan",Farmasi,Farmakologi & Kefarmasian,"Buku ini membahas secara mendalam tentang formulasi sediaan farmasi, interaksi obat dalam tubuh, serta efek samping dan dosis obat. Dilengkapi dengan contoh kasus dan studi lapangan yang relevan.","farmakologi, kimia farmasi, farmasi klinis, toksikologi",Indonesia,Fisik,372,978-1-81467-179-2,1
BK00604,Pengantar Farmakologi,"Ganjaran Hassanah, S.Farm",Kencana Prenada,2021,"Fakultas Sains, Teknologi, & Kesehatan",Farmasi,Farmakologi & Kefarmasian,"Buku ini membahas secara mendalam tentang formulasi sediaan farmasi, mekanisme kerja obat, serta efek samping dan dosis obat. Menjadi rujukan penting dalam perkuliahan dan penelitian terkait.","obat, formulasi obat, toksikologi, kimia farmasi",Indonesia,Fisik,364,978-0-437-57383-4,4
BK00605,Dasar Farmakologi Edisi Ke-2,Hj. Jessica Suartini,Informatika Bandung,2009,"Fakultas Sains, Teknologi, & Kesehatan",Farmasi,Farmakologi & Kefarmasian,"Buku ini memberikan pemahaman menyeluruh tentang pelayanan kefarmasian klinis, efek samping dan dosis obat, serta mekanisme kerja obat. Menjadi rujukan penting dalam perkuliahan dan penelitian terkait.","apoteker, farmakokinetik, kimia farmasi, farmakologi",Inggris,E-book,190,978-0-466-57293-8,9999
BK00606,Prinsip Farmakologi,Shakila Irawan,Gramedia Pustaka Utama,2023,"Fakultas Sains, Teknologi, & Kesehatan",Farmasi,Farmakologi & Kefarmasian,"Buku ini menyajikan kajian komprehensif mengenai efek samping dan dosis obat, mekanisme kerja obat, serta pelayanan kefarmasian klinis. Cocok digunakan sebagai referensi utama bagi mahasiswa dan praktisi.","farmakokinetik, farmasi klinis, obat, apoteker",Indonesia,Fisik,502,978-0-232-97167-5,8
BK00607,Dasar Farmasetika Edisi Revisi,"Gilda Pranowo, Dt. Ajiman Tamba",Salemba Empat,2014,"Fakultas Sains, Teknologi, & Kesehatan",Farmasi,Farmakologi & Kefarmasian,"Buku ini dirancang sebagai panduan untuk memahami mekanisme kerja obat, formulasi sediaan farmasi, serta interaksi obat dalam tubuh. Dilengkapi dengan contoh kasus dan studi lapangan yang relevan.","farmasi klinis, toksikologi, obat, kimia farmasi",Inggris,Fisik,456,978-1-228-01561-8,1
BK00608,Dasar Toksikologi,"R.A. Devi Purwanti, Jinawi Rajata",Alfabeta,2021,"Fakultas Sains, Teknologi, & Kesehatan",Farmasi,Farmakologi & Kefarmasian,"Buku ini mengulas berbagai aspek penting dari formulasi sediaan farmasi, pelayanan kefarmasian klinis, serta efek samping dan dosis obat. Dilengkapi dengan contoh kasus dan studi lapangan yang relevan.","farmakokinetik, apoteker, obat, toksikologi",Indonesia,E-book,397,978-1-08-428910-9,9999
BK00609,Dasar Toksikologi,Wirda Haryanti,UI Press,2008,"Fakultas Sains, Teknologi, & Kesehatan",Farmasi,Farmakologi & Kefarmasian,"Buku ini dirancang sebagai panduan untuk memahami interaksi obat dalam tubuh, pelayanan kefarmasian klinis, serta efek samping dan dosis obat. Dilengkapi dengan contoh kasus dan studi lapangan yang relevan.","kimia farmasi, farmasi klinis, farmakologi, obat",Indonesia,Fisik,240,978-0-9918081-2-0,7
BK00610,Dasar Farmakologi,"Banara Putra, S.I.Kom, Ozy Siregar",Gramedia Pustaka Utama,2020,"Fakultas Sains, Teknologi, & Kesehatan",Farmasi,Farmakologi & Kefarmasian,"Buku ini dirancang sebagai panduan untuk memahami mekanisme kerja obat, pelayanan kefarmasian klinis, serta interaksi obat dalam tubuh. Menjadi rujukan penting dalam perkuliahan dan penelitian terkait.","formulasi obat, kimia farmasi, toksikologi, farmasi klinis",Inggris,Fisik,347,978-1-125-52137-3,0
BK00611,Kimia Farmasi Klinis Edisi Terbaru,Vivi Ardianto,Graha Ilmu,2005,"Fakultas Sains, Teknologi, & Kesehatan",Farmasi,Farmakologi & Kefarmasian,"Buku ini dirancang sebagai panduan untuk memahami mekanisme kerja obat, formulasi sediaan farmasi, serta interaksi obat dalam tubuh. Dilengkapi dengan contoh kasus dan studi lapangan yang relevan.","formulasi obat, farmakologi, kimia farmasi, farmasi klinis",Inggris,Fisik,520,978-1-5482-1456-2,0
BK00612,Kimia Farmasi untuk Praktik Klinis,Siti Widiastuti,Salemba Empat,2012,"Fakultas Sains, Teknologi, & Kesehatan",Farmasi,Farmakologi & Kefarmasian,"Buku ini memberikan pemahaman menyeluruh tentang efek samping dan dosis obat, formulasi sediaan farmasi, serta mekanisme kerja obat. Menjadi rujukan penting dalam perkuliahan dan penelitian terkait.","formulasi obat, apoteker, kimia farmasi, toksikologi",Indonesia,Fisik,529,978-0-86326-667-6,4
BK00613,Farmakognosi Klinis,"Drs. Wulan Zulaika, S.I.Kom",Bumi Aksara,2008,"Fakultas Sains, Teknologi, & Kesehatan",Farmasi,Farmakologi & Kefarmasian,"Buku ini dirancang sebagai panduan untuk memahami formulasi sediaan farmasi, pelayanan kefarmasian klinis, serta efek samping dan dosis obat. Cocok digunakan sebagai referensi utama bagi mahasiswa dan praktisi.","farmakologi, formulasi obat, farmasi klinis, farmakokinetik",Indonesia,Fisik,211,978-1-208-11556-7,7
BK00614,Dasar Kimia Farmasi Edisi Revisi,"R.M. Ibrahim Halim, S.Sos",Graha Ilmu,2024,"Fakultas Sains, Teknologi, & Kesehatan",Farmasi,Farmakologi & Kefarmasian,"Buku ini membahas secara mendalam tentang efek samping dan dosis obat, mekanisme kerja obat, serta formulasi sediaan farmasi. Disusun dengan bahasa yang mudah dipahami untuk kalangan akademik.","kimia farmasi, farmakokinetik, formulasi obat, obat",Indonesia,Fisik,212,978-0-908466-84-9,4
BK00615,Pengantar Kimia Farmasi Edisi Ke-2,"Uli Sihotang, S.I.Kom, Raden Setiawan",Kencana Prenada,2022,"Fakultas Sains, Teknologi, & Kesehatan",Farmasi,Farmakologi & Kefarmasian,"Buku ini mengulas berbagai aspek penting dari interaksi obat dalam tubuh, efek samping dan dosis obat, serta formulasi sediaan farmasi. Cocok digunakan sebagai referensi utama bagi mahasiswa dan praktisi.","farmakologi, obat, kimia farmasi, farmakokinetik",Indonesia,E-book,252,978-1-7389975-6-5,9999
BK00616,Dasar Farmasetika,"Sutan Teguh Sihombing, S.Pt",Andi Publisher,2021,"Fakultas Sains, Teknologi, & Kesehatan",Farmasi,Farmakologi & Kefarmasian,"Buku ini memberikan pemahaman menyeluruh tentang mekanisme kerja obat, pelayanan kefarmasian klinis, serta formulasi sediaan farmasi. Cocok digunakan sebagai referensi utama bagi mahasiswa dan praktisi.","farmakologi, formulasi obat, obat, farmasi klinis",Indonesia,Fisik,286,978-1-62884-318-7,5
BK00617,Dasar Farmasetika,"T. Karma Siregar, Ir. Capa Damanik, S.Ked",Gramedia Pustaka Utama,2014,"Fakultas Sains, Teknologi, & Kesehatan",Farmasi,Farmakologi & Kefarmasian,"Buku ini mengulas berbagai aspek penting dari formulasi sediaan farmasi, efek samping dan dosis obat, serta pelayanan kefarmasian klinis. Menjadi rujukan penting dalam perkuliahan dan penelitian terkait.","farmakologi, farmasi klinis, formulasi obat, apoteker",Indonesia,Fisik,142,978-0-468-10548-6,4
BK00618,Farmakologi untuk Praktik Klinis Edisi Ke-2,Dewi Hardiansyah,Informatika Bandung,2012,"Fakultas Sains, Teknologi, & Kesehatan",Farmasi,Farmakologi & Kefarmasian,"Buku ini membahas secara mendalam tentang mekanisme kerja obat, interaksi obat dalam tubuh, serta efek samping dan dosis obat. Cocok digunakan sebagai referensi utama bagi mahasiswa dan praktisi.","farmakokinetik, obat, toksikologi, formulasi obat",Indonesia,E-book,528,978-1-4907-5399-7,9999
BK00619,Kimia Farmasi untuk Praktik Klinis,"Sari Widiastuti, M.Pd",Nuha Medika,2012,"Fakultas Sains, Teknologi, & Kesehatan",Farmasi,Farmakologi & Kefarmasian,"Buku ini menyajikan kajian komprehensif mengenai formulasi sediaan farmasi, interaksi obat dalam tubuh, serta efek samping dan dosis obat. Disusun dengan bahasa yang mudah dipahami untuk kalangan akademik.","farmakokinetik, farmasi klinis, obat, formulasi obat",Indonesia,E-book,179,978-1-4492-6831-2,9999
BK00620,Prinsip Farmasetika,Padma Padmasari,Nuha Medika,2012,"Fakultas Sains, Teknologi, & Kesehatan",Farmasi,Farmakologi & Kefarmasian,"Buku ini memberikan pemahaman menyeluruh tentang mekanisme kerja obat, formulasi sediaan farmasi, serta efek samping dan dosis obat. Membantu pembaca membangun pemahaman konseptual maupun praktis.","obat, farmasi klinis, formulasi obat, farmakokinetik",Inggris,Fisik,411,978-1-71266-110-9,2
BK00621,Prinsip Farmasetika,"Diah Kusmawati, Ivan Hutagalung",Salemba Empat,2021,"Fakultas Sains, Teknologi, & Kesehatan",Farmasi,Farmakologi & Kefarmasian,"Buku ini memberikan pemahaman menyeluruh tentang formulasi sediaan farmasi, mekanisme kerja obat, serta efek samping dan dosis obat. Menjadi rujukan penting dalam perkuliahan dan penelitian terkait.","formulasi obat, apoteker, farmasi klinis, farmakokinetik",Inggris,E-book,515,978-1-988649-76-4,9999
BK00622,Kimia Farmasi Klinis Edisi Revisi,Shakila Lestari,PT Grasindo,2009,"Fakultas Sains, Teknologi, & Kesehatan",Farmasi,Farmakologi & Kefarmasian,"Buku ini menyajikan kajian komprehensif mengenai mekanisme kerja obat, efek samping dan dosis obat, serta pelayanan kefarmasian klinis. Cocok digunakan sebagai referensi utama bagi mahasiswa dan praktisi.","kimia farmasi, farmakokinetik, farmakologi, obat",Inggris,Fisik,185,978-0-282-77288-8,6
BK00623,Pengantar Farmakologi,Marsito Prabowo,Nuha Medika,2018,"Fakultas Sains, Teknologi, & Kesehatan",Farmasi,Farmakologi & Kefarmasian,"Buku ini mengulas berbagai aspek penting dari mekanisme kerja obat, pelayanan kefarmasian klinis, serta efek samping dan dosis obat. Menjadi rujukan penting dalam perkuliahan dan penelitian terkait.","farmakokinetik, formulasi obat, apoteker, kimia farmasi",Inggris,Fisik,507,978-1-02-851961-3,7
BK00624,Farmasetika Klinis,Hairyanto Pertiwi,Nuha Medika,2015,"Fakultas Sains, Teknologi, & Kesehatan",Farmasi,Farmakologi & Kefarmasian,"Buku ini memberikan pemahaman menyeluruh tentang pelayanan kefarmasian klinis, formulasi sediaan farmasi, serta efek samping dan dosis obat. Menjadi rujukan penting dalam perkuliahan dan penelitian terkait.","obat, kimia farmasi, farmakologi, formulasi obat",Indonesia,E-book,489,978-0-8215-4544-7,9999
BK00625,Dasar Farmasi Klinis,Ana Megantara,Alfabeta,2018,"Fakultas Sains, Teknologi, & Kesehatan",Farmasi,Farmakologi & Kefarmasian,"Buku ini membahas secara mendalam tentang formulasi sediaan farmasi, interaksi obat dalam tubuh, serta mekanisme kerja obat. Dilengkapi dengan contoh kasus dan studi lapangan yang relevan.","apoteker, farmasi klinis, kimia farmasi, toksikologi",Indonesia,Fisik,297,978-1-04-432701-8,4
BK00626,Dasar Toksikologi,Tgk. Bagas Gunawan,Elex Media Komputindo,2008,"Fakultas Sains, Teknologi, & Kesehatan",Farmasi,Farmakologi & Kefarmasian,"Buku ini mengulas berbagai aspek penting dari mekanisme kerja obat, interaksi obat dalam tubuh, serta formulasi sediaan farmasi. Dilengkapi dengan contoh kasus dan studi lapangan yang relevan.","farmasi klinis, kimia farmasi, apoteker, formulasi obat",Indonesia,Fisik,426,978-1-949756-79-1,0
BK00627,Dasar Kimia Farmasi,"Prabowo Mandala, Ir. Jagaraga Hartati",Nuha Medika,2008,"Fakultas Sains, Teknologi, & Kesehatan",Farmasi,Farmakologi & Kefarmasian,"Buku ini mengulas berbagai aspek penting dari efek samping dan dosis obat, interaksi obat dalam tubuh, serta pelayanan kefarmasian klinis. Cocok digunakan sebagai referensi utama bagi mahasiswa dan praktisi.","toksikologi, farmasi klinis, formulasi obat, kimia farmasi",Inggris,Fisik,254,978-0-519-96636-3,1
BK00628,Pengantar Farmasetika,Puput Gunawan,Andi Publisher,2019,"Fakultas Sains, Teknologi, & Kesehatan",Farmasi,Farmakologi & Kefarmasian,"Buku ini mengulas berbagai aspek penting dari formulasi sediaan farmasi, interaksi obat dalam tubuh, serta pelayanan kefarmasian klinis. Disusun dengan bahasa yang mudah dipahami untuk kalangan akademik.","obat, farmakokinetik, kimia farmasi, farmakologi",Indonesia,Fisik,341,978-1-120-94818-2,1
BK00629,Farmakognosi Klinis,Dadi Safitri,Alfabeta,2011,"Fakultas Sains, Teknologi, & Kesehatan",Farmasi,Farmakologi & Kefarmasian,"Buku ini memberikan pemahaman menyeluruh tentang interaksi obat dalam tubuh, pelayanan kefarmasian klinis, serta formulasi sediaan farmasi. Dilengkapi dengan contoh kasus dan studi lapangan yang relevan.","farmakologi, farmakokinetik, apoteker, kimia farmasi",Inggris,Fisik,368,978-0-7801-8204-2,2
BK00630,Pengantar Farmasi Klinis Edisi Revisi,"Sutan Dipa Prastuti, M.M.",Alfabeta,2018,"Fakultas Sains, Teknologi, & Kesehatan",Farmasi,Farmakologi & Kefarmasian,"Buku ini menyajikan kajian komprehensif mengenai efek samping dan dosis obat, interaksi obat dalam tubuh, serta formulasi sediaan farmasi. Cocok digunakan sebagai referensi utama bagi mahasiswa dan praktisi.","toksikologi, farmakologi, kimia farmasi, apoteker",Inggris,E-book,418,978-1-69070-562-8,9999
BK00631,Pengantar Kimia Farmasi,Aisyah Nuraini,Pustaka Pelajar,2016,"Fakultas Sains, Teknologi, & Kesehatan",Farmasi,Farmakologi & Kefarmasian,"Buku ini memberikan pemahaman menyeluruh tentang efek samping dan dosis obat, pelayanan kefarmasian klinis, serta formulasi sediaan farmasi. Membantu pembaca membangun pemahaman konseptual maupun praktis.","formulasi obat, apoteker, obat, farmasi klinis",Indonesia,Fisik,232,978-1-4111-8242-4,1
BK00632,Panduan Pelayanan Kefarmasian Edisi Terbaru,"Dodo Irawan, Gaiman Wasita",Kencana Prenada,2018,"Fakultas Sains, Teknologi, & Kesehatan",Farmasi,Teknologi Farmasi & Pelayanan Kefarmasian,"Buku ini memberikan pemahaman menyeluruh tentang manajemen obat dan compounding, teknologi pembuatan sediaan obat, serta standar pelayanan farmasi profesional. Membantu pembaca membangun pemahaman konseptual maupun praktis.","pelayanan kefarmasian, compounding obat, teknologi farmasi, farmasi rumah sakit",Indonesia,Fisik,257,978-0-9520046-1-5,8
BK00633,Panduan Farmasi Rumah Sakit,Dinda Zulkarnain,Pustaka Pelajar,2013,"Fakultas Sains, Teknologi, & Kesehatan",Farmasi,Teknologi Farmasi & Pelayanan Kefarmasian,"Buku ini mengulas berbagai aspek penting dari manajemen obat dan compounding, standar pelayanan farmasi profesional, serta teknologi pembuatan sediaan obat. Cocok digunakan sebagai referensi utama bagi mahasiswa dan praktisi.","farmasi komunitas, compounding obat, pelayanan kefarmasian, farmasi rumah sakit",Indonesia,Fisik,445,978-1-61033-993-3,0
BK00634,Panduan Farmasi Komunitas Edisi Ke-2,Oni Mayasari,Graha Ilmu,2007,"Fakultas Sains, Teknologi, & Kesehatan",Farmasi,Teknologi Farmasi & Pelayanan Kefarmasian,"Buku ini membahas secara mendalam tentang standar pelayanan farmasi profesional, pelayanan kefarmasian di rumah sakit, serta praktik farmasi klinis pasien. Menjadi rujukan penting dalam perkuliahan dan penelitian terkait.","farmasi komunitas, teknologi farmasi, compounding obat, sediaan farmasi",Indonesia,E-book,152,978-0-405-78617-4,9999
BK00635,Dasar Teknologi Sediaan Farmasi,"Hasim Usada, Vino Budiyanto",Elex Media Komputindo,2018,"Fakultas Sains, Teknologi, & Kesehatan",Farmasi,Teknologi Farmasi & Pelayanan Kefarmasian,"Buku ini mengulas berbagai aspek penting dari teknologi pembuatan sediaan obat, praktik farmasi klinis pasien, serta pelayanan kefarmasian di rumah sakit. Disusun dengan bahasa yang mudah dipahami untuk kalangan akademik.","farmasi rumah sakit, sediaan farmasi, pelayanan kefarmasian, compounding obat",Indonesia,Fisik,138,978-0-382-49671-4,0
BK00636,Dasar Farmasi Komunitas,"Hj. Olivia Putra, S.E.I, Puput Narpati",Salemba Empat,2017,"Fakultas Sains, Teknologi, & Kesehatan",Farmasi,Teknologi Farmasi & Pelayanan Kefarmasian,"Buku ini membahas secara mendalam tentang teknologi pembuatan sediaan obat, pelayanan kefarmasian di rumah sakit, serta standar pelayanan farmasi profesional. Menjadi rujukan penting dalam perkuliahan dan penelitian terkait.","compounding obat, farmasi komunitas, teknologi farmasi, pelayanan kefarmasian",Indonesia,Fisik,159,978-1-870079-42-6,1
BK00637,Teknologi Farmasi Rumah Sakit,Asmuni Laksmiwati,Bumi Aksara,2005,"Fakultas Sains, Teknologi, & Kesehatan",Farmasi,Teknologi Farmasi & Pelayanan Kefarmasian,"Buku ini memberikan pemahaman menyeluruh tentang standar pelayanan farmasi profesional, praktik farmasi klinis pasien, serta teknologi pembuatan sediaan obat. Membantu pembaca membangun pemahaman konseptual maupun praktis.","farmasi rumah sakit, teknologi farmasi, pelayanan kefarmasian, sediaan farmasi",Indonesia,Fisik,223,978-1-65398-402-2,1
BK00638,Dasar Farmasi Komunitas,"Patricia Pratiwi, S.Pt",UI Press,2017,"Fakultas Sains, Teknologi, & Kesehatan",Farmasi,Teknologi Farmasi & Pelayanan Kefarmasian,"Buku ini membahas secara mendalam tentang praktik farmasi klinis pasien, teknologi pembuatan sediaan obat, serta manajemen obat dan compounding. Menjadi rujukan penting dalam perkuliahan dan penelitian terkait.","farmasi rumah sakit, pelayanan kefarmasian, compounding obat, farmasi komunitas",Indonesia,Fisik,234,978-0-612-84639-5,0
BK00639,Pengantar Farmasi Komunitas,KH. Galiono Zulaika,Kencana Prenada,2020,"Fakultas Sains, Teknologi, & Kesehatan",Farmasi,Teknologi Farmasi & Pelayanan Kefarmasian,"Buku ini menyajikan kajian komprehensif mengenai pelayanan kefarmasian di rumah sakit, standar pelayanan farmasi profesional, serta praktik farmasi klinis pasien. Dilengkapi dengan contoh kasus dan studi lapangan yang relevan.","farmasi komunitas, compounding obat, sediaan farmasi, teknologi farmasi",Indonesia,Fisik,326,978-1-74355-379-4,7
BK00640,Teknologi Farmasi Komunitas,Anita Mansur,Pustaka Pelajar,2022,"Fakultas Sains, Teknologi, & Kesehatan",Farmasi,Teknologi Farmasi & Pelayanan Kefarmasian,"Buku ini mengulas berbagai aspek penting dari standar pelayanan farmasi profesional, manajemen obat dan compounding, serta pelayanan kefarmasian di rumah sakit. Dilengkapi dengan contoh kasus dan studi lapangan yang relevan.","compounding obat, farmasi rumah sakit, teknologi farmasi, sediaan farmasi",Inggris,Fisik,453,978-1-00-268768-0,3
BK00641,Panduan Farmasi Komunitas,Pandu Yulianti,Rajawali Pers,2021,"Fakultas Sains, Teknologi, & Kesehatan",Farmasi,Teknologi Farmasi & Pelayanan Kefarmasian,"Buku ini membahas secara mendalam tentang pelayanan kefarmasian di rumah sakit, manajemen obat dan compounding, serta standar pelayanan farmasi profesional. Dilengkapi dengan contoh kasus dan studi lapangan yang relevan.","farmasi komunitas, teknologi farmasi, sediaan farmasi, farmasi rumah sakit",Indonesia,Fisik,344,978-0-7156-9562-3,1
BK00642,Panduan Farmasi Komunitas Edisi Terbaru,"Cut Dewi Hariyah, S.I.Kom, Ibun Anggriawan",Graha Ilmu,2021,"Fakultas Sains, Teknologi, & Kesehatan",Farmasi,Teknologi Farmasi & Pelayanan Kefarmasian,"Buku ini mengulas berbagai aspek penting dari praktik farmasi klinis pasien, pelayanan kefarmasian di rumah sakit, serta teknologi pembuatan sediaan obat. Disusun dengan bahasa yang mudah dipahami untuk kalangan akademik.","sediaan farmasi, pelayanan kefarmasian, farmasi komunitas, teknologi farmasi",Indonesia,E-book,452,978-0-453-19433-4,9999
BK00643,Pengantar Pelayanan Kefarmasian,"Karen Firgantoro, Nilam Sudiati",Pustaka Pelajar,2021,"Fakultas Sains, Teknologi, & Kesehatan",Farmasi,Teknologi Farmasi & Pelayanan Kefarmasian,"Buku ini menyajikan kajian komprehensif mengenai manajemen obat dan compounding, teknologi pembuatan sediaan obat, serta standar pelayanan farmasi profesional. Dilengkapi dengan contoh kasus dan studi lapangan yang relevan.","sediaan farmasi, compounding obat, farmasi komunitas, farmasi rumah sakit",Indonesia,Fisik,333,978-0-361-49872-2,2
BK00644,Panduan Farmasi Rumah Sakit,"Sutan Maryanto Pratiwi, Mahmud Suartini, M.Farm",Nuha Medika,2024,"Fakultas Sains, Teknologi, & Kesehatan",Farmasi,Teknologi Farmasi & Pelayanan Kefarmasian,"Buku ini membahas secara mendalam tentang pelayanan kefarmasian di rumah sakit, manajemen obat dan compounding, serta teknologi pembuatan sediaan obat. Cocok digunakan sebagai referensi utama bagi mahasiswa dan praktisi.","farmasi komunitas, farmasi rumah sakit, sediaan farmasi, compounding obat",Indonesia,Fisik,299,978-0-921249-38-2,8
BK00645,Farmasi Rumah Sakit: Praktik dan Pelayanan,"Violet Saefullah, S.Kom, Hj. Ayu Wastuti, M.Pd",Andi Publisher,2011,"Fakultas Sains, Teknologi, & Kesehatan",Farmasi,Teknologi Farmasi & Pelayanan Kefarmasian,"Buku ini dirancang sebagai panduan untuk memahami standar pelayanan farmasi profesional, manajemen obat dan compounding, serta teknologi pembuatan sediaan obat. Membantu pembaca membangun pemahaman konseptual maupun praktis.","pelayanan kefarmasian, sediaan farmasi, compounding obat, farmasi rumah sakit",Indonesia,Fisik,494,978-1-06-056641-5,3
BK00646,Pengantar Pelayanan Kefarmasian,"Karja Hastuti, M.Kom., Padma Gunawan",Deepublish,2011,"Fakultas Sains, Teknologi, & Kesehatan",Farmasi,Teknologi Farmasi & Pelayanan Kefarmasian,"Buku ini dirancang sebagai panduan untuk memahami standar pelayanan farmasi profesional, praktik farmasi klinis pasien, serta manajemen obat dan compounding. Menjadi rujukan penting dalam perkuliahan dan penelitian terkait.","sediaan farmasi, farmasi komunitas, pelayanan kefarmasian, farmasi rumah sakit",Indonesia,Fisik,230,978-0-468-75063-1,1
BK00647,Pengantar Teknologi Sediaan Farmasi,"Cindy Pertiwi, Dt. Okto Prasetyo, S.Farm",Rajawali Pers,2014,"Fakultas Sains, Teknologi, & Kesehatan",Farmasi,Teknologi Farmasi & Pelayanan Kefarmasian,"Buku ini memberikan pemahaman menyeluruh tentang manajemen obat dan compounding, standar pelayanan farmasi profesional, serta praktik farmasi klinis pasien. Disusun dengan bahasa yang mudah dipahami untuk kalangan akademik.","teknologi farmasi, farmasi komunitas, farmasi rumah sakit, compounding obat",Indonesia,E-book,321,978-0-325-41107-1,9999
BK00648,Panduan Farmasi Komunitas,Yani Dongoran,Nuha Medika,2018,"Fakultas Sains, Teknologi, & Kesehatan",Farmasi,Teknologi Farmasi & Pelayanan Kefarmasian,"Buku ini mengulas berbagai aspek penting dari teknologi pembuatan sediaan obat, standar pelayanan farmasi profesional, serta praktik farmasi klinis pasien. Dilengkapi dengan contoh kasus dan studi lapangan yang relevan.","compounding obat, sediaan farmasi, teknologi farmasi, farmasi komunitas",Inggris,E-book,523,978-1-317-35058-3,9999
BK00649,Teknologi Compounding Obat,"Sutan Warsa Hidayanto, M.Ak",PT Grasindo,2011,"Fakultas Sains, Teknologi, & Kesehatan",Farmasi,Teknologi Farmasi & Pelayanan Kefarmasian,"Buku ini dirancang sebagai panduan untuk memahami praktik farmasi klinis pasien, manajemen obat dan compounding, serta pelayanan kefarmasian di rumah sakit. Membantu pembaca membangun pemahaman konseptual maupun praktis.","farmasi rumah sakit, teknologi farmasi, compounding obat, farmasi komunitas",Indonesia,Fisik,502,978-0-7911-0065-3,0
BK00650,Panduan Pelayanan Kefarmasian,"Puti Violet Mahendra, S.Gz, drg. Asman Sihombing, M.Ak",Pustaka Pelajar,2013,"Fakultas Sains, Teknologi, & Kesehatan",Farmasi,Teknologi Farmasi & Pelayanan Kefarmasian,"Buku ini mengulas berbagai aspek penting dari praktik farmasi klinis pasien, pelayanan kefarmasian di rumah sakit, serta standar pelayanan farmasi profesional. Cocok digunakan sebagai referensi utama bagi mahasiswa dan praktisi.","compounding obat, farmasi komunitas, teknologi farmasi, farmasi rumah sakit",Inggris,Fisik,476,978-0-10-804661-2,4
BK00651,Teknologi Compounding Obat,drg. Gina Rahimah,UI Press,2006,"Fakultas Sains, Teknologi, & Kesehatan",Farmasi,Teknologi Farmasi & Pelayanan Kefarmasian,"Buku ini dirancang sebagai panduan untuk memahami teknologi pembuatan sediaan obat, manajemen obat dan compounding, serta praktik farmasi klinis pasien. Cocok digunakan sebagai referensi utama bagi mahasiswa dan praktisi.","pelayanan kefarmasian, sediaan farmasi, farmasi komunitas, farmasi rumah sakit",Indonesia,E-book,485,978-1-67699-150-2,9999
BK00652,Pengantar Teknologi Sediaan Farmasi Edisi Revisi,"Padma Sitompul, R.A. Cici Jailani",Graha Ilmu,2015,"Fakultas Sains, Teknologi, & Kesehatan",Farmasi,Teknologi Farmasi & Pelayanan Kefarmasian,"Buku ini dirancang sebagai panduan untuk memahami standar pelayanan farmasi profesional, praktik farmasi klinis pasien, serta pelayanan kefarmasian di rumah sakit. Cocok digunakan sebagai referensi utama bagi mahasiswa dan praktisi.","farmasi komunitas, teknologi farmasi, compounding obat, sediaan farmasi",Indonesia,E-book,489,978-0-939284-56-6,9999
BK00653,Dasar Farmasi Rumah Sakit,Tari Safitri,Nuha Medika,2010,"Fakultas Sains, Teknologi, & Kesehatan",Farmasi,Teknologi Farmasi & Pelayanan Kefarmasian,"Buku ini mengulas berbagai aspek penting dari standar pelayanan farmasi profesional, teknologi pembuatan sediaan obat, serta praktik farmasi klinis pasien. Cocok digunakan sebagai referensi utama bagi mahasiswa dan praktisi.","farmasi komunitas, teknologi farmasi, sediaan farmasi, pelayanan kefarmasian",Indonesia,Fisik,431,978-0-320-02496-2,3
BK00654,Pengantar Farmasi Rumah Sakit,Ir. Perkasa Tamba,Andi Publisher,2010,"Fakultas Sains, Teknologi, & Kesehatan",Farmasi,Teknologi Farmasi & Pelayanan Kefarmasian,"Buku ini membahas secara mendalam tentang pelayanan kefarmasian di rumah sakit, manajemen obat dan compounding, serta standar pelayanan farmasi profesional. Cocok digunakan sebagai referensi utama bagi mahasiswa dan praktisi.","teknologi farmasi, compounding obat, pelayanan kefarmasian, sediaan farmasi",Indonesia,Fisik,422,978-0-274-95450-6,0
BK00655,Teknologi Teknologi Sediaan Farmasi,Drs. Maryadi Wastuti,Deepublish,2014,"Fakultas Sains, Teknologi, & Kesehatan",Farmasi,Teknologi Farmasi & Pelayanan Kefarmasian,"Buku ini membahas secara mendalam tentang teknologi pembuatan sediaan obat, standar pelayanan farmasi profesional, serta manajemen obat dan compounding. Menjadi rujukan penting dalam perkuliahan dan penelitian terkait.","farmasi komunitas, farmasi rumah sakit, compounding obat, pelayanan kefarmasian",Indonesia,Fisik,409,978-0-388-06533-4,5
BK00656,Pengantar Teknologi Sediaan Farmasi,"Upik Pangestu, S.Pt, Fitriani Widiastuti",Nuha Medika,2016,"Fakultas Sains, Teknologi, & Kesehatan",Farmasi,Teknologi Farmasi & Pelayanan Kefarmasian,"Buku ini dirancang sebagai panduan untuk memahami pelayanan kefarmasian di rumah sakit, manajemen obat dan compounding, serta teknologi pembuatan sediaan obat. Disusun dengan bahasa yang mudah dipahami untuk kalangan akademik.","compounding obat, farmasi komunitas, pelayanan kefarmasian, farmasi rumah sakit",Indonesia,Fisik,547,978-1-959959-46-5,6
BK00657,Dasar Compounding Obat Edisi Terbaru,Elisa Jailani,Elex Media Komputindo,2013,"Fakultas Sains, Teknologi, & Kesehatan",Farmasi,Teknologi Farmasi & Pelayanan Kefarmasian,"Buku ini dirancang sebagai panduan untuk memahami standar pelayanan farmasi profesional, praktik farmasi klinis pasien, serta pelayanan kefarmasian di rumah sakit. Dilengkapi dengan contoh kasus dan studi lapangan yang relevan.","farmasi komunitas, compounding obat, farmasi rumah sakit, pelayanan kefarmasian",Inggris,Fisik,136,978-0-7303-3793-5,1
BK00658,Panduan Teknologi Sediaan Farmasi,Jaya Sitompul,Graha Ilmu,2020,"Fakultas Sains, Teknologi, & Kesehatan",Farmasi,Teknologi Farmasi & Pelayanan Kefarmasian,"Buku ini menyajikan kajian komprehensif mengenai pelayanan kefarmasian di rumah sakit, praktik farmasi klinis pasien, serta standar pelayanan farmasi profesional. Menjadi rujukan penting dalam perkuliahan dan penelitian terkait.","sediaan farmasi, pelayanan kefarmasian, teknologi farmasi, farmasi rumah sakit",Indonesia,E-book,171,978-0-620-50150-7,9999
BK00659,Pelayanan Kefarmasian: Praktik dan Pelayanan Edisi Ke-2,R. Caket Siregar,Alfabeta,2012,"Fakultas Sains, Teknologi, & Kesehatan",Farmasi,Teknologi Farmasi & Pelayanan Kefarmasian,"Buku ini memberikan pemahaman menyeluruh tentang standar pelayanan farmasi profesional, manajemen obat dan compounding, serta praktik farmasi klinis pasien. Menjadi rujukan penting dalam perkuliahan dan penelitian terkait.","pelayanan kefarmasian, sediaan farmasi, farmasi komunitas, compounding obat",Indonesia,E-book,292,978-0-9500334-2-6,9999
BK00660,Panduan Pelayanan Kefarmasian Edisi Ke-2,Timbul Saptono,Deepublish,2021,"Fakultas Sains, Teknologi, & Kesehatan",Farmasi,Teknologi Farmasi & Pelayanan Kefarmasian,"Buku ini membahas secara mendalam tentang praktik farmasi klinis pasien, manajemen obat dan compounding, serta standar pelayanan farmasi profesional. Dilengkapi dengan contoh kasus dan studi lapangan yang relevan.","sediaan farmasi, teknologi farmasi, pelayanan kefarmasian, farmasi rumah sakit",Indonesia,E-book,477,978-1-83230-241-8,9999
BK00661,Dasar Teknologi Sediaan Farmasi Edisi Ke-3,Radika Wastuti,Salemba Empat,2005,"Fakultas Sains, Teknologi, & Kesehatan",Farmasi,Teknologi Farmasi & Pelayanan Kefarmasian,"Buku ini menyajikan kajian komprehensif mengenai praktik farmasi klinis pasien, manajemen obat dan compounding, serta teknologi pembuatan sediaan obat. Menjadi rujukan penting dalam perkuliahan dan penelitian terkait.","teknologi farmasi, farmasi komunitas, compounding obat, sediaan farmasi",Indonesia,Fisik,274,978-1-153-47355-2,4
BK00662,Pengantar Teknologi Sediaan Farmasi,"Cawisono Novitasari, M.Ak",Rajawali Pers,2016,"Fakultas Sains, Teknologi, & Kesehatan",Farmasi,Teknologi Farmasi & Pelayanan Kefarmasian,"Buku ini memberikan pemahaman menyeluruh tentang standar pelayanan farmasi profesional, praktik farmasi klinis pasien, serta pelayanan kefarmasian di rumah sakit. Dilengkapi dengan contoh kasus dan studi lapangan yang relevan.","farmasi komunitas, farmasi rumah sakit, sediaan farmasi, compounding obat",Inggris,E-book,471,978-0-12-233865-6,9999
BK00663,Pengantar Farmasi Komunitas,Rahayu Aryani,Informatika Bandung,2014,"Fakultas Sains, Teknologi, & Kesehatan",Farmasi,Teknologi Farmasi & Pelayanan Kefarmasian,"Buku ini memberikan pemahaman menyeluruh tentang teknologi pembuatan sediaan obat, praktik farmasi klinis pasien, serta pelayanan kefarmasian di rumah sakit. Disusun dengan bahasa yang mudah dipahami untuk kalangan akademik.","farmasi komunitas, farmasi rumah sakit, teknologi farmasi, sediaan farmasi",Inggris,E-book,156,978-0-9938425-3-5,9999
BK00664,Panduan Compounding Obat Edisi Ke-2,Lasmono Setiawan,Elex Media Komputindo,2020,"Fakultas Sains, Teknologi, & Kesehatan",Farmasi,Teknologi Farmasi & Pelayanan Kefarmasian,"Buku ini menyajikan kajian komprehensif mengenai pelayanan kefarmasian di rumah sakit, manajemen obat dan compounding, serta standar pelayanan farmasi profesional. Dilengkapi dengan contoh kasus dan studi lapangan yang relevan.","compounding obat, farmasi komunitas, sediaan farmasi, pelayanan kefarmasian",Indonesia,Fisik,274,978-1-317-91286-6,6
BK00665,Farmasi Komunitas: Praktik dan Pelayanan,"Ir. Pardi Melani, S.I.Kom",PT Grasindo,2010,"Fakultas Sains, Teknologi, & Kesehatan",Farmasi,Teknologi Farmasi & Pelayanan Kefarmasian,"Buku ini memberikan pemahaman menyeluruh tentang manajemen obat dan compounding, pelayanan kefarmasian di rumah sakit, serta teknologi pembuatan sediaan obat. Dilengkapi dengan contoh kasus dan studi lapangan yang relevan.","compounding obat, farmasi komunitas, pelayanan kefarmasian, sediaan farmasi",Indonesia,Fisik,532,978-1-255-87774-6,1
BK00666,Teknologi Farmasi Komunitas,"drg. Suci Padmasari, Argono Pranowo, S.H.",Bumi Aksara,2006,"Fakultas Sains, Teknologi, & Kesehatan",Farmasi,Teknologi Farmasi & Pelayanan Kefarmasian,"Buku ini memberikan pemahaman menyeluruh tentang manajemen obat dan compounding, pelayanan kefarmasian di rumah sakit, serta teknologi pembuatan sediaan obat. Menjadi rujukan penting dalam perkuliahan dan penelitian terkait.","compounding obat, farmasi rumah sakit, pelayanan kefarmasian, farmasi komunitas",Inggris,Fisik,499,978-1-363-46692-4,1
BK00667,Dasar Pelayanan Kefarmasian,"dr. Hamima Pudjiastuti, S.Pt",Graha Ilmu,2005,"Fakultas Sains, Teknologi, & Kesehatan",Farmasi,Teknologi Farmasi & Pelayanan Kefarmasian,"Buku ini membahas secara mendalam tentang manajemen obat dan compounding, standar pelayanan farmasi profesional, serta praktik farmasi klinis pasien. Dilengkapi dengan contoh kasus dan studi lapangan yang relevan.","sediaan farmasi, compounding obat, teknologi farmasi, pelayanan kefarmasian",Indonesia,Fisik,383,978-0-478-53907-3,7
BK00668,Teknologi Farmasi Komunitas,"Drs. Gandi Aryani, Nadia Astuti",Gramedia Pustaka Utama,2014,"Fakultas Sains, Teknologi, & Kesehatan",Farmasi,Teknologi Farmasi & Pelayanan Kefarmasian,"Buku ini memberikan pemahaman menyeluruh tentang standar pelayanan farmasi profesional, praktik farmasi klinis pasien, serta teknologi pembuatan sediaan obat. Disusun dengan bahasa yang mudah dipahami untuk kalangan akademik.","pelayanan kefarmasian, farmasi komunitas, compounding obat, teknologi farmasi",Indonesia,Fisik,270,978-1-75460-273-3,5
BK00669,Teknologi Farmasi Komunitas,Septi Hutagalung,Rajawali Pers,2022,"Fakultas Sains, Teknologi, & Kesehatan",Farmasi,Teknologi Farmasi & Pelayanan Kefarmasian,"Buku ini menyajikan kajian komprehensif mengenai pelayanan kefarmasian di rumah sakit, manajemen obat dan compounding, serta standar pelayanan farmasi profesional. Cocok digunakan sebagai referensi utama bagi mahasiswa dan praktisi.","sediaan farmasi, teknologi farmasi, compounding obat, pelayanan kefarmasian",Indonesia,E-book,194,978-0-488-81431-3,9999
BK00670,Panduan Pelayanan Kefarmasian,Bagus Tarihoran,Rajawali Pers,2024,"Fakultas Sains, Teknologi, & Kesehatan",Farmasi,Teknologi Farmasi & Pelayanan Kefarmasian,"Buku ini membahas secara mendalam tentang pelayanan kefarmasian di rumah sakit, praktik farmasi klinis pasien, serta teknologi pembuatan sediaan obat. Dilengkapi dengan contoh kasus dan studi lapangan yang relevan.","sediaan farmasi, farmasi rumah sakit, pelayanan kefarmasian, teknologi farmasi",Inggris,E-book,491,978-0-535-44439-5,9999
BK00671,Pelayanan Kefarmasian: Praktik dan Pelayanan,"Sabar Palastri, Ajeng Salahudin",Kencana Prenada,2024,"Fakultas Sains, Teknologi, & Kesehatan",Farmasi,Teknologi Farmasi & Pelayanan Kefarmasian,"Buku ini mengulas berbagai aspek penting dari pelayanan kefarmasian di rumah sakit, teknologi pembuatan sediaan obat, serta praktik farmasi klinis pasien. Disusun dengan bahasa yang mudah dipahami untuk kalangan akademik.","farmasi komunitas, compounding obat, teknologi farmasi, farmasi rumah sakit",Indonesia,Fisik,413,978-1-66907-826-5,7
BK00672,Panduan Pelayanan Kefarmasian,Darsirah Pranowo,Informatika Bandung,2005,"Fakultas Sains, Teknologi, & Kesehatan",Farmasi,Teknologi Farmasi & Pelayanan Kefarmasian,"Buku ini mengulas berbagai aspek penting dari manajemen obat dan compounding, teknologi pembuatan sediaan obat, serta praktik farmasi klinis pasien. Disusun dengan bahasa yang mudah dipahami untuk kalangan akademik.","compounding obat, sediaan farmasi, teknologi farmasi, farmasi komunitas",Indonesia,Fisik,520,978-0-89877-515-0,6
BK00673,Pelayanan Kefarmasian: Praktik dan Pelayanan,"R.A. Maria Agustina, S.Kom",Bumi Aksara,2007,"Fakultas Sains, Teknologi, & Kesehatan",Farmasi,Teknologi Farmasi & Pelayanan Kefarmasian,"Buku ini mengulas berbagai aspek penting dari teknologi pembuatan sediaan obat, pelayanan kefarmasian di rumah sakit, serta praktik farmasi klinis pasien. Dilengkapi dengan contoh kasus dan studi lapangan yang relevan.","farmasi komunitas, compounding obat, teknologi farmasi, pelayanan kefarmasian",Inggris,E-book,335,978-1-80529-240-1,9999
BK00674,Dasar Farmasi Komunitas,Yessi Wahyuni,Deepublish,2022,"Fakultas Sains, Teknologi, & Kesehatan",Farmasi,Teknologi Farmasi & Pelayanan Kefarmasian,"Buku ini memberikan pemahaman menyeluruh tentang manajemen obat dan compounding, teknologi pembuatan sediaan obat, serta standar pelayanan farmasi profesional. Dilengkapi dengan contoh kasus dan studi lapangan yang relevan.","compounding obat, farmasi komunitas, sediaan farmasi, farmasi rumah sakit",Inggris,Fisik,326,978-1-366-68459-2,0
BK00675,Panduan Compounding Obat,"Kasim Firmansyah, Candra Sitompul",Deepublish,2009,"Fakultas Sains, Teknologi, & Kesehatan",Farmasi,Teknologi Farmasi & Pelayanan Kefarmasian,"Buku ini memberikan pemahaman menyeluruh tentang praktik farmasi klinis pasien, standar pelayanan farmasi profesional, serta teknologi pembuatan sediaan obat. Cocok digunakan sebagai referensi utama bagi mahasiswa dan praktisi.","farmasi komunitas, sediaan farmasi, compounding obat, farmasi rumah sakit",Indonesia,E-book,340,978-1-361-86371-8,9999
BK00676,Teknologi Pelayanan Kefarmasian,Qori Hartati,Rajawali Pers,2011,"Fakultas Sains, Teknologi, & Kesehatan",Farmasi,Teknologi Farmasi & Pelayanan Kefarmasian,"Buku ini memberikan pemahaman menyeluruh tentang standar pelayanan farmasi profesional, pelayanan kefarmasian di rumah sakit, serta manajemen obat dan compounding. Dilengkapi dengan contoh kasus dan studi lapangan yang relevan.","farmasi rumah sakit, pelayanan kefarmasian, farmasi komunitas, sediaan farmasi",Indonesia,Fisik,201,978-0-218-20970-9,6
BK00677,Teknologi Sediaan Farmasi: Praktik dan Pelayanan,Dalimin Hidayat,Bumi Aksara,2019,"Fakultas Sains, Teknologi, & Kesehatan",Farmasi,Teknologi Farmasi & Pelayanan Kefarmasian,"Buku ini memberikan pemahaman menyeluruh tentang praktik farmasi klinis pasien, manajemen obat dan compounding, serta pelayanan kefarmasian di rumah sakit. Menjadi rujukan penting dalam perkuliahan dan penelitian terkait.","compounding obat, farmasi komunitas, teknologi farmasi, sediaan farmasi",Inggris,Fisik,210,978-1-334-81705-2,6
BK00678,Teknologi Compounding Obat,Dt. Cawisono Simbolon,Kencana Prenada,2005,"Fakultas Sains, Teknologi, & Kesehatan",Farmasi,Teknologi Farmasi & Pelayanan Kefarmasian,"Buku ini memberikan pemahaman menyeluruh tentang standar pelayanan farmasi profesional, manajemen obat dan compounding, serta teknologi pembuatan sediaan obat. Dilengkapi dengan contoh kasus dan studi lapangan yang relevan.","farmasi komunitas, farmasi rumah sakit, teknologi farmasi, sediaan farmasi",Indonesia,E-book,437,978-1-212-86716-2,9999
BK00679,Dasar Compounding Obat,"R.A. Diah Putra, S.Pd",PT Grasindo,2005,"Fakultas Sains, Teknologi, & Kesehatan",Farmasi,Teknologi Farmasi & Pelayanan Kefarmasian,"Buku ini membahas secara mendalam tentang standar pelayanan farmasi profesional, manajemen obat dan compounding, serta praktik farmasi klinis pasien. Disusun dengan bahasa yang mudah dipahami untuk kalangan akademik.","compounding obat, sediaan farmasi, farmasi rumah sakit, teknologi farmasi",Indonesia,Fisik,354,978-1-299-49387-2,5
BK00680,Pengantar Farmasi Komunitas,Farah Ardianto,Nuha Medika,2012,"Fakultas Sains, Teknologi, & Kesehatan",Farmasi,Teknologi Farmasi & Pelayanan Kefarmasian,"Buku ini memberikan pemahaman menyeluruh tentang pelayanan kefarmasian di rumah sakit, teknologi pembuatan sediaan obat, serta praktik farmasi klinis pasien. Menjadi rujukan penting dalam perkuliahan dan penelitian terkait.","compounding obat, farmasi rumah sakit, farmasi komunitas, teknologi farmasi",Indonesia,Fisik,356,978-1-169-38597-9,8
BK00681,Dasar Pelayanan Kefarmasian,Malika Permata,Informatika Bandung,2007,"Fakultas Sains, Teknologi, & Kesehatan",Farmasi,Teknologi Farmasi & Pelayanan Kefarmasian,"Buku ini memberikan pemahaman menyeluruh tentang pelayanan kefarmasian di rumah sakit, manajemen obat dan compounding, serta praktik farmasi klinis pasien. Menjadi rujukan penting dalam perkuliahan dan penelitian terkait.","farmasi rumah sakit, pelayanan kefarmasian, teknologi farmasi, sediaan farmasi",Indonesia,E-book,395,978-0-475-46926-7,9999
BK00682,Dasar Compounding Obat,Cemani Safitri,Rajawali Pers,2018,"Fakultas Sains, Teknologi, & Kesehatan",Farmasi,Teknologi Farmasi & Pelayanan Kefarmasian,"Buku ini dirancang sebagai panduan untuk memahami pelayanan kefarmasian di rumah sakit, praktik farmasi klinis pasien, serta teknologi pembuatan sediaan obat. Menjadi rujukan penting dalam perkuliahan dan penelitian terkait.","farmasi komunitas, teknologi farmasi, compounding obat, farmasi rumah sakit",Indonesia,Fisik,254,978-1-62916-032-0,1
BK00683,Farmasi Komunitas: Praktik dan Pelayanan,"Sari Nasyiah, Salwa Hidayat",Kencana Prenada,2020,"Fakultas Sains, Teknologi, & Kesehatan",Farmasi,Teknologi Farmasi & Pelayanan Kefarmasian,"Buku ini membahas secara mendalam tentang pelayanan kefarmasian di rumah sakit, praktik farmasi klinis pasien, serta manajemen obat dan compounding. Menjadi rujukan penting dalam perkuliahan dan penelitian terkait.","farmasi rumah sakit, pelayanan kefarmasian, farmasi komunitas, sediaan farmasi",Indonesia,Fisik,271,978-1-68151-185-6,7
BK00684,Panduan Pelayanan Kefarmasian,Mila Marbun,Deepublish,2014,"Fakultas Sains, Teknologi, & Kesehatan",Farmasi,Teknologi Farmasi & Pelayanan Kefarmasian,"Buku ini mengulas berbagai aspek penting dari teknologi pembuatan sediaan obat, praktik farmasi klinis pasien, serta manajemen obat dan compounding. Disusun dengan bahasa yang mudah dipahami untuk kalangan akademik.","farmasi rumah sakit, farmasi komunitas, compounding obat, teknologi farmasi",Indonesia,Fisik,485,978-0-8070-1765-4,7
BK00685,Pengantar Teknologi Sediaan Farmasi Edisi Ke-3,"Lalita Nababan, S.Sos",UI Press,2013,"Fakultas Sains, Teknologi, & Kesehatan",Farmasi,Teknologi Farmasi & Pelayanan Kefarmasian,"Buku ini dirancang sebagai panduan untuk memahami standar pelayanan farmasi profesional, praktik farmasi klinis pasien, serta pelayanan kefarmasian di rumah sakit. Cocok digunakan sebagai referensi utama bagi mahasiswa dan praktisi.","compounding obat, farmasi rumah sakit, teknologi farmasi, pelayanan kefarmasian",Inggris,Fisik,436,978-0-412-57771-0,2
BK00686,Pengantar Compounding Obat,Kuncara Wahyuni,Andi Publisher,2005,"Fakultas Sains, Teknologi, & Kesehatan",Farmasi,Teknologi Farmasi & Pelayanan Kefarmasian,"Buku ini memberikan pemahaman menyeluruh tentang teknologi pembuatan sediaan obat, manajemen obat dan compounding, serta pelayanan kefarmasian di rumah sakit. Menjadi rujukan penting dalam perkuliahan dan penelitian terkait.","compounding obat, pelayanan kefarmasian, sediaan farmasi, farmasi komunitas",Indonesia,Fisik,278,978-1-274-22091-2,3
BK00687,Pengantar Pelayanan Kefarmasian,Emil Maheswara,UI Press,2011,"Fakultas Sains, Teknologi, & Kesehatan",Farmasi,Teknologi Farmasi & Pelayanan Kefarmasian,"Buku ini dirancang sebagai panduan untuk memahami manajemen obat dan compounding, pelayanan kefarmasian di rumah sakit, serta praktik farmasi klinis pasien. Dilengkapi dengan contoh kasus dan studi lapangan yang relevan.","teknologi farmasi, farmasi rumah sakit, compounding obat, sediaan farmasi",Indonesia,Fisik,440,978-0-10-427523-8,1
BK00688,Dasar Farmasi Rumah Sakit,"Ami Wulandari, M.Pd",Kencana Prenada,2012,"Fakultas Sains, Teknologi, & Kesehatan",Farmasi,Teknologi Farmasi & Pelayanan Kefarmasian,"Buku ini mengulas berbagai aspek penting dari manajemen obat dan compounding, teknologi pembuatan sediaan obat, serta pelayanan kefarmasian di rumah sakit. Dilengkapi dengan contoh kasus dan studi lapangan yang relevan.","farmasi komunitas, sediaan farmasi, teknologi farmasi, pelayanan kefarmasian",Inggris,Fisik,140,978-1-08-164709-4,4
BK00689,Teknologi Teknologi Sediaan Farmasi,Asirwada Waluyo,Nuha Medika,2020,"Fakultas Sains, Teknologi, & Kesehatan",Farmasi,Teknologi Farmasi & Pelayanan Kefarmasian,"Buku ini dirancang sebagai panduan untuk memahami teknologi pembuatan sediaan obat, standar pelayanan farmasi profesional, serta pelayanan kefarmasian di rumah sakit. Membantu pembaca membangun pemahaman konseptual maupun praktis.","farmasi rumah sakit, sediaan farmasi, compounding obat, teknologi farmasi",Indonesia,E-book,520,978-0-533-10600-4,9999
BK00690,Farmasi Rumah Sakit: Praktik dan Pelayanan Edisi Revisi,Yuni Nababan,Gramedia Pustaka Utama,2023,"Fakultas Sains, Teknologi, & Kesehatan",Farmasi,Teknologi Farmasi & Pelayanan Kefarmasian,"Buku ini memberikan pemahaman menyeluruh tentang standar pelayanan farmasi profesional, teknologi pembuatan sediaan obat, serta praktik farmasi klinis pasien. Disusun dengan bahasa yang mudah dipahami untuk kalangan akademik.","pelayanan kefarmasian, farmasi rumah sakit, teknologi farmasi, compounding obat",Inggris,Fisik,488,978-0-12-206815-7,7
BK00691,Dasar Compounding Obat,Putri Utami,Bumi Aksara,2014,"Fakultas Sains, Teknologi, & Kesehatan",Farmasi,Teknologi Farmasi & Pelayanan Kefarmasian,"Buku ini memberikan pemahaman menyeluruh tentang teknologi pembuatan sediaan obat, praktik farmasi klinis pasien, serta manajemen obat dan compounding. Membantu pembaca membangun pemahaman konseptual maupun praktis.","compounding obat, pelayanan kefarmasian, farmasi komunitas, farmasi rumah sakit",Indonesia,E-book,247,978-0-86613-315-9,9999
BK00692,Compounding Obat: Praktik dan Pelayanan,Ellis Budiman,Informatika Bandung,2007,"Fakultas Sains, Teknologi, & Kesehatan",Farmasi,Teknologi Farmasi & Pelayanan Kefarmasian,"Buku ini menyajikan kajian komprehensif mengenai praktik farmasi klinis pasien, manajemen obat dan compounding, serta teknologi pembuatan sediaan obat. Dilengkapi dengan contoh kasus dan studi lapangan yang relevan.","teknologi farmasi, farmasi rumah sakit, pelayanan kefarmasian, farmasi komunitas",Indonesia,Fisik,346,978-1-06-373149-0,5
BK00693,Pengantar Farmasi Rumah Sakit,"Aurora Hidayat, Hendra Sihombing",Salemba Empat,2011,"Fakultas Sains, Teknologi, & Kesehatan",Farmasi,Teknologi Farmasi & Pelayanan Kefarmasian,"Buku ini mengulas berbagai aspek penting dari manajemen obat dan compounding, pelayanan kefarmasian di rumah sakit, serta praktik farmasi klinis pasien. Membantu pembaca membangun pemahaman konseptual maupun praktis.","sediaan farmasi, compounding obat, farmasi komunitas, pelayanan kefarmasian",Indonesia,Fisik,218,978-0-89241-956-2,6
BK00694,Pengantar Compounding Obat,"Wahyu Mansur, S.Psi",Salemba Empat,2016,"Fakultas Sains, Teknologi, & Kesehatan",Farmasi,Teknologi Farmasi & Pelayanan Kefarmasian,"Buku ini memberikan pemahaman menyeluruh tentang praktik farmasi klinis pasien, teknologi pembuatan sediaan obat, serta manajemen obat dan compounding. Disusun dengan bahasa yang mudah dipahami untuk kalangan akademik.","sediaan farmasi, pelayanan kefarmasian, farmasi komunitas, compounding obat",Indonesia,Fisik,492,978-1-71509-976-3,5
BK00695,Panduan Pelayanan Kefarmasian,Ir. Opung Pradipta,Gramedia Pustaka Utama,2013,"Fakultas Sains, Teknologi, & Kesehatan",Farmasi,Teknologi Farmasi & Pelayanan Kefarmasian,"Buku ini menyajikan kajian komprehensif mengenai manajemen obat dan compounding, praktik farmasi klinis pasien, serta standar pelayanan farmasi profesional. Menjadi rujukan penting dalam perkuliahan dan penelitian terkait.","pelayanan kefarmasian, teknologi farmasi, farmasi komunitas, sediaan farmasi",Indonesia,Fisik,458,978-0-09-143639-1,4
BK00696,Farmasi Rumah Sakit: Praktik dan Pelayanan,Asmuni Mandala,Deepublish,2012,"Fakultas Sains, Teknologi, & Kesehatan",Farmasi,Teknologi Farmasi & Pelayanan Kefarmasian,"Buku ini membahas secara mendalam tentang standar pelayanan farmasi profesional, manajemen obat dan compounding, serta teknologi pembuatan sediaan obat. Cocok digunakan sebagai referensi utama bagi mahasiswa dan praktisi.","compounding obat, sediaan farmasi, farmasi rumah sakit, teknologi farmasi",Indonesia,E-book,365,978-1-4326-3039-3,9999
BK00697,Teknologi Farmasi Komunitas,Ulya Sitompul,Alfabeta,2015,"Fakultas Sains, Teknologi, & Kesehatan",Farmasi,Teknologi Farmasi & Pelayanan Kefarmasian,"Buku ini membahas secara mendalam tentang standar pelayanan farmasi profesional, manajemen obat dan compounding, serta pelayanan kefarmasian di rumah sakit. Cocok digunakan sebagai referensi utama bagi mahasiswa dan praktisi.","pelayanan kefarmasian, farmasi rumah sakit, compounding obat, farmasi komunitas",Indonesia,Fisik,265,978-1-5086-4035-6,1
BK00698,Pengantar Farmasi Rumah Sakit,Hesti Putra,Graha Ilmu,2012,"Fakultas Sains, Teknologi, & Kesehatan",Farmasi,Teknologi Farmasi & Pelayanan Kefarmasian,"Buku ini membahas secara mendalam tentang praktik farmasi klinis pasien, teknologi pembuatan sediaan obat, serta standar pelayanan farmasi profesional. Menjadi rujukan penting dalam perkuliahan dan penelitian terkait.","pelayanan kefarmasian, farmasi rumah sakit, sediaan farmasi, compounding obat",Indonesia,E-book,391,978-0-396-85270-4,9999
BK00699,Teknologi Teknologi Sediaan Farmasi,"Tedi Lestari, Xanana Nababan",UI Press,2019,"Fakultas Sains, Teknologi, & Kesehatan",Farmasi,Teknologi Farmasi & Pelayanan Kefarmasian,"Buku ini memberikan pemahaman menyeluruh tentang teknologi pembuatan sediaan obat, standar pelayanan farmasi profesional, serta manajemen obat dan compounding. Dilengkapi dengan contoh kasus dan studi lapangan yang relevan.","farmasi komunitas, compounding obat, sediaan farmasi, farmasi rumah sakit",Indonesia,Fisik,466,978-0-321-29833-1,4
BK00700,Dasar Farmasi Rumah Sakit Edisi Terbaru,R. Irsad Hastuti,Graha Ilmu,2021,"Fakultas Sains, Teknologi, & Kesehatan",Farmasi,Teknologi Farmasi & Pelayanan Kefarmasian,"Buku ini memberikan pemahaman menyeluruh tentang praktik farmasi klinis pasien, pelayanan kefarmasian di rumah sakit, serta standar pelayanan farmasi profesional. Cocok digunakan sebagai referensi utama bagi mahasiswa dan praktisi.","pelayanan kefarmasian, teknologi farmasi, sediaan farmasi, compounding obat",Inggris,Fisik,414,978-0-336-29344-4,5
BK00701,Teknologi Compounding Obat Edisi Revisi,Dr. Siska Pangestu,Nuha Medika,2019,"Fakultas Sains, Teknologi, & Kesehatan",Farmasi,Teknologi Farmasi & Pelayanan Kefarmasian,"Buku ini memberikan pemahaman menyeluruh tentang teknologi pembuatan sediaan obat, pelayanan kefarmasian di rumah sakit, serta praktik farmasi klinis pasien. Disusun dengan bahasa yang mudah dipahami untuk kalangan akademik.","sediaan farmasi, teknologi farmasi, pelayanan kefarmasian, compounding obat",Indonesia,E-book,289,978-1-156-62776-1,9999
BK00702,Pengantar Compounding Obat,Drs. Oman Astuti,Gramedia Pustaka Utama,2005,"Fakultas Sains, Teknologi, & Kesehatan",Farmasi,Teknologi Farmasi & Pelayanan Kefarmasian,"Buku ini dirancang sebagai panduan untuk memahami standar pelayanan farmasi profesional, praktik farmasi klinis pasien, serta pelayanan kefarmasian di rumah sakit. Menjadi rujukan penting dalam perkuliahan dan penelitian terkait.","farmasi komunitas, pelayanan kefarmasian, teknologi farmasi, farmasi rumah sakit",Indonesia,Fisik,338,978-1-06-614982-7,2
BK00703,Pengantar Compounding Obat,H. Cayadi Rajasa,Deepublish,2014,"Fakultas Sains, Teknologi, & Kesehatan",Farmasi,Teknologi Farmasi & Pelayanan Kefarmasian,"Buku ini menyajikan kajian komprehensif mengenai standar pelayanan farmasi profesional, teknologi pembuatan sediaan obat, serta pelayanan kefarmasian di rumah sakit. Dilengkapi dengan contoh kasus dan studi lapangan yang relevan.","pelayanan kefarmasian, farmasi rumah sakit, compounding obat, farmasi komunitas",Indonesia,Fisik,393,978-1-4746-8971-7,0
BK00704,Dasar Pelayanan Kefarmasian,Diana Halimah,UI Press,2011,"Fakultas Sains, Teknologi, & Kesehatan",Farmasi,Teknologi Farmasi & Pelayanan Kefarmasian,"Buku ini mengulas berbagai aspek penting dari praktik farmasi klinis pasien, teknologi pembuatan sediaan obat, serta manajemen obat dan compounding. Dilengkapi dengan contoh kasus dan studi lapangan yang relevan.","compounding obat, farmasi rumah sakit, sediaan farmasi, teknologi farmasi",Indonesia,Fisik,345,978-0-300-85766-5,1
BK00705,Teknologi Farmasi Komunitas,Uli Wahyudin,Rajawali Pers,2023,"Fakultas Sains, Teknologi, & Kesehatan",Farmasi,Teknologi Farmasi & Pelayanan Kefarmasian,"Buku ini menyajikan kajian komprehensif mengenai manajemen obat dan compounding, standar pelayanan farmasi profesional, serta pelayanan kefarmasian di rumah sakit. Menjadi rujukan penting dalam perkuliahan dan penelitian terkait.","farmasi rumah sakit, pelayanan kefarmasian, teknologi farmasi, farmasi komunitas",Indonesia,Fisik,379,978-1-4916-0169-3,8
BK00706,Pengantar Teknologi Sediaan Farmasi Edisi Terbaru,Dagel Fujiati,Rajawali Pers,2013,"Fakultas Sains, Teknologi, & Kesehatan",Farmasi,Teknologi Farmasi & Pelayanan Kefarmasian,"Buku ini mengulas berbagai aspek penting dari teknologi pembuatan sediaan obat, pelayanan kefarmasian di rumah sakit, serta praktik farmasi klinis pasien. Menjadi rujukan penting dalam perkuliahan dan penelitian terkait.","compounding obat, farmasi komunitas, pelayanan kefarmasian, teknologi farmasi",Inggris,Fisik,123,978-1-875066-33-9,6
BK00707,Panduan Farmasi Rumah Sakit,Ami Tarihoran,Erlangga,2015,"Fakultas Sains, Teknologi, & Kesehatan",Farmasi,Teknologi Farmasi & Pelayanan Kefarmasian,"Buku ini membahas secara mendalam tentang pelayanan kefarmasian di rumah sakit, manajemen obat dan compounding, serta teknologi pembuatan sediaan obat. Disusun dengan bahasa yang mudah dipahami untuk kalangan akademik.","teknologi farmasi, pelayanan kefarmasian, compounding obat, farmasi komunitas",Indonesia,Fisik,210,978-0-497-24399-9,0
BK00708,Dasar Teknologi Sediaan Farmasi Edisi Terbaru,"Saadat Marpaung, S.Ked",Deepublish,2018,"Fakultas Sains, Teknologi, & Kesehatan",Farmasi,Teknologi Farmasi & Pelayanan Kefarmasian,"Buku ini memberikan pemahaman menyeluruh tentang praktik farmasi klinis pasien, standar pelayanan farmasi profesional, serta manajemen obat dan compounding. Dilengkapi dengan contoh kasus dan studi lapangan yang relevan.","teknologi farmasi, sediaan farmasi, farmasi rumah sakit, compounding obat",Indonesia,E-book,197,978-0-669-18362-7,9999
BK00709,Farmasi Rumah Sakit: Praktik dan Pelayanan,"drg. Hafshah Sihombing, M.TI., Ir. Timbul Wibowo",Graha Ilmu,2005,"Fakultas Sains, Teknologi, & Kesehatan",Farmasi,Teknologi Farmasi & Pelayanan Kefarmasian,"Buku ini mengulas berbagai aspek penting dari praktik farmasi klinis pasien, standar pelayanan farmasi profesional, serta manajemen obat dan compounding. Cocok digunakan sebagai referensi utama bagi mahasiswa dan praktisi.","farmasi rumah sakit, compounding obat, pelayanan kefarmasian, sediaan farmasi",Indonesia,Fisik,137,978-1-119-52436-6,2
BK00710,Teknologi Compounding Obat,"Ina Ardianto, S.E.",Rajawali Pers,2007,"Fakultas Sains, Teknologi, & Kesehatan",Farmasi,Teknologi Farmasi & Pelayanan Kefarmasian,"Buku ini membahas secara mendalam tentang pelayanan kefarmasian di rumah sakit, praktik farmasi klinis pasien, serta standar pelayanan farmasi profesional. Menjadi rujukan penting dalam perkuliahan dan penelitian terkait.","sediaan farmasi, farmasi rumah sakit, farmasi komunitas, teknologi farmasi",Inggris,Fisik,332,978-0-11-686462-8,8
BK00711,Pengantar Compounding Obat,"Hardi Nashiruddin, Diana Napitupulu, M.Kom.",Elex Media Komputindo,2020,"Fakultas Sains, Teknologi, & Kesehatan",Farmasi,Teknologi Farmasi & Pelayanan Kefarmasian,"Buku ini membahas secara mendalam tentang praktik farmasi klinis pasien, standar pelayanan farmasi profesional, serta manajemen obat dan compounding. Menjadi rujukan penting dalam perkuliahan dan penelitian terkait.","pelayanan kefarmasian, farmasi komunitas, compounding obat, teknologi farmasi",Indonesia,Fisik,383,978-0-7932-3023-5,2
BK00712,Pengantar Farmasi Rumah Sakit,Laila Farida,Alfabeta,2019,"Fakultas Sains, Teknologi, & Kesehatan",Farmasi,Teknologi Farmasi & Pelayanan Kefarmasian,"Buku ini mengulas berbagai aspek penting dari teknologi pembuatan sediaan obat, praktik farmasi klinis pasien, serta pelayanan kefarmasian di rumah sakit. Disusun dengan bahasa yang mudah dipahami untuk kalangan akademik.","compounding obat, sediaan farmasi, teknologi farmasi, pelayanan kefarmasian",Indonesia,Fisik,336,978-0-14-161415-1,5
BK00713,Dasar Farmasi Rumah Sakit,Lanang Prakasa,PT Grasindo,2010,"Fakultas Sains, Teknologi, & Kesehatan",Farmasi,Teknologi Farmasi & Pelayanan Kefarmasian,"Buku ini membahas secara mendalam tentang pelayanan kefarmasian di rumah sakit, teknologi pembuatan sediaan obat, serta praktik farmasi klinis pasien. Dilengkapi dengan contoh kasus dan studi lapangan yang relevan.","farmasi komunitas, teknologi farmasi, farmasi rumah sakit, sediaan farmasi",Indonesia,Fisik,412,978-1-100-40901-6,7
BK00714,Teknologi Sediaan Farmasi: Praktik dan Pelayanan,Karman Ardianto,Graha Ilmu,2013,"Fakultas Sains, Teknologi, & Kesehatan",Farmasi,Teknologi Farmasi & Pelayanan Kefarmasian,"Buku ini memberikan pemahaman menyeluruh tentang manajemen obat dan compounding, praktik farmasi klinis pasien, serta standar pelayanan farmasi profesional. Cocok digunakan sebagai referensi utama bagi mahasiswa dan praktisi.","sediaan farmasi, pelayanan kefarmasian, farmasi komunitas, teknologi farmasi",Indonesia,Fisik,250,978-1-77596-555-8,5
BK00715,Dasar Farmasi Komunitas,Yuliana Permadi,Rajawali Pers,2009,"Fakultas Sains, Teknologi, & Kesehatan",Farmasi,Teknologi Farmasi & Pelayanan Kefarmasian,"Buku ini membahas secara mendalam tentang praktik farmasi klinis pasien, manajemen obat dan compounding, serta standar pelayanan farmasi profesional. Membantu pembaca membangun pemahaman konseptual maupun praktis.","compounding obat, sediaan farmasi, farmasi komunitas, teknologi farmasi",Indonesia,Fisik,544,978-1-69055-107-2,1
BK00716,Dasar Pelayanan Kefarmasian Edisi Ke-3,"drg. Tari Mandala, S.Ked",Gramedia Pustaka Utama,2012,"Fakultas Sains, Teknologi, & Kesehatan",Farmasi,Teknologi Farmasi & Pelayanan Kefarmasian,"Buku ini menyajikan kajian komprehensif mengenai teknologi pembuatan sediaan obat, manajemen obat dan compounding, serta praktik farmasi klinis pasien. Dilengkapi dengan contoh kasus dan studi lapangan yang relevan.","pelayanan kefarmasian, sediaan farmasi, teknologi farmasi, compounding obat",Indonesia,E-book,501,978-1-357-97863-1,9999
BK00717,Dasar Compounding Obat,Makuta Sinaga,Deepublish,2016,"Fakultas Sains, Teknologi, & Kesehatan",Farmasi,Teknologi Farmasi & Pelayanan Kefarmasian,"Buku ini dirancang sebagai panduan untuk memahami praktik farmasi klinis pasien, teknologi pembuatan sediaan obat, serta standar pelayanan farmasi profesional. Dilengkapi dengan contoh kasus dan studi lapangan yang relevan.","sediaan farmasi, farmasi komunitas, teknologi farmasi, compounding obat",Indonesia,E-book,204,978-1-05-739769-5,9999
BK00718,Pembelajaran Klinik Keperawatan Berbasis Bukti,"R. Gantar Aryani, M.Kom., Sabri Januar, S.Sos",Bumi Aksara,2009,"Fakultas Sains, Teknologi, & Kesehatan",Profesi Ners,Keperawatan Profesi Ners,"Buku ini memberikan pemahaman menyeluruh tentang etika dan profesionalisme keperawatan, residensi dan pembelajaran klinik lanjutan, serta kompetensi ners dalam asuhan pasien. Disusun dengan bahasa yang mudah dipahami untuk kalangan akademik.","profesi ners, keperawatan komprehensif, residensi keperawatan, kompetensi ners",Indonesia,Fisik,248,978-0-289-80271-7,8
BK00719,Kompetensi Keperawatan Berbasis Bukti,"Zahra Wulandari, drg. Cawisadi Hassanah",PT Grasindo,2018,"Fakultas Sains, Teknologi, & Kesehatan",Profesi Ners,Keperawatan Profesi Ners,"Buku ini memberikan pemahaman menyeluruh tentang residensi dan pembelajaran klinik lanjutan, kompetensi ners dalam asuhan pasien, serta praktik klinik keperawatan profesional. Dilengkapi dengan contoh kasus dan studi lapangan yang relevan.","keperawatan lanjutan, keperawatan komprehensif, praktik klinis ners, evidence based practice",Indonesia,Fisik,547,978-1-83332-116-6,5
BK00720,Kompetensi Residensi Keperawatan Edisi Terbaru,"Ana Marpaung, S.Psi, Vivi Setiawan",Rajawali Pers,2005,"Fakultas Sains, Teknologi, & Kesehatan",Profesi Ners,Keperawatan Profesi Ners,"Buku ini mengulas berbagai aspek penting dari residensi dan pembelajaran klinik lanjutan, kompetensi ners dalam asuhan pasien, serta penerapan evidence-based practice. Disusun dengan bahasa yang mudah dipahami untuk kalangan akademik.","kompetensi ners, evidence based practice, praktik klinis ners, keperawatan lanjutan",Indonesia,E-book,172,978-1-71287-153-9,9999
BK00721,Kompetensi Praktik Klinik Ners,"Ir. Bella Yuniar, Keisha Wibowo",Rajawali Pers,2013,"Fakultas Sains, Teknologi, & Kesehatan",Profesi Ners,Keperawatan Profesi Ners,"Buku ini membahas secara mendalam tentang praktik klinik keperawatan profesional, penerapan evidence-based practice, serta kompetensi ners dalam asuhan pasien. Menjadi rujukan penting dalam perkuliahan dan penelitian terkait.","kompetensi ners, evidence based practice, keperawatan komprehensif, praktik klinis ners",Inggris,Fisik,419,978-0-341-41115-4,2
BK00722,Keperawatan Komprehensif: Praktik Klinis Lanjutan,"Rika Nainggolan, S.IP, dr. Dian Sihotang",Rajawali Pers,2006,"Fakultas Sains, Teknologi, & Kesehatan",Profesi Ners,Keperawatan Profesi Ners,"Buku ini memberikan pemahaman menyeluruh tentang kompetensi ners dalam asuhan pasien, residensi dan pembelajaran klinik lanjutan, serta penerapan evidence-based practice. Menjadi rujukan penting dalam perkuliahan dan penelitian terkait.","kompetensi ners, evidence based practice, keperawatan lanjutan, residensi keperawatan",Indonesia,E-book,495,978-0-409-83665-3,9999
BK00723,Keperawatan Berbasis Bukti: Praktik Klinis Lanjutan,"Tgk. Raditya Wastuti, S.E.I",Informatika Bandung,2012,"Fakultas Sains, Teknologi, & Kesehatan",Profesi Ners,Keperawatan Profesi Ners,"Buku ini dirancang sebagai panduan untuk memahami praktik klinik keperawatan profesional, residensi dan pembelajaran klinik lanjutan, serta etika dan profesionalisme keperawatan. Menjadi rujukan penting dalam perkuliahan dan penelitian terkait.","residensi keperawatan, keperawatan lanjutan, profesi ners, evidence based practice",Indonesia,Fisik,519,978-0-608-75243-3,7
BK00724,Pembelajaran Klinik Keperawatan Berbasis Bukti,Sabrina Hasanah,Informatika Bandung,2023,"Fakultas Sains, Teknologi, & Kesehatan",Profesi Ners,Keperawatan Profesi Ners,"Buku ini menyajikan kajian komprehensif mengenai etika dan profesionalisme keperawatan, praktik klinik keperawatan profesional, serta residensi dan pembelajaran klinik lanjutan. Disusun dengan bahasa yang mudah dipahami untuk kalangan akademik.","profesi ners, evidence based practice, keperawatan lanjutan, kompetensi ners",Inggris,E-book,501,978-1-209-54814-2,9999
BK00725,Praktik Klinik Ners: Praktik Klinis Lanjutan,"Ir. Natalia Usamah, S.Kom",Rajawali Pers,2015,"Fakultas Sains, Teknologi, & Kesehatan",Profesi Ners,Keperawatan Profesi Ners,"Buku ini menyajikan kajian komprehensif mengenai praktik klinik keperawatan profesional, kompetensi ners dalam asuhan pasien, serta penerapan evidence-based practice. Cocok digunakan sebagai referensi utama bagi mahasiswa dan praktisi.","evidence based practice, profesi ners, keperawatan komprehensif, keperawatan lanjutan",Indonesia,Fisik,530,978-1-60523-302-4,0
BK00726,Residensi Keperawatan: Praktik Klinis Lanjutan,"Dr. Titi Wijaya, S.Pd",Graha Ilmu,2011,"Fakultas Sains, Teknologi, & Kesehatan",Profesi Ners,Keperawatan Profesi Ners,"Buku ini mengulas berbagai aspek penting dari penerapan evidence-based practice, residensi dan pembelajaran klinik lanjutan, serta etika dan profesionalisme keperawatan. Dilengkapi dengan contoh kasus dan studi lapangan yang relevan.","praktik klinis ners, residensi keperawatan, keperawatan komprehensif, profesi ners",Inggris,Fisik,519,978-0-86567-566-7,2
BK00727,Panduan Praktik Residensi Keperawatan,Karsana Suryono,Pustaka Pelajar,2024,"Fakultas Sains, Teknologi, & Kesehatan",Profesi Ners,Keperawatan Profesi Ners,"Buku ini memberikan pemahaman menyeluruh tentang praktik klinik keperawatan profesional, etika dan profesionalisme keperawatan, serta penerapan evidence-based practice. Disusun dengan bahasa yang mudah dipahami untuk kalangan akademik.","keperawatan lanjutan, praktik klinis ners, residensi keperawatan, evidence based practice",Indonesia,Fisik,223,978-0-86125-904-5,4
BK00728,Residensi Keperawatan: Praktik Klinis Lanjutan,Safina Marpaung,Bumi Aksara,2021,"Fakultas Sains, Teknologi, & Kesehatan",Profesi Ners,Keperawatan Profesi Ners,"Buku ini dirancang sebagai panduan untuk memahami praktik klinik keperawatan profesional, etika dan profesionalisme keperawatan, serta residensi dan pembelajaran klinik lanjutan. Disusun dengan bahasa yang mudah dipahami untuk kalangan akademik.","keperawatan lanjutan, praktik klinis ners, kompetensi ners, residensi keperawatan",Indonesia,Fisik,436,978-1-74233-305-2,1
BK00729,Panduan Praktik Profesi Ners,"Zamira Permata, S.IP",Bumi Aksara,2008,"Fakultas Sains, Teknologi, & Kesehatan",Profesi Ners,Keperawatan Profesi Ners,"Buku ini menyajikan kajian komprehensif mengenai penerapan evidence-based practice, etika dan profesionalisme keperawatan, serta kompetensi ners dalam asuhan pasien. Menjadi rujukan penting dalam perkuliahan dan penelitian terkait.","kompetensi ners, keperawatan komprehensif, residensi keperawatan, praktik klinis ners",Indonesia,Fisik,235,978-1-62015-720-6,7
BK00730,Kompetensi Keperawatan Berbasis Bukti Edisi Ke-3,"Kamidin Yulianti, Rika Fujiati",Bumi Aksara,2005,"Fakultas Sains, Teknologi, & Kesehatan",Profesi Ners,Keperawatan Profesi Ners,"Buku ini menyajikan kajian komprehensif mengenai kompetensi ners dalam asuhan pasien, residensi dan pembelajaran klinik lanjutan, serta penerapan evidence-based practice. Dilengkapi dengan contoh kasus dan studi lapangan yang relevan.","praktik klinis ners, kompetensi ners, keperawatan lanjutan, evidence based practice",Indonesia,Fisik,433,978-1-301-36749-8,7
BK00731,Modul Keperawatan Berbasis Bukti,Martani Waluyo,Informatika Bandung,2013,"Fakultas Sains, Teknologi, & Kesehatan",Profesi Ners,Keperawatan Profesi Ners,"Buku ini mengulas berbagai aspek penting dari etika dan profesionalisme keperawatan, residensi dan pembelajaran klinik lanjutan, serta penerapan evidence-based practice. Disusun dengan bahasa yang mudah dipahami untuk kalangan akademik.","keperawatan komprehensif, praktik klinis ners, evidence based practice, keperawatan lanjutan",Indonesia,Fisik,240,978-1-64750-111-2,5
BK00732,Panduan Praktik Keperawatan Komprehensif,Jindra Yuniar,Kencana Prenada,2024,"Fakultas Sains, Teknologi, & Kesehatan",Profesi Ners,Keperawatan Profesi Ners,"Buku ini mengulas berbagai aspek penting dari praktik klinik keperawatan profesional, residensi dan pembelajaran klinik lanjutan, serta penerapan evidence-based practice. Cocok digunakan sebagai referensi utama bagi mahasiswa dan praktisi.","kompetensi ners, praktik klinis ners, evidence based practice, keperawatan lanjutan",Indonesia,E-book,479,978-0-9997419-2-4,9999
BK00733,Modul Residensi Keperawatan,"Novi Yuliarti, Maya Salahudin, M.Farm",Erlangga,2022,"Fakultas Sains, Teknologi, & Kesehatan",Profesi Ners,Keperawatan Profesi Ners,"Buku ini dirancang sebagai panduan untuk memahami praktik klinik keperawatan profesional, kompetensi ners dalam asuhan pasien, serta etika dan profesionalisme keperawatan. Menjadi rujukan penting dalam perkuliahan dan penelitian terkait.","evidence based practice, keperawatan komprehensif, kompetensi ners, keperawatan lanjutan",Indonesia,Fisik,481,978-0-518-26068-4,2
BK00734,Profesi Ners: Praktik Klinis Lanjutan,"Drs. Violet Nuraini, M.Kom., Karja Padmasari",Bumi Aksara,2014,"Fakultas Sains, Teknologi, & Kesehatan",Profesi Ners,Keperawatan Profesi Ners,"Buku ini menyajikan kajian komprehensif mengenai residensi dan pembelajaran klinik lanjutan, kompetensi ners dalam asuhan pasien, serta etika dan profesionalisme keperawatan. Menjadi rujukan penting dalam perkuliahan dan penelitian terkait.","residensi keperawatan, kompetensi ners, profesi ners, keperawatan komprehensif",Indonesia,Fisik,411,978-0-12-920875-4,8
BK00735,Kompetensi Keperawatan Berbasis Bukti,Arta Mahendra,Informatika Bandung,2021,"Fakultas Sains, Teknologi, & Kesehatan",Profesi Ners,Keperawatan Profesi Ners,"Buku ini dirancang sebagai panduan untuk memahami penerapan evidence-based practice, praktik klinik keperawatan profesional, serta residensi dan pembelajaran klinik lanjutan. Cocok digunakan sebagai referensi utama bagi mahasiswa dan praktisi.","keperawatan lanjutan, profesi ners, evidence based practice, kompetensi ners",Indonesia,E-book,219,978-0-18-401184-9,9999
BK00736,Pembelajaran Klinik Keperawatan Komprehensif,"Puji Narpati, Sakura Adriansyah",PT Grasindo,2018,"Fakultas Sains, Teknologi, & Kesehatan",Profesi Ners,Keperawatan Profesi Ners,"Buku ini dirancang sebagai panduan untuk memahami praktik klinik keperawatan profesional, etika dan profesionalisme keperawatan, serta kompetensi ners dalam asuhan pasien. Menjadi rujukan penting dalam perkuliahan dan penelitian terkait.","keperawatan komprehensif, kompetensi ners, profesi ners, residensi keperawatan",Inggris,Fisik,295,978-1-08-487297-4,2
BK00737,Residensi Keperawatan: Praktik Klinis Lanjutan Edisi Terbaru,"Iriana Nurdiyanti, S.I.Kom",Nuha Medika,2015,"Fakultas Sains, Teknologi, & Kesehatan",Profesi Ners,Keperawatan Profesi Ners,"Buku ini mengulas berbagai aspek penting dari residensi dan pembelajaran klinik lanjutan, kompetensi ners dalam asuhan pasien, serta praktik klinik keperawatan profesional. Cocok digunakan sebagai referensi utama bagi mahasiswa dan praktisi.","keperawatan komprehensif, profesi ners, praktik klinis ners, residensi keperawatan",Indonesia,E-book,251,978-0-03-032432-1,9999
BK00738,Pembelajaran Klinik Profesi Ners,"Drs. Gasti Rahayu, Indah Mahendra",Gramedia Pustaka Utama,2014,"Fakultas Sains, Teknologi, & Kesehatan",Profesi Ners,Keperawatan Profesi Ners,"Buku ini mengulas berbagai aspek penting dari etika dan profesionalisme keperawatan, praktik klinik keperawatan profesional, serta residensi dan pembelajaran klinik lanjutan. Menjadi rujukan penting dalam perkuliahan dan penelitian terkait.","residensi keperawatan, profesi ners, praktik klinis ners, kompetensi ners",Indonesia,Fisik,208,978-0-8446-2671-0,3
BK00739,Kompetensi Keperawatan Berbasis Bukti Edisi Ke-3,"Shania Anggraini, Dinda Nasyiah, S.Kom",Nuha Medika,2009,"Fakultas Sains, Teknologi, & Kesehatan",Profesi Ners,Keperawatan Profesi Ners,"Buku ini menyajikan kajian komprehensif mengenai etika dan profesionalisme keperawatan, kompetensi ners dalam asuhan pasien, serta residensi dan pembelajaran klinik lanjutan. Membantu pembaca membangun pemahaman konseptual maupun praktis.","kompetensi ners, praktik klinis ners, evidence based practice, residensi keperawatan",Indonesia,E-book,139,978-1-359-89262-1,9999
BK00740,Residensi Keperawatan: Praktik Klinis Lanjutan Edisi Ke-2,Winda Fujiati,PT Grasindo,2022,"Fakultas Sains, Teknologi, & Kesehatan",Profesi Ners,Keperawatan Profesi Ners,"Buku ini mengulas berbagai aspek penting dari etika dan profesionalisme keperawatan, kompetensi ners dalam asuhan pasien, serta penerapan evidence-based practice. Menjadi rujukan penting dalam perkuliahan dan penelitian terkait.","praktik klinis ners, profesi ners, keperawatan komprehensif, keperawatan lanjutan",Inggris,Fisik,462,978-0-931418-18-1,8
BK00741,Keperawatan Komprehensif: Praktik Klinis Lanjutan,"Bella Sitompul, Bakidin Tarihoran, S.Psi",Andi Publisher,2008,"Fakultas Sains, Teknologi, & Kesehatan",Profesi Ners,Keperawatan Profesi Ners,"Buku ini memberikan pemahaman menyeluruh tentang praktik klinik keperawatan profesional, penerapan evidence-based practice, serta etika dan profesionalisme keperawatan. Membantu pembaca membangun pemahaman konseptual maupun praktis.","keperawatan lanjutan, keperawatan komprehensif, praktik klinis ners, kompetensi ners",Indonesia,E-book,408,978-0-340-16361-0,9999
BK00742,Pembelajaran Klinik Keperawatan Komprehensif,"R. Cayadi Novitasari, S.Pd, Dr. Cinta Nuraini",Pustaka Pelajar,2005,"Fakultas Sains, Teknologi, & Kesehatan",Profesi Ners,Keperawatan Profesi Ners,"Buku ini membahas secara mendalam tentang residensi dan pembelajaran klinik lanjutan, etika dan profesionalisme keperawatan, serta kompetensi ners dalam asuhan pasien. Menjadi rujukan penting dalam perkuliahan dan penelitian terkait.","keperawatan lanjutan, praktik klinis ners, residensi keperawatan, keperawatan komprehensif",Indonesia,Fisik,407,978-1-84910-256-8,7
BK00743,Praktik Klinik Ners: Praktik Klinis Lanjutan,Gangsar Wastuti,Deepublish,2022,"Fakultas Sains, Teknologi, & Kesehatan",Profesi Ners,Keperawatan Profesi Ners,"Buku ini dirancang sebagai panduan untuk memahami kompetensi ners dalam asuhan pasien, praktik klinik keperawatan profesional, serta etika dan profesionalisme keperawatan. Membantu pembaca membangun pemahaman konseptual maupun praktis.","keperawatan lanjutan, kompetensi ners, profesi ners, evidence based practice",Indonesia,E-book,144,978-1-924082-22-8,9999
BK00744,Panduan Praktik Residensi Keperawatan,Qori Santoso,Nuha Medika,2008,"Fakultas Sains, Teknologi, & Kesehatan",Profesi Ners,Keperawatan Profesi Ners,"Buku ini membahas secara mendalam tentang etika dan profesionalisme keperawatan, penerapan evidence-based practice, serta residensi dan pembelajaran klinik lanjutan. Dilengkapi dengan contoh kasus dan studi lapangan yang relevan.","evidence based practice, profesi ners, keperawatan komprehensif, praktik klinis ners",Indonesia,Fisik,484,978-1-396-72757-3,5
BK00745,Kompetensi Praktik Klinik Ners Edisi Revisi,"T. Enteng Aryani, H. Teguh Pradana",Kencana Prenada,2017,"Fakultas Sains, Teknologi, & Kesehatan",Profesi Ners,Keperawatan Profesi Ners,"Buku ini mengulas berbagai aspek penting dari praktik klinik keperawatan profesional, kompetensi ners dalam asuhan pasien, serta penerapan evidence-based practice. Dilengkapi dengan contoh kasus dan studi lapangan yang relevan.","keperawatan komprehensif, praktik klinis ners, profesi ners, residensi keperawatan",Indonesia,Fisik,142,978-0-465-11131-2,2
BK00746,Pembelajaran Klinik Keperawatan Komprehensif,"Kamal Hakim, Paiman Suwarno",PT Grasindo,2018,"Fakultas Sains, Teknologi, & Kesehatan",Profesi Ners,Keperawatan Profesi Ners,"Buku ini membahas secara mendalam tentang kompetensi ners dalam asuhan pasien, penerapan evidence-based practice, serta etika dan profesionalisme keperawatan. Menjadi rujukan penting dalam perkuliahan dan penelitian terkait.","keperawatan komprehensif, kompetensi ners, evidence based practice, residensi keperawatan",Indonesia,Fisik,538,978-0-682-77881-7,7
BK00747,Pembelajaran Klinik Profesi Ners,Amalia Susanti,Deepublish,2007,"Fakultas Sains, Teknologi, & Kesehatan",Profesi Ners,Keperawatan Profesi Ners,"Buku ini menyajikan kajian komprehensif mengenai praktik klinik keperawatan profesional, etika dan profesionalisme keperawatan, serta residensi dan pembelajaran klinik lanjutan. Menjadi rujukan penting dalam perkuliahan dan penelitian terkait.","kompetensi ners, keperawatan komprehensif, praktik klinis ners, evidence based practice",Indonesia,Fisik,498,978-0-685-38909-6,4
BK00748,Keperawatan Berbasis Bukti: Praktik Klinis Lanjutan,Ella Wulandari,Erlangga,2009,"Fakultas Sains, Teknologi, & Kesehatan",Profesi Ners,Keperawatan Profesi Ners,"Buku ini memberikan pemahaman menyeluruh tentang kompetensi ners dalam asuhan pasien, praktik klinik keperawatan profesional, serta penerapan evidence-based practice. Dilengkapi dengan contoh kasus dan studi lapangan yang relevan.","residensi keperawatan, profesi ners, kompetensi ners, keperawatan komprehensif",Inggris,Fisik,175,978-0-15-285067-8,1
BK00749,Panduan Praktik Praktik Klinik Ners Edisi Revisi,"Ella Wahyudin, Gandi Wastuti",Graha Ilmu,2011,"Fakultas Sains, Teknologi, & Kesehatan",Profesi Ners,Keperawatan Profesi Ners,"Buku ini dirancang sebagai panduan untuk memahami residensi dan pembelajaran klinik lanjutan, praktik klinik keperawatan profesional, serta penerapan evidence-based practice. Dilengkapi dengan contoh kasus dan studi lapangan yang relevan.","evidence based practice, residensi keperawatan, keperawatan komprehensif, praktik klinis ners",Indonesia,E-book,127,978-0-447-44309-7,9999
BK00750,Residensi Keperawatan: Praktik Klinis Lanjutan,Gasti Samosir,Deepublish,2012,"Fakultas Sains, Teknologi, & Kesehatan",Profesi Ners,Keperawatan Profesi Ners,"Buku ini dirancang sebagai panduan untuk memahami residensi dan pembelajaran klinik lanjutan, kompetensi ners dalam asuhan pasien, serta etika dan profesionalisme keperawatan. Cocok digunakan sebagai referensi utama bagi mahasiswa dan praktisi.","praktik klinis ners, kompetensi ners, profesi ners, keperawatan komprehensif",Indonesia,Fisik,456,978-1-970509-75-5,7
BK00751,Modul Profesi Ners,Kamila Kurniawan,Gramedia Pustaka Utama,2018,"Fakultas Sains, Teknologi, & Kesehatan",Profesi Ners,Keperawatan Profesi Ners,"Buku ini membahas secara mendalam tentang etika dan profesionalisme keperawatan, penerapan evidence-based practice, serta praktik klinik keperawatan profesional. Cocok digunakan sebagai referensi utama bagi mahasiswa dan praktisi.","residensi keperawatan, evidence based practice, praktik klinis ners, kompetensi ners",Indonesia,E-book,284,978-1-265-01673-9,9999
BK00752,Panduan Praktik Keperawatan Komprehensif,Karsana Mulyani,Andi Publisher,2022,"Fakultas Sains, Teknologi, & Kesehatan",Profesi Ners,Keperawatan Profesi Ners,"Buku ini membahas secara mendalam tentang residensi dan pembelajaran klinik lanjutan, praktik klinik keperawatan profesional, serta etika dan profesionalisme keperawatan. Membantu pembaca membangun pemahaman konseptual maupun praktis.","profesi ners, keperawatan komprehensif, keperawatan lanjutan, evidence based practice",Indonesia,E-book,541,978-1-170-24376-3,9999
BK00753,Pembelajaran Klinik Praktik Klinik Ners,Ifa Utama,Nuha Medika,2009,"Fakultas Sains, Teknologi, & Kesehatan",Profesi Ners,Keperawatan Profesi Ners,"Buku ini memberikan pemahaman menyeluruh tentang etika dan profesionalisme keperawatan, penerapan evidence-based practice, serta kompetensi ners dalam asuhan pasien. Menjadi rujukan penting dalam perkuliahan dan penelitian terkait.","keperawatan komprehensif, kompetensi ners, praktik klinis ners, keperawatan lanjutan",Indonesia,Fisik,193,978-0-8417-7225-0,4
BK00754,Modul Residensi Keperawatan,"Maya Ardianto, S.I.Kom",Salemba Empat,2017,"Fakultas Sains, Teknologi, & Kesehatan",Profesi Ners,Keperawatan Profesi Ners,"Buku ini dirancang sebagai panduan untuk memahami praktik klinik keperawatan profesional, residensi dan pembelajaran klinik lanjutan, serta kompetensi ners dalam asuhan pasien. Dilengkapi dengan contoh kasus dan studi lapangan yang relevan.","profesi ners, keperawatan komprehensif, residensi keperawatan, praktik klinis ners",Indonesia,Fisik,327,978-0-340-26650-2,6
BK00755,Modul Praktik Klinik Ners,Mulyanto Napitupulu,Elex Media Komputindo,2023,"Fakultas Sains, Teknologi, & Kesehatan",Profesi Ners,Keperawatan Profesi Ners,"Buku ini menyajikan kajian komprehensif mengenai kompetensi ners dalam asuhan pasien, etika dan profesionalisme keperawatan, serta praktik klinik keperawatan profesional. Dilengkapi dengan contoh kasus dan studi lapangan yang relevan.","residensi keperawatan, keperawatan lanjutan, kompetensi ners, keperawatan komprehensif",Indonesia,Fisik,400,978-1-167-87256-3,6
BK00756,Keperawatan Komprehensif: Praktik Klinis Lanjutan,H. Virman Wibisono,Deepublish,2015,"Fakultas Sains, Teknologi, & Kesehatan",Profesi Ners,Keperawatan Profesi Ners,"Buku ini menyajikan kajian komprehensif mengenai etika dan profesionalisme keperawatan, residensi dan pembelajaran klinik lanjutan, serta praktik klinik keperawatan profesional. Dilengkapi dengan contoh kasus dan studi lapangan yang relevan.","evidence based practice, kompetensi ners, keperawatan komprehensif, residensi keperawatan",Inggris,E-book,341,978-0-10-225803-5,9999
BK00757,Modul Profesi Ners,Mustika Siregar,Kencana Prenada,2019,"Fakultas Sains, Teknologi, & Kesehatan",Profesi Ners,Keperawatan Profesi Ners,"Buku ini memberikan pemahaman menyeluruh tentang residensi dan pembelajaran klinik lanjutan, kompetensi ners dalam asuhan pasien, serta praktik klinik keperawatan profesional. Disusun dengan bahasa yang mudah dipahami untuk kalangan akademik.","kompetensi ners, praktik klinis ners, residensi keperawatan, keperawatan lanjutan",Indonesia,Fisik,281,978-0-674-47163-4,8
BK00758,Panduan Praktik Profesi Ners Edisi Revisi,R. Titi Melani,Andi Publisher,2014,"Fakultas Sains, Teknologi, & Kesehatan",Profesi Ners,Keperawatan Profesi Ners,"Buku ini menyajikan kajian komprehensif mengenai penerapan evidence-based practice, etika dan profesionalisme keperawatan, serta praktik klinik keperawatan profesional. Dilengkapi dengan contoh kasus dan studi lapangan yang relevan.","keperawatan lanjutan, profesi ners, residensi keperawatan, kompetensi ners",Indonesia,E-book,281,978-0-414-36371-7,9999
BK00759,Modul Residensi Keperawatan,"Titi Mardhiyah, M.Ak, Dacin Rahayu",Deepublish,2018,"Fakultas Sains, Teknologi, & Kesehatan",Profesi Ners,Keperawatan Profesi Ners,"Buku ini dirancang sebagai panduan untuk memahami kompetensi ners dalam asuhan pasien, residensi dan pembelajaran klinik lanjutan, serta praktik klinik keperawatan profesional. Membantu pembaca membangun pemahaman konseptual maupun praktis.","profesi ners, evidence based practice, praktik klinis ners, kompetensi ners",Inggris,E-book,263,978-0-12-604326-6,9999
BK00760,Panduan Praktik Keperawatan Komprehensif,"Latif Pangestu, Saka Habibi",Nuha Medika,2016,"Fakultas Sains, Teknologi, & Kesehatan",Profesi Ners,Keperawatan Profesi Ners,"Buku ini membahas secara mendalam tentang residensi dan pembelajaran klinik lanjutan, etika dan profesionalisme keperawatan, serta praktik klinik keperawatan profesional. Membantu pembaca membangun pemahaman konseptual maupun praktis.","profesi ners, praktik klinis ners, keperawatan komprehensif, evidence based practice",Indonesia,Fisik,130,978-1-84335-670-7,7
BK00761,Profesi Ners: Praktik Klinis Lanjutan,"dr. Margana Habibi, Carla Santoso",Andi Publisher,2014,"Fakultas Sains, Teknologi, & Kesehatan",Profesi Ners,Keperawatan Profesi Ners,"Buku ini menyajikan kajian komprehensif mengenai kompetensi ners dalam asuhan pasien, praktik klinik keperawatan profesional, serta penerapan evidence-based practice. Disusun dengan bahasa yang mudah dipahami untuk kalangan akademik.","praktik klinis ners, evidence based practice, residensi keperawatan, keperawatan komprehensif",Indonesia,E-book,529,978-1-56350-200-2,9999
BK00762,Panduan Praktik Keperawatan Berbasis Bukti,Mitra Sinaga,Deepublish,2015,"Fakultas Sains, Teknologi, & Kesehatan",Profesi Ners,Keperawatan Profesi Ners,"Buku ini membahas secara mendalam tentang etika dan profesionalisme keperawatan, penerapan evidence-based practice, serta residensi dan pembelajaran klinik lanjutan. Menjadi rujukan penting dalam perkuliahan dan penelitian terkait.","praktik klinis ners, residensi keperawatan, kompetensi ners, keperawatan lanjutan",Indonesia,E-book,242,978-1-74916-247-1,9999
BK00763,Praktik Klinik Ners: Praktik Klinis Lanjutan,Juli Sihombing,Gramedia Pustaka Utama,2023,"Fakultas Sains, Teknologi, & Kesehatan",Profesi Ners,Keperawatan Profesi Ners,"Buku ini dirancang sebagai panduan untuk memahami penerapan evidence-based practice, praktik klinik keperawatan profesional, serta residensi dan pembelajaran klinik lanjutan. Cocok digunakan sebagai referensi utama bagi mahasiswa dan praktisi.","residensi keperawatan, kompetensi ners, keperawatan komprehensif, profesi ners",Indonesia,Fisik,222,978-0-08-255598-8,7
BK00764,Modul Profesi Ners,"dr. Gilda Yulianti, Fathonah Padmasari",Elex Media Komputindo,2022,"Fakultas Sains, Teknologi, & Kesehatan",Profesi Ners,Keperawatan Profesi Ners,"Buku ini mengulas berbagai aspek penting dari residensi dan pembelajaran klinik lanjutan, penerapan evidence-based practice, serta praktik klinik keperawatan profesional. Disusun dengan bahasa yang mudah dipahami untuk kalangan akademik.","keperawatan komprehensif, residensi keperawatan, kompetensi ners, keperawatan lanjutan",Inggris,Fisik,256,978-0-12-910933-4,1
BK00765,Panduan Praktik Residensi Keperawatan,"Melinda Januar, S.Pt",Kencana Prenada,2023,"Fakultas Sains, Teknologi, & Kesehatan",Profesi Ners,Keperawatan Profesi Ners,"Buku ini membahas secara mendalam tentang praktik klinik keperawatan profesional, kompetensi ners dalam asuhan pasien, serta residensi dan pembelajaran klinik lanjutan. Dilengkapi dengan contoh kasus dan studi lapangan yang relevan.","profesi ners, praktik klinis ners, keperawatan lanjutan, kompetensi ners",Indonesia,Fisik,124,978-1-7382023-6-2,0
BK00766,Pembelajaran Klinik Profesi Ners Edisi Terbaru,H. Dono Purwanti,Andi Publisher,2007,"Fakultas Sains, Teknologi, & Kesehatan",Profesi Ners,Keperawatan Profesi Ners,"Buku ini membahas secara mendalam tentang praktik klinik keperawatan profesional, kompetensi ners dalam asuhan pasien, serta etika dan profesionalisme keperawatan. Dilengkapi dengan contoh kasus dan studi lapangan yang relevan.","residensi keperawatan, kompetensi ners, profesi ners, evidence based practice",Indonesia,Fisik,525,978-1-71617-688-3,3
BK00767,Panduan Praktik Profesi Ners,"Dt. Caturangga Rahimah, S.T.",Nuha Medika,2006,"Fakultas Sains, Teknologi, & Kesehatan",Profesi Ners,Keperawatan Profesi Ners,"Buku ini mengulas berbagai aspek penting dari etika dan profesionalisme keperawatan, kompetensi ners dalam asuhan pasien, serta residensi dan pembelajaran klinik lanjutan. Membantu pembaca membangun pemahaman konseptual maupun praktis.","praktik klinis ners, keperawatan komprehensif, keperawatan lanjutan, kompetensi ners",Indonesia,E-book,123,978-1-09-036788-4,9999
BK00768,Kompetensi Keperawatan Komprehensif,Catur Farida,Bumi Aksara,2017,"Fakultas Sains, Teknologi, & Kesehatan",Profesi Ners,Keperawatan Profesi Ners,"Buku ini menyajikan kajian komprehensif mengenai kompetensi ners dalam asuhan pasien, etika dan profesionalisme keperawatan, serta residensi dan pembelajaran klinik lanjutan. Dilengkapi dengan contoh kasus dan studi lapangan yang relevan.","evidence based practice, praktik klinis ners, profesi ners, keperawatan lanjutan",Inggris,E-book,447,978-1-69432-029-2,9999
BK00769,Kompetensi Praktik Klinik Ners,Lega Anggriawan,UI Press,2020,"Fakultas Sains, Teknologi, & Kesehatan",Profesi Ners,Keperawatan Profesi Ners,"Buku ini membahas secara mendalam tentang penerapan evidence-based practice, kompetensi ners dalam asuhan pasien, serta praktik klinik keperawatan profesional. Cocok digunakan sebagai referensi utama bagi mahasiswa dan praktisi.","praktik klinis ners, evidence based practice, profesi ners, residensi keperawatan",Indonesia,E-book,506,978-1-4344-8123-8,9999
BK00770,Panduan Praktik Praktik Klinik Ners Edisi Revisi,Kasusra Prakasa,Pustaka Pelajar,2016,"Fakultas Sains, Teknologi, & Kesehatan",Profesi Ners,Keperawatan Profesi Ners,"Buku ini mengulas berbagai aspek penting dari etika dan profesionalisme keperawatan, penerapan evidence-based practice, serta residensi dan pembelajaran klinik lanjutan. Menjadi rujukan penting dalam perkuliahan dan penelitian terkait.","keperawatan lanjutan, residensi keperawatan, evidence based practice, profesi ners",Indonesia,Fisik,273,978-0-242-40338-8,7
BK00771,Pembelajaran Klinik Keperawatan Komprehensif Edisi Ke-2,"Abyasa Yulianti, Siti Suartini",Salemba Empat,2009,"Fakultas Sains, Teknologi, & Kesehatan",Profesi Ners,Keperawatan Profesi Ners,"Buku ini memberikan pemahaman menyeluruh tentang penerapan evidence-based practice, residensi dan pembelajaran klinik lanjutan, serta kompetensi ners dalam asuhan pasien. Menjadi rujukan penting dalam perkuliahan dan penelitian terkait.","residensi keperawatan, keperawatan komprehensif, kompetensi ners, evidence based practice",Inggris,Fisik,132,978-1-184-26945-2,2
BK00772,Modul Keperawatan Komprehensif,"Luis Anggriawan, dr. Gawati Setiawan, S.E.",Pustaka Pelajar,2017,"Fakultas Sains, Teknologi, & Kesehatan",Profesi Ners,Keperawatan Profesi Ners,"Buku ini membahas secara mendalam tentang etika dan profesionalisme keperawatan, kompetensi ners dalam asuhan pasien, serta praktik klinik keperawatan profesional. Cocok digunakan sebagai referensi utama bagi mahasiswa dan praktisi.","keperawatan lanjutan, kompetensi ners, praktik klinis ners, evidence based practice",Indonesia,Fisik,292,978-0-89164-983-0,3
BK00773,Modul Praktik Klinik Ners Edisi Ke-3,"Dr. Gawati Simbolon, S.T., Laksana Usamah",Andi Publisher,2008,"Fakultas Sains, Teknologi, & Kesehatan",Profesi Ners,Keperawatan Profesi Ners,"Buku ini membahas secara mendalam tentang residensi dan pembelajaran klinik lanjutan, kompetensi ners dalam asuhan pasien, serta etika dan profesionalisme keperawatan. Disusun dengan bahasa yang mudah dipahami untuk kalangan akademik.","keperawatan komprehensif, evidence based practice, keperawatan lanjutan, kompetensi ners",Indonesia,E-book,364,978-0-7365-2717-0,9999
BK00774,Kompetensi Keperawatan Komprehensif,Jagaraga Nashiruddin,Rajawali Pers,2018,"Fakultas Sains, Teknologi, & Kesehatan",Profesi Ners,Keperawatan Profesi Ners,"Buku ini mengulas berbagai aspek penting dari penerapan evidence-based practice, kompetensi ners dalam asuhan pasien, serta residensi dan pembelajaran klinik lanjutan. Membantu pembaca membangun pemahaman konseptual maupun praktis.","praktik klinis ners, keperawatan komprehensif, kompetensi ners, profesi ners",Indonesia,E-book,264,978-0-9724042-2-8,9999
BK00775,Keperawatan Komprehensif: Praktik Klinis Lanjutan,"drg. Silvia Sudiati, S.Kom",Pustaka Pelajar,2015,"Fakultas Sains, Teknologi, & Kesehatan",Profesi Ners,Keperawatan Profesi Ners,"Buku ini mengulas berbagai aspek penting dari residensi dan pembelajaran klinik lanjutan, kompetensi ners dalam asuhan pasien, serta praktik klinik keperawatan profesional. Dilengkapi dengan contoh kasus dan studi lapangan yang relevan.","profesi ners, keperawatan lanjutan, keperawatan komprehensif, residensi keperawatan",Indonesia,E-book,294,978-0-16-376182-6,9999
BK00776,Kompetensi Keperawatan Komprehensif,"Umi Budiman, M.Ak",Rajawali Pers,2015,"Fakultas Sains, Teknologi, & Kesehatan",Profesi Ners,Keperawatan Profesi Ners,"Buku ini memberikan pemahaman menyeluruh tentang kompetensi ners dalam asuhan pasien, residensi dan pembelajaran klinik lanjutan, serta penerapan evidence-based practice. Cocok digunakan sebagai referensi utama bagi mahasiswa dan praktisi.","evidence based practice, praktik klinis ners, keperawatan lanjutan, kompetensi ners",Inggris,Fisik,439,978-1-60100-231-0,5
BK00777,Pembelajaran Klinik Praktik Klinik Ners,Dinda Utami,Pustaka Pelajar,2006,"Fakultas Sains, Teknologi, & Kesehatan",Profesi Ners,Keperawatan Profesi Ners,"Buku ini menyajikan kajian komprehensif mengenai residensi dan pembelajaran klinik lanjutan, kompetensi ners dalam asuhan pasien, serta etika dan profesionalisme keperawatan. Disusun dengan bahasa yang mudah dipahami untuk kalangan akademik.","kompetensi ners, residensi keperawatan, profesi ners, keperawatan komprehensif",Indonesia,Fisik,444,978-0-18-513279-6,0
BK00778,Keperawatan Berbasis Bukti: Praktik Klinis Lanjutan,"Yulia Marpaung, Julia Kuswandari",Rajawali Pers,2024,"Fakultas Sains, Teknologi, & Kesehatan",Profesi Ners,Keperawatan Profesi Ners,"Buku ini menyajikan kajian komprehensif mengenai etika dan profesionalisme keperawatan, kompetensi ners dalam asuhan pasien, serta penerapan evidence-based practice. Membantu pembaca membangun pemahaman konseptual maupun praktis.","residensi keperawatan, keperawatan lanjutan, keperawatan komprehensif, kompetensi ners",Indonesia,E-book,151,978-0-08-481001-6,9999
BK00779,Pembelajaran Klinik Keperawatan Berbasis Bukti,T. Baktiono Melani,Informatika Bandung,2005,"Fakultas Sains, Teknologi, & Kesehatan",Profesi Ners,Keperawatan Profesi Ners,"Buku ini mengulas berbagai aspek penting dari penerapan evidence-based practice, kompetensi ners dalam asuhan pasien, serta praktik klinik keperawatan profesional. Cocok digunakan sebagai referensi utama bagi mahasiswa dan praktisi.","keperawatan komprehensif, kompetensi ners, profesi ners, residensi keperawatan",Indonesia,Fisik,358,978-0-03-036625-3,2
BK00780,Modul Keperawatan Berbasis Bukti Edisi Terbaru,"Edison Prasetyo, S.Sos",Graha Ilmu,2009,"Fakultas Sains, Teknologi, & Kesehatan",Profesi Ners,Keperawatan Profesi Ners,"Buku ini menyajikan kajian komprehensif mengenai kompetensi ners dalam asuhan pasien, residensi dan pembelajaran klinik lanjutan, serta etika dan profesionalisme keperawatan. Membantu pembaca membangun pemahaman konseptual maupun praktis.","profesi ners, residensi keperawatan, keperawatan komprehensif, kompetensi ners",Indonesia,Fisik,146,978-1-213-14519-1,5
BK00781,Keperawatan Komprehensif: Praktik Klinis Lanjutan,Devi Tarihoran,Graha Ilmu,2014,"Fakultas Sains, Teknologi, & Kesehatan",Profesi Ners,Keperawatan Profesi Ners,"Buku ini dirancang sebagai panduan untuk memahami residensi dan pembelajaran klinik lanjutan, kompetensi ners dalam asuhan pasien, serta etika dan profesionalisme keperawatan. Cocok digunakan sebagai referensi utama bagi mahasiswa dan praktisi.","evidence based practice, profesi ners, keperawatan komprehensif, residensi keperawatan",Indonesia,E-book,148,978-0-922685-92-9,9999
BK00782,Modul Profesi Ners,"Irwan Maryadi, S.Pd, Tgk. Kamaria Jailani",Graha Ilmu,2018,"Fakultas Sains, Teknologi, & Kesehatan",Profesi Ners,Keperawatan Profesi Ners,"Buku ini mengulas berbagai aspek penting dari praktik klinik keperawatan profesional, penerapan evidence-based practice, serta kompetensi ners dalam asuhan pasien. Cocok digunakan sebagai referensi utama bagi mahasiswa dan praktisi.","profesi ners, evidence based practice, praktik klinis ners, kompetensi ners",Indonesia,Fisik,325,978-1-5410-2252-2,8
BK00783,Pembelajaran Klinik Praktik Klinik Ners,Melinda Kuswandari,Erlangga,2012,"Fakultas Sains, Teknologi, & Kesehatan",Profesi Ners,Keperawatan Profesi Ners,"Buku ini mengulas berbagai aspek penting dari residensi dan pembelajaran klinik lanjutan, kompetensi ners dalam asuhan pasien, serta praktik klinik keperawatan profesional. Dilengkapi dengan contoh kasus dan studi lapangan yang relevan.","praktik klinis ners, evidence based practice, profesi ners, keperawatan lanjutan",Indonesia,Fisik,449,978-0-9642152-2-1,3
BK00784,Panduan Praktik Profesi Ners Edisi Ke-2,"dr. Garan Simanjuntak, M.Kom.",Bumi Aksara,2021,"Fakultas Sains, Teknologi, & Kesehatan",Profesi Ners,Keperawatan Profesi Ners,"Buku ini memberikan pemahaman menyeluruh tentang penerapan evidence-based practice, residensi dan pembelajaran klinik lanjutan, serta etika dan profesionalisme keperawatan. Cocok digunakan sebagai referensi utama bagi mahasiswa dan praktisi.","keperawatan lanjutan, praktik klinis ners, evidence based practice, residensi keperawatan",Inggris,Fisik,462,978-1-69523-668-4,6
BK00785,Panduan Praktik Keperawatan Komprehensif,"Paulin Nasyidah, Patricia Nasyiah",Salemba Empat,2011,"Fakultas Sains, Teknologi, & Kesehatan",Profesi Ners,Keperawatan Profesi Ners,"Buku ini menyajikan kajian komprehensif mengenai praktik klinik keperawatan profesional, penerapan evidence-based practice, serta residensi dan pembelajaran klinik lanjutan. Menjadi rujukan penting dalam perkuliahan dan penelitian terkait.","evidence based practice, keperawatan komprehensif, profesi ners, residensi keperawatan",Indonesia,E-book,501,978-1-196-89313-3,9999
BK00786,Keperawatan Berbasis Bukti: Praktik Klinis Lanjutan,Ade Putra,Bumi Aksara,2008,"Fakultas Sains, Teknologi, & Kesehatan",Profesi Ners,Keperawatan Profesi Ners,"Buku ini mengulas berbagai aspek penting dari penerapan evidence-based practice, kompetensi ners dalam asuhan pasien, serta residensi dan pembelajaran klinik lanjutan. Menjadi rujukan penting dalam perkuliahan dan penelitian terkait.","keperawatan lanjutan, praktik klinis ners, evidence based practice, residensi keperawatan",Inggris,Fisik,348,978-1-872105-52-9,8
BK00787,Pengantar Desain Grafis Edisi Revisi,Michelle Megantara,Alfabeta,2012,"Fakultas Sosial, Humaniora, & Seni",Desain Komunikasi Visual,Desain Komunikasi Visual & Ilustrasi,"Buku ini memberikan pemahaman menyeluruh tentang proses kreatif desain grafis, strategi branding melalui visual, serta estetika dalam karya seni rupa. Cocok digunakan sebagai referensi utama bagi mahasiswa dan praktisi.","layout, seni rupa, branding, tipografi",Indonesia,E-book,132,978-0-330-21260-1,9999
BK00788,Dasar-Dasar Tipografi,"Lintang Wahyudin, S.Gz",Bumi Aksara,2020,"Fakultas Sosial, Humaniora, & Seni",Desain Komunikasi Visual,Desain Komunikasi Visual & Ilustrasi,"Buku ini menyajikan kajian komprehensif mengenai ilustrasi dan komposisi gambar, estetika dalam karya seni rupa, serta strategi branding melalui visual. Menjadi rujukan penting dalam perkuliahan dan penelitian terkait.","seni rupa, ilustrasi, branding, tipografi",Indonesia,Fisik,435,978-0-7920-2521-4,1
BK00789,Dasar-Dasar Branding Visual Edisi Revisi,Bahuwarna Budiman,Elex Media Komputindo,2011,"Fakultas Sosial, Humaniora, & Seni",Desain Komunikasi Visual,Desain Komunikasi Visual & Ilustrasi,"Buku ini membahas secara mendalam tentang estetika dalam karya seni rupa, proses kreatif desain grafis, serta prinsip visual dan tipografi. Disusun dengan bahasa yang mudah dipahami untuk kalangan akademik.","desain grafis, tipografi, ilustrasi, desain komunikasi visual",Inggris,E-book,310,978-0-272-84765-7,9999
BK00790,Desain Komunikasi Visual: Konsep dan Praktik,"Violet Yuliarti, Amalia Suwarno, S.IP",Deepublish,2020,"Fakultas Sosial, Humaniora, & Seni",Desain Komunikasi Visual,Desain Komunikasi Visual & Ilustrasi,"Buku ini membahas secara mendalam tentang strategi branding melalui visual, ilustrasi dan komposisi gambar, serta prinsip visual dan tipografi. Cocok digunakan sebagai referensi utama bagi mahasiswa dan praktisi.","desain grafis, layout, tipografi, seni rupa",Indonesia,Fisik,164,978-0-09-282066-3,3
BK00791,Kreativitas dalam Branding Visual,"Warta Hasanah, M.Pd, Yance Rajata, M.Farm",Pustaka Pelajar,2006,"Fakultas Sosial, Humaniora, & Seni",Desain Komunikasi Visual,Desain Komunikasi Visual & Ilustrasi,"Buku ini memberikan pemahaman menyeluruh tentang proses kreatif desain grafis, prinsip visual dan tipografi, serta estetika dalam karya seni rupa. Cocok digunakan sebagai referensi utama bagi mahasiswa dan praktisi.","desain komunikasi visual, ilustrasi, desain grafis, seni rupa",Inggris,Fisik,331,978-0-624-18623-6,2
BK00792,Kreativitas dalam Desain Grafis,Raina Hakim,Nuha Medika,2012,"Fakultas Sosial, Humaniora, & Seni",Desain Komunikasi Visual,Desain Komunikasi Visual & Ilustrasi,"Buku ini mengulas berbagai aspek penting dari proses kreatif desain grafis, strategi branding melalui visual, serta prinsip visual dan tipografi. Dilengkapi dengan contoh kasus dan studi lapangan yang relevan.","tipografi, branding, layout, ilustrasi",Indonesia,E-book,142,978-1-289-17756-0,9999
BK00793,Kreativitas dalam Desain Komunikasi Visual,"drg. Eli Habibi, S.I.Kom",UI Press,2010,"Fakultas Sosial, Humaniora, & Seni",Desain Komunikasi Visual,Desain Komunikasi Visual & Ilustrasi,"Buku ini memberikan pemahaman menyeluruh tentang prinsip visual dan tipografi, strategi branding melalui visual, serta proses kreatif desain grafis. Membantu pembaca membangun pemahaman konseptual maupun praktis.","branding, desain grafis, tipografi, desain komunikasi visual",Indonesia,E-book,402,978-0-411-15950-4,9999
BK00794,Ilustrasi Digital: Konsep dan Praktik,Eko Marpaung,Informatika Bandung,2016,"Fakultas Sosial, Humaniora, & Seni",Desain Komunikasi Visual,Desain Komunikasi Visual & Ilustrasi,"Buku ini dirancang sebagai panduan untuk memahami proses kreatif desain grafis, ilustrasi dan komposisi gambar, serta strategi branding melalui visual. Menjadi rujukan penting dalam perkuliahan dan penelitian terkait.","tipografi, ilustrasi, layout, desain komunikasi visual",Indonesia,E-book,249,978-0-390-43830-0,9999
BK00795,Ilustrasi Digital: Konsep dan Praktik,Embuh Hutasoit,Salemba Empat,2010,"Fakultas Sosial, Humaniora, & Seni",Desain Komunikasi Visual,Desain Komunikasi Visual & Ilustrasi,"Buku ini mengulas berbagai aspek penting dari strategi branding melalui visual, proses kreatif desain grafis, serta estetika dalam karya seni rupa. Membantu pembaca membangun pemahaman konseptual maupun praktis.","desain komunikasi visual, branding, seni rupa, desain grafis",Indonesia,E-book,322,978-1-00-514054-0,9999
BK00796,Prinsip Desain Grafis,Olivia Nababan,Rajawali Pers,2020,"Fakultas Sosial, Humaniora, & Seni",Desain Komunikasi Visual,Desain Komunikasi Visual & Ilustrasi,"Buku ini menyajikan kajian komprehensif mengenai strategi branding melalui visual, proses kreatif desain grafis, serta estetika dalam karya seni rupa. Disusun dengan bahasa yang mudah dipahami untuk kalangan akademik.","desain komunikasi visual, desain grafis, layout, branding",Indonesia,E-book,548,978-1-5215-6818-7,9999
BK00797,Kreativitas dalam Desain Komunikasi Visual,"KH. Cakrawala Dongoran, M.Farm",Gramedia Pustaka Utama,2011,"Fakultas Sosial, Humaniora, & Seni",Desain Komunikasi Visual,Desain Komunikasi Visual & Ilustrasi,"Buku ini memberikan pemahaman menyeluruh tentang prinsip visual dan tipografi, proses kreatif desain grafis, serta strategi branding melalui visual. Dilengkapi dengan contoh kasus dan studi lapangan yang relevan.","seni rupa, desain komunikasi visual, tipografi, ilustrasi",Indonesia,Fisik,193,978-1-904227-11-3,1
BK00798,Pengantar Desain Komunikasi Visual,"Gina Pratama, S.E.I, H. Caraka Mardhiyah, M.TI.",Andi Publisher,2010,"Fakultas Sosial, Humaniora, & Seni",Desain Komunikasi Visual,Desain Komunikasi Visual & Ilustrasi,"Buku ini membahas secara mendalam tentang prinsip visual dan tipografi, estetika dalam karya seni rupa, serta proses kreatif desain grafis. Dilengkapi dengan contoh kasus dan studi lapangan yang relevan.","branding, desain grafis, seni rupa, layout",Indonesia,Fisik,351,978-1-254-59606-8,1
BK00799,Desain Komunikasi Visual: Konsep dan Praktik Edisi Ke-3,Daniswara Suryatmi,Pustaka Pelajar,2006,"Fakultas Sosial, Humaniora, & Seni",Desain Komunikasi Visual,Desain Komunikasi Visual & Ilustrasi,"Buku ini dirancang sebagai panduan untuk memahami estetika dalam karya seni rupa, ilustrasi dan komposisi gambar, serta strategi branding melalui visual. Membantu pembaca membangun pemahaman konseptual maupun praktis.","tipografi, seni rupa, layout, ilustrasi",Indonesia,Fisik,283,978-0-9710248-1-6,5
BK00800,Desain Komunikasi Visual: Konsep dan Praktik,Cinta Hasanah,Pustaka Pelajar,2007,"Fakultas Sosial, Humaniora, & Seni",Desain Komunikasi Visual,Desain Komunikasi Visual & Ilustrasi,"Buku ini membahas secara mendalam tentang ilustrasi dan komposisi gambar, prinsip visual dan tipografi, serta proses kreatif desain grafis. Menjadi rujukan penting dalam perkuliahan dan penelitian terkait.","desain komunikasi visual, desain grafis, ilustrasi, tipografi",Indonesia,E-book,167,978-0-421-49551-7,9999
BK00801,Pengantar Desain Grafis,Cemani Haryanti,Informatika Bandung,2024,"Fakultas Sosial, Humaniora, & Seni",Desain Komunikasi Visual,Desain Komunikasi Visual & Ilustrasi,"Buku ini memberikan pemahaman menyeluruh tentang strategi branding melalui visual, estetika dalam karya seni rupa, serta ilustrasi dan komposisi gambar. Dilengkapi dengan contoh kasus dan studi lapangan yang relevan.","seni rupa, desain komunikasi visual, ilustrasi, desain grafis",Indonesia,Fisik,470,978-1-4721-9705-4,2
BK00802,Kreativitas dalam Desain Komunikasi Visual Edisi Ke-2,"Tgk. Lalita Wasita, M.Ak",Nuha Medika,2010,"Fakultas Sosial, Humaniora, & Seni",Desain Komunikasi Visual,Desain Komunikasi Visual & Ilustrasi,"Buku ini dirancang sebagai panduan untuk memahami strategi branding melalui visual, prinsip visual dan tipografi, serta estetika dalam karya seni rupa. Menjadi rujukan penting dalam perkuliahan dan penelitian terkait.","branding, desain komunikasi visual, ilustrasi, desain grafis",Indonesia,Fisik,140,978-1-58955-168-8,4
BK00803,Prinsip Desain Grafis,Hani Zulaika,Bumi Aksara,2006,"Fakultas Sosial, Humaniora, & Seni",Desain Komunikasi Visual,Desain Komunikasi Visual & Ilustrasi,"Buku ini menyajikan kajian komprehensif mengenai proses kreatif desain grafis, prinsip visual dan tipografi, serta estetika dalam karya seni rupa. Menjadi rujukan penting dalam perkuliahan dan penelitian terkait.","desain grafis, seni rupa, ilustrasi, desain komunikasi visual",Indonesia,Fisik,294,978-0-380-21462-4,7
BK00804,Prinsip Desain Grafis Edisi Ke-2,"drg. Zulaikha Hidayanto, Harsanto Hariyah",UI Press,2021,"Fakultas Sosial, Humaniora, & Seni",Desain Komunikasi Visual,Desain Komunikasi Visual & Ilustrasi,"Buku ini memberikan pemahaman menyeluruh tentang ilustrasi dan komposisi gambar, strategi branding melalui visual, serta estetika dalam karya seni rupa. Cocok digunakan sebagai referensi utama bagi mahasiswa dan praktisi.","desain komunikasi visual, layout, desain grafis, ilustrasi",Indonesia,Fisik,362,978-1-77871-121-3,0
BK00805,Prinsip Branding Visual,"Vivi Astuti, Himawan Sitompul",Andi Publisher,2010,"Fakultas Sosial, Humaniora, & Seni",Desain Komunikasi Visual,Desain Komunikasi Visual & Ilustrasi,"Buku ini membahas secara mendalam tentang ilustrasi dan komposisi gambar, proses kreatif desain grafis, serta prinsip visual dan tipografi. Cocok digunakan sebagai referensi utama bagi mahasiswa dan praktisi.","desain grafis, tipografi, branding, ilustrasi",Indonesia,E-book,220,978-1-59737-147-6,9999
BK00806,Kreativitas dalam Ilustrasi Digital,Kenes Mangunsong,Salemba Empat,2014,"Fakultas Sosial, Humaniora, & Seni",Desain Komunikasi Visual,Desain Komunikasi Visual & Ilustrasi,"Buku ini menyajikan kajian komprehensif mengenai prinsip visual dan tipografi, estetika dalam karya seni rupa, serta ilustrasi dan komposisi gambar. Dilengkapi dengan contoh kasus dan studi lapangan yang relevan.","layout, branding, seni rupa, ilustrasi",Inggris,Fisik,310,978-0-359-09605-3,0
BK00807,Dasar-Dasar Branding Visual,"dr. Jasmani Prabowo, S.Gz",Pustaka Pelajar,2020,"Fakultas Sosial, Humaniora, & Seni",Desain Komunikasi Visual,Desain Komunikasi Visual & Ilustrasi,"Buku ini menyajikan kajian komprehensif mengenai proses kreatif desain grafis, ilustrasi dan komposisi gambar, serta prinsip visual dan tipografi. Menjadi rujukan penting dalam perkuliahan dan penelitian terkait.","desain grafis, tipografi, seni rupa, branding",Indonesia,Fisik,208,978-0-644-21214-4,6
BK00808,Pengantar Tipografi,"Cindy Salahudin, Dr. Lili Novitasari, S.Kom",Alfabeta,2012,"Fakultas Sosial, Humaniora, & Seni",Desain Komunikasi Visual,Desain Komunikasi Visual & Ilustrasi,"Buku ini memberikan pemahaman menyeluruh tentang estetika dalam karya seni rupa, proses kreatif desain grafis, serta prinsip visual dan tipografi. Disusun dengan bahasa yang mudah dipahami untuk kalangan akademik.","layout, desain grafis, ilustrasi, branding",Inggris,Fisik,505,978-0-01-654235-0,6
BK00809,Desain Komunikasi Visual: Konsep dan Praktik Edisi Ke-3,Novi Kusmawati,Bumi Aksara,2024,"Fakultas Sosial, Humaniora, & Seni",Desain Komunikasi Visual,Desain Komunikasi Visual & Ilustrasi,"Buku ini menyajikan kajian komprehensif mengenai estetika dalam karya seni rupa, ilustrasi dan komposisi gambar, serta strategi branding melalui visual. Dilengkapi dengan contoh kasus dan studi lapangan yang relevan.","desain komunikasi visual, seni rupa, branding, ilustrasi",Inggris,Fisik,341,978-1-59608-931-0,0
BK00810,Dasar-Dasar Branding Visual Edisi Ke-2,"Salwa Prastuti, M.Ak",Graha Ilmu,2022,"Fakultas Sosial, Humaniora, & Seni",Desain Komunikasi Visual,Desain Komunikasi Visual & Ilustrasi,"Buku ini mengulas berbagai aspek penting dari strategi branding melalui visual, ilustrasi dan komposisi gambar, serta estetika dalam karya seni rupa. Disusun dengan bahasa yang mudah dipahami untuk kalangan akademik.","desain grafis, tipografi, branding, ilustrasi",Indonesia,Fisik,381,978-1-5027-2751-0,7
BK00811,Kreativitas dalam Branding Visual,"Ir. Hasim Saptono, M.TI.",Andi Publisher,2022,"Fakultas Sosial, Humaniora, & Seni",Desain Komunikasi Visual,Desain Komunikasi Visual & Ilustrasi,"Buku ini memberikan pemahaman menyeluruh tentang strategi branding melalui visual, prinsip visual dan tipografi, serta estetika dalam karya seni rupa. Disusun dengan bahasa yang mudah dipahami untuk kalangan akademik.","branding, desain komunikasi visual, seni rupa, ilustrasi",Indonesia,E-book,257,978-1-279-10336-4,9999
BK00812,Branding Visual: Konsep dan Praktik,"Puji Marbun, M.Ak",Alfabeta,2018,"Fakultas Sosial, Humaniora, & Seni",Desain Komunikasi Visual,Desain Komunikasi Visual & Ilustrasi,"Buku ini mengulas berbagai aspek penting dari strategi branding melalui visual, estetika dalam karya seni rupa, serta prinsip visual dan tipografi. Membantu pembaca membangun pemahaman konseptual maupun praktis.","tipografi, seni rupa, desain komunikasi visual, branding",Indonesia,E-book,337,978-0-533-90550-8,9999
BK00813,Kreativitas dalam Tipografi,Ina Mardhiyah,Bumi Aksara,2008,"Fakultas Sosial, Humaniora, & Seni",Desain Komunikasi Visual,Desain Komunikasi Visual & Ilustrasi,"Buku ini dirancang sebagai panduan untuk memahami proses kreatif desain grafis, ilustrasi dan komposisi gambar, serta strategi branding melalui visual. Dilengkapi dengan contoh kasus dan studi lapangan yang relevan.","seni rupa, branding, tipografi, desain komunikasi visual",Indonesia,Fisik,426,978-1-76655-868-4,5
BK00814,Prinsip Ilustrasi Digital Edisi Terbaru,"Tgk. Balijan Nugroho, M.M.",PT Grasindo,2008,"Fakultas Sosial, Humaniora, & Seni",Desain Komunikasi Visual,Desain Komunikasi Visual & Ilustrasi,"Buku ini membahas secara mendalam tentang proses kreatif desain grafis, strategi branding melalui visual, serta ilustrasi dan komposisi gambar. Disusun dengan bahasa yang mudah dipahami untuk kalangan akademik.","desain komunikasi visual, ilustrasi, layout, tipografi",Inggris,Fisik,154,978-1-289-28664-4,3
BK00815,Prinsip Desain Komunikasi Visual,"Hj. Shakila Zulaika, S.Farm",Rajawali Pers,2024,"Fakultas Sosial, Humaniora, & Seni",Desain Komunikasi Visual,Desain Komunikasi Visual & Ilustrasi,"Buku ini memberikan pemahaman menyeluruh tentang proses kreatif desain grafis, strategi branding melalui visual, serta prinsip visual dan tipografi. Menjadi rujukan penting dalam perkuliahan dan penelitian terkait.","layout, tipografi, desain komunikasi visual, ilustrasi",Inggris,Fisik,318,978-0-11-109617-8,5
BK00816,Pengantar Tipografi Edisi Revisi,"Umi Oktaviani, M.Pd, Mahesa Handayani",Erlangga,2006,"Fakultas Sosial, Humaniora, & Seni",Desain Komunikasi Visual,Desain Komunikasi Visual & Ilustrasi,"Buku ini memberikan pemahaman menyeluruh tentang proses kreatif desain grafis, prinsip visual dan tipografi, serta strategi branding melalui visual. Dilengkapi dengan contoh kasus dan studi lapangan yang relevan.","desain grafis, tipografi, layout, branding",Indonesia,Fisik,292,978-1-63378-613-4,4
BK00817,Prinsip Tipografi Edisi Ke-3,"Dr. Dewi Tampubolon, M.M.",Gramedia Pustaka Utama,2011,"Fakultas Sosial, Humaniora, & Seni",Desain Komunikasi Visual,Desain Komunikasi Visual & Ilustrasi,"Buku ini menyajikan kajian komprehensif mengenai estetika dalam karya seni rupa, strategi branding melalui visual, serta prinsip visual dan tipografi. Menjadi rujukan penting dalam perkuliahan dan penelitian terkait.","tipografi, seni rupa, branding, desain grafis",Indonesia,Fisik,412,978-1-05-384444-5,4
BK00818,Dasar-Dasar Desain Grafis Edisi Terbaru,"drg. Samiah Permadi, S.Ked, Ami Budiman",Informatika Bandung,2014,"Fakultas Sosial, Humaniora, & Seni",Desain Komunikasi Visual,Desain Komunikasi Visual & Ilustrasi,"Buku ini membahas secara mendalam tentang proses kreatif desain grafis, strategi branding melalui visual, serta prinsip visual dan tipografi. Dilengkapi dengan contoh kasus dan studi lapangan yang relevan.","ilustrasi, desain komunikasi visual, seni rupa, branding",Inggris,Fisik,229,978-0-589-55296-1,3
BK00819,Dasar-Dasar Desain Komunikasi Visual,Kala Wijaya,Graha Ilmu,2021,"Fakultas Sosial, Humaniora, & Seni",Desain Komunikasi Visual,Desain Komunikasi Visual & Ilustrasi,"Buku ini memberikan pemahaman menyeluruh tentang prinsip visual dan tipografi, strategi branding melalui visual, serta estetika dalam karya seni rupa. Menjadi rujukan penting dalam perkuliahan dan penelitian terkait.","branding, ilustrasi, desain komunikasi visual, layout",Indonesia,Fisik,375,978-1-09-626265-7,8
BK00820,Prinsip Branding Visual Edisi Ke-2,R.M. Ibrani Pradipta,Alfabeta,2017,"Fakultas Sosial, Humaniora, & Seni",Desain Komunikasi Visual,Desain Komunikasi Visual & Ilustrasi,"Buku ini mengulas berbagai aspek penting dari ilustrasi dan komposisi gambar, proses kreatif desain grafis, serta prinsip visual dan tipografi. Disusun dengan bahasa yang mudah dipahami untuk kalangan akademik.","desain komunikasi visual, branding, ilustrasi, seni rupa",Indonesia,E-book,268,978-0-8196-4825-9,9999
BK00821,Prinsip Branding Visual,Bakiman Iswahyudi,PT Grasindo,2016,"Fakultas Sosial, Humaniora, & Seni",Desain Komunikasi Visual,Desain Komunikasi Visual & Ilustrasi,"Buku ini dirancang sebagai panduan untuk memahami ilustrasi dan komposisi gambar, prinsip visual dan tipografi, serta proses kreatif desain grafis. Disusun dengan bahasa yang mudah dipahami untuk kalangan akademik.","branding, desain komunikasi visual, seni rupa, desain grafis",Indonesia,Fisik,343,978-1-09-209819-9,7
BK00822,Dasar-Dasar Desain Komunikasi Visual,"Aisyah Mustofa, Siska Usamah",Elex Media Komputindo,2021,"Fakultas Sosial, Humaniora, & Seni",Desain Komunikasi Visual,Desain Komunikasi Visual & Ilustrasi,"Buku ini dirancang sebagai panduan untuk memahami proses kreatif desain grafis, estetika dalam karya seni rupa, serta strategi branding melalui visual. Membantu pembaca membangun pemahaman konseptual maupun praktis.","tipografi, layout, ilustrasi, seni rupa",Indonesia,Fisik,306,978-0-334-38364-2,0
BK00823,Dasar-Dasar Tipografi Edisi Revisi,"Aslijan Saefullah, S.Pt, Lutfan Damanik",Informatika Bandung,2012,"Fakultas Sosial, Humaniora, & Seni",Desain Komunikasi Visual,Desain Komunikasi Visual & Ilustrasi,"Buku ini mengulas berbagai aspek penting dari strategi branding melalui visual, proses kreatif desain grafis, serta ilustrasi dan komposisi gambar. Dilengkapi dengan contoh kasus dan studi lapangan yang relevan.","desain komunikasi visual, tipografi, ilustrasi, seni rupa",Indonesia,Fisik,386,978-0-7911-2442-0,1
BK00824,Dasar-Dasar Branding Visual Edisi Ke-2,"Bahuwarna Lailasari, dr. Zalindra Pranowo, S.Sos",Alfabeta,2008,"Fakultas Sosial, Humaniora, & Seni",Desain Komunikasi Visual,Desain Komunikasi Visual & Ilustrasi,"Buku ini membahas secara mendalam tentang prinsip visual dan tipografi, proses kreatif desain grafis, serta strategi branding melalui visual. Cocok digunakan sebagai referensi utama bagi mahasiswa dan praktisi.","ilustrasi, layout, seni rupa, desain komunikasi visual",Indonesia,E-book,183,978-1-06-171366-5,9999
BK00825,Kreativitas dalam Ilustrasi Digital,"Siska Hartati, R.M. Cemeti Salahudin, S.Ked",Erlangga,2021,"Fakultas Sosial, Humaniora, & Seni",Desain Komunikasi Visual,Desain Komunikasi Visual & Ilustrasi,"Buku ini membahas secara mendalam tentang proses kreatif desain grafis, strategi branding melalui visual, serta ilustrasi dan komposisi gambar. Membantu pembaca membangun pemahaman konseptual maupun praktis.","seni rupa, layout, desain grafis, tipografi",Inggris,Fisik,205,978-0-15-579980-6,0
BK00826,Pengantar Tipografi Edisi Ke-3,Karman Rajasa,Erlangga,2024,"Fakultas Sosial, Humaniora, & Seni",Desain Komunikasi Visual,Desain Komunikasi Visual & Ilustrasi,"Buku ini menyajikan kajian komprehensif mengenai proses kreatif desain grafis, prinsip visual dan tipografi, serta strategi branding melalui visual. Dilengkapi dengan contoh kasus dan studi lapangan yang relevan.","tipografi, ilustrasi, seni rupa, branding",Indonesia,Fisik,189,978-0-908088-23-2,0
BK00827,Prinsip Branding Visual,"dr. Calista Pratama, S.Ked",PT Grasindo,2024,"Fakultas Sosial, Humaniora, & Seni",Desain Komunikasi Visual,Desain Komunikasi Visual & Ilustrasi,"Buku ini dirancang sebagai panduan untuk memahami estetika dalam karya seni rupa, ilustrasi dan komposisi gambar, serta strategi branding melalui visual. Disusun dengan bahasa yang mudah dipahami untuk kalangan akademik.","ilustrasi, desain komunikasi visual, branding, layout",Indonesia,E-book,328,978-0-312-44731-1,9999
BK00828,Kreativitas dalam Desain Komunikasi Visual Edisi Revisi,"Titin Puspasari, Emil Hastuti, M.Kom.",Gramedia Pustaka Utama,2016,"Fakultas Sosial, Humaniora, & Seni",Desain Komunikasi Visual,Desain Komunikasi Visual & Ilustrasi,"Buku ini memberikan pemahaman menyeluruh tentang estetika dalam karya seni rupa, ilustrasi dan komposisi gambar, serta proses kreatif desain grafis. Disusun dengan bahasa yang mudah dipahami untuk kalangan akademik.","desain komunikasi visual, tipografi, branding, desain grafis",Indonesia,Fisik,221,978-1-342-34619-3,0
BK00829,Prinsip Tipografi,"KH. Langgeng Saragih, S.E.",Alfabeta,2019,"Fakultas Sosial, Humaniora, & Seni",Desain Komunikasi Visual,Desain Komunikasi Visual & Ilustrasi,"Buku ini membahas secara mendalam tentang ilustrasi dan komposisi gambar, proses kreatif desain grafis, serta prinsip visual dan tipografi. Dilengkapi dengan contoh kasus dan studi lapangan yang relevan.","layout, branding, seni rupa, tipografi",Inggris,Fisik,358,978-1-67694-591-8,7
BK00830,Pengantar Desain Komunikasi Visual Edisi Revisi,"drg. Maria Pangestu, dr. Kasiyah Usamah",Andi Publisher,2018,"Fakultas Sosial, Humaniora, & Seni",Desain Komunikasi Visual,Desain Komunikasi Visual & Ilustrasi,"Buku ini memberikan pemahaman menyeluruh tentang strategi branding melalui visual, prinsip visual dan tipografi, serta proses kreatif desain grafis. Menjadi rujukan penting dalam perkuliahan dan penelitian terkait.","seni rupa, branding, desain grafis, tipografi",Indonesia,Fisik,540,978-1-208-49649-9,8
BK00831,Dasar-Dasar Desain Komunikasi Visual Edisi Ke-3,"Hj. Paris Thamrin, S.Sos, Balijan Najmudin",UI Press,2011,"Fakultas Sosial, Humaniora, & Seni",Desain Komunikasi Visual,Desain Komunikasi Visual & Ilustrasi,"Buku ini membahas secara mendalam tentang proses kreatif desain grafis, strategi branding melalui visual, serta prinsip visual dan tipografi. Membantu pembaca membangun pemahaman konseptual maupun praktis.","desain komunikasi visual, seni rupa, desain grafis, layout",Indonesia,Fisik,326,978-1-253-13552-7,5
BK00832,Branding Visual: Konsep dan Praktik,"Tgk. Banawi Anggriawan, S.Psi",Andi Publisher,2022,"Fakultas Sosial, Humaniora, & Seni",Desain Komunikasi Visual,Desain Komunikasi Visual & Ilustrasi,"Buku ini dirancang sebagai panduan untuk memahami ilustrasi dan komposisi gambar, estetika dalam karya seni rupa, serta proses kreatif desain grafis. Cocok digunakan sebagai referensi utama bagi mahasiswa dan praktisi.","layout, desain komunikasi visual, branding, desain grafis",Indonesia,Fisik,289,978-1-379-53816-5,7
BK00833,Pengantar Tipografi,"Rahmi Prabowo, Sutan Baktiono Purwanti",Elex Media Komputindo,2009,"Fakultas Sosial, Humaniora, & Seni",Desain Komunikasi Visual,Desain Komunikasi Visual & Ilustrasi,"Buku ini mengulas berbagai aspek penting dari proses kreatif desain grafis, prinsip visual dan tipografi, serta ilustrasi dan komposisi gambar. Cocok digunakan sebagai referensi utama bagi mahasiswa dan praktisi.","desain komunikasi visual, ilustrasi, tipografi, branding",Inggris,E-book,219,978-0-9665533-0-7,9999
BK00834,Pengantar Desain Komunikasi Visual,"drg. Jamil Gunawan, S.T., Devi Maheswara",Nuha Medika,2012,"Fakultas Sosial, Humaniora, & Seni",Desain Komunikasi Visual,Desain Komunikasi Visual & Ilustrasi,"Buku ini memberikan pemahaman menyeluruh tentang prinsip visual dan tipografi, strategi branding melalui visual, serta ilustrasi dan komposisi gambar. Cocok digunakan sebagai referensi utama bagi mahasiswa dan praktisi.","seni rupa, desain grafis, branding, layout",Indonesia,E-book,372,978-0-9596390-4-9,9999
BK00835,Dasar-Dasar Desain Komunikasi Visual,Margana Permata,Alfabeta,2009,"Fakultas Sosial, Humaniora, & Seni",Desain Komunikasi Visual,Desain Komunikasi Visual & Ilustrasi,"Buku ini mengulas berbagai aspek penting dari estetika dalam karya seni rupa, strategi branding melalui visual, serta ilustrasi dan komposisi gambar. Membantu pembaca membangun pemahaman konseptual maupun praktis.","branding, tipografi, ilustrasi, layout",Indonesia,Fisik,537,978-1-4260-8805-6,0
BK00836,Prinsip Ilustrasi Digital,"Agus Hidayat, M.Kom.",Kencana Prenada,2022,"Fakultas Sosial, Humaniora, & Seni",Desain Komunikasi Visual,Desain Komunikasi Visual & Ilustrasi,"Buku ini membahas secara mendalam tentang estetika dalam karya seni rupa, strategi branding melalui visual, serta proses kreatif desain grafis. Dilengkapi dengan contoh kasus dan studi lapangan yang relevan.","ilustrasi, branding, layout, desain grafis",Indonesia,Fisik,357,978-1-4455-6185-1,2
BK00837,Kreativitas dalam Branding Visual,Rahmi Hardiansyah,Graha Ilmu,2007,"Fakultas Sosial, Humaniora, & Seni",Desain Komunikasi Visual,Desain Komunikasi Visual & Ilustrasi,"Buku ini dirancang sebagai panduan untuk memahami prinsip visual dan tipografi, proses kreatif desain grafis, serta estetika dalam karya seni rupa. Menjadi rujukan penting dalam perkuliahan dan penelitian terkait.","ilustrasi, desain komunikasi visual, tipografi, branding",Indonesia,Fisik,327,978-1-77159-103-4,6
BK00838,Prinsip Desain Komunikasi Visual,Rudi Anggriawan,Informatika Bandung,2017,"Fakultas Sosial, Humaniora, & Seni",Desain Komunikasi Visual,Desain Komunikasi Visual & Ilustrasi,"Buku ini dirancang sebagai panduan untuk memahami ilustrasi dan komposisi gambar, estetika dalam karya seni rupa, serta proses kreatif desain grafis. Dilengkapi dengan contoh kasus dan studi lapangan yang relevan.","tipografi, desain grafis, layout, seni rupa",Indonesia,Fisik,244,978-0-563-21358-1,2
BK00839,Pengantar Branding Visual,Warji Habibi,Salemba Empat,2007,"Fakultas Sosial, Humaniora, & Seni",Desain Komunikasi Visual,Desain Komunikasi Visual & Ilustrasi,"Buku ini memberikan pemahaman menyeluruh tentang prinsip visual dan tipografi, proses kreatif desain grafis, serta strategi branding melalui visual. Menjadi rujukan penting dalam perkuliahan dan penelitian terkait.","desain grafis, layout, branding, desain komunikasi visual",Indonesia,Fisik,361,978-0-10-414596-8,2
BK00840,Pengantar Ilustrasi Digital,Tami Narpati,Andi Publisher,2006,"Fakultas Sosial, Humaniora, & Seni",Desain Komunikasi Visual,Desain Komunikasi Visual & Ilustrasi,"Buku ini mengulas berbagai aspek penting dari prinsip visual dan tipografi, proses kreatif desain grafis, serta ilustrasi dan komposisi gambar. Cocok digunakan sebagai referensi utama bagi mahasiswa dan praktisi.","branding, layout, tipografi, desain grafis",Indonesia,E-book,120,978-1-125-29671-4,9999
BK00841,Pengantar Desain Komunikasi Visual,Dr. Dimas Permata,Alfabeta,2024,"Fakultas Sosial, Humaniora, & Seni",Desain Komunikasi Visual,Desain Komunikasi Visual & Ilustrasi,"Buku ini membahas secara mendalam tentang estetika dalam karya seni rupa, strategi branding melalui visual, serta prinsip visual dan tipografi. Menjadi rujukan penting dalam perkuliahan dan penelitian terkait.","tipografi, desain komunikasi visual, layout, desain grafis",Indonesia,E-book,517,978-1-4573-1441-4,9999
BK00842,Prinsip Branding Visual Edisi Ke-3,"Puti Prasasta, Marsudi Putra, S.Pt",Informatika Bandung,2017,"Fakultas Sosial, Humaniora, & Seni",Desain Komunikasi Visual,Desain Komunikasi Visual & Ilustrasi,"Buku ini mengulas berbagai aspek penting dari ilustrasi dan komposisi gambar, strategi branding melalui visual, serta estetika dalam karya seni rupa. Disusun dengan bahasa yang mudah dipahami untuk kalangan akademik.","layout, tipografi, seni rupa, ilustrasi",Indonesia,Fisik,461,978-1-03-037637-2,5
BK00843,Pengantar Desain Komunikasi Visual Edisi Ke-2,"Ganep Pranowo, Ir. Vanya Nuraini, M.TI.",Graha Ilmu,2014,"Fakultas Sosial, Humaniora, & Seni",Desain Komunikasi Visual,Desain Komunikasi Visual & Ilustrasi,"Buku ini menyajikan kajian komprehensif mengenai prinsip visual dan tipografi, ilustrasi dan komposisi gambar, serta estetika dalam karya seni rupa. Cocok digunakan sebagai referensi utama bagi mahasiswa dan praktisi.","desain grafis, desain komunikasi visual, layout, seni rupa",Indonesia,E-book,242,978-1-72812-356-1,9999
BK00844,Prinsip Desain Komunikasi Visual Edisi Ke-3,Raina Mulyani,Erlangga,2006,"Fakultas Sosial, Humaniora, & Seni",Desain Komunikasi Visual,Desain Komunikasi Visual & Ilustrasi,"Buku ini mengulas berbagai aspek penting dari proses kreatif desain grafis, ilustrasi dan komposisi gambar, serta prinsip visual dan tipografi. Cocok digunakan sebagai referensi utama bagi mahasiswa dan praktisi.","seni rupa, ilustrasi, desain grafis, tipografi",Indonesia,Fisik,215,978-1-314-62491-5,7
BK00845,Prinsip Ilustrasi Digital,Jail Kurniawan,Andi Publisher,2018,"Fakultas Sosial, Humaniora, & Seni",Desain Komunikasi Visual,Desain Komunikasi Visual & Ilustrasi,"Buku ini menyajikan kajian komprehensif mengenai estetika dalam karya seni rupa, proses kreatif desain grafis, serta prinsip visual dan tipografi. Disusun dengan bahasa yang mudah dipahami untuk kalangan akademik.","branding, layout, ilustrasi, tipografi",Inggris,Fisik,195,978-0-07-240787-7,0
BK00846,Pengantar Branding Visual,Hani Lazuardi,UI Press,2024,"Fakultas Sosial, Humaniora, & Seni",Desain Komunikasi Visual,Desain Komunikasi Visual & Ilustrasi,"Buku ini mengulas berbagai aspek penting dari prinsip visual dan tipografi, estetika dalam karya seni rupa, serta strategi branding melalui visual. Disusun dengan bahasa yang mudah dipahami untuk kalangan akademik.","seni rupa, branding, layout, ilustrasi",Indonesia,Fisik,173,978-1-63268-685-5,7
BK00847,Pengantar Tipografi,Irnanto Saputra,Elex Media Komputindo,2024,"Fakultas Sosial, Humaniora, & Seni",Desain Komunikasi Visual,Desain Komunikasi Visual & Ilustrasi,"Buku ini dirancang sebagai panduan untuk memahami estetika dalam karya seni rupa, ilustrasi dan komposisi gambar, serta strategi branding melalui visual. Membantu pembaca membangun pemahaman konseptual maupun praktis.","branding, layout, desain komunikasi visual, tipografi",Inggris,E-book,529,978-0-06-634362-4,9999
BK00848,Prinsip Branding Visual,Tgk. Paris Sudiati,Informatika Bandung,2020,"Fakultas Sosial, Humaniora, & Seni",Desain Komunikasi Visual,Desain Komunikasi Visual & Ilustrasi,"Buku ini dirancang sebagai panduan untuk memahami strategi branding melalui visual, prinsip visual dan tipografi, serta proses kreatif desain grafis. Cocok digunakan sebagai referensi utama bagi mahasiswa dan praktisi.","layout, ilustrasi, desain grafis, tipografi",Inggris,E-book,412,978-1-103-13100-6,9999
BK00849,Branding Visual: Konsep dan Praktik Edisi Ke-3,Tgk. Halima Haryanto,Kencana Prenada,2006,"Fakultas Sosial, Humaniora, & Seni",Desain Komunikasi Visual,Desain Komunikasi Visual & Ilustrasi,"Buku ini dirancang sebagai panduan untuk memahami ilustrasi dan komposisi gambar, strategi branding melalui visual, serta prinsip visual dan tipografi. Dilengkapi dengan contoh kasus dan studi lapangan yang relevan.","branding, desain grafis, seni rupa, tipografi",Inggris,Fisik,323,978-1-396-66134-1,0
BK00850,Dasar-Dasar Desain Grafis,"Farhunnisa Narpati, Sutan Ganjaran Uyainah, S.Pd",Elex Media Komputindo,2023,"Fakultas Sosial, Humaniora, & Seni",Desain Komunikasi Visual,Desain Komunikasi Visual & Ilustrasi,"Buku ini membahas secara mendalam tentang estetika dalam karya seni rupa, strategi branding melalui visual, serta ilustrasi dan komposisi gambar. Menjadi rujukan penting dalam perkuliahan dan penelitian terkait.","layout, desain komunikasi visual, ilustrasi, desain grafis",Indonesia,Fisik,240,978-0-12-897432-2,6
BK00851,Pengantar Branding Visual,"Sabrina Hidayat, Cengkir Sitorus",Bumi Aksara,2010,"Fakultas Sosial, Humaniora, & Seni",Desain Komunikasi Visual,Desain Komunikasi Visual & Ilustrasi,"Buku ini menyajikan kajian komprehensif mengenai ilustrasi dan komposisi gambar, prinsip visual dan tipografi, serta estetika dalam karya seni rupa. Disusun dengan bahasa yang mudah dipahami untuk kalangan akademik.","ilustrasi, desain grafis, tipografi, seni rupa",Indonesia,Fisik,202,978-0-07-650241-7,6
BK00852,Pengantar Ilustrasi Digital Edisi Ke-3,Mustika Anggriawan,Alfabeta,2007,"Fakultas Sosial, Humaniora, & Seni",Desain Komunikasi Visual,Desain Komunikasi Visual & Ilustrasi,"Buku ini membahas secara mendalam tentang prinsip visual dan tipografi, proses kreatif desain grafis, serta estetika dalam karya seni rupa. Dilengkapi dengan contoh kasus dan studi lapangan yang relevan.","desain komunikasi visual, branding, layout, desain grafis",Indonesia,Fisik,511,978-1-907371-00-4,7
BK00853,Dasar-Dasar Branding Visual,Hj. Icha Pradana,Deepublish,2016,"Fakultas Sosial, Humaniora, & Seni",Desain Komunikasi Visual,Desain Komunikasi Visual & Ilustrasi,"Buku ini mengulas berbagai aspek penting dari estetika dalam karya seni rupa, strategi branding melalui visual, serta prinsip visual dan tipografi. Cocok digunakan sebagai referensi utama bagi mahasiswa dan praktisi.","ilustrasi, desain komunikasi visual, desain grafis, layout",Inggris,Fisik,399,978-0-11-457758-2,4
BK00854,Kreativitas dalam Desain Grafis,"Salimah Laksita, Karimah Haryanti",Rajawali Pers,2018,"Fakultas Sosial, Humaniora, & Seni",Desain Komunikasi Visual,Desain Komunikasi Visual & Ilustrasi,"Buku ini mengulas berbagai aspek penting dari ilustrasi dan komposisi gambar, strategi branding melalui visual, serta prinsip visual dan tipografi. Menjadi rujukan penting dalam perkuliahan dan penelitian terkait.","tipografi, seni rupa, desain komunikasi visual, branding",Inggris,Fisik,205,978-1-4589-7148-7,3
BK00855,Kreativitas dalam Desain Grafis,"Suci Damanik, S.E.I",Erlangga,2006,"Fakultas Sosial, Humaniora, & Seni",Desain Komunikasi Visual,Desain Komunikasi Visual & Ilustrasi,"Buku ini mengulas berbagai aspek penting dari ilustrasi dan komposisi gambar, strategi branding melalui visual, serta estetika dalam karya seni rupa. Dilengkapi dengan contoh kasus dan studi lapangan yang relevan.","layout, branding, ilustrasi, desain komunikasi visual",Inggris,Fisik,121,978-0-257-03965-7,5
BK00856,Ilustrasi Digital: Konsep dan Praktik,Panca Irawan,Graha Ilmu,2020,"Fakultas Sosial, Humaniora, & Seni",Desain Komunikasi Visual,Desain Komunikasi Visual & Ilustrasi,"Buku ini menyajikan kajian komprehensif mengenai prinsip visual dan tipografi, estetika dalam karya seni rupa, serta strategi branding melalui visual. Menjadi rujukan penting dalam perkuliahan dan penelitian terkait.","tipografi, ilustrasi, desain grafis, seni rupa",Indonesia,E-book,535,978-1-148-78245-4,9999
BK00857,Tipografi: Konsep dan Praktik,Kania Rahmawati,Alfabeta,2009,"Fakultas Sosial, Humaniora, & Seni",Desain Komunikasi Visual,Desain Komunikasi Visual & Ilustrasi,"Buku ini mengulas berbagai aspek penting dari strategi branding melalui visual, proses kreatif desain grafis, serta estetika dalam karya seni rupa. Menjadi rujukan penting dalam perkuliahan dan penelitian terkait.","tipografi, desain grafis, branding, desain komunikasi visual",Indonesia,Fisik,158,978-1-4309-8591-4,8
BK00858,Dasar-Dasar Desain Komunikasi Visual,"Wulan Hasanah, dr. Irma Kusumo",Rajawali Pers,2024,"Fakultas Sosial, Humaniora, & Seni",Desain Komunikasi Visual,Desain Komunikasi Visual & Ilustrasi,"Buku ini dirancang sebagai panduan untuk memahami proses kreatif desain grafis, prinsip visual dan tipografi, serta ilustrasi dan komposisi gambar. Membantu pembaca membangun pemahaman konseptual maupun praktis.","desain grafis, layout, tipografi, desain komunikasi visual",Indonesia,Fisik,168,978-1-272-84982-5,4
BK00859,Desain Grafis: Konsep dan Praktik Edisi Ke-2,Nova Suwarno,Bumi Aksara,2022,"Fakultas Sosial, Humaniora, & Seni",Desain Komunikasi Visual,Desain Komunikasi Visual & Ilustrasi,"Buku ini dirancang sebagai panduan untuk memahami strategi branding melalui visual, prinsip visual dan tipografi, serta estetika dalam karya seni rupa. Membantu pembaca membangun pemahaman konseptual maupun praktis.","desain grafis, seni rupa, layout, tipografi",Indonesia,Fisik,326,978-1-07-034910-7,0
BK00860,Dasar-Dasar Motion Graphic,"Ina Ardianto, Kamila Wijayanti",Rajawali Pers,2022,"Fakultas Sosial, Humaniora, & Seni",Desain Komunikasi Visual,Fotografi & Multimedia,"Buku ini mengulas berbagai aspek penting dari desain media interaktif, teknik pengambilan gambar fotografi, serta produksi konten multimedia digital. Menjadi rujukan penting dalam perkuliahan dan penelitian terkait.","fotografi, media interaktif, editing visual, motion graphic",Indonesia,Fisik,422,978-0-425-48821-8,8
BK00861,Dasar-Dasar Motion Graphic Edisi Revisi,"Humaira Megantara, S.Kom",Gramedia Pustaka Utama,2018,"Fakultas Sosial, Humaniora, & Seni",Desain Komunikasi Visual,Fotografi & Multimedia,"Buku ini dirancang sebagai panduan untuk memahami produksi konten multimedia digital, editing visual dan videografi, serta animasi dan motion graphic. Dilengkapi dengan contoh kasus dan studi lapangan yang relevan.","fotografi, motion graphic, videografi, multimedia",Indonesia,E-book,526,978-0-430-75366-0,9999
BK00862,Media Interaktif: Konsep dan Praktik Edisi Terbaru,"Cinthia Rajata, Rina Saragih",Bumi Aksara,2018,"Fakultas Sosial, Humaniora, & Seni",Desain Komunikasi Visual,Fotografi & Multimedia,"Buku ini memberikan pemahaman menyeluruh tentang animasi dan motion graphic, editing visual dan videografi, serta teknik pengambilan gambar fotografi. Membantu pembaca membangun pemahaman konseptual maupun praktis.","media interaktif, motion graphic, videografi, multimedia",Indonesia,Fisik,435,978-1-59234-268-6,1
BK00863,Teknik Media Interaktif,Gada Samosir,Kencana Prenada,2008,"Fakultas Sosial, Humaniora, & Seni",Desain Komunikasi Visual,Fotografi & Multimedia,"Buku ini menyajikan kajian komprehensif mengenai animasi dan motion graphic, produksi konten multimedia digital, serta editing visual dan videografi. Membantu pembaca membangun pemahaman konseptual maupun praktis.","motion graphic, editing visual, videografi, multimedia",Indonesia,E-book,140,978-1-9782-6612-4,9999
BK00864,Pengantar Fotografi Digital,drg. Marsito Sihotang,Informatika Bandung,2005,"Fakultas Sosial, Humaniora, & Seni",Desain Komunikasi Visual,Fotografi & Multimedia,"Buku ini menyajikan kajian komprehensif mengenai editing visual dan videografi, teknik pengambilan gambar fotografi, serta animasi dan motion graphic. Cocok digunakan sebagai referensi utama bagi mahasiswa dan praktisi.","videografi, media interaktif, multimedia, fotografi",Indonesia,Fisik,225,978-1-56766-708-0,7
BK00865,Pengantar Fotografi Digital,Yusuf Andriani,Kencana Prenada,2011,"Fakultas Sosial, Humaniora, & Seni",Desain Komunikasi Visual,Fotografi & Multimedia,"Buku ini memberikan pemahaman menyeluruh tentang produksi konten multimedia digital, editing visual dan videografi, serta teknik pengambilan gambar fotografi. Disusun dengan bahasa yang mudah dipahami untuk kalangan akademik.","motion graphic, media interaktif, multimedia, videografi",Inggris,Fisik,260,978-0-943985-29-9,6
BK00866,Teknik Fotografi Digital,"Drs. Tomi Sihombing, Perkasa Wijaya",Deepublish,2013,"Fakultas Sosial, Humaniora, & Seni",Desain Komunikasi Visual,Fotografi & Multimedia,"Buku ini menyajikan kajian komprehensif mengenai desain media interaktif, teknik pengambilan gambar fotografi, serta produksi konten multimedia digital. Disusun dengan bahasa yang mudah dipahami untuk kalangan akademik.","fotografi, motion graphic, multimedia, media interaktif",Inggris,Fisik,362,978-1-07-870104-4,8
BK00867,Kreativitas dalam Desain Multimedia,"Hj. Cici Sitorus, M.Ak",Salemba Empat,2019,"Fakultas Sosial, Humaniora, & Seni",Desain Komunikasi Visual,Fotografi & Multimedia,"Buku ini memberikan pemahaman menyeluruh tentang desain media interaktif, animasi dan motion graphic, serta teknik pengambilan gambar fotografi. Dilengkapi dengan contoh kasus dan studi lapangan yang relevan.","motion graphic, videografi, multimedia, editing visual",Indonesia,Fisik,450,978-1-9750-1980-8,7
BK00868,Pengantar Media Interaktif,"Farhunnisa Maryati, S.E.I",Gramedia Pustaka Utama,2017,"Fakultas Sosial, Humaniora, & Seni",Desain Komunikasi Visual,Fotografi & Multimedia,"Buku ini dirancang sebagai panduan untuk memahami animasi dan motion graphic, teknik pengambilan gambar fotografi, serta produksi konten multimedia digital. Disusun dengan bahasa yang mudah dipahami untuk kalangan akademik.","fotografi, multimedia, editing visual, motion graphic",Indonesia,E-book,174,978-0-324-40793-8,9999
BK00869,Teknik Motion Graphic,Bagas Adriansyah,Informatika Bandung,2022,"Fakultas Sosial, Humaniora, & Seni",Desain Komunikasi Visual,Fotografi & Multimedia,"Buku ini membahas secara mendalam tentang desain media interaktif, teknik pengambilan gambar fotografi, serta editing visual dan videografi. Disusun dengan bahasa yang mudah dipahami untuk kalangan akademik.","media interaktif, editing visual, videografi, multimedia",Indonesia,Fisik,366,978-0-8133-1708-3,3
BK00870,Dasar-Dasar Motion Graphic,Kania Hakim,Elex Media Komputindo,2024,"Fakultas Sosial, Humaniora, & Seni",Desain Komunikasi Visual,Fotografi & Multimedia,"Buku ini memberikan pemahaman menyeluruh tentang desain media interaktif, animasi dan motion graphic, serta teknik pengambilan gambar fotografi. Menjadi rujukan penting dalam perkuliahan dan penelitian terkait.","media interaktif, multimedia, videografi, editing visual",Indonesia,Fisik,143,978-1-67238-497-1,5
BK00871,Videografi: Konsep dan Praktik,"Hj. Raisa Maheswara, S.Farm",Erlangga,2018,"Fakultas Sosial, Humaniora, & Seni",Desain Komunikasi Visual,Fotografi & Multimedia,"Buku ini menyajikan kajian komprehensif mengenai teknik pengambilan gambar fotografi, editing visual dan videografi, serta animasi dan motion graphic. Dilengkapi dengan contoh kasus dan studi lapangan yang relevan.","motion graphic, editing visual, fotografi, multimedia",Indonesia,Fisik,331,978-0-223-28837-9,8
BK00872,Dasar-Dasar Media Interaktif,"Icha Siregar, Baktianto Rahmawati, M.Kom.",Rajawali Pers,2018,"Fakultas Sosial, Humaniora, & Seni",Desain Komunikasi Visual,Fotografi & Multimedia,"Buku ini membahas secara mendalam tentang teknik pengambilan gambar fotografi, editing visual dan videografi, serta produksi konten multimedia digital. Membantu pembaca membangun pemahaman konseptual maupun praktis.","media interaktif, videografi, editing visual, motion graphic",Indonesia,E-book,421,978-1-66176-620-7,9999
BK00873,Pengantar Fotografi Digital,"Michelle Lazuardi, drg. Ajeng Prastuti",Deepublish,2022,"Fakultas Sosial, Humaniora, & Seni",Desain Komunikasi Visual,Fotografi & Multimedia,"Buku ini memberikan pemahaman menyeluruh tentang editing visual dan videografi, produksi konten multimedia digital, serta teknik pengambilan gambar fotografi. Disusun dengan bahasa yang mudah dipahami untuk kalangan akademik.","fotografi, media interaktif, multimedia, motion graphic",Indonesia,Fisik,538,978-0-9705277-4-5,3
BK00874,Teknik Fotografi Digital Edisi Ke-2,Capa Tamba,Rajawali Pers,2005,"Fakultas Sosial, Humaniora, & Seni",Desain Komunikasi Visual,Fotografi & Multimedia,"Buku ini dirancang sebagai panduan untuk memahami animasi dan motion graphic, editing visual dan videografi, serta produksi konten multimedia digital. Dilengkapi dengan contoh kasus dan studi lapangan yang relevan.","multimedia, fotografi, motion graphic, media interaktif",Indonesia,E-book,260,978-1-86812-259-2,9999
BK00875,Pengantar Videografi Edisi Revisi,Michelle Mandala,Salemba Empat,2024,"Fakultas Sosial, Humaniora, & Seni",Desain Komunikasi Visual,Fotografi & Multimedia,"Buku ini memberikan pemahaman menyeluruh tentang animasi dan motion graphic, desain media interaktif, serta teknik pengambilan gambar fotografi. Dilengkapi dengan contoh kasus dan studi lapangan yang relevan.","videografi, media interaktif, editing visual, fotografi",Indonesia,Fisik,491,978-1-61767-929-2,3
BK00876,Teknik Desain Multimedia Edisi Revisi,"Ophelia Wahyuni, M.TI.",Rajawali Pers,2018,"Fakultas Sosial, Humaniora, & Seni",Desain Komunikasi Visual,Fotografi & Multimedia,"Buku ini dirancang sebagai panduan untuk memahami produksi konten multimedia digital, animasi dan motion graphic, serta teknik pengambilan gambar fotografi. Dilengkapi dengan contoh kasus dan studi lapangan yang relevan.","videografi, motion graphic, editing visual, fotografi",Indonesia,Fisik,228,978-0-599-59961-1,1
BK00877,Fotografi Digital: Konsep dan Praktik,Among Manullang,Nuha Medika,2024,"Fakultas Sosial, Humaniora, & Seni",Desain Komunikasi Visual,Fotografi & Multimedia,"Buku ini memberikan pemahaman menyeluruh tentang produksi konten multimedia digital, editing visual dan videografi, serta desain media interaktif. Dilengkapi dengan contoh kasus dan studi lapangan yang relevan.","videografi, multimedia, editing visual, media interaktif",Indonesia,Fisik,253,978-0-17-753312-9,3
BK00878,Pengantar Desain Multimedia,"Kiandra Andriani, S.Pt",Pustaka Pelajar,2022,"Fakultas Sosial, Humaniora, & Seni",Desain Komunikasi Visual,Fotografi & Multimedia,"Buku ini dirancang sebagai panduan untuk memahami produksi konten multimedia digital, teknik pengambilan gambar fotografi, serta desain media interaktif. Cocok digunakan sebagai referensi utama bagi mahasiswa dan praktisi.","motion graphic, fotografi, editing visual, multimedia",Inggris,E-book,417,978-1-101-75902-8,9999
BK00879,Dasar-Dasar Media Interaktif Edisi Ke-2,Cici Hartati,Alfabeta,2007,"Fakultas Sosial, Humaniora, & Seni",Desain Komunikasi Visual,Fotografi & Multimedia,"Buku ini dirancang sebagai panduan untuk memahami editing visual dan videografi, teknik pengambilan gambar fotografi, serta produksi konten multimedia digital. Membantu pembaca membangun pemahaman konseptual maupun praktis.","videografi, fotografi, editing visual, motion graphic",Indonesia,Fisik,401,978-0-9833477-4-3,2
BK00880,Dasar-Dasar Desain Multimedia,Damar Marpaung,Graha Ilmu,2007,"Fakultas Sosial, Humaniora, & Seni",Desain Komunikasi Visual,Fotografi & Multimedia,"Buku ini memberikan pemahaman menyeluruh tentang produksi konten multimedia digital, desain media interaktif, serta teknik pengambilan gambar fotografi. Membantu pembaca membangun pemahaman konseptual maupun praktis.","videografi, media interaktif, fotografi, multimedia",Inggris,Fisik,468,978-0-19-013020-6,4
BK00881,Dasar-Dasar Fotografi Digital,Vicky Wasita,Elex Media Komputindo,2007,"Fakultas Sosial, Humaniora, & Seni",Desain Komunikasi Visual,Fotografi & Multimedia,"Buku ini dirancang sebagai panduan untuk memahami animasi dan motion graphic, produksi konten multimedia digital, serta editing visual dan videografi. Cocok digunakan sebagai referensi utama bagi mahasiswa dan praktisi.","media interaktif, fotografi, editing visual, motion graphic",Inggris,Fisik,344,978-1-287-33978-6,8
BK00882,Dasar-Dasar Media Interaktif Edisi Ke-2,Kani Safitri,Salemba Empat,2022,"Fakultas Sosial, Humaniora, & Seni",Desain Komunikasi Visual,Fotografi & Multimedia,"Buku ini menyajikan kajian komprehensif mengenai animasi dan motion graphic, editing visual dan videografi, serta produksi konten multimedia digital. Cocok digunakan sebagai referensi utama bagi mahasiswa dan praktisi.","multimedia, motion graphic, fotografi, media interaktif",Inggris,Fisik,371,978-0-7661-9128-0,8
BK00883,Pengantar Videografi,"Cinthia Lazuardi, Gina Habibi",Erlangga,2005,"Fakultas Sosial, Humaniora, & Seni",Desain Komunikasi Visual,Fotografi & Multimedia,"Buku ini memberikan pemahaman menyeluruh tentang desain media interaktif, teknik pengambilan gambar fotografi, serta animasi dan motion graphic. Menjadi rujukan penting dalam perkuliahan dan penelitian terkait.","editing visual, fotografi, multimedia, videografi",Indonesia,Fisik,458,978-0-344-65124-3,4
BK00884,Motion Graphic: Konsep dan Praktik,"Kasusra Permata, Simon Maryati",Informatika Bandung,2012,"Fakultas Sosial, Humaniora, & Seni",Desain Komunikasi Visual,Fotografi & Multimedia,"Buku ini dirancang sebagai panduan untuk memahami produksi konten multimedia digital, desain media interaktif, serta editing visual dan videografi. Cocok digunakan sebagai referensi utama bagi mahasiswa dan praktisi.","media interaktif, editing visual, multimedia, motion graphic",Indonesia,Fisik,381,978-1-908197-40-5,3
BK00885,Teknik Fotografi Digital,Gandi Andriani,Informatika Bandung,2012,"Fakultas Sosial, Humaniora, & Seni",Desain Komunikasi Visual,Fotografi & Multimedia,"Buku ini memberikan pemahaman menyeluruh tentang teknik pengambilan gambar fotografi, desain media interaktif, serta editing visual dan videografi. Dilengkapi dengan contoh kasus dan studi lapangan yang relevan.","editing visual, motion graphic, fotografi, multimedia",Inggris,E-book,301,978-0-502-38503-4,9999
BK00886,Kreativitas dalam Media Interaktif Edisi Revisi,"Belinda Pratiwi, Cut Jelita Hidayanto",Alfabeta,2013,"Fakultas Sosial, Humaniora, & Seni",Desain Komunikasi Visual,Fotografi & Multimedia,"Buku ini dirancang sebagai panduan untuk memahami editing visual dan videografi, teknik pengambilan gambar fotografi, serta animasi dan motion graphic. Cocok digunakan sebagai referensi utama bagi mahasiswa dan praktisi.","fotografi, media interaktif, motion graphic, videografi",Indonesia,E-book,362,978-0-87240-107-5,9999
BK00887,Pengantar Media Interaktif Edisi Ke-2,Sutan Martaka Tampubolon,Deepublish,2014,"Fakultas Sosial, Humaniora, & Seni",Desain Komunikasi Visual,Fotografi & Multimedia,"Buku ini memberikan pemahaman menyeluruh tentang produksi konten multimedia digital, teknik pengambilan gambar fotografi, serta desain media interaktif. Membantu pembaca membangun pemahaman konseptual maupun praktis.","fotografi, motion graphic, multimedia, media interaktif",Indonesia,Fisik,272,978-1-4300-0389-2,2
BK00888,Pengantar Desain Multimedia,"drg. Sabrina Budiyanto, M.Pd, Anastasia Wibisono",PT Grasindo,2006,"Fakultas Sosial, Humaniora, & Seni",Desain Komunikasi Visual,Fotografi & Multimedia,"Buku ini membahas secara mendalam tentang teknik pengambilan gambar fotografi, animasi dan motion graphic, serta produksi konten multimedia digital. Menjadi rujukan penting dalam perkuliahan dan penelitian terkait.","media interaktif, editing visual, motion graphic, fotografi",Indonesia,E-book,319,978-0-668-21719-4,9999
BK00889,Teknik Motion Graphic,Kamila Nababan,Gramedia Pustaka Utama,2011,"Fakultas Sosial, Humaniora, & Seni",Desain Komunikasi Visual,Fotografi & Multimedia,"Buku ini menyajikan kajian komprehensif mengenai animasi dan motion graphic, editing visual dan videografi, serta desain media interaktif. Disusun dengan bahasa yang mudah dipahami untuk kalangan akademik.","fotografi, videografi, motion graphic, media interaktif",Indonesia,Fisik,313,978-1-03-319036-4,4
BK00890,Teknik Motion Graphic,"Umi Nasyiah, M.Farm",Deepublish,2021,"Fakultas Sosial, Humaniora, & Seni",Desain Komunikasi Visual,Fotografi & Multimedia,"Buku ini dirancang sebagai panduan untuk memahami teknik pengambilan gambar fotografi, animasi dan motion graphic, serta editing visual dan videografi. Membantu pembaca membangun pemahaman konseptual maupun praktis.","editing visual, media interaktif, fotografi, motion graphic",Indonesia,Fisik,491,978-0-301-02724-1,2
BK00891,Kreativitas dalam Fotografi Digital,Galar Tampubolon,Alfabeta,2021,"Fakultas Sosial, Humaniora, & Seni",Desain Komunikasi Visual,Fotografi & Multimedia,"Buku ini mengulas berbagai aspek penting dari produksi konten multimedia digital, editing visual dan videografi, serta teknik pengambilan gambar fotografi. Dilengkapi dengan contoh kasus dan studi lapangan yang relevan.","multimedia, fotografi, media interaktif, editing visual",Indonesia,E-book,182,978-1-296-71114-6,9999
BK00892,Pengantar Videografi,"Sutan Jumari Tamba, R.A. Maimunah Sihombing, S.I.Kom",Kencana Prenada,2011,"Fakultas Sosial, Humaniora, & Seni",Desain Komunikasi Visual,Fotografi & Multimedia,"Buku ini membahas secara mendalam tentang desain media interaktif, teknik pengambilan gambar fotografi, serta animasi dan motion graphic. Membantu pembaca membangun pemahaman konseptual maupun praktis.","media interaktif, editing visual, motion graphic, multimedia",Indonesia,E-book,467,978-0-8458-8105-7,9999
BK00893,Videografi: Konsep dan Praktik Edisi Ke-3,Tiara Oktaviani,PT Grasindo,2015,"Fakultas Sosial, Humaniora, & Seni",Desain Komunikasi Visual,Fotografi & Multimedia,"Buku ini dirancang sebagai panduan untuk memahami teknik pengambilan gambar fotografi, editing visual dan videografi, serta animasi dan motion graphic. Menjadi rujukan penting dalam perkuliahan dan penelitian terkait.","fotografi, motion graphic, media interaktif, multimedia",Indonesia,Fisik,376,978-1-132-83483-1,6
BK00894,Dasar-Dasar Videografi Edisi Revisi,Hardana Megantara,Gramedia Pustaka Utama,2021,"Fakultas Sosial, Humaniora, & Seni",Desain Komunikasi Visual,Fotografi & Multimedia,"Buku ini menyajikan kajian komprehensif mengenai desain media interaktif, teknik pengambilan gambar fotografi, serta animasi dan motion graphic. Membantu pembaca membangun pemahaman konseptual maupun praktis.","fotografi, editing visual, media interaktif, videografi",Indonesia,E-book,313,978-0-7710-7044-0,9999
BK00895,Desain Multimedia: Konsep dan Praktik,"drg. Ifa Hutasoit, Estiawan Suryatmi",Salemba Empat,2016,"Fakultas Sosial, Humaniora, & Seni",Desain Komunikasi Visual,Fotografi & Multimedia,"Buku ini mengulas berbagai aspek penting dari editing visual dan videografi, produksi konten multimedia digital, serta desain media interaktif. Membantu pembaca membangun pemahaman konseptual maupun praktis.","editing visual, fotografi, motion graphic, media interaktif",Indonesia,Fisik,279,978-1-06-670336-4,1
BK00896,Kreativitas dalam Media Interaktif,Maryanto Astuti,Elex Media Komputindo,2018,"Fakultas Sosial, Humaniora, & Seni",Desain Komunikasi Visual,Fotografi & Multimedia,"Buku ini dirancang sebagai panduan untuk memahami desain media interaktif, animasi dan motion graphic, serta teknik pengambilan gambar fotografi. Dilengkapi dengan contoh kasus dan studi lapangan yang relevan.","videografi, media interaktif, motion graphic, multimedia",Indonesia,E-book,200,978-1-08-509549-5,9999
BK00897,Kreativitas dalam Media Interaktif,"Praba Dabukke, Tari Oktaviani",Salemba Empat,2014,"Fakultas Sosial, Humaniora, & Seni",Desain Komunikasi Visual,Fotografi & Multimedia,"Buku ini mengulas berbagai aspek penting dari desain media interaktif, teknik pengambilan gambar fotografi, serta editing visual dan videografi. Cocok digunakan sebagai referensi utama bagi mahasiswa dan praktisi.","motion graphic, multimedia, editing visual, videografi",Inggris,E-book,141,978-1-01-864876-7,9999
BK00898,Dasar-Dasar Motion Graphic Edisi Terbaru,Ir. Vivi Maryati,Elex Media Komputindo,2006,"Fakultas Sosial, Humaniora, & Seni",Desain Komunikasi Visual,Fotografi & Multimedia,"Buku ini membahas secara mendalam tentang produksi konten multimedia digital, desain media interaktif, serta teknik pengambilan gambar fotografi. Dilengkapi dengan contoh kasus dan studi lapangan yang relevan.","media interaktif, fotografi, editing visual, motion graphic",Indonesia,Fisik,323,978-0-673-20441-7,1
BK00899,Videografi: Konsep dan Praktik,"Prasetya Namaga, Jessica Pertiwi",Deepublish,2018,"Fakultas Sosial, Humaniora, & Seni",Desain Komunikasi Visual,Fotografi & Multimedia,"Buku ini mengulas berbagai aspek penting dari produksi konten multimedia digital, animasi dan motion graphic, serta editing visual dan videografi. Cocok digunakan sebagai referensi utama bagi mahasiswa dan praktisi.","media interaktif, videografi, fotografi, motion graphic",Inggris,E-book,175,978-0-945449-01-0,9999
BK00900,Desain Multimedia: Konsep dan Praktik,Qori Wijayanti,Bumi Aksara,2012,"Fakultas Sosial, Humaniora, & Seni",Desain Komunikasi Visual,Fotografi & Multimedia,"Buku ini membahas secara mendalam tentang animasi dan motion graphic, editing visual dan videografi, serta desain media interaktif. Cocok digunakan sebagai referensi utama bagi mahasiswa dan praktisi.","videografi, editing visual, media interaktif, multimedia",Indonesia,E-book,349,978-1-277-07070-5,9999
BK00901,Teknik Motion Graphic Edisi Ke-2,Natalia Uyainah,Erlangga,2005,"Fakultas Sosial, Humaniora, & Seni",Desain Komunikasi Visual,Fotografi & Multimedia,"Buku ini mengulas berbagai aspek penting dari teknik pengambilan gambar fotografi, editing visual dan videografi, serta desain media interaktif. Menjadi rujukan penting dalam perkuliahan dan penelitian terkait.","videografi, media interaktif, multimedia, motion graphic",Indonesia,E-book,417,978-1-09-149851-8,9999
BK00902,Teknik Motion Graphic,Elvina Rajata,PT Grasindo,2018,"Fakultas Sosial, Humaniora, & Seni",Desain Komunikasi Visual,Fotografi & Multimedia,"Buku ini dirancang sebagai panduan untuk memahami produksi konten multimedia digital, desain media interaktif, serta animasi dan motion graphic. Membantu pembaca membangun pemahaman konseptual maupun praktis.","media interaktif, motion graphic, multimedia, editing visual",Indonesia,E-book,448,978-1-72322-903-9,9999
BK00903,Dasar-Dasar Media Interaktif,Marwata Firgantoro,Bumi Aksara,2008,"Fakultas Sosial, Humaniora, & Seni",Desain Komunikasi Visual,Fotografi & Multimedia,"Buku ini mengulas berbagai aspek penting dari editing visual dan videografi, produksi konten multimedia digital, serta teknik pengambilan gambar fotografi. Membantu pembaca membangun pemahaman konseptual maupun praktis.","multimedia, editing visual, motion graphic, media interaktif",Indonesia,E-book,278,978-1-950830-44-2,9999
BK00904,Pengantar Videografi Edisi Ke-2,"Mustika Thamrin, H. Artawan Rahimah",Pustaka Pelajar,2022,"Fakultas Sosial, Humaniora, & Seni",Desain Komunikasi Visual,Fotografi & Multimedia,"Buku ini dirancang sebagai panduan untuk memahami editing visual dan videografi, teknik pengambilan gambar fotografi, serta produksi konten multimedia digital. Cocok digunakan sebagai referensi utama bagi mahasiswa dan praktisi.","videografi, motion graphic, editing visual, multimedia",Indonesia,Fisik,447,978-1-118-71813-1,1
BK00905,Fotografi Digital: Konsep dan Praktik,"Gamani Pertiwi, Yance Zulaika",Salemba Empat,2012,"Fakultas Sosial, Humaniora, & Seni",Desain Komunikasi Visual,Fotografi & Multimedia,"Buku ini dirancang sebagai panduan untuk memahami editing visual dan videografi, produksi konten multimedia digital, serta desain media interaktif. Disusun dengan bahasa yang mudah dipahami untuk kalangan akademik.","videografi, multimedia, media interaktif, editing visual",Indonesia,Fisik,543,978-0-642-05955-0,0
BK00906,Fotografi Digital: Konsep dan Praktik,Sadina Wahyudin,Salemba Empat,2022,"Fakultas Sosial, Humaniora, & Seni",Desain Komunikasi Visual,Fotografi & Multimedia,"Buku ini dirancang sebagai panduan untuk memahami teknik pengambilan gambar fotografi, produksi konten multimedia digital, serta desain media interaktif. Disusun dengan bahasa yang mudah dipahami untuk kalangan akademik.","editing visual, media interaktif, motion graphic, videografi",Inggris,E-book,256,978-1-902504-29-2,9999
BK00907,Kreativitas dalam Desain Multimedia,Balamantri Sudiati,Graha Ilmu,2011,"Fakultas Sosial, Humaniora, & Seni",Desain Komunikasi Visual,Fotografi & Multimedia,"Buku ini membahas secara mendalam tentang editing visual dan videografi, desain media interaktif, serta produksi konten multimedia digital. Dilengkapi dengan contoh kasus dan studi lapangan yang relevan.","media interaktif, fotografi, videografi, editing visual",Indonesia,Fisik,248,978-1-889536-90-3,3
BK00908,Media Interaktif: Konsep dan Praktik Edisi Ke-3,"Olga Maryadi, S.Sos",PT Grasindo,2018,"Fakultas Sosial, Humaniora, & Seni",Desain Komunikasi Visual,Fotografi & Multimedia,"Buku ini membahas secara mendalam tentang desain media interaktif, produksi konten multimedia digital, serta teknik pengambilan gambar fotografi. Membantu pembaca membangun pemahaman konseptual maupun praktis.","multimedia, fotografi, editing visual, motion graphic",Inggris,Fisik,148,978-0-398-98681-0,1
BK00909,Kreativitas dalam Videografi Edisi Ke-2,"Drs. Wirda Habibi, M.Ak",Andi Publisher,2014,"Fakultas Sosial, Humaniora, & Seni",Desain Komunikasi Visual,Fotografi & Multimedia,"Buku ini mengulas berbagai aspek penting dari desain media interaktif, teknik pengambilan gambar fotografi, serta animasi dan motion graphic. Cocok digunakan sebagai referensi utama bagi mahasiswa dan praktisi.","multimedia, fotografi, editing visual, motion graphic",Indonesia,Fisik,352,978-1-5439-4353-5,6
BK00910,Kreativitas dalam Videografi,"KH. Gilang Pradipta, M.M.",Pustaka Pelajar,2005,"Fakultas Sosial, Humaniora, & Seni",Desain Komunikasi Visual,Fotografi & Multimedia,"Buku ini mengulas berbagai aspek penting dari animasi dan motion graphic, produksi konten multimedia digital, serta editing visual dan videografi. Disusun dengan bahasa yang mudah dipahami untuk kalangan akademik.","media interaktif, motion graphic, videografi, fotografi",Inggris,Fisik,426,978-0-376-51588-9,4
BK00911,Pengantar Fotografi Digital,Vinsen Tarihoran,Pustaka Pelajar,2007,"Fakultas Sosial, Humaniora, & Seni",Desain Komunikasi Visual,Fotografi & Multimedia,"Buku ini membahas secara mendalam tentang produksi konten multimedia digital, editing visual dan videografi, serta desain media interaktif. Membantu pembaca membangun pemahaman konseptual maupun praktis.","videografi, motion graphic, editing visual, multimedia",Inggris,Fisik,144,978-0-7639-2836-0,2
BK00912,Teknik Fotografi Digital,"Lanang Widiastuti, S.E.I",Graha Ilmu,2009,"Fakultas Sosial, Humaniora, & Seni",Desain Komunikasi Visual,Fotografi & Multimedia,"Buku ini menyajikan kajian komprehensif mengenai produksi konten multimedia digital, editing visual dan videografi, serta desain media interaktif. Cocok digunakan sebagai referensi utama bagi mahasiswa dan praktisi.","editing visual, multimedia, fotografi, motion graphic",Indonesia,E-book,207,978-1-55116-682-7,9999
BK00913,Teknik Desain Multimedia Edisi Revisi,Dr. Siti Napitupulu,Informatika Bandung,2012,"Fakultas Sosial, Humaniora, & Seni",Desain Komunikasi Visual,Fotografi & Multimedia,"Buku ini memberikan pemahaman menyeluruh tentang editing visual dan videografi, produksi konten multimedia digital, serta teknik pengambilan gambar fotografi. Cocok digunakan sebagai referensi utama bagi mahasiswa dan praktisi.","videografi, media interaktif, fotografi, motion graphic",Indonesia,E-book,462,978-1-02-164871-6,9999
BK00914,Pengantar Desain Multimedia,Tedi Firmansyah,Alfabeta,2014,"Fakultas Sosial, Humaniora, & Seni",Desain Komunikasi Visual,Fotografi & Multimedia,"Buku ini dirancang sebagai panduan untuk memahami produksi konten multimedia digital, desain media interaktif, serta teknik pengambilan gambar fotografi. Disusun dengan bahasa yang mudah dipahami untuk kalangan akademik.","multimedia, motion graphic, fotografi, editing visual",Indonesia,E-book,206,978-0-212-88665-4,9999
BK00915,Dasar-Dasar Videografi,"Himawan Puspita, Narji Sihombing",Rajawali Pers,2013,"Fakultas Sosial, Humaniora, & Seni",Desain Komunikasi Visual,Fotografi & Multimedia,"Buku ini memberikan pemahaman menyeluruh tentang animasi dan motion graphic, teknik pengambilan gambar fotografi, serta desain media interaktif. Dilengkapi dengan contoh kasus dan studi lapangan yang relevan.","fotografi, media interaktif, motion graphic, videografi",Inggris,Fisik,393,978-1-59991-015-4,1
BK00916,Desain Multimedia: Konsep dan Praktik,"Laila Usamah, Ulya Fujiati",Elex Media Komputindo,2008,"Fakultas Sosial, Humaniora, & Seni",Desain Komunikasi Visual,Fotografi & Multimedia,"Buku ini dirancang sebagai panduan untuk memahami teknik pengambilan gambar fotografi, desain media interaktif, serta animasi dan motion graphic. Dilengkapi dengan contoh kasus dan studi lapangan yang relevan.","videografi, fotografi, editing visual, motion graphic",Indonesia,E-book,334,978-1-229-81209-4,9999
BK00917,Kreativitas dalam Media Interaktif,dr. Samiah Yulianti,Deepublish,2021,"Fakultas Sosial, Humaniora, & Seni",Desain Komunikasi Visual,Fotografi & Multimedia,"Buku ini menyajikan kajian komprehensif mengenai desain media interaktif, produksi konten multimedia digital, serta animasi dan motion graphic. Cocok digunakan sebagai referensi utama bagi mahasiswa dan praktisi.","media interaktif, editing visual, motion graphic, fotografi",Indonesia,Fisik,134,978-1-57289-413-6,5
BK00918,Kreativitas dalam Desain Multimedia,"Nilam Siregar, Kardi Maryati",Kencana Prenada,2020,"Fakultas Sosial, Humaniora, & Seni",Desain Komunikasi Visual,Fotografi & Multimedia,"Buku ini membahas secara mendalam tentang teknik pengambilan gambar fotografi, desain media interaktif, serta produksi konten multimedia digital. Menjadi rujukan penting dalam perkuliahan dan penelitian terkait.","media interaktif, editing visual, motion graphic, videografi",Inggris,E-book,519,978-1-56522-036-2,9999
BK00919,Dasar-Dasar Motion Graphic,T. Kamal Susanti,UI Press,2017,"Fakultas Sosial, Humaniora, & Seni",Desain Komunikasi Visual,Fotografi & Multimedia,"Buku ini menyajikan kajian komprehensif mengenai produksi konten multimedia digital, animasi dan motion graphic, serta editing visual dan videografi. Cocok digunakan sebagai referensi utama bagi mahasiswa dan praktisi.","videografi, fotografi, media interaktif, editing visual",Indonesia,Fisik,396,978-0-542-14477-6,7
BK00920,Teknik Desain Multimedia,Timbul Narpati,Erlangga,2024,"Fakultas Sosial, Humaniora, & Seni",Desain Komunikasi Visual,Fotografi & Multimedia,"Buku ini memberikan pemahaman menyeluruh tentang produksi konten multimedia digital, animasi dan motion graphic, serta desain media interaktif. Menjadi rujukan penting dalam perkuliahan dan penelitian terkait.","editing visual, videografi, fotografi, multimedia",Indonesia,Fisik,340,978-1-913421-38-0,8
BK00921,Kreativitas dalam Fotografi Digital,"Drs. Usyi Narpati, S.Ked, Cut Puput Nasyiah",Bumi Aksara,2021,"Fakultas Sosial, Humaniora, & Seni",Desain Komunikasi Visual,Fotografi & Multimedia,"Buku ini dirancang sebagai panduan untuk memahami produksi konten multimedia digital, desain media interaktif, serta animasi dan motion graphic. Disusun dengan bahasa yang mudah dipahami untuk kalangan akademik.","fotografi, multimedia, media interaktif, editing visual",Indonesia,Fisik,430,978-0-7053-4967-3,5
BK00922,Dasar-Dasar Motion Graphic,R.M. Radika Hasanah,PT Grasindo,2022,"Fakultas Sosial, Humaniora, & Seni",Desain Komunikasi Visual,Fotografi & Multimedia,"Buku ini menyajikan kajian komprehensif mengenai desain media interaktif, teknik pengambilan gambar fotografi, serta produksi konten multimedia digital. Dilengkapi dengan contoh kasus dan studi lapangan yang relevan.","editing visual, motion graphic, fotografi, multimedia",Inggris,Fisik,364,978-0-17-674124-2,3
BK00923,Dasar-Dasar Media Interaktif,"Salsabila Latupono, S.I.Kom",Salemba Empat,2017,"Fakultas Sosial, Humaniora, & Seni",Desain Komunikasi Visual,Fotografi & Multimedia,"Buku ini dirancang sebagai panduan untuk memahami desain media interaktif, editing visual dan videografi, serta animasi dan motion graphic. Menjadi rujukan penting dalam perkuliahan dan penelitian terkait.","fotografi, editing visual, media interaktif, multimedia",Inggris,E-book,374,978-0-15-285478-2,9999
BK00924,Pengantar Motion Graphic,"Prayoga Hidayanto, S.Psi, Ian Januar",Erlangga,2016,"Fakultas Sosial, Humaniora, & Seni",Desain Komunikasi Visual,Fotografi & Multimedia,"Buku ini menyajikan kajian komprehensif mengenai editing visual dan videografi, teknik pengambilan gambar fotografi, serta produksi konten multimedia digital. Dilengkapi dengan contoh kasus dan studi lapangan yang relevan.","media interaktif, fotografi, multimedia, motion graphic",Indonesia,Fisik,459,978-0-8003-2963-1,5
BK00925,Media Interaktif: Konsep dan Praktik,"Daliman Saptono, M.Kom.",Alfabeta,2013,"Fakultas Sosial, Humaniora, & Seni",Desain Komunikasi Visual,Fotografi & Multimedia,"Buku ini mengulas berbagai aspek penting dari animasi dan motion graphic, produksi konten multimedia digital, serta editing visual dan videografi. Disusun dengan bahasa yang mudah dipahami untuk kalangan akademik.","fotografi, media interaktif, editing visual, motion graphic",Indonesia,E-book,321,978-1-274-23183-3,9999
BK00926,Kreativitas dalam Desain Multimedia Edisi Ke-3,Ibrahim Hidayat,PT Grasindo,2013,"Fakultas Sosial, Humaniora, & Seni",Desain Komunikasi Visual,Fotografi & Multimedia,"Buku ini dirancang sebagai panduan untuk memahami produksi konten multimedia digital, editing visual dan videografi, serta animasi dan motion graphic. Membantu pembaca membangun pemahaman konseptual maupun praktis.","editing visual, multimedia, videografi, media interaktif",Indonesia,Fisik,399,978-0-206-49693-7,1
BK00927,Videografi: Konsep dan Praktik,"Gantar Laksmiwati, M.TI.",Deepublish,2023,"Fakultas Sosial, Humaniora, & Seni",Desain Komunikasi Visual,Fotografi & Multimedia,"Buku ini memberikan pemahaman menyeluruh tentang desain media interaktif, produksi konten multimedia digital, serta editing visual dan videografi. Dilengkapi dengan contoh kasus dan studi lapangan yang relevan.","multimedia, videografi, media interaktif, motion graphic",Inggris,E-book,233,978-1-347-76958-4,9999
BK00928,Teknik Media Interaktif,Ida Kuswoyo,Alfabeta,2021,"Fakultas Sosial, Humaniora, & Seni",Desain Komunikasi Visual,Fotografi & Multimedia,"Buku ini membahas secara mendalam tentang desain media interaktif, animasi dan motion graphic, serta produksi konten multimedia digital. Menjadi rujukan penting dalam perkuliahan dan penelitian terkait.","fotografi, videografi, media interaktif, multimedia",Inggris,E-book,286,978-0-467-53612-0,9999
BK00929,Kreativitas dalam Motion Graphic,Jamalia Wijayanti,Andi Publisher,2021,"Fakultas Sosial, Humaniora, & Seni",Desain Komunikasi Visual,Fotografi & Multimedia,"Buku ini dirancang sebagai panduan untuk memahami produksi konten multimedia digital, animasi dan motion graphic, serta desain media interaktif. Cocok digunakan sebagai referensi utama bagi mahasiswa dan praktisi.","multimedia, media interaktif, videografi, fotografi",Indonesia,Fisik,426,978-1-62779-630-9,7
BK00930,Dasar-Dasar Videografi,Hasna Mayasari,Graha Ilmu,2007,"Fakultas Sosial, Humaniora, & Seni",Desain Komunikasi Visual,Fotografi & Multimedia,"Buku ini memberikan pemahaman menyeluruh tentang teknik pengambilan gambar fotografi, animasi dan motion graphic, serta editing visual dan videografi. Disusun dengan bahasa yang mudah dipahami untuk kalangan akademik.","editing visual, videografi, multimedia, fotografi",Indonesia,Fisik,175,978-1-08-545667-8,5
BK00931,Pengantar Fotografi Digital Edisi Ke-2,Lalita Rajata,Erlangga,2015,"Fakultas Sosial, Humaniora, & Seni",Desain Komunikasi Visual,Fotografi & Multimedia,"Buku ini memberikan pemahaman menyeluruh tentang editing visual dan videografi, teknik pengambilan gambar fotografi, serta desain media interaktif. Menjadi rujukan penting dalam perkuliahan dan penelitian terkait.","videografi, motion graphic, editing visual, multimedia",Indonesia,E-book,256,978-1-7350476-3-8,9999
BK00932,Dasar-Dasar Motion Graphic,R. Paulin Putra,Erlangga,2020,"Fakultas Sosial, Humaniora, & Seni",Desain Komunikasi Visual,Fotografi & Multimedia,"Buku ini dirancang sebagai panduan untuk memahami desain media interaktif, teknik pengambilan gambar fotografi, serta animasi dan motion graphic. Membantu pembaca membangun pemahaman konseptual maupun praktis.","fotografi, multimedia, videografi, motion graphic",Indonesia,Fisik,123,978-1-298-00615-8,4
BK00933,Pengantar Videografi,Vivi Puspasari,Informatika Bandung,2023,"Fakultas Sosial, Humaniora, & Seni",Desain Komunikasi Visual,Fotografi & Multimedia,"Buku ini membahas secara mendalam tentang animasi dan motion graphic, desain media interaktif, serta produksi konten multimedia digital. Disusun dengan bahasa yang mudah dipahami untuk kalangan akademik.","multimedia, motion graphic, videografi, fotografi",Inggris,E-book,346,978-0-8358-3286-1,9999
BK00934,Teknik Videografi Edisi Ke-3,"R.A. Icha Marpaung, S.I.Kom",Deepublish,2014,"Fakultas Sosial, Humaniora, & Seni",Desain Komunikasi Visual,Fotografi & Multimedia,"Buku ini mengulas berbagai aspek penting dari editing visual dan videografi, desain media interaktif, serta produksi konten multimedia digital. Membantu pembaca membangun pemahaman konseptual maupun praktis.","media interaktif, multimedia, editing visual, motion graphic",Indonesia,Fisik,434,978-1-383-00081-8,1
BK00935,Motion Graphic: Konsep dan Praktik Edisi Revisi,dr. Prima Laksita,Graha Ilmu,2008,"Fakultas Sosial, Humaniora, & Seni",Desain Komunikasi Visual,Fotografi & Multimedia,"Buku ini menyajikan kajian komprehensif mengenai produksi konten multimedia digital, editing visual dan videografi, serta teknik pengambilan gambar fotografi. Dilengkapi dengan contoh kasus dan studi lapangan yang relevan.","fotografi, videografi, multimedia, editing visual",Indonesia,Fisik,226,978-0-440-33041-7,0
BK00936,Teknik Desain Multimedia Edisi Ke-2,"drg. Safina Wacana, S.E.I",PT Grasindo,2021,"Fakultas Sosial, Humaniora, & Seni",Desain Komunikasi Visual,Fotografi & Multimedia,"Buku ini mengulas berbagai aspek penting dari teknik pengambilan gambar fotografi, animasi dan motion graphic, serta produksi konten multimedia digital. Membantu pembaca membangun pemahaman konseptual maupun praktis.","motion graphic, editing visual, videografi, multimedia",Inggris,E-book,437,978-0-11-860089-7,9999
BK00937,Pengantar Desain Multimedia,Bakiono Rahmawati,Salemba Empat,2005,"Fakultas Sosial, Humaniora, & Seni",Desain Komunikasi Visual,Fotografi & Multimedia,"Buku ini memberikan pemahaman menyeluruh tentang desain media interaktif, animasi dan motion graphic, serta editing visual dan videografi. Dilengkapi dengan contoh kasus dan studi lapangan yang relevan.","videografi, motion graphic, editing visual, multimedia",Indonesia,E-book,498,978-0-945680-44-4,9999
BK00938,Teknik Motion Graphic Edisi Revisi,Farah Januar,Salemba Empat,2024,"Fakultas Sosial, Humaniora, & Seni",Desain Komunikasi Visual,Fotografi & Multimedia,"Buku ini menyajikan kajian komprehensif mengenai produksi konten multimedia digital, editing visual dan videografi, serta teknik pengambilan gambar fotografi. Dilengkapi dengan contoh kasus dan studi lapangan yang relevan.","videografi, editing visual, fotografi, multimedia",Indonesia,E-book,276,978-1-64613-684-1,9999
BK00939,Dasar-Dasar Desain Multimedia,Intan Nasyidah,Gramedia Pustaka Utama,2016,"Fakultas Sosial, Humaniora, & Seni",Desain Komunikasi Visual,Fotografi & Multimedia,"Buku ini dirancang sebagai panduan untuk memahami desain media interaktif, produksi konten multimedia digital, serta teknik pengambilan gambar fotografi. Menjadi rujukan penting dalam perkuliahan dan penelitian terkait.","editing visual, videografi, motion graphic, media interaktif",Indonesia,Fisik,326,978-1-07-658173-0,8
BK00940,Videografi: Konsep dan Praktik,Cut Lala Pradipta,Erlangga,2009,"Fakultas Sosial, Humaniora, & Seni",Desain Komunikasi Visual,Fotografi & Multimedia,"Buku ini menyajikan kajian komprehensif mengenai animasi dan motion graphic, editing visual dan videografi, serta produksi konten multimedia digital. Menjadi rujukan penting dalam perkuliahan dan penelitian terkait.","motion graphic, media interaktif, multimedia, videografi",Indonesia,Fisik,436,978-1-79145-211-7,1
BK00941,Media Interaktif: Konsep dan Praktik Edisi Revisi,R.M. Daniswara Lestari,Nuha Medika,2011,"Fakultas Sosial, Humaniora, & Seni",Desain Komunikasi Visual,Fotografi & Multimedia,"Buku ini memberikan pemahaman menyeluruh tentang desain media interaktif, produksi konten multimedia digital, serta teknik pengambilan gambar fotografi. Dilengkapi dengan contoh kasus dan studi lapangan yang relevan.","editing visual, videografi, motion graphic, fotografi",Indonesia,E-book,455,978-0-269-78930-4,9999
BK00942,Dasar-Dasar Motion Graphic Edisi Ke-2,"drg. Dono Zulkarnain, S.Pd",Andi Publisher,2023,"Fakultas Sosial, Humaniora, & Seni",Desain Komunikasi Visual,Fotografi & Multimedia,"Buku ini memberikan pemahaman menyeluruh tentang desain media interaktif, produksi konten multimedia digital, serta teknik pengambilan gambar fotografi. Disusun dengan bahasa yang mudah dipahami untuk kalangan akademik.","editing visual, media interaktif, videografi, multimedia",Indonesia,Fisik,403,978-0-05-996043-2,8
BK00943,Pengantar Videografi,"Dr. Putu Lestari, M.Pd",Nuha Medika,2020,"Fakultas Sosial, Humaniora, & Seni",Desain Komunikasi Visual,Fotografi & Multimedia,"Buku ini memberikan pemahaman menyeluruh tentang editing visual dan videografi, animasi dan motion graphic, serta produksi konten multimedia digital. Cocok digunakan sebagai referensi utama bagi mahasiswa dan praktisi.","videografi, editing visual, media interaktif, motion graphic",Inggris,Fisik,202,978-1-357-78811-7,6
BK00944,Pengantar Fotografi Digital,"Tira Hutagalung, Dian Budiman",Gramedia Pustaka Utama,2019,"Fakultas Sosial, Humaniora, & Seni",Desain Komunikasi Visual,Fotografi & Multimedia,"Buku ini dirancang sebagai panduan untuk memahami teknik pengambilan gambar fotografi, produksi konten multimedia digital, serta desain media interaktif. Membantu pembaca membangun pemahaman konseptual maupun praktis.","multimedia, editing visual, motion graphic, media interaktif",Indonesia,E-book,209,978-0-237-10672-0,9999
BK00945,Dasar-Dasar Videografi Edisi Ke-2,"Rangga Novitasari, M.Kom.",Kencana Prenada,2023,"Fakultas Sosial, Humaniora, & Seni",Desain Komunikasi Visual,Fotografi & Multimedia,"Buku ini mengulas berbagai aspek penting dari teknik pengambilan gambar fotografi, produksi konten multimedia digital, serta desain media interaktif. Dilengkapi dengan contoh kasus dan studi lapangan yang relevan.","editing visual, motion graphic, media interaktif, multimedia",Indonesia,Fisik,134,978-1-60416-448-0,1
BK00946,Desain Interior: Konsep dan Aplikasi,"Raisa Wahyudin, Hj. Eli Megantara",Nuha Medika,2023,"Fakultas Sosial, Humaniora, & Seni",Desain Interior,Desain Interior & Arsitektur Ruang,"Buku ini dirancang sebagai panduan untuk memahami konsep arsitektur ruang dalam modern, ergonomi dalam desain ruang, serta prinsip pencahayaan dan estetika ruang. Membantu pembaca membangun pemahaman konseptual maupun praktis.","desain interior, arsitektur ruang, material interior, ergonomi ruang",Indonesia,E-book,227,978-0-9589477-3-2,9999
BK00947,Prinsip Arsitektur Ruang Dalam Edisi Terbaru,Ulva Mansur,Graha Ilmu,2023,"Fakultas Sosial, Humaniora, & Seni",Desain Interior,Desain Interior & Arsitektur Ruang,"Buku ini memberikan pemahaman menyeluruh tentang prinsip pencahayaan dan estetika ruang, konsep arsitektur ruang dalam modern, serta perancangan tata ruang interior. Cocok digunakan sebagai referensi utama bagi mahasiswa dan praktisi.","furnitur, desain interior, tata ruang, pencahayaan ruang",Indonesia,Fisik,154,978-1-05-622710-8,5
BK00948,Pengantar Pencahayaan Ruang,Tira Nainggolan,Elex Media Komputindo,2014,"Fakultas Sosial, Humaniora, & Seni",Desain Interior,Desain Interior & Arsitektur Ruang,"Buku ini membahas secara mendalam tentang konsep arsitektur ruang dalam modern, prinsip pencahayaan dan estetika ruang, serta ergonomi dalam desain ruang. Cocok digunakan sebagai referensi utama bagi mahasiswa dan praktisi.","desain interior, tata ruang, material interior, pencahayaan ruang",Inggris,Fisik,454,978-0-87510-979-4,8
BK00949,Dasar-Dasar Pencahayaan Ruang,Bagas Tampubolon,PT Grasindo,2009,"Fakultas Sosial, Humaniora, & Seni",Desain Interior,Desain Interior & Arsitektur Ruang,"Buku ini dirancang sebagai panduan untuk memahami pemilihan material dan furnitur, ergonomi dalam desain ruang, serta perancangan tata ruang interior. Cocok digunakan sebagai referensi utama bagi mahasiswa dan praktisi.","material interior, ergonomi ruang, pencahayaan ruang, desain interior",Indonesia,E-book,197,978-1-03-446945-2,9999
BK00950,Dasar-Dasar Tata Ruang Edisi Terbaru,drg. Hamima Purwanti,Rajawali Pers,2017,"Fakultas Sosial, Humaniora, & Seni",Desain Interior,Desain Interior & Arsitektur Ruang,"Buku ini membahas secara mendalam tentang perancangan tata ruang interior, konsep arsitektur ruang dalam modern, serta ergonomi dalam desain ruang. Menjadi rujukan penting dalam perkuliahan dan penelitian terkait.","furnitur, pencahayaan ruang, tata ruang, desain interior",Indonesia,Fisik,141,978-0-921342-49-6,1
BK00951,Tata Ruang: Konsep dan Aplikasi,Budi Nurdiyanti,Informatika Bandung,2011,"Fakultas Sosial, Humaniora, & Seni",Desain Interior,Desain Interior & Arsitektur Ruang,"Buku ini mengulas berbagai aspek penting dari konsep arsitektur ruang dalam modern, pemilihan material dan furnitur, serta perancangan tata ruang interior. Membantu pembaca membangun pemahaman konseptual maupun praktis.","material interior, ergonomi ruang, tata ruang, furnitur",Inggris,Fisik,226,978-1-9994973-2-3,8
BK00952,Pengantar Material dan Furnitur,Purwanto Pradipta,PT Grasindo,2005,"Fakultas Sosial, Humaniora, & Seni",Desain Interior,Desain Interior & Arsitektur Ruang,"Buku ini membahas secara mendalam tentang prinsip pencahayaan dan estetika ruang, pemilihan material dan furnitur, serta perancangan tata ruang interior. Disusun dengan bahasa yang mudah dipahami untuk kalangan akademik.","arsitektur ruang, material interior, desain interior, tata ruang",Indonesia,Fisik,124,978-0-922270-51-4,5
BK00953,Pengantar Pencahayaan Ruang,"Cahyo Melani, drg. Irwan Widiastuti, M.Kom.",UI Press,2023,"Fakultas Sosial, Humaniora, & Seni",Desain Interior,Desain Interior & Arsitektur Ruang,"Buku ini membahas secara mendalam tentang prinsip pencahayaan dan estetika ruang, ergonomi dalam desain ruang, serta perancangan tata ruang interior. Dilengkapi dengan contoh kasus dan studi lapangan yang relevan.","furnitur, material interior, tata ruang, arsitektur ruang",Indonesia,E-book,418,978-1-81386-667-0,9999
BK00954,Dasar-Dasar Desain Interior Edisi Terbaru,"Ira Nurdiyanti, Paris Hutapea",Salemba Empat,2014,"Fakultas Sosial, Humaniora, & Seni",Desain Interior,Desain Interior & Arsitektur Ruang,"Buku ini mengulas berbagai aspek penting dari konsep arsitektur ruang dalam modern, prinsip pencahayaan dan estetika ruang, serta ergonomi dalam desain ruang. Menjadi rujukan penting dalam perkuliahan dan penelitian terkait.","arsitektur ruang, tata ruang, ergonomi ruang, furnitur",Indonesia,Fisik,252,978-0-426-87741-7,1
BK00955,Dasar-Dasar Tata Ruang,dr. Martana Tampubolon,Deepublish,2006,"Fakultas Sosial, Humaniora, & Seni",Desain Interior,Desain Interior & Arsitektur Ruang,"Buku ini memberikan pemahaman menyeluruh tentang ergonomi dalam desain ruang, pemilihan material dan furnitur, serta prinsip pencahayaan dan estetika ruang. Disusun dengan bahasa yang mudah dipahami untuk kalangan akademik.","ergonomi ruang, desain interior, arsitektur ruang, tata ruang",Indonesia,Fisik,488,978-0-575-63983-6,1
BK00956,Pencahayaan Ruang: Konsep dan Aplikasi Edisi Ke-2,"Kasiyah Nugroho, Ajeng Napitupulu, M.M.",Bumi Aksara,2012,"Fakultas Sosial, Humaniora, & Seni",Desain Interior,Desain Interior & Arsitektur Ruang,"Buku ini menyajikan kajian komprehensif mengenai prinsip pencahayaan dan estetika ruang, konsep arsitektur ruang dalam modern, serta pemilihan material dan furnitur. Cocok digunakan sebagai referensi utama bagi mahasiswa dan praktisi.","furnitur, arsitektur ruang, material interior, desain interior",Indonesia,Fisik,150,978-0-09-451548-2,1
BK00957,Prinsip Arsitektur Ruang Dalam,Luluh Saputra,UI Press,2019,"Fakultas Sosial, Humaniora, & Seni",Desain Interior,Desain Interior & Arsitektur Ruang,"Buku ini membahas secara mendalam tentang ergonomi dalam desain ruang, prinsip pencahayaan dan estetika ruang, serta konsep arsitektur ruang dalam modern. Disusun dengan bahasa yang mudah dipahami untuk kalangan akademik.","ergonomi ruang, material interior, furnitur, arsitektur ruang",Indonesia,Fisik,337,978-1-76044-090-9,2
BK00958,Perancangan Material dan Furnitur,"Dr. Rachel Usamah, M.M., Ellis Kusmawati",Rajawali Pers,2008,"Fakultas Sosial, Humaniora, & Seni",Desain Interior,Desain Interior & Arsitektur Ruang,"Buku ini dirancang sebagai panduan untuk memahami perancangan tata ruang interior, konsep arsitektur ruang dalam modern, serta ergonomi dalam desain ruang. Cocok digunakan sebagai referensi utama bagi mahasiswa dan praktisi.","furnitur, arsitektur ruang, ergonomi ruang, material interior",Indonesia,Fisik,133,978-0-509-22216-5,6
BK00959,Dasar-Dasar Material dan Furnitur,"Puti Amelia Handayani, S.Gz",UI Press,2008,"Fakultas Sosial, Humaniora, & Seni",Desain Interior,Desain Interior & Arsitektur Ruang,"Buku ini membahas secara mendalam tentang konsep arsitektur ruang dalam modern, perancangan tata ruang interior, serta prinsip pencahayaan dan estetika ruang. Membantu pembaca membangun pemahaman konseptual maupun praktis.","desain interior, ergonomi ruang, tata ruang, pencahayaan ruang",Inggris,Fisik,195,978-0-8439-0552-6,0
BK00960,Perancangan Desain Interior,"dr. Padma Budiman, Hadi Agustina, S.Gz",Erlangga,2007,"Fakultas Sosial, Humaniora, & Seni",Desain Interior,Desain Interior & Arsitektur Ruang,"Buku ini menyajikan kajian komprehensif mengenai pemilihan material dan furnitur, perancangan tata ruang interior, serta konsep arsitektur ruang dalam modern. Disusun dengan bahasa yang mudah dipahami untuk kalangan akademik.","desain interior, ergonomi ruang, pencahayaan ruang, furnitur",Indonesia,Fisik,391,978-0-8241-2704-6,4
BK00961,Perancangan Tata Ruang,"R.A. Shakila Mayasari, Ellis Usada",UI Press,2021,"Fakultas Sosial, Humaniora, & Seni",Desain Interior,Desain Interior & Arsitektur Ruang,"Buku ini mengulas berbagai aspek penting dari konsep arsitektur ruang dalam modern, ergonomi dalam desain ruang, serta perancangan tata ruang interior. Membantu pembaca membangun pemahaman konseptual maupun praktis.","pencahayaan ruang, tata ruang, desain interior, material interior",Inggris,Fisik,480,978-1-4851-5791-5,6
BK00962,Desain Interior: Konsep dan Aplikasi Edisi Revisi,Dr. Clara Latupono,Salemba Empat,2018,"Fakultas Sosial, Humaniora, & Seni",Desain Interior,Desain Interior & Arsitektur Ruang,"Buku ini memberikan pemahaman menyeluruh tentang pemilihan material dan furnitur, ergonomi dalam desain ruang, serta konsep arsitektur ruang dalam modern. Menjadi rujukan penting dalam perkuliahan dan penelitian terkait.","pencahayaan ruang, tata ruang, material interior, ergonomi ruang",Indonesia,Fisik,419,978-0-12-590203-8,1
BK00963,Pengantar Material dan Furnitur Edisi Revisi,"Hardi Haryanti, S.Pt",Rajawali Pers,2007,"Fakultas Sosial, Humaniora, & Seni",Desain Interior,Desain Interior & Arsitektur Ruang,"Buku ini dirancang sebagai panduan untuk memahami prinsip pencahayaan dan estetika ruang, konsep arsitektur ruang dalam modern, serta ergonomi dalam desain ruang. Cocok digunakan sebagai referensi utama bagi mahasiswa dan praktisi.","ergonomi ruang, furnitur, pencahayaan ruang, desain interior",Indonesia,Fisik,421,978-1-324-06424-4,7
BK00964,Dasar-Dasar Arsitektur Ruang Dalam Edisi Ke-3,Karya Sihotang,Deepublish,2015,"Fakultas Sosial, Humaniora, & Seni",Desain Interior,Desain Interior & Arsitektur Ruang,"Buku ini menyajikan kajian komprehensif mengenai konsep arsitektur ruang dalam modern, perancangan tata ruang interior, serta pemilihan material dan furnitur. Cocok digunakan sebagai referensi utama bagi mahasiswa dan praktisi.","material interior, furnitur, desain interior, arsitektur ruang",Indonesia,Fisik,432,978-0-343-24474-3,8
BK00965,Prinsip Arsitektur Ruang Dalam,Jindra Thamrin,Rajawali Pers,2019,"Fakultas Sosial, Humaniora, & Seni",Desain Interior,Desain Interior & Arsitektur Ruang,"Buku ini memberikan pemahaman menyeluruh tentang pemilihan material dan furnitur, perancangan tata ruang interior, serta ergonomi dalam desain ruang. Membantu pembaca membangun pemahaman konseptual maupun praktis.","ergonomi ruang, furnitur, material interior, pencahayaan ruang",Inggris,Fisik,428,978-1-872096-28-5,8
BK00966,Dasar-Dasar Material dan Furnitur,R.A. Tira Fujiati,Kencana Prenada,2012,"Fakultas Sosial, Humaniora, & Seni",Desain Interior,Desain Interior & Arsitektur Ruang,"Buku ini dirancang sebagai panduan untuk memahami perancangan tata ruang interior, ergonomi dalam desain ruang, serta pemilihan material dan furnitur. Disusun dengan bahasa yang mudah dipahami untuk kalangan akademik.","tata ruang, furnitur, ergonomi ruang, arsitektur ruang",Indonesia,Fisik,343,978-1-358-84183-5,2
BK00967,Prinsip Pencahayaan Ruang,Gasti Hastuti,Elex Media Komputindo,2005,"Fakultas Sosial, Humaniora, & Seni",Desain Interior,Desain Interior & Arsitektur Ruang,"Buku ini memberikan pemahaman menyeluruh tentang perancangan tata ruang interior, prinsip pencahayaan dan estetika ruang, serta konsep arsitektur ruang dalam modern. Dilengkapi dengan contoh kasus dan studi lapangan yang relevan.","desain interior, material interior, ergonomi ruang, furnitur",Inggris,Fisik,383,978-0-18-272795-7,7
BK00968,Dasar-Dasar Desain Interior,Padmi Waluyo,Nuha Medika,2023,"Fakultas Sosial, Humaniora, & Seni",Desain Interior,Desain Interior & Arsitektur Ruang,"Buku ini mengulas berbagai aspek penting dari perancangan tata ruang interior, konsep arsitektur ruang dalam modern, serta ergonomi dalam desain ruang. Membantu pembaca membangun pemahaman konseptual maupun praktis.","pencahayaan ruang, furnitur, desain interior, arsitektur ruang",Indonesia,Fisik,162,978-1-150-26755-0,7
BK00969,Prinsip Pencahayaan Ruang,"Unggul Januar, S.E.",Deepublish,2009,"Fakultas Sosial, Humaniora, & Seni",Desain Interior,Desain Interior & Arsitektur Ruang,"Buku ini mengulas berbagai aspek penting dari konsep arsitektur ruang dalam modern, ergonomi dalam desain ruang, serta pemilihan material dan furnitur. Membantu pembaca membangun pemahaman konseptual maupun praktis.","pencahayaan ruang, material interior, desain interior, furnitur",Indonesia,Fisik,302,978-1-278-20797-1,8
BK00970,Prinsip Material dan Furnitur,Ir. Talia Fujiati,Graha Ilmu,2020,"Fakultas Sosial, Humaniora, & Seni",Desain Interior,Desain Interior & Arsitektur Ruang,"Buku ini membahas secara mendalam tentang perancangan tata ruang interior, prinsip pencahayaan dan estetika ruang, serta ergonomi dalam desain ruang. Menjadi rujukan penting dalam perkuliahan dan penelitian terkait.","desain interior, material interior, tata ruang, furnitur",Inggris,E-book,167,978-1-345-95764-8,9999
BK00971,Pengantar Material dan Furnitur,"Wisnu Pradipta, Dr. Balangga Andriani, S.Farm",Informatika Bandung,2010,"Fakultas Sosial, Humaniora, & Seni",Desain Interior,Desain Interior & Arsitektur Ruang,"Buku ini dirancang sebagai panduan untuk memahami konsep arsitektur ruang dalam modern, ergonomi dalam desain ruang, serta prinsip pencahayaan dan estetika ruang. Disusun dengan bahasa yang mudah dipahami untuk kalangan akademik.","ergonomi ruang, desain interior, pencahayaan ruang, tata ruang",Indonesia,Fisik,491,978-1-902824-98-7,6
BK00972,Dasar-Dasar Arsitektur Ruang Dalam Edisi Ke-3,"Wawan Purnawati, R.M. Cager Wijayanti, S.Psi",Kencana Prenada,2022,"Fakultas Sosial, Humaniora, & Seni",Desain Interior,Desain Interior & Arsitektur Ruang,"Buku ini membahas secara mendalam tentang perancangan tata ruang interior, prinsip pencahayaan dan estetika ruang, serta pemilihan material dan furnitur. Menjadi rujukan penting dalam perkuliahan dan penelitian terkait.","desain interior, arsitektur ruang, furnitur, ergonomi ruang",Indonesia,Fisik,265,978-0-425-76270-7,8
BK00973,Perancangan Material dan Furnitur,"Cakrajiya Pangestu, S.E.",PT Grasindo,2024,"Fakultas Sosial, Humaniora, & Seni",Desain Interior,Desain Interior & Arsitektur Ruang,"Buku ini memberikan pemahaman menyeluruh tentang prinsip pencahayaan dan estetika ruang, perancangan tata ruang interior, serta konsep arsitektur ruang dalam modern. Disusun dengan bahasa yang mudah dipahami untuk kalangan akademik.","ergonomi ruang, material interior, furnitur, tata ruang",Inggris,E-book,247,978-1-123-36132-2,9999
BK00974,Prinsip Material dan Furnitur Edisi Terbaru,"Kala Wahyudin, S.Ked",UI Press,2010,"Fakultas Sosial, Humaniora, & Seni",Desain Interior,Desain Interior & Arsitektur Ruang,"Buku ini memberikan pemahaman menyeluruh tentang pemilihan material dan furnitur, prinsip pencahayaan dan estetika ruang, serta perancangan tata ruang interior. Dilengkapi dengan contoh kasus dan studi lapangan yang relevan.","tata ruang, desain interior, ergonomi ruang, pencahayaan ruang",Indonesia,E-book,328,978-0-517-86376-3,9999
BK00975,Prinsip Pencahayaan Ruang Edisi Ke-2,"Dr. Tiara Prasasta, S.IP, Dian Simanjuntak",Pustaka Pelajar,2017,"Fakultas Sosial, Humaniora, & Seni",Desain Interior,Desain Interior & Arsitektur Ruang,"Buku ini menyajikan kajian komprehensif mengenai konsep arsitektur ruang dalam modern, perancangan tata ruang interior, serta pemilihan material dan furnitur. Disusun dengan bahasa yang mudah dipahami untuk kalangan akademik.","ergonomi ruang, material interior, pencahayaan ruang, tata ruang",Indonesia,E-book,347,978-1-5469-6815-3,9999
BK00976,Desain Interior: Konsep dan Aplikasi,"Salsabila Rahmawati, Darman Sudiati",Informatika Bandung,2011,"Fakultas Sosial, Humaniora, & Seni",Desain Interior,Desain Interior & Arsitektur Ruang,"Buku ini dirancang sebagai panduan untuk memahami konsep arsitektur ruang dalam modern, pemilihan material dan furnitur, serta ergonomi dalam desain ruang. Dilengkapi dengan contoh kasus dan studi lapangan yang relevan.","arsitektur ruang, desain interior, tata ruang, pencahayaan ruang",Indonesia,Fisik,229,978-0-555-80996-9,7
BK00977,Dasar-Dasar Arsitektur Ruang Dalam Edisi Ke-2,"Mariadi Pradana, Jamil Nainggolan",Alfabeta,2016,"Fakultas Sosial, Humaniora, & Seni",Desain Interior,Desain Interior & Arsitektur Ruang,"Buku ini membahas secara mendalam tentang ergonomi dalam desain ruang, prinsip pencahayaan dan estetika ruang, serta konsep arsitektur ruang dalam modern. Dilengkapi dengan contoh kasus dan studi lapangan yang relevan.","arsitektur ruang, furnitur, material interior, desain interior",Indonesia,Fisik,194,978-0-461-56262-0,4
BK00978,Prinsip Desain Interior,Ira Wibisono,Andi Publisher,2020,"Fakultas Sosial, Humaniora, & Seni",Desain Interior,Desain Interior & Arsitektur Ruang,"Buku ini membahas secara mendalam tentang perancangan tata ruang interior, ergonomi dalam desain ruang, serta pemilihan material dan furnitur. Menjadi rujukan penting dalam perkuliahan dan penelitian terkait.","furnitur, tata ruang, arsitektur ruang, material interior",Indonesia,E-book,252,978-0-462-26817-0,9999
BK00979,Prinsip Pencahayaan Ruang,"R. Ganjaran Januar, S.Sos",Rajawali Pers,2018,"Fakultas Sosial, Humaniora, & Seni",Desain Interior,Desain Interior & Arsitektur Ruang,"Buku ini memberikan pemahaman menyeluruh tentang perancangan tata ruang interior, prinsip pencahayaan dan estetika ruang, serta konsep arsitektur ruang dalam modern. Disusun dengan bahasa yang mudah dipahami untuk kalangan akademik.","furnitur, ergonomi ruang, pencahayaan ruang, tata ruang",Indonesia,Fisik,438,978-0-529-86707-0,2
BK00980,Arsitektur Ruang Dalam: Konsep dan Aplikasi,"Yosef Winarsih, S.Sos",Bumi Aksara,2023,"Fakultas Sosial, Humaniora, & Seni",Desain Interior,Desain Interior & Arsitektur Ruang,"Buku ini dirancang sebagai panduan untuk memahami konsep arsitektur ruang dalam modern, ergonomi dalam desain ruang, serta pemilihan material dan furnitur. Menjadi rujukan penting dalam perkuliahan dan penelitian terkait.","material interior, furnitur, tata ruang, ergonomi ruang",Indonesia,Fisik,294,978-0-464-19785-0,4
BK00981,Dasar-Dasar Desain Interior Edisi Ke-2,"drg. Narji Sitorus, M.Pd",Rajawali Pers,2016,"Fakultas Sosial, Humaniora, & Seni",Desain Interior,Desain Interior & Arsitektur Ruang,"Buku ini memberikan pemahaman menyeluruh tentang prinsip pencahayaan dan estetika ruang, pemilihan material dan furnitur, serta konsep arsitektur ruang dalam modern. Cocok digunakan sebagai referensi utama bagi mahasiswa dan praktisi.","pencahayaan ruang, tata ruang, desain interior, ergonomi ruang",Indonesia,Fisik,160,978-0-268-61205-4,6
BK00982,Pengantar Pencahayaan Ruang,"Rika Rajata, S.Kom",Alfabeta,2021,"Fakultas Sosial, Humaniora, & Seni",Desain Interior,Desain Interior & Arsitektur Ruang,"Buku ini menyajikan kajian komprehensif mengenai prinsip pencahayaan dan estetika ruang, pemilihan material dan furnitur, serta ergonomi dalam desain ruang. Cocok digunakan sebagai referensi utama bagi mahasiswa dan praktisi.","furnitur, ergonomi ruang, tata ruang, pencahayaan ruang",Indonesia,Fisik,426,978-1-07-401775-0,0
BK00983,Desain Interior: Konsep dan Aplikasi Edisi Ke-3,Tirtayasa Rahimah,Informatika Bandung,2013,"Fakultas Sosial, Humaniora, & Seni",Desain Interior,Desain Interior & Arsitektur Ruang,"Buku ini memberikan pemahaman menyeluruh tentang pemilihan material dan furnitur, perancangan tata ruang interior, serta konsep arsitektur ruang dalam modern. Menjadi rujukan penting dalam perkuliahan dan penelitian terkait.","arsitektur ruang, material interior, pencahayaan ruang, furnitur",Inggris,Fisik,330,978-1-65408-424-0,0
BK00984,Arsitektur Ruang Dalam: Konsep dan Aplikasi Edisi Ke-3,Lidya Budiyanto,Kencana Prenada,2015,"Fakultas Sosial, Humaniora, & Seni",Desain Interior,Desain Interior & Arsitektur Ruang,"Buku ini memberikan pemahaman menyeluruh tentang prinsip pencahayaan dan estetika ruang, perancangan tata ruang interior, serta konsep arsitektur ruang dalam modern. Disusun dengan bahasa yang mudah dipahami untuk kalangan akademik.","furnitur, arsitektur ruang, ergonomi ruang, material interior",Indonesia,E-book,532,978-1-4091-5086-2,9999
BK00985,Tata Ruang: Konsep dan Aplikasi Edisi Ke-3,"Cayadi Hutasoit, R. Budi Maulana",PT Grasindo,2008,"Fakultas Sosial, Humaniora, & Seni",Desain Interior,Desain Interior & Arsitektur Ruang,"Buku ini mengulas berbagai aspek penting dari ergonomi dalam desain ruang, prinsip pencahayaan dan estetika ruang, serta konsep arsitektur ruang dalam modern. Cocok digunakan sebagai referensi utama bagi mahasiswa dan praktisi.","ergonomi ruang, furnitur, tata ruang, material interior",Indonesia,E-book,431,978-1-4579-3897-9,9999
BK00986,Pengantar Desain Interior Edisi Terbaru,"Bahuwarna Simbolon, Ani Maulana",Bumi Aksara,2020,"Fakultas Sosial, Humaniora, & Seni",Desain Interior,Desain Interior & Arsitektur Ruang,"Buku ini memberikan pemahaman menyeluruh tentang prinsip pencahayaan dan estetika ruang, pemilihan material dan furnitur, serta ergonomi dalam desain ruang. Menjadi rujukan penting dalam perkuliahan dan penelitian terkait.","tata ruang, desain interior, furnitur, material interior",Inggris,Fisik,511,978-1-81546-602-1,5
BK00987,Desain Interior: Konsep dan Aplikasi Edisi Ke-2,"Hamima Yolanda, S.Pt, drg. Calista Nababan, M.Farm",Rajawali Pers,2005,"Fakultas Sosial, Humaniora, & Seni",Desain Interior,Desain Interior & Arsitektur Ruang,"Buku ini membahas secara mendalam tentang konsep arsitektur ruang dalam modern, ergonomi dalam desain ruang, serta perancangan tata ruang interior. Membantu pembaca membangun pemahaman konseptual maupun praktis.","desain interior, furnitur, arsitektur ruang, material interior",Inggris,E-book,384,978-1-988305-97-4,9999
BK00988,Material dan Furnitur: Konsep dan Aplikasi,"Prabawa Fujiati, Ulva Nashiruddin",Alfabeta,2018,"Fakultas Sosial, Humaniora, & Seni",Desain Interior,Desain Interior & Arsitektur Ruang,"Buku ini memberikan pemahaman menyeluruh tentang ergonomi dalam desain ruang, perancangan tata ruang interior, serta pemilihan material dan furnitur. Dilengkapi dengan contoh kasus dan studi lapangan yang relevan.","furnitur, desain interior, tata ruang, arsitektur ruang",Indonesia,E-book,535,978-0-9624406-3-2,9999
BK00989,Dasar-Dasar Tata Ruang,Purwa Agustina,PT Grasindo,2016,"Fakultas Sosial, Humaniora, & Seni",Desain Interior,Desain Interior & Arsitektur Ruang,"Buku ini menyajikan kajian komprehensif mengenai pemilihan material dan furnitur, ergonomi dalam desain ruang, serta konsep arsitektur ruang dalam modern. Menjadi rujukan penting dalam perkuliahan dan penelitian terkait.","desain interior, tata ruang, material interior, arsitektur ruang",Indonesia,Fisik,403,978-1-4795-1330-7,5
BK00990,Perancangan Arsitektur Ruang Dalam,"Jane Prasetya, S.Pt, Tgk. Titi Sudiati",Erlangga,2006,"Fakultas Sosial, Humaniora, & Seni",Desain Interior,Desain Interior & Arsitektur Ruang,"Buku ini mengulas berbagai aspek penting dari konsep arsitektur ruang dalam modern, prinsip pencahayaan dan estetika ruang, serta pemilihan material dan furnitur. Disusun dengan bahasa yang mudah dipahami untuk kalangan akademik.","tata ruang, desain interior, material interior, furnitur",Inggris,Fisik,276,978-1-958678-05-3,5
BK00991,Arsitektur Ruang Dalam: Konsep dan Aplikasi,Jamalia Situmorang,Pustaka Pelajar,2022,"Fakultas Sosial, Humaniora, & Seni",Desain Interior,Desain Interior & Arsitektur Ruang,"Buku ini memberikan pemahaman menyeluruh tentang pemilihan material dan furnitur, konsep arsitektur ruang dalam modern, serta prinsip pencahayaan dan estetika ruang. Disusun dengan bahasa yang mudah dipahami untuk kalangan akademik.","furnitur, desain interior, pencahayaan ruang, tata ruang",Indonesia,Fisik,344,978-0-7738-2646-5,6
BK00992,Pengantar Arsitektur Ruang Dalam,Mitra Pertiwi,UI Press,2020,"Fakultas Sosial, Humaniora, & Seni",Desain Interior,Desain Interior & Arsitektur Ruang,"Buku ini menyajikan kajian komprehensif mengenai pemilihan material dan furnitur, ergonomi dalam desain ruang, serta prinsip pencahayaan dan estetika ruang. Cocok digunakan sebagai referensi utama bagi mahasiswa dan praktisi.","tata ruang, ergonomi ruang, furnitur, desain interior",Indonesia,E-book,397,978-1-85138-544-7,9999
BK00993,Dasar-Dasar Pencahayaan Ruang,"Tgk. Jabal Wulandari, M.M.",Salemba Empat,2015,"Fakultas Sosial, Humaniora, & Seni",Desain Interior,Desain Interior & Arsitektur Ruang,"Buku ini dirancang sebagai panduan untuk memahami pemilihan material dan furnitur, perancangan tata ruang interior, serta konsep arsitektur ruang dalam modern. Dilengkapi dengan contoh kasus dan studi lapangan yang relevan.","furnitur, desain interior, arsitektur ruang, material interior",Indonesia,E-book,237,978-0-9929596-6-1,9999
BK00994,Pengantar Arsitektur Ruang Dalam Edisi Revisi,"Dt. Pardi Suryono, M.Pd",Deepublish,2016,"Fakultas Sosial, Humaniora, & Seni",Desain Interior,Desain Interior & Arsitektur Ruang,"Buku ini membahas secara mendalam tentang konsep arsitektur ruang dalam modern, prinsip pencahayaan dan estetika ruang, serta ergonomi dalam desain ruang. Menjadi rujukan penting dalam perkuliahan dan penelitian terkait.","pencahayaan ruang, ergonomi ruang, furnitur, material interior",Indonesia,Fisik,250,978-0-682-69116-1,5
BK00995,Perancangan Material dan Furnitur Edisi Ke-2,Danuja Kusumo,Graha Ilmu,2005,"Fakultas Sosial, Humaniora, & Seni",Desain Interior,Desain Interior & Arsitektur Ruang,"Buku ini dirancang sebagai panduan untuk memahami konsep arsitektur ruang dalam modern, pemilihan material dan furnitur, serta ergonomi dalam desain ruang. Cocok digunakan sebagai referensi utama bagi mahasiswa dan praktisi.","arsitektur ruang, pencahayaan ruang, desain interior, ergonomi ruang",Indonesia,E-book,425,978-0-268-65369-9,9999
BK00996,Pengantar Pencahayaan Ruang,Jamalia Tarihoran,Erlangga,2009,"Fakultas Sosial, Humaniora, & Seni",Desain Interior,Desain Interior & Arsitektur Ruang,"Buku ini dirancang sebagai panduan untuk memahami konsep arsitektur ruang dalam modern, ergonomi dalam desain ruang, serta prinsip pencahayaan dan estetika ruang. Membantu pembaca membangun pemahaman konseptual maupun praktis.","pencahayaan ruang, arsitektur ruang, material interior, ergonomi ruang",Indonesia,Fisik,366,978-1-888636-77-2,2
BK00997,Dasar-Dasar Arsitektur Ruang Dalam,Yunita Hartati,Salemba Empat,2013,"Fakultas Sosial, Humaniora, & Seni",Desain Interior,Desain Interior & Arsitektur Ruang,"Buku ini mengulas berbagai aspek penting dari perancangan tata ruang interior, ergonomi dalam desain ruang, serta prinsip pencahayaan dan estetika ruang. Dilengkapi dengan contoh kasus dan studi lapangan yang relevan.","arsitektur ruang, ergonomi ruang, tata ruang, desain interior",Indonesia,E-book,452,978-0-640-85721-9,9999
BK00998,Prinsip Material dan Furnitur Edisi Ke-2,"Ratna Yolanda, Lili Zulkarnain",Elex Media Komputindo,2023,"Fakultas Sosial, Humaniora, & Seni",Desain Interior,Desain Interior & Arsitektur Ruang,"Buku ini memberikan pemahaman menyeluruh tentang konsep arsitektur ruang dalam modern, ergonomi dalam desain ruang, serta perancangan tata ruang interior. Dilengkapi dengan contoh kasus dan studi lapangan yang relevan.","furnitur, desain interior, tata ruang, pencahayaan ruang",Indonesia,E-book,383,978-0-932998-19-4,9999
BK00999,Prinsip Pencahayaan Ruang,"drg. Ayu Simbolon, R.A. Eli Purnawati",PT Grasindo,2007,"Fakultas Sosial, Humaniora, & Seni",Desain Interior,Desain Interior & Arsitektur Ruang,"Buku ini membahas secara mendalam tentang pemilihan material dan furnitur, konsep arsitektur ruang dalam modern, serta perancangan tata ruang interior. Cocok digunakan sebagai referensi utama bagi mahasiswa dan praktisi.","desain interior, furnitur, pencahayaan ruang, material interior",Inggris,Fisik,314,978-0-509-68832-9,1
BK01000,Dasar-Dasar Pencahayaan Ruang,Kartika Permadi,UI Press,2011,"Fakultas Sosial, Humaniora, & Seni",Desain Interior,Desain Interior & Arsitektur Ruang,"Buku ini membahas secara mendalam tentang perancangan tata ruang interior, konsep arsitektur ruang dalam modern, serta prinsip pencahayaan dan estetika ruang. Disusun dengan bahasa yang mudah dipahami untuk kalangan akademik.","furnitur, material interior, ergonomi ruang, pencahayaan ruang",Inggris,Fisik,267,978-1-352-41039-6,0
BK01001,Prinsip Arsitektur Ruang Dalam,Michelle Prasasta,Graha Ilmu,2011,"Fakultas Sosial, Humaniora, & Seni",Desain Interior,Desain Interior & Arsitektur Ruang,"Buku ini dirancang sebagai panduan untuk memahami ergonomi dalam desain ruang, prinsip pencahayaan dan estetika ruang, serta pemilihan material dan furnitur. Dilengkapi dengan contoh kasus dan studi lapangan yang relevan.","pencahayaan ruang, desain interior, material interior, furnitur",Indonesia,Fisik,421,978-0-278-19523-3,5
BK01002,Dasar-Dasar Desain Interior Edisi Revisi,Tantri Hidayat,Andi Publisher,2019,"Fakultas Sosial, Humaniora, & Seni",Desain Interior,Desain Interior & Arsitektur Ruang,"Buku ini dirancang sebagai panduan untuk memahami prinsip pencahayaan dan estetika ruang, konsep arsitektur ruang dalam modern, serta pemilihan material dan furnitur. Menjadi rujukan penting dalam perkuliahan dan penelitian terkait.","furnitur, ergonomi ruang, tata ruang, desain interior",Indonesia,Fisik,472,978-0-687-61648-0,0
BK01003,Material dan Furnitur: Konsep dan Aplikasi,"Nasrullah Sudiati, Kasusra Dongoran, M.M.",Gramedia Pustaka Utama,2014,"Fakultas Sosial, Humaniora, & Seni",Desain Interior,Desain Interior & Arsitektur Ruang,"Buku ini membahas secara mendalam tentang prinsip pencahayaan dan estetika ruang, perancangan tata ruang interior, serta konsep arsitektur ruang dalam modern. Dilengkapi dengan contoh kasus dan studi lapangan yang relevan.","desain interior, pencahayaan ruang, ergonomi ruang, arsitektur ruang",Inggris,E-book,285,978-0-460-56876-0,9999
BK01004,Pencahayaan Ruang: Konsep dan Aplikasi,"R. Bala Maulana, S.T.",Informatika Bandung,2018,"Fakultas Sosial, Humaniora, & Seni",Desain Interior,Desain Interior & Arsitektur Ruang,"Buku ini dirancang sebagai panduan untuk memahami konsep arsitektur ruang dalam modern, perancangan tata ruang interior, serta pemilihan material dan furnitur. Dilengkapi dengan contoh kasus dan studi lapangan yang relevan.","arsitektur ruang, material interior, ergonomi ruang, desain interior",Indonesia,Fisik,403,978-0-565-23734-9,2
BK01005,Prinsip Pencahayaan Ruang,Gambira Yuniar,Rajawali Pers,2022,"Fakultas Sosial, Humaniora, & Seni",Desain Interior,Desain Interior & Arsitektur Ruang,"Buku ini memberikan pemahaman menyeluruh tentang konsep arsitektur ruang dalam modern, pemilihan material dan furnitur, serta prinsip pencahayaan dan estetika ruang. Membantu pembaca membangun pemahaman konseptual maupun praktis.","ergonomi ruang, material interior, furnitur, desain interior",Inggris,E-book,469,978-1-7345475-7-3,9999
BK01006,Prinsip Desain Interior,"Hana Purnawati, S.T.",Kencana Prenada,2005,"Fakultas Sosial, Humaniora, & Seni",Desain Interior,Desain Interior & Arsitektur Ruang,"Buku ini memberikan pemahaman menyeluruh tentang ergonomi dalam desain ruang, perancangan tata ruang interior, serta prinsip pencahayaan dan estetika ruang. Menjadi rujukan penting dalam perkuliahan dan penelitian terkait.","material interior, ergonomi ruang, tata ruang, arsitektur ruang",Indonesia,Fisik,164,978-0-284-03595-0,2
BK01007,Perancangan Material dan Furnitur,"Icha Samosir, S.E.",UI Press,2023,"Fakultas Sosial, Humaniora, & Seni",Desain Interior,Desain Interior & Arsitektur Ruang,"Buku ini dirancang sebagai panduan untuk memahami perancangan tata ruang interior, prinsip pencahayaan dan estetika ruang, serta konsep arsitektur ruang dalam modern. Cocok digunakan sebagai referensi utama bagi mahasiswa dan praktisi.","material interior, furnitur, tata ruang, ergonomi ruang",Indonesia,Fisik,521,978-1-74222-946-1,7
BK01008,Perancangan Pencahayaan Ruang,Suci Pradana,Deepublish,2024,"Fakultas Sosial, Humaniora, & Seni",Desain Interior,Desain Interior & Arsitektur Ruang,"Buku ini mengulas berbagai aspek penting dari perancangan tata ruang interior, pemilihan material dan furnitur, serta ergonomi dalam desain ruang. Menjadi rujukan penting dalam perkuliahan dan penelitian terkait.","ergonomi ruang, furnitur, pencahayaan ruang, arsitektur ruang",Indonesia,Fisik,397,978-0-942904-58-1,8
BK01009,Perancangan Desain Interior,"Padma Waskita, M.Kom.",Andi Publisher,2021,"Fakultas Sosial, Humaniora, & Seni",Desain Interior,Desain Interior & Arsitektur Ruang,"Buku ini memberikan pemahaman menyeluruh tentang pemilihan material dan furnitur, konsep arsitektur ruang dalam modern, serta prinsip pencahayaan dan estetika ruang. Disusun dengan bahasa yang mudah dipahami untuk kalangan akademik.","tata ruang, ergonomi ruang, arsitektur ruang, furnitur",Inggris,Fisik,535,978-1-298-58567-7,4
BK01010,Perancangan Tata Ruang Edisi Ke-3,"Cawisadi Novitasari, M.Kom.",UI Press,2009,"Fakultas Sosial, Humaniora, & Seni",Desain Interior,Desain Interior & Arsitektur Ruang,"Buku ini dirancang sebagai panduan untuk memahami ergonomi dalam desain ruang, pemilihan material dan furnitur, serta perancangan tata ruang interior. Dilengkapi dengan contoh kasus dan studi lapangan yang relevan.","arsitektur ruang, ergonomi ruang, desain interior, furnitur",Inggris,Fisik,483,978-1-60153-433-0,0
BK01011,Dasar-Dasar Material dan Furnitur Edisi Ke-3,Estiawan Sudiati,Graha Ilmu,2010,"Fakultas Sosial, Humaniora, & Seni",Desain Interior,Desain Interior & Arsitektur Ruang,"Buku ini menyajikan kajian komprehensif mengenai pemilihan material dan furnitur, prinsip pencahayaan dan estetika ruang, serta konsep arsitektur ruang dalam modern. Membantu pembaca membangun pemahaman konseptual maupun praktis.","desain interior, ergonomi ruang, tata ruang, material interior",Indonesia,Fisik,149,978-0-577-90833-6,1
BK01012,Prinsip Pencahayaan Ruang Edisi Ke-3,Salwa Firmansyah,Andi Publisher,2020,"Fakultas Sosial, Humaniora, & Seni",Desain Interior,Desain Interior & Arsitektur Ruang,"Buku ini mengulas berbagai aspek penting dari perancangan tata ruang interior, ergonomi dalam desain ruang, serta prinsip pencahayaan dan estetika ruang. Cocok digunakan sebagai referensi utama bagi mahasiswa dan praktisi.","tata ruang, desain interior, furnitur, ergonomi ruang",Indonesia,Fisik,407,978-0-581-48881-7,0
BK01013,Dasar-Dasar Pencahayaan Ruang,"Dt. Ivan Purnawati, M.TI., Dipa Rajasa",Kencana Prenada,2016,"Fakultas Sosial, Humaniora, & Seni",Desain Interior,Desain Interior & Arsitektur Ruang,"Buku ini membahas secara mendalam tentang prinsip pencahayaan dan estetika ruang, pemilihan material dan furnitur, serta ergonomi dalam desain ruang. Cocok digunakan sebagai referensi utama bagi mahasiswa dan praktisi.","tata ruang, ergonomi ruang, desain interior, material interior",Inggris,Fisik,540,978-0-372-09484-5,2
BK01014,Dasar-Dasar Desain Interior,Paiman Nainggolan,Bumi Aksara,2023,"Fakultas Sosial, Humaniora, & Seni",Desain Interior,Desain Interior & Arsitektur Ruang,"Buku ini membahas secara mendalam tentang ergonomi dalam desain ruang, prinsip pencahayaan dan estetika ruang, serta konsep arsitektur ruang dalam modern. Membantu pembaca membangun pemahaman konseptual maupun praktis.","material interior, arsitektur ruang, desain interior, furnitur",Indonesia,E-book,270,978-0-8403-3399-5,9999
BK01015,Pengantar Pencahayaan Ruang,Malika Januar,Rajawali Pers,2020,"Fakultas Sosial, Humaniora, & Seni",Desain Interior,Desain Interior & Arsitektur Ruang,"Buku ini mengulas berbagai aspek penting dari prinsip pencahayaan dan estetika ruang, pemilihan material dan furnitur, serta konsep arsitektur ruang dalam modern. Disusun dengan bahasa yang mudah dipahami untuk kalangan akademik.","material interior, furnitur, tata ruang, ergonomi ruang",Inggris,E-book,165,978-1-137-17173-3,9999
BK01016,Tata Ruang: Konsep dan Aplikasi,Kemba Rahmawati,PT Grasindo,2022,"Fakultas Sosial, Humaniora, & Seni",Desain Interior,Desain Interior & Arsitektur Ruang,"Buku ini menyajikan kajian komprehensif mengenai prinsip pencahayaan dan estetika ruang, konsep arsitektur ruang dalam modern, serta perancangan tata ruang interior. Disusun dengan bahasa yang mudah dipahami untuk kalangan akademik.","desain interior, tata ruang, furnitur, material interior",Indonesia,E-book,213,978-1-4909-6173-6,9999
BK01017,Arsitektur Ruang Dalam: Konsep dan Aplikasi Edisi Ke-3,Hj. Raisa Hasanah,Erlangga,2018,"Fakultas Sosial, Humaniora, & Seni",Desain Interior,Desain Interior & Arsitektur Ruang,"Buku ini mengulas berbagai aspek penting dari ergonomi dalam desain ruang, perancangan tata ruang interior, serta pemilihan material dan furnitur. Membantu pembaca membangun pemahaman konseptual maupun praktis.","material interior, tata ruang, arsitektur ruang, pencahayaan ruang",Inggris,Fisik,219,978-1-69472-587-5,8
BK01018,Perancangan Arsitektur Ruang Dalam,T. Wawan Yuliarti,Erlangga,2009,"Fakultas Sosial, Humaniora, & Seni",Desain Interior,Desain Interior & Arsitektur Ruang,"Buku ini mengulas berbagai aspek penting dari pemilihan material dan furnitur, ergonomi dalam desain ruang, serta prinsip pencahayaan dan estetika ruang. Menjadi rujukan penting dalam perkuliahan dan penelitian terkait.","material interior, arsitektur ruang, tata ruang, pencahayaan ruang",Indonesia,Fisik,147,978-1-83548-847-8,7
BK01019,Perancangan Desain Interior,Praba Najmudin,Erlangga,2005,"Fakultas Sosial, Humaniora, & Seni",Desain Interior,Desain Interior & Arsitektur Ruang,"Buku ini dirancang sebagai panduan untuk memahami ergonomi dalam desain ruang, pemilihan material dan furnitur, serta perancangan tata ruang interior. Dilengkapi dengan contoh kasus dan studi lapangan yang relevan.","arsitektur ruang, furnitur, desain interior, pencahayaan ruang",Indonesia,Fisik,174,978-0-587-72216-8,0
BK01020,Perancangan Desain Interior,"Gadang Kuswoyo, M.M.",Graha Ilmu,2009,"Fakultas Sosial, Humaniora, & Seni",Desain Interior,Desain Interior & Arsitektur Ruang,"Buku ini dirancang sebagai panduan untuk memahami ergonomi dalam desain ruang, konsep arsitektur ruang dalam modern, serta perancangan tata ruang interior. Cocok digunakan sebagai referensi utama bagi mahasiswa dan praktisi.","tata ruang, desain interior, pencahayaan ruang, material interior",Indonesia,E-book,347,978-0-313-34845-7,9999
BK01021,Dasar-Dasar Tata Ruang Edisi Revisi,"Dr. Jarwi Jailani, S.Pd",Salemba Empat,2007,"Fakultas Sosial, Humaniora, & Seni",Desain Interior,Desain Interior & Arsitektur Ruang,"Buku ini menyajikan kajian komprehensif mengenai prinsip pencahayaan dan estetika ruang, perancangan tata ruang interior, serta konsep arsitektur ruang dalam modern. Cocok digunakan sebagai referensi utama bagi mahasiswa dan praktisi.","material interior, arsitektur ruang, tata ruang, pencahayaan ruang",Indonesia,Fisik,280,978-0-523-62292-7,5
BK01022,Dasar-Dasar Tata Ruang,Padma Kusmawati,Alfabeta,2023,"Fakultas Sosial, Humaniora, & Seni",Desain Interior,Desain Interior & Arsitektur Ruang,"Buku ini menyajikan kajian komprehensif mengenai perancangan tata ruang interior, prinsip pencahayaan dan estetika ruang, serta konsep arsitektur ruang dalam modern. Disusun dengan bahasa yang mudah dipahami untuk kalangan akademik.","pencahayaan ruang, desain interior, furnitur, arsitektur ruang",Inggris,E-book,436,978-1-347-45245-5,9999
BK01023,Dasar-Dasar Material dan Furnitur,"Kamila Sihotang, M.M.",UI Press,2016,"Fakultas Sosial, Humaniora, & Seni",Desain Interior,Desain Interior & Arsitektur Ruang,"Buku ini dirancang sebagai panduan untuk memahami pemilihan material dan furnitur, ergonomi dalam desain ruang, serta prinsip pencahayaan dan estetika ruang. Cocok digunakan sebagai referensi utama bagi mahasiswa dan praktisi.","ergonomi ruang, desain interior, furnitur, tata ruang",Indonesia,Fisik,461,978-1-966060-65-9,1
BK01024,Dasar-Dasar Material dan Furnitur,"Reksa Mandala, M.M.",Erlangga,2009,"Fakultas Sosial, Humaniora, & Seni",Desain Interior,Desain Interior & Arsitektur Ruang,"Buku ini mengulas berbagai aspek penting dari konsep arsitektur ruang dalam modern, perancangan tata ruang interior, serta ergonomi dalam desain ruang. Disusun dengan bahasa yang mudah dipahami untuk kalangan akademik.","tata ruang, arsitektur ruang, desain interior, furnitur",Indonesia,Fisik,143,978-0-334-45056-6,8
BK01025,Dasar-Dasar Desain Interior,"dr. Gamani Puspita, M.Pd",Graha Ilmu,2023,"Fakultas Sosial, Humaniora, & Seni",Desain Interior,Desain Interior & Arsitektur Ruang,"Buku ini menyajikan kajian komprehensif mengenai konsep arsitektur ruang dalam modern, prinsip pencahayaan dan estetika ruang, serta pemilihan material dan furnitur. Disusun dengan bahasa yang mudah dipahami untuk kalangan akademik.","desain interior, tata ruang, arsitektur ruang, pencahayaan ruang",Indonesia,Fisik,305,978-0-9874113-2-7,6
BK01026,Dasar-Dasar Desain Interior,Tari Kuswandari,PT Grasindo,2022,"Fakultas Sosial, Humaniora, & Seni",Desain Interior,Desain Interior & Arsitektur Ruang,"Buku ini membahas secara mendalam tentang konsep arsitektur ruang dalam modern, ergonomi dalam desain ruang, serta prinsip pencahayaan dan estetika ruang. Cocok digunakan sebagai referensi utama bagi mahasiswa dan praktisi.","material interior, desain interior, pencahayaan ruang, ergonomi ruang",Inggris,Fisik,254,978-0-673-49960-8,0
BK01027,Pencahayaan Ruang: Konsep dan Aplikasi,Asman Uyainah,Pustaka Pelajar,2017,"Fakultas Sosial, Humaniora, & Seni",Desain Interior,Desain Interior & Arsitektur Ruang,"Buku ini membahas secara mendalam tentang prinsip pencahayaan dan estetika ruang, konsep arsitektur ruang dalam modern, serta perancangan tata ruang interior. Cocok digunakan sebagai referensi utama bagi mahasiswa dan praktisi.","pencahayaan ruang, tata ruang, furnitur, arsitektur ruang",Inggris,Fisik,508,978-1-85741-721-0,2
BK01028,Perancangan Desain Interior Edisi Ke-3,Vicky Zulkarnain,Rajawali Pers,2014,"Fakultas Sosial, Humaniora, & Seni",Desain Interior,Desain Interior & Arsitektur Ruang,"Buku ini memberikan pemahaman menyeluruh tentang prinsip pencahayaan dan estetika ruang, konsep arsitektur ruang dalam modern, serta perancangan tata ruang interior. Dilengkapi dengan contoh kasus dan studi lapangan yang relevan.","desain interior, ergonomi ruang, tata ruang, pencahayaan ruang",Inggris,E-book,250,978-0-949381-73-6,9999
BK01029,Pengantar Tata Kelola Perusahaan,"Queen Palastri, Ir. Elon Puspita, M.TI.",Informatika Bandung,2006,"Fakultas Sosial, Humaniora, & Seni",Administrasi Bisnis,Administrasi & Manajemen Bisnis,"Buku ini membahas secara mendalam tentang administrasi dan operasional bisnis, efisiensi operasional organisasi bisnis, serta pengelolaan keuangan bisnis. Membantu pembaca membangun pemahaman konseptual maupun praktis.","manajemen bisnis, manajemen sumber daya manusia, operasional bisnis, administrasi bisnis",Indonesia,Fisik,245,978-0-215-57325-4,0
BK01030,Strategi Manajemen Keuangan Edisi Ke-2,Ghaliyati Haryanti,Graha Ilmu,2014,"Fakultas Sosial, Humaniora, & Seni",Administrasi Bisnis,Administrasi & Manajemen Bisnis,"Buku ini dirancang sebagai panduan untuk memahami strategi tata kelola perusahaan, manajemen sumber daya manusia perusahaan, serta administrasi dan operasional bisnis. Cocok digunakan sebagai referensi utama bagi mahasiswa dan praktisi.","administrasi bisnis, tata kelola perusahaan, manajemen keuangan, manajemen bisnis",Inggris,Fisik,506,978-1-344-90216-8,8
BK01031,Tata Kelola Perusahaan: Teori dan Praktik,"Lala Laksita, Dt. Radika Nuraini, S.Gz",Deepublish,2018,"Fakultas Sosial, Humaniora, & Seni",Administrasi Bisnis,Administrasi & Manajemen Bisnis,"Buku ini menyajikan kajian komprehensif mengenai manajemen sumber daya manusia perusahaan, strategi tata kelola perusahaan, serta administrasi dan operasional bisnis. Dilengkapi dengan contoh kasus dan studi lapangan yang relevan.","operasional bisnis, tata kelola perusahaan, manajemen keuangan, manajemen bisnis",Indonesia,E-book,192,978-0-9608587-4-3,9999
BK01032,Manajemen Keuangan: Teori dan Praktik,"dr. Siska Hidayat, Citra Pratiwi, S.Pt",UI Press,2007,"Fakultas Sosial, Humaniora, & Seni",Administrasi Bisnis,Administrasi & Manajemen Bisnis,"Buku ini memberikan pemahaman menyeluruh tentang efisiensi operasional organisasi bisnis, manajemen sumber daya manusia perusahaan, serta administrasi dan operasional bisnis. Cocok digunakan sebagai referensi utama bagi mahasiswa dan praktisi.","manajemen keuangan, tata kelola perusahaan, administrasi bisnis, manajemen sumber daya manusia",Indonesia,Fisik,485,978-0-8197-9316-4,8
BK01033,Pengantar Manajemen Sumber Daya Manusia,"Tgk. Nadia Hartati, S.E.I",UI Press,2005,"Fakultas Sosial, Humaniora, & Seni",Administrasi Bisnis,Administrasi & Manajemen Bisnis,"Buku ini dirancang sebagai panduan untuk memahami pengelolaan keuangan bisnis, administrasi dan operasional bisnis, serta efisiensi operasional organisasi bisnis. Menjadi rujukan penting dalam perkuliahan dan penelitian terkait.","administrasi bisnis, operasional bisnis, manajemen bisnis, tata kelola perusahaan",Indonesia,Fisik,174,978-0-295-78606-3,1
BK01034,Pengantar Tata Kelola Perusahaan,Tgk. Agnes Oktaviani,Erlangga,2022,"Fakultas Sosial, Humaniora, & Seni",Administrasi Bisnis,Administrasi & Manajemen Bisnis,"Buku ini membahas secara mendalam tentang strategi tata kelola perusahaan, efisiensi operasional organisasi bisnis, serta administrasi dan operasional bisnis. Menjadi rujukan penting dalam perkuliahan dan penelitian terkait.","administrasi bisnis, operasional bisnis, manajemen sumber daya manusia, manajemen keuangan",Indonesia,Fisik,241,978-0-03-562439-6,7
BK01035,Dasar-Dasar Tata Kelola Perusahaan,"Pranawa Simbolon, M.Pd",Salemba Empat,2008,"Fakultas Sosial, Humaniora, & Seni",Administrasi Bisnis,Administrasi & Manajemen Bisnis,"Buku ini mengulas berbagai aspek penting dari efisiensi operasional organisasi bisnis, pengelolaan keuangan bisnis, serta manajemen sumber daya manusia perusahaan. Cocok digunakan sebagai referensi utama bagi mahasiswa dan praktisi.","manajemen bisnis, operasional bisnis, manajemen keuangan, administrasi bisnis",Indonesia,E-book,506,978-0-9592323-4-9,9999
BK01036,Pengantar Administrasi Bisnis Edisi Ke-2,Baktianto Dongoran,Pustaka Pelajar,2013,"Fakultas Sosial, Humaniora, & Seni",Administrasi Bisnis,Administrasi & Manajemen Bisnis,"Buku ini membahas secara mendalam tentang manajemen sumber daya manusia perusahaan, administrasi dan operasional bisnis, serta efisiensi operasional organisasi bisnis. Disusun dengan bahasa yang mudah dipahami untuk kalangan akademik.","operasional bisnis, manajemen bisnis, tata kelola perusahaan, administrasi bisnis",Indonesia,E-book,228,978-0-85155-333-7,9999
BK01037,Strategi Administrasi Bisnis Edisi Ke-3,Elisa Anggraini,Alfabeta,2006,"Fakultas Sosial, Humaniora, & Seni",Administrasi Bisnis,Administrasi & Manajemen Bisnis,"Buku ini membahas secara mendalam tentang manajemen sumber daya manusia perusahaan, administrasi dan operasional bisnis, serta strategi tata kelola perusahaan. Dilengkapi dengan contoh kasus dan studi lapangan yang relevan.","tata kelola perusahaan, manajemen bisnis, administrasi bisnis, manajemen sumber daya manusia",Indonesia,Fisik,187,978-0-350-27160-2,2
BK01038,Manajemen Manajemen Keuangan,"Uli Pranowo, Alika Hassanah",Graha Ilmu,2018,"Fakultas Sosial, Humaniora, & Seni",Administrasi Bisnis,Administrasi & Manajemen Bisnis,"Buku ini dirancang sebagai panduan untuk memahami manajemen sumber daya manusia perusahaan, administrasi dan operasional bisnis, serta strategi tata kelola perusahaan. Cocok digunakan sebagai referensi utama bagi mahasiswa dan praktisi.","administrasi bisnis, manajemen bisnis, manajemen sumber daya manusia, manajemen keuangan",Indonesia,Fisik,249,978-1-336-91128-4,6
BK01039,Dasar-Dasar Administrasi Bisnis,Drs. Dewi Marpaung,Kencana Prenada,2022,"Fakultas Sosial, Humaniora, & Seni",Administrasi Bisnis,Administrasi & Manajemen Bisnis,"Buku ini membahas secara mendalam tentang pengelolaan keuangan bisnis, strategi tata kelola perusahaan, serta efisiensi operasional organisasi bisnis. Membantu pembaca membangun pemahaman konseptual maupun praktis.","manajemen bisnis, manajemen keuangan, operasional bisnis, tata kelola perusahaan",Indonesia,Fisik,470,978-0-7955-6331-7,0
BK01040,Strategi Administrasi Bisnis,"Dr. Gatra Kuswandari, S.T.",Rajawali Pers,2011,"Fakultas Sosial, Humaniora, & Seni",Administrasi Bisnis,Administrasi & Manajemen Bisnis,"Buku ini dirancang sebagai panduan untuk memahami strategi tata kelola perusahaan, administrasi dan operasional bisnis, serta efisiensi operasional organisasi bisnis. Membantu pembaca membangun pemahaman konseptual maupun praktis.","tata kelola perusahaan, administrasi bisnis, manajemen keuangan, manajemen bisnis",Indonesia,Fisik,246,978-1-00-666155-6,8
BK01041,Dasar-Dasar Tata Kelola Perusahaan,"Zalindra Haryanto, Zizi Yulianti",PT Grasindo,2016,"Fakultas Sosial, Humaniora, & Seni",Administrasi Bisnis,Administrasi & Manajemen Bisnis,"Buku ini dirancang sebagai panduan untuk memahami strategi tata kelola perusahaan, efisiensi operasional organisasi bisnis, serta administrasi dan operasional bisnis. Cocok digunakan sebagai referensi utama bagi mahasiswa dan praktisi.","operasional bisnis, administrasi bisnis, manajemen bisnis, tata kelola perusahaan",Indonesia,Fisik,550,978-0-16-704502-1,6
BK01042,Dasar-Dasar Manajemen Operasional Edisi Terbaru,"R.A. Elma Pratiwi, S.Ked",Bumi Aksara,2013,"Fakultas Sosial, Humaniora, & Seni",Administrasi Bisnis,Administrasi & Manajemen Bisnis,"Buku ini dirancang sebagai panduan untuk memahami pengelolaan keuangan bisnis, administrasi dan operasional bisnis, serta manajemen sumber daya manusia perusahaan. Disusun dengan bahasa yang mudah dipahami untuk kalangan akademik.","administrasi bisnis, operasional bisnis, manajemen keuangan, manajemen bisnis",Indonesia,Fisik,340,978-0-270-09345-2,6
BK01043,Tata Kelola Perusahaan: Teori dan Praktik,drg. Yuni Manullang,Deepublish,2009,"Fakultas Sosial, Humaniora, & Seni",Administrasi Bisnis,Administrasi & Manajemen Bisnis,"Buku ini memberikan pemahaman menyeluruh tentang pengelolaan keuangan bisnis, strategi tata kelola perusahaan, serta administrasi dan operasional bisnis. Dilengkapi dengan contoh kasus dan studi lapangan yang relevan.","operasional bisnis, manajemen keuangan, manajemen sumber daya manusia, administrasi bisnis",Inggris,Fisik,342,978-0-282-25120-8,1
BK01044,Manajemen Sumber Daya Manusia: Teori dan Praktik,Farhunnisa Samosir,Erlangga,2021,"Fakultas Sosial, Humaniora, & Seni",Administrasi Bisnis,Administrasi & Manajemen Bisnis,"Buku ini menyajikan kajian komprehensif mengenai efisiensi operasional organisasi bisnis, pengelolaan keuangan bisnis, serta manajemen sumber daya manusia perusahaan. Cocok digunakan sebagai referensi utama bagi mahasiswa dan praktisi.","tata kelola perusahaan, manajemen bisnis, manajemen sumber daya manusia, manajemen keuangan",Inggris,E-book,471,978-1-4950-0507-7,9999
BK01045,Strategi Manajemen Operasional Edisi Ke-2,Oman Megantara,Bumi Aksara,2009,"Fakultas Sosial, Humaniora, & Seni",Administrasi Bisnis,Administrasi & Manajemen Bisnis,"Buku ini mengulas berbagai aspek penting dari manajemen sumber daya manusia perusahaan, efisiensi operasional organisasi bisnis, serta pengelolaan keuangan bisnis. Dilengkapi dengan contoh kasus dan studi lapangan yang relevan.","tata kelola perusahaan, administrasi bisnis, manajemen keuangan, manajemen bisnis",Inggris,Fisik,307,978-0-86982-210-4,0
BK01046,Strategi Manajemen Sumber Daya Manusia Edisi Ke-3,Genta Iswahyudi,UI Press,2013,"Fakultas Sosial, Humaniora, & Seni",Administrasi Bisnis,Administrasi & Manajemen Bisnis,"Buku ini membahas secara mendalam tentang pengelolaan keuangan bisnis, strategi tata kelola perusahaan, serta manajemen sumber daya manusia perusahaan. Disusun dengan bahasa yang mudah dipahami untuk kalangan akademik.","administrasi bisnis, manajemen bisnis, tata kelola perusahaan, manajemen keuangan",Inggris,E-book,319,978-0-17-768729-7,9999
BK01047,Manajemen Manajemen Keuangan,"Ir. Abyasa Saragih, M.Kom.",Alfabeta,2020,"Fakultas Sosial, Humaniora, & Seni",Administrasi Bisnis,Administrasi & Manajemen Bisnis,"Buku ini mengulas berbagai aspek penting dari pengelolaan keuangan bisnis, manajemen sumber daya manusia perusahaan, serta strategi tata kelola perusahaan. Membantu pembaca membangun pemahaman konseptual maupun praktis.","tata kelola perusahaan, manajemen sumber daya manusia, operasional bisnis, administrasi bisnis",Inggris,Fisik,492,978-1-258-59177-9,8
BK01048,Dasar-Dasar Manajemen Operasional Edisi Ke-3,"Yance Pertiwi, S.Kom, Darmaji Mulyani",Andi Publisher,2014,"Fakultas Sosial, Humaniora, & Seni",Administrasi Bisnis,Administrasi & Manajemen Bisnis,"Buku ini mengulas berbagai aspek penting dari administrasi dan operasional bisnis, efisiensi operasional organisasi bisnis, serta pengelolaan keuangan bisnis. Membantu pembaca membangun pemahaman konseptual maupun praktis.","manajemen bisnis, manajemen sumber daya manusia, operasional bisnis, tata kelola perusahaan",Indonesia,Fisik,509,978-0-311-64913-6,6
BK01049,Manajemen Keuangan: Teori dan Praktik,Dwi Nashiruddin,Rajawali Pers,2016,"Fakultas Sosial, Humaniora, & Seni",Administrasi Bisnis,Administrasi & Manajemen Bisnis,"Buku ini menyajikan kajian komprehensif mengenai administrasi dan operasional bisnis, strategi tata kelola perusahaan, serta manajemen sumber daya manusia perusahaan. Dilengkapi dengan contoh kasus dan studi lapangan yang relevan.","manajemen keuangan, manajemen bisnis, administrasi bisnis, tata kelola perusahaan",Indonesia,Fisik,317,978-1-79889-425-5,1
BK01050,Dasar-Dasar Manajemen Keuangan,Kasiyah Wijayanti,Informatika Bandung,2019,"Fakultas Sosial, Humaniora, & Seni",Administrasi Bisnis,Administrasi & Manajemen Bisnis,"Buku ini menyajikan kajian komprehensif mengenai pengelolaan keuangan bisnis, efisiensi operasional organisasi bisnis, serta manajemen sumber daya manusia perusahaan. Cocok digunakan sebagai referensi utama bagi mahasiswa dan praktisi.","manajemen bisnis, tata kelola perusahaan, manajemen keuangan, administrasi bisnis",Indonesia,E-book,514,978-0-603-20203-2,9999
BK01051,Pengantar Administrasi Bisnis,Hasta Sinaga,UI Press,2007,"Fakultas Sosial, Humaniora, & Seni",Administrasi Bisnis,Administrasi & Manajemen Bisnis,"Buku ini menyajikan kajian komprehensif mengenai efisiensi operasional organisasi bisnis, pengelolaan keuangan bisnis, serta administrasi dan operasional bisnis. Cocok digunakan sebagai referensi utama bagi mahasiswa dan praktisi.","administrasi bisnis, tata kelola perusahaan, operasional bisnis, manajemen bisnis",Inggris,Fisik,405,978-1-75396-737-6,4
BK01052,Pengantar Manajemen Sumber Daya Manusia,Tgk. Puji Farida,Pustaka Pelajar,2008,"Fakultas Sosial, Humaniora, & Seni",Administrasi Bisnis,Administrasi & Manajemen Bisnis,"Buku ini memberikan pemahaman menyeluruh tentang strategi tata kelola perusahaan, pengelolaan keuangan bisnis, serta manajemen sumber daya manusia perusahaan. Cocok digunakan sebagai referensi utama bagi mahasiswa dan praktisi.","manajemen sumber daya manusia, manajemen bisnis, manajemen keuangan, tata kelola perusahaan",Indonesia,E-book,203,978-1-85524-578-5,9999
BK01053,Strategi Manajemen Operasional,Salimah Kuswoyo,Informatika Bandung,2015,"Fakultas Sosial, Humaniora, & Seni",Administrasi Bisnis,Administrasi & Manajemen Bisnis,"Buku ini memberikan pemahaman menyeluruh tentang strategi tata kelola perusahaan, manajemen sumber daya manusia perusahaan, serta pengelolaan keuangan bisnis. Menjadi rujukan penting dalam perkuliahan dan penelitian terkait.","manajemen bisnis, tata kelola perusahaan, manajemen keuangan, operasional bisnis",Indonesia,Fisik,359,978-1-156-08213-3,0
BK01054,Administrasi Bisnis: Teori dan Praktik,"Yance Kusumo, Kunthara Sihombing",Erlangga,2021,"Fakultas Sosial, Humaniora, & Seni",Administrasi Bisnis,Administrasi & Manajemen Bisnis,"Buku ini mengulas berbagai aspek penting dari efisiensi operasional organisasi bisnis, administrasi dan operasional bisnis, serta strategi tata kelola perusahaan. Disusun dengan bahasa yang mudah dipahami untuk kalangan akademik.","tata kelola perusahaan, manajemen sumber daya manusia, manajemen bisnis, manajemen keuangan",Indonesia,Fisik,197,978-1-4768-1826-9,7
BK01055,Pengantar Administrasi Bisnis,"Drs. Febi Megantara, S.H.",PT Grasindo,2011,"Fakultas Sosial, Humaniora, & Seni",Administrasi Bisnis,Administrasi & Manajemen Bisnis,"Buku ini dirancang sebagai panduan untuk memahami administrasi dan operasional bisnis, pengelolaan keuangan bisnis, serta efisiensi operasional organisasi bisnis. Cocok digunakan sebagai referensi utama bagi mahasiswa dan praktisi.","tata kelola perusahaan, manajemen bisnis, administrasi bisnis, operasional bisnis",Indonesia,Fisik,204,978-0-589-29880-7,0
BK01056,Dasar-Dasar Manajemen Sumber Daya Manusia,"Dr. Gilang Namaga, S.H.",Salemba Empat,2016,"Fakultas Sosial, Humaniora, & Seni",Administrasi Bisnis,Administrasi & Manajemen Bisnis,"Buku ini memberikan pemahaman menyeluruh tentang administrasi dan operasional bisnis, manajemen sumber daya manusia perusahaan, serta pengelolaan keuangan bisnis. Dilengkapi dengan contoh kasus dan studi lapangan yang relevan.","tata kelola perusahaan, manajemen bisnis, manajemen keuangan, administrasi bisnis",Indonesia,E-book,300,978-1-212-93289-1,9999
BK01057,Pengantar Manajemen Sumber Daya Manusia Edisi Terbaru,"Zamira Pangestu, Alika Wacana",Salemba Empat,2012,"Fakultas Sosial, Humaniora, & Seni",Administrasi Bisnis,Administrasi & Manajemen Bisnis,"Buku ini menyajikan kajian komprehensif mengenai pengelolaan keuangan bisnis, efisiensi operasional organisasi bisnis, serta manajemen sumber daya manusia perusahaan. Disusun dengan bahasa yang mudah dipahami untuk kalangan akademik.","operasional bisnis, manajemen bisnis, tata kelola perusahaan, administrasi bisnis",Indonesia,Fisik,338,978-1-86775-240-0,1
BK01058,Dasar-Dasar Manajemen Operasional,Dwi Puspita,Deepublish,2021,"Fakultas Sosial, Humaniora, & Seni",Administrasi Bisnis,Administrasi & Manajemen Bisnis,"Buku ini memberikan pemahaman menyeluruh tentang manajemen sumber daya manusia perusahaan, strategi tata kelola perusahaan, serta pengelolaan keuangan bisnis. Cocok digunakan sebagai referensi utama bagi mahasiswa dan praktisi.","operasional bisnis, manajemen keuangan, administrasi bisnis, manajemen sumber daya manusia",Indonesia,Fisik,139,978-0-9910622-7-0,1
BK01059,Manajemen Administrasi Bisnis Edisi Revisi,"R. Vanesa Prasasta, S.Sos",Alfabeta,2022,"Fakultas Sosial, Humaniora, & Seni",Administrasi Bisnis,Administrasi & Manajemen Bisnis,"Buku ini memberikan pemahaman menyeluruh tentang administrasi dan operasional bisnis, strategi tata kelola perusahaan, serta pengelolaan keuangan bisnis. Disusun dengan bahasa yang mudah dipahami untuk kalangan akademik.","operasional bisnis, manajemen bisnis, tata kelola perusahaan, manajemen sumber daya manusia",Inggris,Fisik,222,978-1-69335-134-1,5
BK01060,Manajemen Sumber Daya Manusia: Teori dan Praktik Edisi Ke-2,Tugiman Wacana,Alfabeta,2014,"Fakultas Sosial, Humaniora, & Seni",Administrasi Bisnis,Administrasi & Manajemen Bisnis,"Buku ini membahas secara mendalam tentang efisiensi operasional organisasi bisnis, administrasi dan operasional bisnis, serta pengelolaan keuangan bisnis. Membantu pembaca membangun pemahaman konseptual maupun praktis.","manajemen bisnis, tata kelola perusahaan, operasional bisnis, manajemen sumber daya manusia",Indonesia,Fisik,406,978-0-372-45018-4,2
BK01061,Pengantar Manajemen Keuangan,Paramita Jailani,Rajawali Pers,2007,"Fakultas Sosial, Humaniora, & Seni",Administrasi Bisnis,Administrasi & Manajemen Bisnis,"Buku ini memberikan pemahaman menyeluruh tentang administrasi dan operasional bisnis, strategi tata kelola perusahaan, serta efisiensi operasional organisasi bisnis. Dilengkapi dengan contoh kasus dan studi lapangan yang relevan.","operasional bisnis, manajemen sumber daya manusia, manajemen bisnis, manajemen keuangan",Indonesia,Fisik,323,978-0-7418-9721-3,7
BK01062,Dasar-Dasar Manajemen Sumber Daya Manusia Edisi Ke-3,"H. Ganep Saputra, S.Gz, Zalindra Rajasa",PT Grasindo,2012,"Fakultas Sosial, Humaniora, & Seni",Administrasi Bisnis,Administrasi & Manajemen Bisnis,"Buku ini membahas secara mendalam tentang efisiensi operasional organisasi bisnis, pengelolaan keuangan bisnis, serta administrasi dan operasional bisnis. Cocok digunakan sebagai referensi utama bagi mahasiswa dan praktisi.","operasional bisnis, manajemen sumber daya manusia, administrasi bisnis, tata kelola perusahaan",Indonesia,Fisik,458,978-1-69274-381-9,0
BK01063,Manajemen Manajemen Sumber Daya Manusia,Opan Suartini,Alfabeta,2015,"Fakultas Sosial, Humaniora, & Seni",Administrasi Bisnis,Administrasi & Manajemen Bisnis,"Buku ini membahas secara mendalam tentang pengelolaan keuangan bisnis, efisiensi operasional organisasi bisnis, serta manajemen sumber daya manusia perusahaan. Disusun dengan bahasa yang mudah dipahami untuk kalangan akademik.","tata kelola perusahaan, manajemen sumber daya manusia, manajemen keuangan, administrasi bisnis",Indonesia,Fisik,440,978-0-7660-1444-2,1
BK01064,Dasar-Dasar Manajemen Operasional,"Kacung Sitompul, S.Farm, Raihan Ramadan, S.I.Kom",PT Grasindo,2023,"Fakultas Sosial, Humaniora, & Seni",Administrasi Bisnis,Administrasi & Manajemen Bisnis,"Buku ini dirancang sebagai panduan untuk memahami strategi tata kelola perusahaan, pengelolaan keuangan bisnis, serta administrasi dan operasional bisnis. Cocok digunakan sebagai referensi utama bagi mahasiswa dan praktisi.","administrasi bisnis, operasional bisnis, manajemen sumber daya manusia, manajemen bisnis",Indonesia,E-book,284,978-0-17-397396-7,9999
BK01065,Strategi Manajemen Operasional,"Emas Jailani, M.Kom., Drs. Raihan Pratiwi",Pustaka Pelajar,2007,"Fakultas Sosial, Humaniora, & Seni",Administrasi Bisnis,Administrasi & Manajemen Bisnis,"Buku ini menyajikan kajian komprehensif mengenai pengelolaan keuangan bisnis, manajemen sumber daya manusia perusahaan, serta strategi tata kelola perusahaan. Cocok digunakan sebagai referensi utama bagi mahasiswa dan praktisi.","manajemen keuangan, administrasi bisnis, manajemen bisnis, operasional bisnis",Indonesia,Fisik,493,978-1-09-191911-2,1
BK01066,Administrasi Bisnis: Teori dan Praktik,"Sutan Gatra Prastuti, M.Ak",Pustaka Pelajar,2021,"Fakultas Sosial, Humaniora, & Seni",Administrasi Bisnis,Administrasi & Manajemen Bisnis,"Buku ini membahas secara mendalam tentang efisiensi operasional organisasi bisnis, strategi tata kelola perusahaan, serta manajemen sumber daya manusia perusahaan. Membantu pembaca membangun pemahaman konseptual maupun praktis.","tata kelola perusahaan, manajemen keuangan, operasional bisnis, manajemen bisnis",Indonesia,Fisik,204,978-1-05-779806-5,6
BK01067,Manajemen Manajemen Sumber Daya Manusia Edisi Ke-2,"Hj. Uli Astuti, S.Ked, Kasim Najmudin",Kencana Prenada,2016,"Fakultas Sosial, Humaniora, & Seni",Administrasi Bisnis,Administrasi & Manajemen Bisnis,"Buku ini dirancang sebagai panduan untuk memahami pengelolaan keuangan bisnis, strategi tata kelola perusahaan, serta efisiensi operasional organisasi bisnis. Menjadi rujukan penting dalam perkuliahan dan penelitian terkait.","tata kelola perusahaan, manajemen keuangan, administrasi bisnis, manajemen bisnis",Indonesia,E-book,470,978-1-146-07455-1,9999
BK01068,Pengantar Administrasi Bisnis,Hilda Saefullah,Erlangga,2009,"Fakultas Sosial, Humaniora, & Seni",Administrasi Bisnis,Administrasi & Manajemen Bisnis,"Buku ini menyajikan kajian komprehensif mengenai administrasi dan operasional bisnis, pengelolaan keuangan bisnis, serta efisiensi operasional organisasi bisnis. Cocok digunakan sebagai referensi utama bagi mahasiswa dan praktisi.","manajemen keuangan, manajemen sumber daya manusia, operasional bisnis, administrasi bisnis",Indonesia,Fisik,420,978-0-574-23885-6,1
BK01069,Dasar-Dasar Manajemen Keuangan,"Lalita Tampubolon, S.E.",Informatika Bandung,2009,"Fakultas Sosial, Humaniora, & Seni",Administrasi Bisnis,Administrasi & Manajemen Bisnis,"Buku ini membahas secara mendalam tentang strategi tata kelola perusahaan, administrasi dan operasional bisnis, serta pengelolaan keuangan bisnis. Cocok digunakan sebagai referensi utama bagi mahasiswa dan praktisi.","manajemen sumber daya manusia, operasional bisnis, manajemen keuangan, manajemen bisnis",Inggris,Fisik,276,978-0-559-83541-4,4
BK01070,Manajemen Manajemen Operasional,"Cornelia Uyainah, S.Sos",Graha Ilmu,2013,"Fakultas Sosial, Humaniora, & Seni",Administrasi Bisnis,Administrasi & Manajemen Bisnis,"Buku ini memberikan pemahaman menyeluruh tentang manajemen sumber daya manusia perusahaan, strategi tata kelola perusahaan, serta efisiensi operasional organisasi bisnis. Cocok digunakan sebagai referensi utama bagi mahasiswa dan praktisi.","manajemen keuangan, manajemen sumber daya manusia, administrasi bisnis, manajemen bisnis",Indonesia,Fisik,328,978-1-263-47557-6,3
BK01071,Manajemen Sumber Daya Manusia: Teori dan Praktik,"Usyi Manullang, Gaman Budiyanto",UI Press,2008,"Fakultas Sosial, Humaniora, & Seni",Administrasi Bisnis,Administrasi & Manajemen Bisnis,"Buku ini memberikan pemahaman menyeluruh tentang strategi tata kelola perusahaan, manajemen sumber daya manusia perusahaan, serta efisiensi operasional organisasi bisnis. Cocok digunakan sebagai referensi utama bagi mahasiswa dan praktisi.","tata kelola perusahaan, manajemen keuangan, manajemen sumber daya manusia, operasional bisnis",Indonesia,E-book,476,978-0-948848-82-7,9999
BK01072,Pengantar Manajemen Keuangan Edisi Ke-3,Raina Hutagalung,Informatika Bandung,2019,"Fakultas Sosial, Humaniora, & Seni",Administrasi Bisnis,Administrasi & Manajemen Bisnis,"Buku ini dirancang sebagai panduan untuk memahami pengelolaan keuangan bisnis, administrasi dan operasional bisnis, serta strategi tata kelola perusahaan. Dilengkapi dengan contoh kasus dan studi lapangan yang relevan.","tata kelola perusahaan, administrasi bisnis, manajemen bisnis, manajemen keuangan",Indonesia,Fisik,273,978-0-19-642585-6,3
BK01073,Tata Kelola Perusahaan: Teori dan Praktik,Diana Winarno,Bumi Aksara,2012,"Fakultas Sosial, Humaniora, & Seni",Administrasi Bisnis,Administrasi & Manajemen Bisnis,"Buku ini memberikan pemahaman menyeluruh tentang strategi tata kelola perusahaan, pengelolaan keuangan bisnis, serta manajemen sumber daya manusia perusahaan. Menjadi rujukan penting dalam perkuliahan dan penelitian terkait.","operasional bisnis, tata kelola perusahaan, manajemen sumber daya manusia, manajemen keuangan",Indonesia,Fisik,269,978-1-991537-03-4,3
BK01074,Administrasi Bisnis: Teori dan Praktik,R.M. Mulyanto Saefullah,Kencana Prenada,2014,"Fakultas Sosial, Humaniora, & Seni",Administrasi Bisnis,Administrasi & Manajemen Bisnis,"Buku ini dirancang sebagai panduan untuk memahami manajemen sumber daya manusia perusahaan, pengelolaan keuangan bisnis, serta efisiensi operasional organisasi bisnis. Menjadi rujukan penting dalam perkuliahan dan penelitian terkait.","administrasi bisnis, manajemen keuangan, manajemen bisnis, manajemen sumber daya manusia",Indonesia,Fisik,255,978-1-333-37320-7,0
BK01075,Pengantar Manajemen Sumber Daya Manusia Edisi Ke-3,Hesti Damanik,Gramedia Pustaka Utama,2008,"Fakultas Sosial, Humaniora, & Seni",Administrasi Bisnis,Administrasi & Manajemen Bisnis,"Buku ini menyajikan kajian komprehensif mengenai manajemen sumber daya manusia perusahaan, pengelolaan keuangan bisnis, serta administrasi dan operasional bisnis. Dilengkapi dengan contoh kasus dan studi lapangan yang relevan.","manajemen bisnis, operasional bisnis, manajemen keuangan, manajemen sumber daya manusia",Inggris,Fisik,151,978-1-68893-628-7,2
BK01076,Manajemen Administrasi Bisnis,drg. Sari Permata,Salemba Empat,2009,"Fakultas Sosial, Humaniora, & Seni",Administrasi Bisnis,Administrasi & Manajemen Bisnis,"Buku ini memberikan pemahaman menyeluruh tentang strategi tata kelola perusahaan, pengelolaan keuangan bisnis, serta manajemen sumber daya manusia perusahaan. Membantu pembaca membangun pemahaman konseptual maupun praktis.","operasional bisnis, manajemen sumber daya manusia, manajemen bisnis, manajemen keuangan",Indonesia,Fisik,125,978-1-5465-5358-8,0
BK01077,Tata Kelola Perusahaan: Teori dan Praktik,Citra Mansur,Rajawali Pers,2009,"Fakultas Sosial, Humaniora, & Seni",Administrasi Bisnis,Administrasi & Manajemen Bisnis,"Buku ini mengulas berbagai aspek penting dari administrasi dan operasional bisnis, efisiensi operasional organisasi bisnis, serta strategi tata kelola perusahaan. Cocok digunakan sebagai referensi utama bagi mahasiswa dan praktisi.","administrasi bisnis, manajemen bisnis, operasional bisnis, manajemen sumber daya manusia",Indonesia,E-book,356,978-0-89218-785-0,9999
BK01078,Manajemen Manajemen Keuangan,Respati Suartini,Elex Media Komputindo,2023,"Fakultas Sosial, Humaniora, & Seni",Administrasi Bisnis,Administrasi & Manajemen Bisnis,"Buku ini memberikan pemahaman menyeluruh tentang strategi tata kelola perusahaan, administrasi dan operasional bisnis, serta pengelolaan keuangan bisnis. Cocok digunakan sebagai referensi utama bagi mahasiswa dan praktisi.","manajemen bisnis, manajemen sumber daya manusia, operasional bisnis, manajemen keuangan",Indonesia,Fisik,481,978-1-83749-079-0,5
BK01079,Pengantar Manajemen Keuangan,Najwa Rahayu,Elex Media Komputindo,2010,"Fakultas Sosial, Humaniora, & Seni",Administrasi Bisnis,Administrasi & Manajemen Bisnis,"Buku ini menyajikan kajian komprehensif mengenai efisiensi operasional organisasi bisnis, pengelolaan keuangan bisnis, serta administrasi dan operasional bisnis. Disusun dengan bahasa yang mudah dipahami untuk kalangan akademik.","manajemen bisnis, administrasi bisnis, operasional bisnis, manajemen keuangan",Inggris,Fisik,463,978-0-208-78057-7,2
BK01080,Pengantar Manajemen Sumber Daya Manusia,"R. Bella Zulaika, S.I.Kom, Xanana Saefullah",Informatika Bandung,2023,"Fakultas Sosial, Humaniora, & Seni",Administrasi Bisnis,Administrasi & Manajemen Bisnis,"Buku ini menyajikan kajian komprehensif mengenai administrasi dan operasional bisnis, efisiensi operasional organisasi bisnis, serta manajemen sumber daya manusia perusahaan. Menjadi rujukan penting dalam perkuliahan dan penelitian terkait.","manajemen sumber daya manusia, manajemen keuangan, manajemen bisnis, tata kelola perusahaan",Inggris,E-book,545,978-0-9762637-4-6,9999
BK01081,Dasar-Dasar Tata Kelola Perusahaan,H. Mursita Sihombing,Pustaka Pelajar,2007,"Fakultas Sosial, Humaniora, & Seni",Administrasi Bisnis,Administrasi & Manajemen Bisnis,"Buku ini membahas secara mendalam tentang pengelolaan keuangan bisnis, strategi tata kelola perusahaan, serta efisiensi operasional organisasi bisnis. Dilengkapi dengan contoh kasus dan studi lapangan yang relevan.","tata kelola perusahaan, manajemen sumber daya manusia, manajemen bisnis, operasional bisnis",Inggris,Fisik,152,978-0-9862895-0-7,7
BK01082,Pengantar Administrasi Bisnis,Cut Tania Tamba,Alfabeta,2024,"Fakultas Sosial, Humaniora, & Seni",Administrasi Bisnis,Administrasi & Manajemen Bisnis,"Buku ini menyajikan kajian komprehensif mengenai pengelolaan keuangan bisnis, administrasi dan operasional bisnis, serta strategi tata kelola perusahaan. Membantu pembaca membangun pemahaman konseptual maupun praktis.","administrasi bisnis, manajemen bisnis, operasional bisnis, manajemen sumber daya manusia",Inggris,Fisik,293,978-0-918623-39-3,2
BK01083,Manajemen Sumber Daya Manusia: Teori dan Praktik Edisi Ke-2,"KH. Cemani Najmudin, S.Ked",Rajawali Pers,2023,"Fakultas Sosial, Humaniora, & Seni",Administrasi Bisnis,Administrasi & Manajemen Bisnis,"Buku ini mengulas berbagai aspek penting dari manajemen sumber daya manusia perusahaan, administrasi dan operasional bisnis, serta strategi tata kelola perusahaan. Menjadi rujukan penting dalam perkuliahan dan penelitian terkait.","manajemen bisnis, operasional bisnis, tata kelola perusahaan, administrasi bisnis",Indonesia,Fisik,125,978-0-511-69666-4,3
BK01084,Pengantar Manajemen Sumber Daya Manusia,"Nabila Mandala, S.Psi",UI Press,2020,"Fakultas Sosial, Humaniora, & Seni",Administrasi Bisnis,Administrasi & Manajemen Bisnis,"Buku ini memberikan pemahaman menyeluruh tentang pengelolaan keuangan bisnis, administrasi dan operasional bisnis, serta manajemen sumber daya manusia perusahaan. Dilengkapi dengan contoh kasus dan studi lapangan yang relevan.","administrasi bisnis, tata kelola perusahaan, manajemen keuangan, manajemen bisnis",Indonesia,Fisik,503,978-0-452-64712-1,0
BK01085,Manajemen Keuangan: Teori dan Praktik Edisi Revisi,Lalita Pangestu,Erlangga,2009,"Fakultas Sosial, Humaniora, & Seni",Administrasi Bisnis,Administrasi & Manajemen Bisnis,"Buku ini menyajikan kajian komprehensif mengenai manajemen sumber daya manusia perusahaan, efisiensi operasional organisasi bisnis, serta administrasi dan operasional bisnis. Disusun dengan bahasa yang mudah dipahami untuk kalangan akademik.","manajemen bisnis, tata kelola perusahaan, manajemen sumber daya manusia, operasional bisnis",Indonesia,E-book,271,978-1-157-18409-6,9999
BK01086,Dasar-Dasar Tata Kelola Perusahaan,Kalim Halim,UI Press,2006,"Fakultas Sosial, Humaniora, & Seni",Administrasi Bisnis,Administrasi & Manajemen Bisnis,"Buku ini menyajikan kajian komprehensif mengenai manajemen sumber daya manusia perusahaan, efisiensi operasional organisasi bisnis, serta pengelolaan keuangan bisnis. Disusun dengan bahasa yang mudah dipahami untuk kalangan akademik.","administrasi bisnis, tata kelola perusahaan, manajemen keuangan, manajemen sumber daya manusia",Indonesia,Fisik,536,978-0-208-00564-9,6
BK01087,Strategi Manajemen Operasional,Raharja Purnawati,Erlangga,2013,"Fakultas Sosial, Humaniora, & Seni",Administrasi Bisnis,Administrasi & Manajemen Bisnis,"Buku ini dirancang sebagai panduan untuk memahami strategi tata kelola perusahaan, administrasi dan operasional bisnis, serta pengelolaan keuangan bisnis. Dilengkapi dengan contoh kasus dan studi lapangan yang relevan.","manajemen keuangan, tata kelola perusahaan, manajemen sumber daya manusia, manajemen bisnis",Inggris,Fisik,447,978-0-239-72835-7,8
BK01088,Strategi Manajemen Operasional Edisi Terbaru,Teddy Zulaika,PT Grasindo,2015,"Fakultas Sosial, Humaniora, & Seni",Administrasi Bisnis,Administrasi & Manajemen Bisnis,"Buku ini membahas secara mendalam tentang manajemen sumber daya manusia perusahaan, pengelolaan keuangan bisnis, serta strategi tata kelola perusahaan. Membantu pembaca membangun pemahaman konseptual maupun praktis.","manajemen sumber daya manusia, operasional bisnis, administrasi bisnis, manajemen keuangan",Inggris,E-book,264,978-1-927282-70-0,9999
BK01089,Strategi Manajemen Sumber Daya Manusia,Cut Paulin Lazuardi,Erlangga,2007,"Fakultas Sosial, Humaniora, & Seni",Administrasi Bisnis,Administrasi & Manajemen Bisnis,"Buku ini menyajikan kajian komprehensif mengenai administrasi dan operasional bisnis, manajemen sumber daya manusia perusahaan, serta efisiensi operasional organisasi bisnis. Cocok digunakan sebagai referensi utama bagi mahasiswa dan praktisi.","tata kelola perusahaan, manajemen bisnis, manajemen keuangan, manajemen sumber daya manusia",Indonesia,E-book,354,978-1-152-98217-8,9999
BK01090,Pengantar Manajemen Keuangan,Luhung Mangunsong,Kencana Prenada,2006,"Fakultas Sosial, Humaniora, & Seni",Administrasi Bisnis,Administrasi & Manajemen Bisnis,"Buku ini memberikan pemahaman menyeluruh tentang administrasi dan operasional bisnis, strategi tata kelola perusahaan, serta efisiensi operasional organisasi bisnis. Disusun dengan bahasa yang mudah dipahami untuk kalangan akademik.","tata kelola perusahaan, operasional bisnis, administrasi bisnis, manajemen sumber daya manusia",Indonesia,Fisik,173,978-1-86718-153-8,4
BK01091,Pengantar Tata Kelola Perusahaan,Dinda Permadi,Kencana Prenada,2012,"Fakultas Sosial, Humaniora, & Seni",Administrasi Bisnis,Administrasi & Manajemen Bisnis,"Buku ini memberikan pemahaman menyeluruh tentang manajemen sumber daya manusia perusahaan, efisiensi operasional organisasi bisnis, serta strategi tata kelola perusahaan. Disusun dengan bahasa yang mudah dipahami untuk kalangan akademik.","administrasi bisnis, manajemen keuangan, tata kelola perusahaan, operasional bisnis",Inggris,Fisik,203,978-0-605-07918-2,0
BK01092,Pengantar Manajemen Pemasaran Edisi Ke-2,Mujur Yolanda,Elex Media Komputindo,2011,"Fakultas Sosial, Humaniora, & Seni",Administrasi Bisnis,Kewirausahaan & Pemasaran Bisnis,"Buku ini membahas secara mendalam tentang manajemen pemasaran produk dan jasa, membangun bisnis rintisan startup, serta pengembangan bisnis digital. Membantu pembaca membangun pemahaman konseptual maupun praktis.","manajemen pemasaran, startup, e-commerce, bisnis digital",Indonesia,Fisik,274,978-1-83452-734-5,7
BK01093,Strategi Bisnis Startup,"Irsad Waskita, S.Farm",PT Grasindo,2016,"Fakultas Sosial, Humaniora, & Seni",Administrasi Bisnis,Kewirausahaan & Pemasaran Bisnis,"Buku ini menyajikan kajian komprehensif mengenai pengembangan bisnis digital, perencanaan strategi pemasaran, serta strategi kewirausahaan dan inovasi bisnis. Cocok digunakan sebagai referensi utama bagi mahasiswa dan praktisi.","strategi pemasaran, e-commerce, manajemen pemasaran, kewirausahaan",Indonesia,Fisik,433,978-0-7071-5879-2,5
BK01094,Strategi Pemasaran: Konsep dan Aplikasi,Ina Mandasari,Nuha Medika,2010,"Fakultas Sosial, Humaniora, & Seni",Administrasi Bisnis,Kewirausahaan & Pemasaran Bisnis,"Buku ini menyajikan kajian komprehensif mengenai manajemen pemasaran produk dan jasa, pengembangan bisnis digital, serta membangun bisnis rintisan startup. Disusun dengan bahasa yang mudah dipahami untuk kalangan akademik.","pemasaran, bisnis digital, startup, e-commerce",Inggris,Fisik,283,978-0-8031-4998-4,2
BK01095,Strategi Bisnis Startup Edisi Terbaru,"Maras Sihotang, Alika Nasyidah, S.Ked",Salemba Empat,2010,"Fakultas Sosial, Humaniora, & Seni",Administrasi Bisnis,Kewirausahaan & Pemasaran Bisnis,"Buku ini mengulas berbagai aspek penting dari manajemen pemasaran produk dan jasa, membangun bisnis rintisan startup, serta strategi kewirausahaan dan inovasi bisnis. Membantu pembaca membangun pemahaman konseptual maupun praktis.","bisnis digital, manajemen pemasaran, strategi pemasaran, kewirausahaan",Indonesia,Fisik,156,978-1-63580-688-5,5
BK01096,Pengantar Kewirausahaan Edisi Ke-3,"R. Oni Uwais, S.Gz",Deepublish,2018,"Fakultas Sosial, Humaniora, & Seni",Administrasi Bisnis,Kewirausahaan & Pemasaran Bisnis,"Buku ini memberikan pemahaman menyeluruh tentang manajemen pemasaran produk dan jasa, perencanaan strategi pemasaran, serta strategi kewirausahaan dan inovasi bisnis. Dilengkapi dengan contoh kasus dan studi lapangan yang relevan.","startup, e-commerce, strategi pemasaran, bisnis digital",Indonesia,E-book,511,978-0-7235-1373-5,9999
BK01097,Dasar-Dasar Strategi Pemasaran,Hj. Rahmi Budiman,Kencana Prenada,2008,"Fakultas Sosial, Humaniora, & Seni",Administrasi Bisnis,Kewirausahaan & Pemasaran Bisnis,"Buku ini menyajikan kajian komprehensif mengenai membangun bisnis rintisan startup, pengembangan bisnis digital, serta strategi kewirausahaan dan inovasi bisnis. Dilengkapi dengan contoh kasus dan studi lapangan yang relevan.","manajemen pemasaran, strategi pemasaran, startup, kewirausahaan",Indonesia,Fisik,259,978-1-314-03526-1,8
BK01098,Pengantar Kewirausahaan,"R.A. Kasiyah Wacana, S.Gz, Caket Rahimah",UI Press,2008,"Fakultas Sosial, Humaniora, & Seni",Administrasi Bisnis,Kewirausahaan & Pemasaran Bisnis,"Buku ini mengulas berbagai aspek penting dari strategi kewirausahaan dan inovasi bisnis, pengembangan bisnis digital, serta perencanaan strategi pemasaran. Membantu pembaca membangun pemahaman konseptual maupun praktis.","e-commerce, pemasaran, kewirausahaan, startup",Indonesia,Fisik,398,978-1-69434-606-3,6
BK01099,Bisnis Digital: Konsep dan Aplikasi,"drg. Keisha Setiawan, S.Kom, Dr. Hafshah Rahimah, S.Ked",Gramedia Pustaka Utama,2009,"Fakultas Sosial, Humaniora, & Seni",Administrasi Bisnis,Kewirausahaan & Pemasaran Bisnis,"Buku ini mengulas berbagai aspek penting dari pengembangan bisnis digital, strategi kewirausahaan dan inovasi bisnis, serta manajemen pemasaran produk dan jasa. Disusun dengan bahasa yang mudah dipahami untuk kalangan akademik.","strategi pemasaran, kewirausahaan, e-commerce, manajemen pemasaran",Indonesia,Fisik,210,978-0-7231-1127-6,8
BK01100,Bisnis Startup: Konsep dan Aplikasi,Cemplunk Nasyiah,Informatika Bandung,2024,"Fakultas Sosial, Humaniora, & Seni",Administrasi Bisnis,Kewirausahaan & Pemasaran Bisnis,"Buku ini mengulas berbagai aspek penting dari pengembangan bisnis digital, perencanaan strategi pemasaran, serta membangun bisnis rintisan startup. Cocok digunakan sebagai referensi utama bagi mahasiswa dan praktisi.","strategi pemasaran, manajemen pemasaran, bisnis digital, e-commerce",Indonesia,Fisik,271,978-0-464-84494-5,2
BK01101,Membangun Manajemen Pemasaran,Prabawa Lazuardi,Deepublish,2014,"Fakultas Sosial, Humaniora, & Seni",Administrasi Bisnis,Kewirausahaan & Pemasaran Bisnis,"Buku ini membahas secara mendalam tentang manajemen pemasaran produk dan jasa, strategi kewirausahaan dan inovasi bisnis, serta membangun bisnis rintisan startup. Cocok digunakan sebagai referensi utama bagi mahasiswa dan praktisi.","pemasaran, e-commerce, kewirausahaan, startup",Indonesia,E-book,231,978-0-18-732807-4,9999
BK01102,Strategi Strategi Pemasaran,Cici Kusumo,Alfabeta,2024,"Fakultas Sosial, Humaniora, & Seni",Administrasi Bisnis,Kewirausahaan & Pemasaran Bisnis,"Buku ini memberikan pemahaman menyeluruh tentang perencanaan strategi pemasaran, membangun bisnis rintisan startup, serta strategi kewirausahaan dan inovasi bisnis. Membantu pembaca membangun pemahaman konseptual maupun praktis.","strategi pemasaran, startup, kewirausahaan, e-commerce",Indonesia,E-book,202,978-0-621-13695-1,9999
BK01103,Dasar-Dasar Bisnis Startup Edisi Ke-2,Ulya Megantara,Graha Ilmu,2010,"Fakultas Sosial, Humaniora, & Seni",Administrasi Bisnis,Kewirausahaan & Pemasaran Bisnis,"Buku ini mengulas berbagai aspek penting dari strategi kewirausahaan dan inovasi bisnis, membangun bisnis rintisan startup, serta perencanaan strategi pemasaran. Dilengkapi dengan contoh kasus dan studi lapangan yang relevan.","bisnis digital, e-commerce, kewirausahaan, pemasaran",Indonesia,E-book,322,978-0-8335-0902-4,9999
BK01104,Dasar-Dasar Kewirausahaan,"Zelda Ramadan, Gara Hariyah",Deepublish,2022,"Fakultas Sosial, Humaniora, & Seni",Administrasi Bisnis,Kewirausahaan & Pemasaran Bisnis,"Buku ini membahas secara mendalam tentang membangun bisnis rintisan startup, manajemen pemasaran produk dan jasa, serta pengembangan bisnis digital. Disusun dengan bahasa yang mudah dipahami untuk kalangan akademik.","e-commerce, pemasaran, manajemen pemasaran, startup",Inggris,E-book,207,978-0-662-48132-4,9999
BK01105,Dasar-Dasar Strategi Pemasaran,"Dagel Sitorus, M.M.",PT Grasindo,2024,"Fakultas Sosial, Humaniora, & Seni",Administrasi Bisnis,Kewirausahaan & Pemasaran Bisnis,"Buku ini menyajikan kajian komprehensif mengenai manajemen pemasaran produk dan jasa, membangun bisnis rintisan startup, serta pengembangan bisnis digital. Membantu pembaca membangun pemahaman konseptual maupun praktis.","pemasaran, bisnis digital, startup, e-commerce",Indonesia,Fisik,537,978-1-139-84822-0,7
BK01106,Dasar-Dasar Bisnis Startup,"Tgk. Asmianto Kusumo, Atmaja Wasita, M.TI.",Bumi Aksara,2022,"Fakultas Sosial, Humaniora, & Seni",Administrasi Bisnis,Kewirausahaan & Pemasaran Bisnis,"Buku ini menyajikan kajian komprehensif mengenai perencanaan strategi pemasaran, membangun bisnis rintisan startup, serta strategi kewirausahaan dan inovasi bisnis. Menjadi rujukan penting dalam perkuliahan dan penelitian terkait.","startup, strategi pemasaran, bisnis digital, pemasaran",Indonesia,Fisik,158,978-0-550-21306-8,3
BK01107,Membangun Manajemen Pemasaran Edisi Ke-2,Kardi Hakim,Pustaka Pelajar,2021,"Fakultas Sosial, Humaniora, & Seni",Administrasi Bisnis,Kewirausahaan & Pemasaran Bisnis,"Buku ini dirancang sebagai panduan untuk memahami pengembangan bisnis digital, manajemen pemasaran produk dan jasa, serta perencanaan strategi pemasaran. Cocok digunakan sebagai referensi utama bagi mahasiswa dan praktisi.","pemasaran, kewirausahaan, strategi pemasaran, e-commerce",Indonesia,E-book,511,978-0-309-81079-1,9999
BK01108,Strategi Pemasaran: Konsep dan Aplikasi,"Harsana Suryono, M.Ak, Mila Prakasa",Salemba Empat,2007,"Fakultas Sosial, Humaniora, & Seni",Administrasi Bisnis,Kewirausahaan & Pemasaran Bisnis,"Buku ini mengulas berbagai aspek penting dari strategi kewirausahaan dan inovasi bisnis, membangun bisnis rintisan startup, serta pengembangan bisnis digital. Dilengkapi dengan contoh kasus dan studi lapangan yang relevan.","kewirausahaan, bisnis digital, manajemen pemasaran, pemasaran",Inggris,E-book,347,978-1-57727-853-5,9999
BK01109,Dasar-Dasar Strategi Pemasaran,Edison Uyainah,Salemba Empat,2005,"Fakultas Sosial, Humaniora, & Seni",Administrasi Bisnis,Kewirausahaan & Pemasaran Bisnis,"Buku ini memberikan pemahaman menyeluruh tentang membangun bisnis rintisan startup, pengembangan bisnis digital, serta manajemen pemasaran produk dan jasa. Dilengkapi dengan contoh kasus dan studi lapangan yang relevan.","manajemen pemasaran, strategi pemasaran, bisnis digital, pemasaran",Inggris,Fisik,308,978-1-4250-6420-4,6
BK01110,Pengantar Bisnis Startup,Laras Namaga,Deepublish,2023,"Fakultas Sosial, Humaniora, & Seni",Administrasi Bisnis,Kewirausahaan & Pemasaran Bisnis,"Buku ini dirancang sebagai panduan untuk memahami manajemen pemasaran produk dan jasa, pengembangan bisnis digital, serta perencanaan strategi pemasaran. Membantu pembaca membangun pemahaman konseptual maupun praktis.","kewirausahaan, pemasaran, manajemen pemasaran, bisnis digital",Indonesia,Fisik,234,978-1-253-66677-9,4
BK01111,Dasar-Dasar Strategi Pemasaran,Kayla Hariyah,Bumi Aksara,2018,"Fakultas Sosial, Humaniora, & Seni",Administrasi Bisnis,Kewirausahaan & Pemasaran Bisnis,"Buku ini dirancang sebagai panduan untuk memahami pengembangan bisnis digital, perencanaan strategi pemasaran, serta strategi kewirausahaan dan inovasi bisnis. Menjadi rujukan penting dalam perkuliahan dan penelitian terkait.","strategi pemasaran, e-commerce, kewirausahaan, bisnis digital",Indonesia,Fisik,413,978-1-56283-333-6,6
BK01112,Dasar-Dasar Bisnis Startup Edisi Terbaru,R.A. Titi Wahyuni,Elex Media Komputindo,2021,"Fakultas Sosial, Humaniora, & Seni",Administrasi Bisnis,Kewirausahaan & Pemasaran Bisnis,"Buku ini mengulas berbagai aspek penting dari membangun bisnis rintisan startup, pengembangan bisnis digital, serta manajemen pemasaran produk dan jasa. Cocok digunakan sebagai referensi utama bagi mahasiswa dan praktisi.","startup, bisnis digital, manajemen pemasaran, strategi pemasaran",Indonesia,Fisik,330,978-1-86543-627-2,7
BK01113,Strategi Strategi Pemasaran,Kemba Yulianti,Bumi Aksara,2013,"Fakultas Sosial, Humaniora, & Seni",Administrasi Bisnis,Kewirausahaan & Pemasaran Bisnis,"Buku ini dirancang sebagai panduan untuk memahami perencanaan strategi pemasaran, pengembangan bisnis digital, serta membangun bisnis rintisan startup. Cocok digunakan sebagai referensi utama bagi mahasiswa dan praktisi.","pemasaran, bisnis digital, strategi pemasaran, kewirausahaan",Indonesia,Fisik,525,978-1-960335-82-1,2
BK01114,Dasar-Dasar Bisnis Digital,"Harjo Maryati, S.Farm, Wardaya Handayani",Erlangga,2022,"Fakultas Sosial, Humaniora, & Seni",Administrasi Bisnis,Kewirausahaan & Pemasaran Bisnis,"Buku ini memberikan pemahaman menyeluruh tentang perencanaan strategi pemasaran, strategi kewirausahaan dan inovasi bisnis, serta manajemen pemasaran produk dan jasa. Disusun dengan bahasa yang mudah dipahami untuk kalangan akademik.","kewirausahaan, pemasaran, bisnis digital, startup",Indonesia,E-book,211,978-0-692-49269-7,9999
BK01115,Membangun Bisnis Digital,"KH. Dalimin Maryadi, S.Farm, Nadia Prasasta",Kencana Prenada,2022,"Fakultas Sosial, Humaniora, & Seni",Administrasi Bisnis,Kewirausahaan & Pemasaran Bisnis,"Buku ini mengulas berbagai aspek penting dari strategi kewirausahaan dan inovasi bisnis, pengembangan bisnis digital, serta manajemen pemasaran produk dan jasa. Membantu pembaca membangun pemahaman konseptual maupun praktis.","pemasaran, kewirausahaan, strategi pemasaran, e-commerce",Inggris,Fisik,546,978-1-59980-111-7,1
BK01116,Manajemen Pemasaran: Konsep dan Aplikasi Edisi Terbaru,Adika Habibi,UI Press,2008,"Fakultas Sosial, Humaniora, & Seni",Administrasi Bisnis,Kewirausahaan & Pemasaran Bisnis,"Buku ini memberikan pemahaman menyeluruh tentang strategi kewirausahaan dan inovasi bisnis, pengembangan bisnis digital, serta perencanaan strategi pemasaran. Menjadi rujukan penting dalam perkuliahan dan penelitian terkait.","kewirausahaan, e-commerce, startup, pemasaran",Indonesia,Fisik,303,978-0-553-23415-2,6
BK01117,Dasar-Dasar Bisnis Startup,dr. Restu Hassanah,Gramedia Pustaka Utama,2020,"Fakultas Sosial, Humaniora, & Seni",Administrasi Bisnis,Kewirausahaan & Pemasaran Bisnis,"Buku ini membahas secara mendalam tentang perencanaan strategi pemasaran, membangun bisnis rintisan startup, serta pengembangan bisnis digital. Membantu pembaca membangun pemahaman konseptual maupun praktis.","e-commerce, bisnis digital, strategi pemasaran, manajemen pemasaran",Indonesia,E-book,361,978-1-244-18222-6,9999
BK01118,Kewirausahaan: Konsep dan Aplikasi Edisi Ke-2,Devi Nasyidah,Erlangga,2024,"Fakultas Sosial, Humaniora, & Seni",Administrasi Bisnis,Kewirausahaan & Pemasaran Bisnis,"Buku ini mengulas berbagai aspek penting dari pengembangan bisnis digital, membangun bisnis rintisan startup, serta manajemen pemasaran produk dan jasa. Dilengkapi dengan contoh kasus dan studi lapangan yang relevan.","startup, kewirausahaan, e-commerce, pemasaran",Inggris,Fisik,260,978-0-88743-127-2,5
BK01119,Membangun Strategi Pemasaran,Perkasa Gunarto,Informatika Bandung,2024,"Fakultas Sosial, Humaniora, & Seni",Administrasi Bisnis,Kewirausahaan & Pemasaran Bisnis,"Buku ini mengulas berbagai aspek penting dari manajemen pemasaran produk dan jasa, strategi kewirausahaan dan inovasi bisnis, serta membangun bisnis rintisan startup. Membantu pembaca membangun pemahaman konseptual maupun praktis.","manajemen pemasaran, kewirausahaan, bisnis digital, pemasaran",Inggris,Fisik,281,978-1-76720-957-8,6
BK01120,Pengantar Manajemen Pemasaran Edisi Revisi,Ir. Elvina Hassanah,Bumi Aksara,2017,"Fakultas Sosial, Humaniora, & Seni",Administrasi Bisnis,Kewirausahaan & Pemasaran Bisnis,"Buku ini mengulas berbagai aspek penting dari strategi kewirausahaan dan inovasi bisnis, pengembangan bisnis digital, serta manajemen pemasaran produk dan jasa. Menjadi rujukan penting dalam perkuliahan dan penelitian terkait.","pemasaran, startup, manajemen pemasaran, bisnis digital",Indonesia,E-book,522,978-1-955151-22-1,9999
BK01121,Strategi Bisnis Startup Edisi Terbaru,Tgk. Shania Wijaya,Graha Ilmu,2014,"Fakultas Sosial, Humaniora, & Seni",Administrasi Bisnis,Kewirausahaan & Pemasaran Bisnis,"Buku ini membahas secara mendalam tentang pengembangan bisnis digital, strategi kewirausahaan dan inovasi bisnis, serta manajemen pemasaran produk dan jasa. Dilengkapi dengan contoh kasus dan studi lapangan yang relevan.","kewirausahaan, pemasaran, strategi pemasaran, startup",Indonesia,Fisik,172,978-0-354-15970-8,2
BK01122,Dasar-Dasar Manajemen Pemasaran,Ir. Lidya Narpati,Kencana Prenada,2013,"Fakultas Sosial, Humaniora, & Seni",Administrasi Bisnis,Kewirausahaan & Pemasaran Bisnis,"Buku ini menyajikan kajian komprehensif mengenai manajemen pemasaran produk dan jasa, perencanaan strategi pemasaran, serta membangun bisnis rintisan startup. Menjadi rujukan penting dalam perkuliahan dan penelitian terkait.","kewirausahaan, e-commerce, bisnis digital, pemasaran",Indonesia,E-book,284,978-1-384-80752-2,9999
BK01123,Membangun Bisnis Digital Edisi Ke-3,"Martaka Permadi, Ina Saptono, M.M.",UI Press,2020,"Fakultas Sosial, Humaniora, & Seni",Administrasi Bisnis,Kewirausahaan & Pemasaran Bisnis,"Buku ini dirancang sebagai panduan untuk memahami strategi kewirausahaan dan inovasi bisnis, perencanaan strategi pemasaran, serta membangun bisnis rintisan startup. Disusun dengan bahasa yang mudah dipahami untuk kalangan akademik.","e-commerce, manajemen pemasaran, pemasaran, startup",Indonesia,Fisik,154,978-1-04-715802-2,0
BK01124,Dasar-Dasar Bisnis Startup,"Ir. Ajeng Pertiwi, S.Ked, Kezia Pangestu",UI Press,2012,"Fakultas Sosial, Humaniora, & Seni",Administrasi Bisnis,Kewirausahaan & Pemasaran Bisnis,"Buku ini mengulas berbagai aspek penting dari perencanaan strategi pemasaran, membangun bisnis rintisan startup, serta manajemen pemasaran produk dan jasa. Menjadi rujukan penting dalam perkuliahan dan penelitian terkait.","manajemen pemasaran, strategi pemasaran, kewirausahaan, e-commerce",Indonesia,Fisik,515,978-1-60465-586-5,2
BK01125,Bisnis Startup: Konsep dan Aplikasi,Titin Siregar,Alfabeta,2011,"Fakultas Sosial, Humaniora, & Seni",Administrasi Bisnis,Kewirausahaan & Pemasaran Bisnis,"Buku ini dirancang sebagai panduan untuk memahami pengembangan bisnis digital, membangun bisnis rintisan startup, serta perencanaan strategi pemasaran. Menjadi rujukan penting dalam perkuliahan dan penelitian terkait.","manajemen pemasaran, kewirausahaan, bisnis digital, startup",Indonesia,E-book,224,978-1-4837-4417-9,9999
BK01126,Strategi Manajemen Pemasaran,"Bakiadi Widiastuti, S.Psi",Deepublish,2021,"Fakultas Sosial, Humaniora, & Seni",Administrasi Bisnis,Kewirausahaan & Pemasaran Bisnis,"Buku ini menyajikan kajian komprehensif mengenai perencanaan strategi pemasaran, strategi kewirausahaan dan inovasi bisnis, serta membangun bisnis rintisan startup. Dilengkapi dengan contoh kasus dan studi lapangan yang relevan.","pemasaran, e-commerce, kewirausahaan, startup",Inggris,Fisik,382,978-0-213-12512-7,7
BK01127,Membangun Kewirausahaan,"R.A. Victoria Irawan, Puti Ajeng Budiman, S.Psi",Deepublish,2015,"Fakultas Sosial, Humaniora, & Seni",Administrasi Bisnis,Kewirausahaan & Pemasaran Bisnis,"Buku ini mengulas berbagai aspek penting dari pengembangan bisnis digital, perencanaan strategi pemasaran, serta strategi kewirausahaan dan inovasi bisnis. Cocok digunakan sebagai referensi utama bagi mahasiswa dan praktisi.","strategi pemasaran, bisnis digital, pemasaran, kewirausahaan",Indonesia,Fisik,474,978-0-9751910-2-6,4
BK01128,Strategi Manajemen Pemasaran,Vega Hutapea,Bumi Aksara,2011,"Fakultas Sosial, Humaniora, & Seni",Administrasi Bisnis,Kewirausahaan & Pemasaran Bisnis,"Buku ini memberikan pemahaman menyeluruh tentang membangun bisnis rintisan startup, strategi kewirausahaan dan inovasi bisnis, serta manajemen pemasaran produk dan jasa. Menjadi rujukan penting dalam perkuliahan dan penelitian terkait.","bisnis digital, strategi pemasaran, kewirausahaan, startup",Indonesia,Fisik,374,978-0-10-633016-4,1
BK01129,Strategi Pemasaran: Konsep dan Aplikasi,Sari Nuraini,Alfabeta,2024,"Fakultas Sosial, Humaniora, & Seni",Administrasi Bisnis,Kewirausahaan & Pemasaran Bisnis,"Buku ini menyajikan kajian komprehensif mengenai manajemen pemasaran produk dan jasa, membangun bisnis rintisan startup, serta perencanaan strategi pemasaran. Membantu pembaca membangun pemahaman konseptual maupun praktis.","bisnis digital, strategi pemasaran, kewirausahaan, manajemen pemasaran",Inggris,E-book,526,978-1-379-27490-2,9999
BK01130,Strategi Bisnis Digital Edisi Revisi,Fitria Mayasari,Graha Ilmu,2012,"Fakultas Sosial, Humaniora, & Seni",Administrasi Bisnis,Kewirausahaan & Pemasaran Bisnis,"Buku ini membahas secara mendalam tentang perencanaan strategi pemasaran, manajemen pemasaran produk dan jasa, serta pengembangan bisnis digital. Membantu pembaca membangun pemahaman konseptual maupun praktis.","kewirausahaan, e-commerce, strategi pemasaran, manajemen pemasaran",Indonesia,Fisik,480,978-0-234-28931-0,1
BK01131,Membangun Bisnis Digital,"Vanya Hutagalung, S.Kom, Samsul Sinaga",UI Press,2010,"Fakultas Sosial, Humaniora, & Seni",Administrasi Bisnis,Kewirausahaan & Pemasaran Bisnis,"Buku ini mengulas berbagai aspek penting dari membangun bisnis rintisan startup, perencanaan strategi pemasaran, serta pengembangan bisnis digital. Menjadi rujukan penting dalam perkuliahan dan penelitian terkait.","manajemen pemasaran, bisnis digital, e-commerce, strategi pemasaran",Inggris,Fisik,445,978-0-694-96843-5,5
BK01132,Membangun Kewirausahaan,"Hafshah Situmorang, Halima Nuraini, S.Ked",Elex Media Komputindo,2022,"Fakultas Sosial, Humaniora, & Seni",Administrasi Bisnis,Kewirausahaan & Pemasaran Bisnis,"Buku ini mengulas berbagai aspek penting dari membangun bisnis rintisan startup, strategi kewirausahaan dan inovasi bisnis, serta perencanaan strategi pemasaran. Membantu pembaca membangun pemahaman konseptual maupun praktis.","pemasaran, kewirausahaan, bisnis digital, strategi pemasaran",Inggris,Fisik,356,978-1-210-17509-2,0
BK01133,Membangun Bisnis Startup,"dr. Bahuwirya Wulandari, M.M.",Rajawali Pers,2021,"Fakultas Sosial, Humaniora, & Seni",Administrasi Bisnis,Kewirausahaan & Pemasaran Bisnis,"Buku ini dirancang sebagai panduan untuk memahami perencanaan strategi pemasaran, membangun bisnis rintisan startup, serta strategi kewirausahaan dan inovasi bisnis. Menjadi rujukan penting dalam perkuliahan dan penelitian terkait.","manajemen pemasaran, kewirausahaan, e-commerce, pemasaran",Indonesia,Fisik,491,978-0-595-91945-1,3
BK01134,Pengantar Bisnis Startup,Kani Kuswandari,Alfabeta,2007,"Fakultas Sosial, Humaniora, & Seni",Administrasi Bisnis,Kewirausahaan & Pemasaran Bisnis,"Buku ini memberikan pemahaman menyeluruh tentang membangun bisnis rintisan startup, manajemen pemasaran produk dan jasa, serta pengembangan bisnis digital. Membantu pembaca membangun pemahaman konseptual maupun praktis.","e-commerce, strategi pemasaran, kewirausahaan, startup",Indonesia,E-book,125,978-1-4758-3392-8,9999
BK01135,Membangun Bisnis Startup,"Muhammad Thamrin, Nadia Hariyah",Elex Media Komputindo,2018,"Fakultas Sosial, Humaniora, & Seni",Administrasi Bisnis,Kewirausahaan & Pemasaran Bisnis,"Buku ini dirancang sebagai panduan untuk memahami pengembangan bisnis digital, membangun bisnis rintisan startup, serta strategi kewirausahaan dan inovasi bisnis. Menjadi rujukan penting dalam perkuliahan dan penelitian terkait.","kewirausahaan, bisnis digital, startup, e-commerce",Indonesia,Fisik,165,978-1-77722-660-2,5
BK01136,Kewirausahaan: Konsep dan Aplikasi,"R. Winda Simanjuntak, S.Sos",Gramedia Pustaka Utama,2007,"Fakultas Sosial, Humaniora, & Seni",Administrasi Bisnis,Kewirausahaan & Pemasaran Bisnis,"Buku ini menyajikan kajian komprehensif mengenai strategi kewirausahaan dan inovasi bisnis, membangun bisnis rintisan startup, serta pengembangan bisnis digital. Membantu pembaca membangun pemahaman konseptual maupun praktis.","pemasaran, e-commerce, bisnis digital, kewirausahaan",Indonesia,E-book,184,978-1-5062-2923-2,9999
BK01137,Strategi Manajemen Pemasaran,Agus Wijaya,Rajawali Pers,2022,"Fakultas Sosial, Humaniora, & Seni",Administrasi Bisnis,Kewirausahaan & Pemasaran Bisnis,"Buku ini dirancang sebagai panduan untuk memahami membangun bisnis rintisan startup, strategi kewirausahaan dan inovasi bisnis, serta pengembangan bisnis digital. Disusun dengan bahasa yang mudah dipahami untuk kalangan akademik.","kewirausahaan, pemasaran, bisnis digital, e-commerce",Indonesia,Fisik,265,978-0-453-07624-1,5
BK01138,Pengantar Bisnis Digital Edisi Terbaru,"Drs. Indah Pradana, S.Kom, Rachel Mandasari",Elex Media Komputindo,2007,"Fakultas Sosial, Humaniora, & Seni",Administrasi Bisnis,Kewirausahaan & Pemasaran Bisnis,"Buku ini menyajikan kajian komprehensif mengenai manajemen pemasaran produk dan jasa, perencanaan strategi pemasaran, serta membangun bisnis rintisan startup. Menjadi rujukan penting dalam perkuliahan dan penelitian terkait.","kewirausahaan, manajemen pemasaran, strategi pemasaran, bisnis digital",Indonesia,E-book,488,978-1-270-51157-1,9999
BK01139,Membangun Manajemen Pemasaran Edisi Ke-2,Tgk. Dinda Prakasa,Nuha Medika,2014,"Fakultas Sosial, Humaniora, & Seni",Administrasi Bisnis,Kewirausahaan & Pemasaran Bisnis,"Buku ini membahas secara mendalam tentang membangun bisnis rintisan startup, pengembangan bisnis digital, serta manajemen pemasaran produk dan jasa. Disusun dengan bahasa yang mudah dipahami untuk kalangan akademik.","kewirausahaan, startup, e-commerce, manajemen pemasaran",Indonesia,Fisik,453,978-0-670-42549-5,5
BK01140,Manajemen Pemasaran: Konsep dan Aplikasi,Rahmi Maheswara,Salemba Empat,2006,"Fakultas Sosial, Humaniora, & Seni",Administrasi Bisnis,Kewirausahaan & Pemasaran Bisnis,"Buku ini memberikan pemahaman menyeluruh tentang perencanaan strategi pemasaran, pengembangan bisnis digital, serta strategi kewirausahaan dan inovasi bisnis. Membantu pembaca membangun pemahaman konseptual maupun praktis.","manajemen pemasaran, e-commerce, kewirausahaan, strategi pemasaran",Indonesia,Fisik,368,978-1-55259-710-1,2
BK01141,Dasar-Dasar Manajemen Pemasaran,Kartika Agustina,Andi Publisher,2021,"Fakultas Sosial, Humaniora, & Seni",Administrasi Bisnis,Kewirausahaan & Pemasaran Bisnis,"Buku ini mengulas berbagai aspek penting dari strategi kewirausahaan dan inovasi bisnis, pengembangan bisnis digital, serta membangun bisnis rintisan startup. Dilengkapi dengan contoh kasus dan studi lapangan yang relevan.","e-commerce, startup, bisnis digital, strategi pemasaran",Inggris,Fisik,251,978-0-535-74859-2,1
BK01142,Dasar-Dasar Kewirausahaan,"Tgk. Nalar Nababan, S.E.I",Rajawali Pers,2016,"Fakultas Sosial, Humaniora, & Seni",Administrasi Bisnis,Kewirausahaan & Pemasaran Bisnis,"Buku ini mengulas berbagai aspek penting dari pengembangan bisnis digital, membangun bisnis rintisan startup, serta manajemen pemasaran produk dan jasa. Cocok digunakan sebagai referensi utama bagi mahasiswa dan praktisi.","startup, bisnis digital, manajemen pemasaran, pemasaran",Indonesia,Fisik,462,978-0-9933797-0-3,8
BK01143,Pengantar Strategi Pemasaran,"Oni Kuswoyo, Umi Maulana",Alfabeta,2013,"Fakultas Sosial, Humaniora, & Seni",Administrasi Bisnis,Kewirausahaan & Pemasaran Bisnis,"Buku ini membahas secara mendalam tentang perencanaan strategi pemasaran, manajemen pemasaran produk dan jasa, serta pengembangan bisnis digital. Disusun dengan bahasa yang mudah dipahami untuk kalangan akademik.","pemasaran, bisnis digital, startup, e-commerce",Inggris,Fisik,390,978-0-87794-176-7,3
BK01144,Pengantar Kewirausahaan,"Sutan Prima Saefullah, S.E.I",Alfabeta,2021,"Fakultas Sosial, Humaniora, & Seni",Administrasi Bisnis,Kewirausahaan & Pemasaran Bisnis,"Buku ini menyajikan kajian komprehensif mengenai pengembangan bisnis digital, strategi kewirausahaan dan inovasi bisnis, serta membangun bisnis rintisan startup. Dilengkapi dengan contoh kasus dan studi lapangan yang relevan.","kewirausahaan, bisnis digital, startup, strategi pemasaran",Inggris,Fisik,283,978-0-7330-5597-3,5
BK01145,Pengantar Bisnis Digital,R.M. Purwanto Saputra,Rajawali Pers,2022,"Fakultas Sosial, Humaniora, & Seni",Administrasi Bisnis,Kewirausahaan & Pemasaran Bisnis,"Buku ini memberikan pemahaman menyeluruh tentang pengembangan bisnis digital, manajemen pemasaran produk dan jasa, serta strategi kewirausahaan dan inovasi bisnis. Membantu pembaca membangun pemahaman konseptual maupun praktis.","pemasaran, bisnis digital, kewirausahaan, startup",Indonesia,Fisik,549,978-1-59833-991-8,4
BK01146,Pengantar Bisnis Digital,Uchita Halim,Kencana Prenada,2012,"Fakultas Sosial, Humaniora, & Seni",Administrasi Bisnis,Kewirausahaan & Pemasaran Bisnis,"Buku ini mengulas berbagai aspek penting dari manajemen pemasaran produk dan jasa, perencanaan strategi pemasaran, serta membangun bisnis rintisan startup. Membantu pembaca membangun pemahaman konseptual maupun praktis.","e-commerce, strategi pemasaran, kewirausahaan, bisnis digital",Indonesia,Fisik,265,978-1-366-04432-7,7
BK01147,Dasar-Dasar Bisnis Digital Edisi Revisi,Aisyah Dabukke,PT Grasindo,2009,"Fakultas Sosial, Humaniora, & Seni",Administrasi Bisnis,Kewirausahaan & Pemasaran Bisnis,"Buku ini menyajikan kajian komprehensif mengenai membangun bisnis rintisan startup, perencanaan strategi pemasaran, serta strategi kewirausahaan dan inovasi bisnis. Membantu pembaca membangun pemahaman konseptual maupun praktis.","strategi pemasaran, kewirausahaan, manajemen pemasaran, pemasaran",Indonesia,Fisik,255,978-0-572-76829-4,2
BK01148,Strategi Kewirausahaan,"Vanya Sihotang, Waluyo Saefullah",Alfabeta,2013,"Fakultas Sosial, Humaniora, & Seni",Administrasi Bisnis,Kewirausahaan & Pemasaran Bisnis,"Buku ini menyajikan kajian komprehensif mengenai pengembangan bisnis digital, perencanaan strategi pemasaran, serta manajemen pemasaran produk dan jasa. Cocok digunakan sebagai referensi utama bagi mahasiswa dan praktisi.","e-commerce, pemasaran, kewirausahaan, strategi pemasaran",Indonesia,Fisik,148,978-1-397-42925-4,7
BK01149,Dasar-Dasar Bisnis Startup Edisi Ke-3,Bancar Habibi,Salemba Empat,2008,"Fakultas Sosial, Humaniora, & Seni",Administrasi Bisnis,Kewirausahaan & Pemasaran Bisnis,"Buku ini dirancang sebagai panduan untuk memahami strategi kewirausahaan dan inovasi bisnis, perencanaan strategi pemasaran, serta pengembangan bisnis digital. Disusun dengan bahasa yang mudah dipahami untuk kalangan akademik.","e-commerce, pemasaran, strategi pemasaran, kewirausahaan",Indonesia,Fisik,398,978-1-5256-8065-6,7
BK01150,Membangun Bisnis Startup,Elma Simbolon,Salemba Empat,2014,"Fakultas Sosial, Humaniora, & Seni",Administrasi Bisnis,Kewirausahaan & Pemasaran Bisnis,"Buku ini membahas secara mendalam tentang manajemen pemasaran produk dan jasa, membangun bisnis rintisan startup, serta perencanaan strategi pemasaran. Menjadi rujukan penting dalam perkuliahan dan penelitian terkait.","manajemen pemasaran, strategi pemasaran, bisnis digital, pemasaran",Indonesia,Fisik,127,978-1-59908-027-7,4
BK01151,Pengantar Strategi Pemasaran Edisi Revisi,"Wira Hidayat, Cakrawangsa Jailani",Salemba Empat,2005,"Fakultas Sosial, Humaniora, & Seni",Administrasi Bisnis,Kewirausahaan & Pemasaran Bisnis,"Buku ini membahas secara mendalam tentang strategi kewirausahaan dan inovasi bisnis, perencanaan strategi pemasaran, serta membangun bisnis rintisan startup. Menjadi rujukan penting dalam perkuliahan dan penelitian terkait.","manajemen pemasaran, bisnis digital, strategi pemasaran, startup",Inggris,Fisik,475,978-0-15-551651-9,2
BK01152,Pengantar Kewirausahaan Edisi Ke-3,Lalita Palastri,Gramedia Pustaka Utama,2023,"Fakultas Sosial, Humaniora, & Seni",Administrasi Bisnis,Kewirausahaan & Pemasaran Bisnis,"Buku ini memberikan pemahaman menyeluruh tentang strategi kewirausahaan dan inovasi bisnis, pengembangan bisnis digital, serta membangun bisnis rintisan startup. Membantu pembaca membangun pemahaman konseptual maupun praktis.","pemasaran, bisnis digital, startup, e-commerce",Indonesia,Fisik,358,978-1-62813-721-7,7
BK01153,Dasar-Dasar Kewirausahaan Edisi Ke-2,"T. Darsirah Permadi, S.Gz, Mahmud Puspita, S.Ked",Erlangga,2011,"Fakultas Sosial, Humaniora, & Seni",Administrasi Bisnis,Kewirausahaan & Pemasaran Bisnis,"Buku ini memberikan pemahaman menyeluruh tentang perencanaan strategi pemasaran, manajemen pemasaran produk dan jasa, serta pengembangan bisnis digital. Cocok digunakan sebagai referensi utama bagi mahasiswa dan praktisi.","e-commerce, strategi pemasaran, kewirausahaan, startup",Inggris,Fisik,202,978-0-7003-3228-1,1
BK01154,Pengantar Bisnis Startup,Janet Wibisono,Alfabeta,2005,"Fakultas Sosial, Humaniora, & Seni",Administrasi Bisnis,Kewirausahaan & Pemasaran Bisnis,"Buku ini menyajikan kajian komprehensif mengenai perencanaan strategi pemasaran, membangun bisnis rintisan startup, serta strategi kewirausahaan dan inovasi bisnis. Cocok digunakan sebagai referensi utama bagi mahasiswa dan praktisi.","startup, strategi pemasaran, bisnis digital, kewirausahaan",Indonesia,E-book,516,978-0-8470-6810-4,9999
BK01155,Kewirausahaan: Konsep dan Aplikasi,"Lanjar Firgantoro, Dartono Padmasari",Erlangga,2018,"Fakultas Sosial, Humaniora, & Seni",Administrasi Bisnis,Kewirausahaan & Pemasaran Bisnis,"Buku ini mengulas berbagai aspek penting dari strategi kewirausahaan dan inovasi bisnis, perencanaan strategi pemasaran, serta manajemen pemasaran produk dan jasa. Dilengkapi dengan contoh kasus dan studi lapangan yang relevan.","pemasaran, strategi pemasaran, kewirausahaan, bisnis digital",Indonesia,Fisik,508,978-0-519-58263-1,4
BK01156,Pengantar Manajemen Pemasaran,"Kawaca Ardianto, Panca Oktaviani, S.Pd",Gramedia Pustaka Utama,2009,"Fakultas Sosial, Humaniora, & Seni",Administrasi Bisnis,Kewirausahaan & Pemasaran Bisnis,"Buku ini mengulas berbagai aspek penting dari manajemen pemasaran produk dan jasa, membangun bisnis rintisan startup, serta pengembangan bisnis digital. Cocok digunakan sebagai referensi utama bagi mahasiswa dan praktisi.","bisnis digital, kewirausahaan, pemasaran, manajemen pemasaran",Indonesia,Fisik,499,978-1-86239-453-7,7
BK01157,Pengantar Strategi Pemasaran,"Hana Wijaya, Martana Suwarno",Nuha Medika,2007,"Fakultas Sosial, Humaniora, & Seni",Administrasi Bisnis,Kewirausahaan & Pemasaran Bisnis,"Buku ini memberikan pemahaman menyeluruh tentang strategi kewirausahaan dan inovasi bisnis, manajemen pemasaran produk dan jasa, serta membangun bisnis rintisan startup. Menjadi rujukan penting dalam perkuliahan dan penelitian terkait.","pemasaran, bisnis digital, manajemen pemasaran, strategi pemasaran",Indonesia,E-book,405,978-0-7986-3210-2,9999
BK01158,Pengantar Bisnis Digital,Wani Kurniawan,Rajawali Pers,2008,"Fakultas Sosial, Humaniora, & Seni",Administrasi Bisnis,Kewirausahaan & Pemasaran Bisnis,"Buku ini menyajikan kajian komprehensif mengenai strategi kewirausahaan dan inovasi bisnis, perencanaan strategi pemasaran, serta membangun bisnis rintisan startup. Cocok digunakan sebagai referensi utama bagi mahasiswa dan praktisi.","manajemen pemasaran, strategi pemasaran, startup, e-commerce",Indonesia,E-book,417,978-0-943945-70-5,9999
BK01159,Pengantar Strategi Pemasaran,"Luis Pradana, M.Farm",Salemba Empat,2018,"Fakultas Sosial, Humaniora, & Seni",Administrasi Bisnis,Kewirausahaan & Pemasaran Bisnis,"Buku ini memberikan pemahaman menyeluruh tentang pengembangan bisnis digital, perencanaan strategi pemasaran, serta membangun bisnis rintisan startup. Membantu pembaca membangun pemahaman konseptual maupun praktis.","e-commerce, startup, manajemen pemasaran, bisnis digital",Indonesia,Fisik,314,978-0-8040-3253-7,0
BK01160,Membangun Bisnis Startup,Tantri Wibisono,Pustaka Pelajar,2006,"Fakultas Sosial, Humaniora, & Seni",Administrasi Bisnis,Kewirausahaan & Pemasaran Bisnis,"Buku ini membahas secara mendalam tentang membangun bisnis rintisan startup, strategi kewirausahaan dan inovasi bisnis, serta pengembangan bisnis digital. Membantu pembaca membangun pemahaman konseptual maupun praktis.","kewirausahaan, strategi pemasaran, pemasaran, bisnis digital",Indonesia,E-book,410,978-1-69277-894-1,9999
BK01161,Dasar-Dasar Strategi Pemasaran,"Ir. Sabri Prayoga, S.Pt, Puti Ade Dabukke",Alfabeta,2013,"Fakultas Sosial, Humaniora, & Seni",Administrasi Bisnis,Kewirausahaan & Pemasaran Bisnis,"Buku ini mengulas berbagai aspek penting dari perencanaan strategi pemasaran, manajemen pemasaran produk dan jasa, serta strategi kewirausahaan dan inovasi bisnis. Dilengkapi dengan contoh kasus dan studi lapangan yang relevan.","strategi pemasaran, startup, e-commerce, pemasaran",Inggris,Fisik,349,978-0-404-76921-5,0
BK01162,Dasar-Dasar Manajemen Pemasaran,Gading Pratama,Pustaka Pelajar,2011,"Fakultas Sosial, Humaniora, & Seni",Administrasi Bisnis,Kewirausahaan & Pemasaran Bisnis,"Buku ini membahas secara mendalam tentang manajemen pemasaran produk dan jasa, strategi kewirausahaan dan inovasi bisnis, serta perencanaan strategi pemasaran. Dilengkapi dengan contoh kasus dan studi lapangan yang relevan.","manajemen pemasaran, e-commerce, bisnis digital, pemasaran",Indonesia,Fisik,303,978-1-5146-0401-4,5
BK01163,Pengantar Manajemen Pemasaran Edisi Revisi,"Dinda Saptono, Wirda Putra",Gramedia Pustaka Utama,2024,"Fakultas Sosial, Humaniora, & Seni",Administrasi Bisnis,Kewirausahaan & Pemasaran Bisnis,"Buku ini dirancang sebagai panduan untuk memahami perencanaan strategi pemasaran, membangun bisnis rintisan startup, serta strategi kewirausahaan dan inovasi bisnis. Cocok digunakan sebagai referensi utama bagi mahasiswa dan praktisi.","strategi pemasaran, bisnis digital, pemasaran, manajemen pemasaran",Indonesia,E-book,386,978-0-7201-1379-2,9999
BK01164,Dasar-Dasar Bisnis Digital Edisi Revisi,"Puti Saputra, S.T., Nardi Pratiwi",Nuha Medika,2019,"Fakultas Sosial, Humaniora, & Seni",Administrasi Bisnis,Kewirausahaan & Pemasaran Bisnis,"Buku ini memberikan pemahaman menyeluruh tentang manajemen pemasaran produk dan jasa, membangun bisnis rintisan startup, serta pengembangan bisnis digital. Dilengkapi dengan contoh kasus dan studi lapangan yang relevan.","e-commerce, kewirausahaan, bisnis digital, pemasaran",Indonesia,Fisik,124,978-0-231-66007-5,8
BK01165,Strategi Bisnis Startup,Yance Hastuti,Alfabeta,2005,"Fakultas Sosial, Humaniora, & Seni",Administrasi Bisnis,Kewirausahaan & Pemasaran Bisnis,"Buku ini membahas secara mendalam tentang pengembangan bisnis digital, perencanaan strategi pemasaran, serta strategi kewirausahaan dan inovasi bisnis. Cocok digunakan sebagai referensi utama bagi mahasiswa dan praktisi.","e-commerce, strategi pemasaran, bisnis digital, startup",Indonesia,Fisik,342,978-0-09-014473-0,1
BK01166,Pengantar Strategi Pemasaran Edisi Revisi,"T. Ajiono Winarsih, S.T.",Salemba Empat,2014,"Fakultas Sosial, Humaniora, & Seni",Administrasi Bisnis,Kewirausahaan & Pemasaran Bisnis,"Buku ini menyajikan kajian komprehensif mengenai pengembangan bisnis digital, membangun bisnis rintisan startup, serta perencanaan strategi pemasaran. Membantu pembaca membangun pemahaman konseptual maupun praktis.","kewirausahaan, manajemen pemasaran, e-commerce, startup",Indonesia,Fisik,445,978-0-7009-6873-2,4
BK01167,Dasar-Dasar Bisnis Digital Edisi Ke-2,"Zizi Hardiansyah, S.Pd, Clara Rahimah",Informatika Bandung,2017,"Fakultas Sosial, Humaniora, & Seni",Administrasi Bisnis,Kewirausahaan & Pemasaran Bisnis,"Buku ini dirancang sebagai panduan untuk memahami perencanaan strategi pemasaran, pengembangan bisnis digital, serta manajemen pemasaran produk dan jasa. Disusun dengan bahasa yang mudah dipahami untuk kalangan akademik.","bisnis digital, kewirausahaan, e-commerce, manajemen pemasaran",Inggris,Fisik,486,978-1-78255-882-8,0
BK01168,Dasar-Dasar Bisnis Startup Edisi Revisi,Unjani Uyainah,Gramedia Pustaka Utama,2014,"Fakultas Sosial, Humaniora, & Seni",Administrasi Bisnis,Kewirausahaan & Pemasaran Bisnis,"Buku ini memberikan pemahaman menyeluruh tentang manajemen pemasaran produk dan jasa, membangun bisnis rintisan startup, serta pengembangan bisnis digital. Membantu pembaca membangun pemahaman konseptual maupun praktis.","startup, strategi pemasaran, kewirausahaan, pemasaran",Indonesia,Fisik,192,978-1-296-57542-7,0
BK01169,Membangun Kewirausahaan,"Hj. Umi Lailasari, M.Pd",Nuha Medika,2016,"Fakultas Sosial, Humaniora, & Seni",Administrasi Bisnis,Kewirausahaan & Pemasaran Bisnis,"Buku ini menyajikan kajian komprehensif mengenai manajemen pemasaran produk dan jasa, perencanaan strategi pemasaran, serta membangun bisnis rintisan startup. Dilengkapi dengan contoh kasus dan studi lapangan yang relevan.","pemasaran, bisnis digital, e-commerce, manajemen pemasaran",Indonesia,Fisik,270,978-1-61942-557-6,1
BK01170,Konsep Psikologi Klinis Modern,Umi Namaga,PT Grasindo,2014,"Fakultas Sosial, Humaniora, & Seni",Psikologi,Psikologi Umum & Klinis,"Buku ini dirancang sebagai panduan untuk memahami gangguan psikologis dan penanganannya, perkembangan kepribadian individu, serta intervensi psikoterapi klinis. Cocok digunakan sebagai referensi utama bagi mahasiswa dan praktisi.","psikoterapi, psikologi, perkembangan manusia, kepribadian",Indonesia,Fisik,151,978-0-582-95829-6,7
BK01171,Dasar-Dasar Psikologi Umum,Rahman Putra,Deepublish,2007,"Fakultas Sosial, Humaniora, & Seni",Psikologi,Psikologi Umum & Klinis,"Buku ini membahas secara mendalam tentang intervensi psikoterapi klinis, gangguan psikologis dan penanganannya, serta dinamika interaksi sosial manusia. Cocok digunakan sebagai referensi utama bagi mahasiswa dan praktisi.","psikologi, psikologi sosial, psikologi klinis, psikoterapi",Indonesia,Fisik,410,978-0-618-80819-9,6
BK01172,Psikologi Umum: Teori dan Aplikasi Edisi Ke-3,Dodo Pudjiastuti,PT Grasindo,2014,"Fakultas Sosial, Humaniora, & Seni",Psikologi,Psikologi Umum & Klinis,"Buku ini menyajikan kajian komprehensif mengenai dinamika interaksi sosial manusia, intervensi psikoterapi klinis, serta gangguan psikologis dan penanganannya. Disusun dengan bahasa yang mudah dipahami untuk kalangan akademik.","kepribadian, kesehatan mental, psikologi, perkembangan manusia",Indonesia,Fisik,455,978-0-571-55868-1,2
BK01173,Memahami Psikologi Kepribadian,"Reza Wijaya, S.H.",Pustaka Pelajar,2016,"Fakultas Sosial, Humaniora, & Seni",Psikologi,Psikologi Umum & Klinis,"Buku ini menyajikan kajian komprehensif mengenai intervensi psikoterapi klinis, perilaku dan proses mental manusia, serta gangguan psikologis dan penanganannya. Cocok digunakan sebagai referensi utama bagi mahasiswa dan praktisi.","kesehatan mental, perkembangan manusia, psikologi, psikoterapi",Indonesia,E-book,278,978-1-137-23081-2,9999
BK01174,Dasar-Dasar Psikologi Perkembangan Edisi Terbaru,"Dinda Hidayanto, Ina Permadi, S.Sos",PT Grasindo,2010,"Fakultas Sosial, Humaniora, & Seni",Psikologi,Psikologi Umum & Klinis,"Buku ini menyajikan kajian komprehensif mengenai perkembangan kepribadian individu, perilaku dan proses mental manusia, serta intervensi psikoterapi klinis. Menjadi rujukan penting dalam perkuliahan dan penelitian terkait.","perkembangan manusia, psikoterapi, psikologi klinis, kepribadian",Inggris,Fisik,380,978-0-8130-0041-1,6
BK01175,Memahami Psikologi Perkembangan,Cengkir Zulaika,Alfabeta,2021,"Fakultas Sosial, Humaniora, & Seni",Psikologi,Psikologi Umum & Klinis,"Buku ini dirancang sebagai panduan untuk memahami intervensi psikoterapi klinis, dinamika interaksi sosial manusia, serta gangguan psikologis dan penanganannya. Menjadi rujukan penting dalam perkuliahan dan penelitian terkait.","psikologi klinis, psikologi sosial, kesehatan mental, psikologi",Indonesia,Fisik,359,978-0-471-65609-8,1
BK01176,Konsep Psikologi Umum Modern,Jasmin Wibisono,Graha Ilmu,2012,"Fakultas Sosial, Humaniora, & Seni",Psikologi,Psikologi Umum & Klinis,"Buku ini menyajikan kajian komprehensif mengenai intervensi psikoterapi klinis, dinamika interaksi sosial manusia, serta gangguan psikologis dan penanganannya. Dilengkapi dengan contoh kasus dan studi lapangan yang relevan.","psikologi, perkembangan manusia, psikologi sosial, kesehatan mental",Indonesia,Fisik,277,978-0-469-97990-1,0
BK01177,Memahami Psikologi Abnormal,"Joko Firmansyah, M.Kom.",Alfabeta,2016,"Fakultas Sosial, Humaniora, & Seni",Psikologi,Psikologi Umum & Klinis,"Buku ini mengulas berbagai aspek penting dari dinamika interaksi sosial manusia, perkembangan kepribadian individu, serta intervensi psikoterapi klinis. Dilengkapi dengan contoh kasus dan studi lapangan yang relevan.","psikologi, psikologi klinis, psikologi sosial, kesehatan mental",Indonesia,Fisik,324,978-1-04-768169-8,4
BK01178,Pengantar Psikologi Umum Edisi Terbaru,dr. Silvia Lestari,Kencana Prenada,2014,"Fakultas Sosial, Humaniora, & Seni",Psikologi,Psikologi Umum & Klinis,"Buku ini memberikan pemahaman menyeluruh tentang dinamika interaksi sosial manusia, gangguan psikologis dan penanganannya, serta perilaku dan proses mental manusia. Dilengkapi dengan contoh kasus dan studi lapangan yang relevan.","psikoterapi, psikologi sosial, psikologi, psikologi klinis",Indonesia,E-book,420,978-1-07-174811-4,9999
BK01179,Konsep Psikologi Sosial Modern,Nyoman Usamah,UI Press,2005,"Fakultas Sosial, Humaniora, & Seni",Psikologi,Psikologi Umum & Klinis,"Buku ini memberikan pemahaman menyeluruh tentang intervensi psikoterapi klinis, perilaku dan proses mental manusia, serta gangguan psikologis dan penanganannya. Disusun dengan bahasa yang mudah dipahami untuk kalangan akademik.","psikoterapi, psikologi sosial, kesehatan mental, perkembangan manusia",Indonesia,Fisik,142,978-1-65397-054-4,2
BK01180,Dasar-Dasar Psikologi Perkembangan,KH. Niyaga Hartati,Informatika Bandung,2014,"Fakultas Sosial, Humaniora, & Seni",Psikologi,Psikologi Umum & Klinis,"Buku ini memberikan pemahaman menyeluruh tentang perilaku dan proses mental manusia, intervensi psikoterapi klinis, serta perkembangan kepribadian individu. Cocok digunakan sebagai referensi utama bagi mahasiswa dan praktisi.","kesehatan mental, psikologi, psikologi klinis, psikoterapi",Indonesia,Fisik,374,978-1-102-90871-5,2
BK01181,Konsep Psikologi Kepribadian Modern Edisi Revisi,"R.M. Jaiman Saefullah, Padmi Wibisono, M.Pd",Erlangga,2024,"Fakultas Sosial, Humaniora, & Seni",Psikologi,Psikologi Umum & Klinis,"Buku ini dirancang sebagai panduan untuk memahami intervensi psikoterapi klinis, dinamika interaksi sosial manusia, serta perkembangan kepribadian individu. Membantu pembaca membangun pemahaman konseptual maupun praktis.","psikologi, kepribadian, psikologi klinis, psikologi sosial",Indonesia,Fisik,533,978-1-918727-42-5,4
BK01182,Pengantar Psikologi Klinis,Elvin Rahimah,Erlangga,2018,"Fakultas Sosial, Humaniora, & Seni",Psikologi,Psikologi Umum & Klinis,"Buku ini memberikan pemahaman menyeluruh tentang dinamika interaksi sosial manusia, perilaku dan proses mental manusia, serta perkembangan kepribadian individu. Membantu pembaca membangun pemahaman konseptual maupun praktis.","psikologi sosial, psikologi, psikologi klinis, kepribadian",Indonesia,E-book,507,978-1-121-37730-1,9999
BK01183,Dasar-Dasar Psikologi Perkembangan,Vicky Yolanda,UI Press,2015,"Fakultas Sosial, Humaniora, & Seni",Psikologi,Psikologi Umum & Klinis,"Buku ini memberikan pemahaman menyeluruh tentang perilaku dan proses mental manusia, perkembangan kepribadian individu, serta dinamika interaksi sosial manusia. Membantu pembaca membangun pemahaman konseptual maupun praktis.","psikologi sosial, psikologi, psikoterapi, kesehatan mental",Indonesia,E-book,181,978-1-04-235973-8,9999
BK01184,Dasar-Dasar Psikologi Kepribadian,"Maimunah Latupono, S.IP",Gramedia Pustaka Utama,2021,"Fakultas Sosial, Humaniora, & Seni",Psikologi,Psikologi Umum & Klinis,"Buku ini dirancang sebagai panduan untuk memahami dinamika interaksi sosial manusia, gangguan psikologis dan penanganannya, serta perkembangan kepribadian individu. Menjadi rujukan penting dalam perkuliahan dan penelitian terkait.","psikologi klinis, kepribadian, psikologi, psikoterapi",Inggris,Fisik,519,978-0-299-07756-3,7
BK01185,Dasar-Dasar Psikologi Kepribadian Edisi Terbaru,"Nugraha Novitasari, Kartika Usada, M.Pd",PT Grasindo,2024,"Fakultas Sosial, Humaniora, & Seni",Psikologi,Psikologi Umum & Klinis,"Buku ini menyajikan kajian komprehensif mengenai intervensi psikoterapi klinis, dinamika interaksi sosial manusia, serta perilaku dan proses mental manusia. Dilengkapi dengan contoh kasus dan studi lapangan yang relevan.","psikologi, psikoterapi, kepribadian, psikologi sosial",Indonesia,Fisik,371,978-1-70468-611-0,1
BK01186,Memahami Psikologi Perkembangan,"Eluh Widiastuti, Nabila Wacana",UI Press,2016,"Fakultas Sosial, Humaniora, & Seni",Psikologi,Psikologi Umum & Klinis,"Buku ini membahas secara mendalam tentang gangguan psikologis dan penanganannya, perkembangan kepribadian individu, serta dinamika interaksi sosial manusia. Membantu pembaca membangun pemahaman konseptual maupun praktis.","perkembangan manusia, psikoterapi, psikologi, kepribadian",Inggris,E-book,136,978-0-10-219237-7,9999
BK01187,Dasar-Dasar Psikologi Abnormal,"Kenes Wahyudin, M.Pd",PT Grasindo,2006,"Fakultas Sosial, Humaniora, & Seni",Psikologi,Psikologi Umum & Klinis,"Buku ini memberikan pemahaman menyeluruh tentang gangguan psikologis dan penanganannya, intervensi psikoterapi klinis, serta perilaku dan proses mental manusia. Membantu pembaca membangun pemahaman konseptual maupun praktis.","psikologi klinis, psikologi sosial, kepribadian, perkembangan manusia",Inggris,E-book,300,978-1-129-61803-1,9999
BK01188,Psikologi Kepribadian: Teori dan Aplikasi,"Cakrajiya Salahudin, Pangeran Wijaya",Andi Publisher,2009,"Fakultas Sosial, Humaniora, & Seni",Psikologi,Psikologi Umum & Klinis,"Buku ini dirancang sebagai panduan untuk memahami dinamika interaksi sosial manusia, perilaku dan proses mental manusia, serta intervensi psikoterapi klinis. Disusun dengan bahasa yang mudah dipahami untuk kalangan akademik.","psikologi sosial, perkembangan manusia, kesehatan mental, psikologi",Indonesia,Fisik,496,978-1-08-018498-9,1
BK01189,Psikologi Klinis: Teori dan Aplikasi,"Gadang Mandala, Hesti Kuswandari",Kencana Prenada,2008,"Fakultas Sosial, Humaniora, & Seni",Psikologi,Psikologi Umum & Klinis,"Buku ini mengulas berbagai aspek penting dari perilaku dan proses mental manusia, perkembangan kepribadian individu, serta intervensi psikoterapi klinis. Dilengkapi dengan contoh kasus dan studi lapangan yang relevan.","psikologi, psikologi klinis, kepribadian, kesehatan mental",Indonesia,Fisik,397,978-0-7773-1268-1,4
BK01190,Dasar-Dasar Psikologi Umum Edisi Revisi,"Lutfan Namaga, S.Pt",PT Grasindo,2007,"Fakultas Sosial, Humaniora, & Seni",Psikologi,Psikologi Umum & Klinis,"Buku ini membahas secara mendalam tentang gangguan psikologis dan penanganannya, perilaku dan proses mental manusia, serta dinamika interaksi sosial manusia. Disusun dengan bahasa yang mudah dipahami untuk kalangan akademik.","psikoterapi, psikologi, kepribadian, kesehatan mental",Inggris,E-book,306,978-0-8217-8192-0,9999
BK01191,Psikologi Kepribadian: Teori dan Aplikasi,"Luis Zulkarnain, Hj. Karen Prasetyo, S.T.",Rajawali Pers,2005,"Fakultas Sosial, Humaniora, & Seni",Psikologi,Psikologi Umum & Klinis,"Buku ini membahas secara mendalam tentang perkembangan kepribadian individu, perilaku dan proses mental manusia, serta dinamika interaksi sosial manusia. Disusun dengan bahasa yang mudah dipahami untuk kalangan akademik.","kepribadian, psikoterapi, kesehatan mental, psikologi klinis",Indonesia,Fisik,335,978-0-605-60356-1,4
BK01192,Memahami Psikologi Sosial,Rachel Prasetyo,Andi Publisher,2022,"Fakultas Sosial, Humaniora, & Seni",Psikologi,Psikologi Umum & Klinis,"Buku ini membahas secara mendalam tentang gangguan psikologis dan penanganannya, perkembangan kepribadian individu, serta intervensi psikoterapi klinis. Dilengkapi dengan contoh kasus dan studi lapangan yang relevan.","perkembangan manusia, psikologi, kesehatan mental, psikologi sosial",Inggris,Fisik,288,978-1-9862-3984-4,1
BK01193,Dasar-Dasar Psikologi Sosial,Vera Hutagalung,Deepublish,2019,"Fakultas Sosial, Humaniora, & Seni",Psikologi,Psikologi Umum & Klinis,"Buku ini membahas secara mendalam tentang perkembangan kepribadian individu, gangguan psikologis dan penanganannya, serta dinamika interaksi sosial manusia. Membantu pembaca membangun pemahaman konseptual maupun praktis.","psikoterapi, psikologi, kesehatan mental, psikologi sosial",Indonesia,E-book,316,978-0-618-12054-3,9999
BK01194,Dasar-Dasar Psikologi Perkembangan,Indah Hariyah,Nuha Medika,2007,"Fakultas Sosial, Humaniora, & Seni",Psikologi,Psikologi Umum & Klinis,"Buku ini membahas secara mendalam tentang dinamika interaksi sosial manusia, intervensi psikoterapi klinis, serta perilaku dan proses mental manusia. Disusun dengan bahasa yang mudah dipahami untuk kalangan akademik.","kepribadian, kesehatan mental, psikologi sosial, perkembangan manusia",Indonesia,Fisik,355,978-1-895478-76-1,3
BK01195,Konsep Psikologi Kepribadian Modern Edisi Terbaru,"H. Lanjar Purwanti, M.Ak",Bumi Aksara,2015,"Fakultas Sosial, Humaniora, & Seni",Psikologi,Psikologi Umum & Klinis,"Buku ini membahas secara mendalam tentang dinamika interaksi sosial manusia, perilaku dan proses mental manusia, serta intervensi psikoterapi klinis. Menjadi rujukan penting dalam perkuliahan dan penelitian terkait.","psikologi sosial, kepribadian, perkembangan manusia, psikologi klinis",Indonesia,E-book,128,978-1-5175-8891-5,9999
BK01196,Memahami Psikologi Perkembangan,Siti Santoso,Alfabeta,2015,"Fakultas Sosial, Humaniora, & Seni",Psikologi,Psikologi Umum & Klinis,"Buku ini dirancang sebagai panduan untuk memahami dinamika interaksi sosial manusia, perilaku dan proses mental manusia, serta intervensi psikoterapi klinis. Dilengkapi dengan contoh kasus dan studi lapangan yang relevan.","psikoterapi, kesehatan mental, perkembangan manusia, psikologi klinis",Inggris,E-book,390,978-1-9835-5393-6,9999
BK01197,Dasar-Dasar Psikologi Kepribadian Edisi Ke-3,Ina Nababan,Pustaka Pelajar,2009,"Fakultas Sosial, Humaniora, & Seni",Psikologi,Psikologi Umum & Klinis,"Buku ini memberikan pemahaman menyeluruh tentang gangguan psikologis dan penanganannya, perilaku dan proses mental manusia, serta intervensi psikoterapi klinis. Dilengkapi dengan contoh kasus dan studi lapangan yang relevan.","perkembangan manusia, psikologi sosial, kepribadian, kesehatan mental",Indonesia,E-book,225,978-1-4496-3924-2,9999
BK01198,Dasar-Dasar Psikologi Abnormal,Mahfud Tarihoran,Pustaka Pelajar,2021,"Fakultas Sosial, Humaniora, & Seni",Psikologi,Psikologi Umum & Klinis,"Buku ini dirancang sebagai panduan untuk memahami intervensi psikoterapi klinis, gangguan psikologis dan penanganannya, serta perilaku dan proses mental manusia. Menjadi rujukan penting dalam perkuliahan dan penelitian terkait.","perkembangan manusia, psikologi sosial, psikologi klinis, kesehatan mental",Indonesia,Fisik,463,978-0-7982-1433-9,0
BK01199,Konsep Psikologi Sosial Modern,Hj. Yance Sirait,Salemba Empat,2005,"Fakultas Sosial, Humaniora, & Seni",Psikologi,Psikologi Umum & Klinis,"Buku ini membahas secara mendalam tentang perkembangan kepribadian individu, gangguan psikologis dan penanganannya, serta dinamika interaksi sosial manusia. Disusun dengan bahasa yang mudah dipahami untuk kalangan akademik.","psikologi klinis, psikologi sosial, psikologi, kesehatan mental",Inggris,Fisik,415,978-1-5367-4978-6,6
BK01200,Psikologi Sosial: Teori dan Aplikasi,Dalima Rajasa,Nuha Medika,2021,"Fakultas Sosial, Humaniora, & Seni",Psikologi,Psikologi Umum & Klinis,"Buku ini membahas secara mendalam tentang perkembangan kepribadian individu, dinamika interaksi sosial manusia, serta gangguan psikologis dan penanganannya. Menjadi rujukan penting dalam perkuliahan dan penelitian terkait.","kesehatan mental, psikologi, psikologi sosial, psikologi klinis",Inggris,E-book,293,978-1-168-60134-6,9999
BK01201,Psikologi Klinis: Teori dan Aplikasi,"Mutia Pudjiastuti, Tgk. Oni Purnawati",Nuha Medika,2009,"Fakultas Sosial, Humaniora, & Seni",Psikologi,Psikologi Umum & Klinis,"Buku ini menyajikan kajian komprehensif mengenai gangguan psikologis dan penanganannya, intervensi psikoterapi klinis, serta dinamika interaksi sosial manusia. Menjadi rujukan penting dalam perkuliahan dan penelitian terkait.","kepribadian, psikologi, psikologi klinis, kesehatan mental",Indonesia,Fisik,150,978-0-406-79176-4,2
BK01202,Dasar-Dasar Psikologi Kepribadian Edisi Revisi,Iriana Lazuardi,Erlangga,2010,"Fakultas Sosial, Humaniora, & Seni",Psikologi,Psikologi Umum & Klinis,"Buku ini membahas secara mendalam tentang intervensi psikoterapi klinis, perilaku dan proses mental manusia, serta gangguan psikologis dan penanganannya. Menjadi rujukan penting dalam perkuliahan dan penelitian terkait.","psikologi sosial, kesehatan mental, perkembangan manusia, psikoterapi",Indonesia,Fisik,435,978-0-15-001418-8,8
BK01203,Pengantar Psikologi Perkembangan,T. Cagak Kuswoyo,Elex Media Komputindo,2005,"Fakultas Sosial, Humaniora, & Seni",Psikologi,Psikologi Umum & Klinis,"Buku ini memberikan pemahaman menyeluruh tentang perkembangan kepribadian individu, gangguan psikologis dan penanganannya, serta perilaku dan proses mental manusia. Membantu pembaca membangun pemahaman konseptual maupun praktis.","psikoterapi, psikologi sosial, psikologi klinis, psikologi",Indonesia,Fisik,135,978-0-09-001594-8,2
BK01204,Konsep Psikologi Sosial Modern Edisi Ke-3,"Mala Permadi, Darmaji Safitri",Nuha Medika,2019,"Fakultas Sosial, Humaniora, & Seni",Psikologi,Psikologi Umum & Klinis,"Buku ini membahas secara mendalam tentang perilaku dan proses mental manusia, dinamika interaksi sosial manusia, serta perkembangan kepribadian individu. Cocok digunakan sebagai referensi utama bagi mahasiswa dan praktisi.","perkembangan manusia, kesehatan mental, psikologi sosial, psikologi",Indonesia,Fisik,532,978-1-320-89532-3,1
BK01205,Dasar-Dasar Psikologi Kepribadian,"dr. Damu Namaga, M.Ak, Xanana Marpaung",Deepublish,2019,"Fakultas Sosial, Humaniora, & Seni",Psikologi,Psikologi Umum & Klinis,"Buku ini menyajikan kajian komprehensif mengenai perkembangan kepribadian individu, gangguan psikologis dan penanganannya, serta perilaku dan proses mental manusia. Menjadi rujukan penting dalam perkuliahan dan penelitian terkait.","kesehatan mental, kepribadian, psikologi, psikoterapi",Indonesia,Fisik,312,978-1-71136-337-0,3
BK01206,Memahami Psikologi Klinis,R. Ellis Prasetya,Alfabeta,2015,"Fakultas Sosial, Humaniora, & Seni",Psikologi,Psikologi Umum & Klinis,"Buku ini membahas secara mendalam tentang intervensi psikoterapi klinis, gangguan psikologis dan penanganannya, serta perkembangan kepribadian individu. Menjadi rujukan penting dalam perkuliahan dan penelitian terkait.","perkembangan manusia, psikologi klinis, psikoterapi, psikologi",Indonesia,Fisik,299,978-0-03-469967-8,8
BK01207,Pengantar Psikologi Abnormal,Daru Januar,Rajawali Pers,2023,"Fakultas Sosial, Humaniora, & Seni",Psikologi,Psikologi Umum & Klinis,"Buku ini membahas secara mendalam tentang dinamika interaksi sosial manusia, gangguan psikologis dan penanganannya, serta perkembangan kepribadian individu. Dilengkapi dengan contoh kasus dan studi lapangan yang relevan.","psikologi klinis, psikologi sosial, perkembangan manusia, kepribadian",Inggris,Fisik,298,978-1-77269-608-0,0
BK01208,Konsep Psikologi Kepribadian Modern Edisi Terbaru,"T. Danang Wulandari, M.Kom.",Pustaka Pelajar,2011,"Fakultas Sosial, Humaniora, & Seni",Psikologi,Psikologi Umum & Klinis,"Buku ini mengulas berbagai aspek penting dari dinamika interaksi sosial manusia, gangguan psikologis dan penanganannya, serta perkembangan kepribadian individu. Disusun dengan bahasa yang mudah dipahami untuk kalangan akademik.","perkembangan manusia, psikologi sosial, kesehatan mental, psikologi klinis",Indonesia,E-book,503,978-1-5078-9679-2,9999
BK01209,Pengantar Psikologi Kepribadian,Hardana Megantara,Erlangga,2010,"Fakultas Sosial, Humaniora, & Seni",Psikologi,Psikologi Umum & Klinis,"Buku ini memberikan pemahaman menyeluruh tentang dinamika interaksi sosial manusia, intervensi psikoterapi klinis, serta gangguan psikologis dan penanganannya. Cocok digunakan sebagai referensi utama bagi mahasiswa dan praktisi.","psikoterapi, perkembangan manusia, kesehatan mental, psikologi",Indonesia,E-book,486,978-1-263-35564-9,9999
BK01210,Konsep Psikologi Klinis Modern,"Nasrullah Siregar, Harjasa Rahimah",Erlangga,2023,"Fakultas Sosial, Humaniora, & Seni",Psikologi,Psikologi Umum & Klinis,"Buku ini mengulas berbagai aspek penting dari gangguan psikologis dan penanganannya, perilaku dan proses mental manusia, serta intervensi psikoterapi klinis. Membantu pembaca membangun pemahaman konseptual maupun praktis.","psikologi sosial, psikologi, kesehatan mental, psikoterapi",Indonesia,Fisik,200,978-0-931706-95-0,5
BK01211,Dasar-Dasar Psikologi Klinis Edisi Ke-2,"Kezia Damanik, Maya Hassanah",Graha Ilmu,2012,"Fakultas Sosial, Humaniora, & Seni",Psikologi,Psikologi Umum & Klinis,"Buku ini membahas secara mendalam tentang perkembangan kepribadian individu, intervensi psikoterapi klinis, serta perilaku dan proses mental manusia. Membantu pembaca membangun pemahaman konseptual maupun praktis.","psikologi, psikologi sosial, psikologi klinis, kesehatan mental",Indonesia,Fisik,527,978-0-645-34547-6,0
BK01212,Memahami Psikologi Sosial,Cawisadi Prasetya,Deepublish,2017,"Fakultas Sosial, Humaniora, & Seni",Psikologi,Psikologi Umum & Klinis,"Buku ini mengulas berbagai aspek penting dari gangguan psikologis dan penanganannya, intervensi psikoterapi klinis, serta perilaku dan proses mental manusia. Dilengkapi dengan contoh kasus dan studi lapangan yang relevan.","psikoterapi, kesehatan mental, psikologi klinis, psikologi sosial",Inggris,Fisik,123,978-0-650-31219-7,8
BK01213,Psikologi Sosial: Teori dan Aplikasi,"Puspa Hardiansyah, S.T.",Nuha Medika,2006,"Fakultas Sosial, Humaniora, & Seni",Psikologi,Psikologi Umum & Klinis,"Buku ini menyajikan kajian komprehensif mengenai perkembangan kepribadian individu, intervensi psikoterapi klinis, serta perilaku dan proses mental manusia. Membantu pembaca membangun pemahaman konseptual maupun praktis.","kepribadian, psikologi klinis, psikologi, psikologi sosial",Indonesia,E-book,321,978-1-72426-423-7,9999
BK01214,Konsep Psikologi Sosial Modern,Ira Marbun,UI Press,2014,"Fakultas Sosial, Humaniora, & Seni",Psikologi,Psikologi Umum & Klinis,"Buku ini memberikan pemahaman menyeluruh tentang dinamika interaksi sosial manusia, gangguan psikologis dan penanganannya, serta perilaku dan proses mental manusia. Menjadi rujukan penting dalam perkuliahan dan penelitian terkait.","psikologi, psikologi klinis, kepribadian, perkembangan manusia",Indonesia,Fisik,153,978-0-19-092487-4,0
BK01215,Dasar-Dasar Psikologi Sosial,"Eli Prakasa, Respati Napitupulu",Nuha Medika,2017,"Fakultas Sosial, Humaniora, & Seni",Psikologi,Psikologi Umum & Klinis,"Buku ini menyajikan kajian komprehensif mengenai perkembangan kepribadian individu, perilaku dan proses mental manusia, serta intervensi psikoterapi klinis. Dilengkapi dengan contoh kasus dan studi lapangan yang relevan.","psikologi, psikoterapi, psikologi klinis, perkembangan manusia",Indonesia,E-book,237,978-0-14-281785-8,9999
BK01216,Memahami Psikologi Perkembangan Edisi Terbaru,"Elma Mangunsong, M.Pd, Dipa Anggriawan",Gramedia Pustaka Utama,2009,"Fakultas Sosial, Humaniora, & Seni",Psikologi,Psikologi Umum & Klinis,"Buku ini memberikan pemahaman menyeluruh tentang gangguan psikologis dan penanganannya, dinamika interaksi sosial manusia, serta intervensi psikoterapi klinis. Cocok digunakan sebagai referensi utama bagi mahasiswa dan praktisi.","perkembangan manusia, kesehatan mental, psikologi sosial, kepribadian",Inggris,Fisik,349,978-0-480-88062-0,3
BK01217,Pengantar Psikologi Sosial,Asirwada Halimah,UI Press,2007,"Fakultas Sosial, Humaniora, & Seni",Psikologi,Psikologi Umum & Klinis,"Buku ini menyajikan kajian komprehensif mengenai perkembangan kepribadian individu, perilaku dan proses mental manusia, serta dinamika interaksi sosial manusia. Cocok digunakan sebagai referensi utama bagi mahasiswa dan praktisi.","psikoterapi, kesehatan mental, kepribadian, psikologi klinis",Indonesia,Fisik,301,978-0-395-94737-1,0
BK01218,Pengantar Psikologi Perkembangan Edisi Ke-2,"Nyana Kusumo, Hilda Marpaung, M.Ak",Alfabeta,2009,"Fakultas Sosial, Humaniora, & Seni",Psikologi,Psikologi Umum & Klinis,"Buku ini dirancang sebagai panduan untuk memahami perilaku dan proses mental manusia, dinamika interaksi sosial manusia, serta gangguan psikologis dan penanganannya. Menjadi rujukan penting dalam perkuliahan dan penelitian terkait.","kepribadian, psikologi, kesehatan mental, psikologi klinis",Inggris,E-book,184,978-0-620-47876-2,9999
BK01219,Psikologi Klinis: Teori dan Aplikasi Edisi Revisi,Dr. Olga Waskita,Pustaka Pelajar,2014,"Fakultas Sosial, Humaniora, & Seni",Psikologi,Psikologi Umum & Klinis,"Buku ini menyajikan kajian komprehensif mengenai intervensi psikoterapi klinis, perilaku dan proses mental manusia, serta perkembangan kepribadian individu. Cocok digunakan sebagai referensi utama bagi mahasiswa dan praktisi.","psikologi klinis, kepribadian, kesehatan mental, psikoterapi",Inggris,Fisik,340,978-1-996486-28-3,7
BK01220,Konsep Psikologi Klinis Modern,"Dr. Dian Firgantoro, S.Kom",Graha Ilmu,2010,"Fakultas Sosial, Humaniora, & Seni",Psikologi,Psikologi Umum & Klinis,"Buku ini dirancang sebagai panduan untuk memahami perkembangan kepribadian individu, perilaku dan proses mental manusia, serta gangguan psikologis dan penanganannya. Cocok digunakan sebagai referensi utama bagi mahasiswa dan praktisi.","psikologi sosial, psikologi klinis, psikoterapi, perkembangan manusia",Inggris,E-book,397,978-1-4196-6645-2,9999
BK01221,Memahami Psikologi Perkembangan Edisi Ke-3,Galih Laksita,PT Grasindo,2009,"Fakultas Sosial, Humaniora, & Seni",Psikologi,Psikologi Umum & Klinis,"Buku ini memberikan pemahaman menyeluruh tentang intervensi psikoterapi klinis, gangguan psikologis dan penanganannya, serta dinamika interaksi sosial manusia. Menjadi rujukan penting dalam perkuliahan dan penelitian terkait.","psikologi sosial, kesehatan mental, psikoterapi, psikologi klinis",Indonesia,Fisik,498,978-0-362-79246-1,8
BK01222,Memahami Psikologi Kepribadian Edisi Ke-2,Caket Budiyanto,Deepublish,2010,"Fakultas Sosial, Humaniora, & Seni",Psikologi,Psikologi Umum & Klinis,"Buku ini dirancang sebagai panduan untuk memahami perilaku dan proses mental manusia, dinamika interaksi sosial manusia, serta intervensi psikoterapi klinis. Dilengkapi dengan contoh kasus dan studi lapangan yang relevan.","psikologi klinis, kepribadian, kesehatan mental, psikoterapi",Indonesia,Fisik,506,978-1-4767-7537-1,1
BK01223,Psikologi Abnormal: Teori dan Aplikasi,Heryanto Habibi,Gramedia Pustaka Utama,2010,"Fakultas Sosial, Humaniora, & Seni",Psikologi,Psikologi Umum & Klinis,"Buku ini dirancang sebagai panduan untuk memahami gangguan psikologis dan penanganannya, dinamika interaksi sosial manusia, serta perilaku dan proses mental manusia. Disusun dengan bahasa yang mudah dipahami untuk kalangan akademik.","perkembangan manusia, psikologi klinis, kesehatan mental, psikologi sosial",Indonesia,Fisik,525,978-0-14-505766-4,2
BK01224,Psikologi Umum: Teori dan Aplikasi,Liman Sihombing,Informatika Bandung,2009,"Fakultas Sosial, Humaniora, & Seni",Psikologi,Psikologi Umum & Klinis,"Buku ini memberikan pemahaman menyeluruh tentang dinamika interaksi sosial manusia, gangguan psikologis dan penanganannya, serta perkembangan kepribadian individu. Cocok digunakan sebagai referensi utama bagi mahasiswa dan praktisi.","psikoterapi, psikologi, kepribadian, perkembangan manusia",Inggris,Fisik,254,978-1-07-155348-0,5
BK01225,Konsep Psikologi Perkembangan Modern,"Adikara Januar, Panca Purwanti",Kencana Prenada,2012,"Fakultas Sosial, Humaniora, & Seni",Psikologi,Psikologi Umum & Klinis,"Buku ini membahas secara mendalam tentang gangguan psikologis dan penanganannya, perilaku dan proses mental manusia, serta dinamika interaksi sosial manusia. Membantu pembaca membangun pemahaman konseptual maupun praktis.","perkembangan manusia, kesehatan mental, psikologi, psikoterapi",Indonesia,Fisik,395,978-0-08-385076-1,2
BK01226,Dasar-Dasar Psikologi Perkembangan,"Wirda Suryatmi, Jelita Oktaviani",Pustaka Pelajar,2019,"Fakultas Sosial, Humaniora, & Seni",Psikologi,Psikologi Umum & Klinis,"Buku ini dirancang sebagai panduan untuk memahami perilaku dan proses mental manusia, dinamika interaksi sosial manusia, serta intervensi psikoterapi klinis. Dilengkapi dengan contoh kasus dan studi lapangan yang relevan.","psikoterapi, psikologi klinis, perkembangan manusia, psikologi",Indonesia,Fisik,324,978-1-5089-1776-2,4
BK01227,Pengantar Psikologi Abnormal,"Dr. Argono Widiastuti, M.Pd",Gramedia Pustaka Utama,2005,"Fakultas Sosial, Humaniora, & Seni",Psikologi,Psikologi Umum & Klinis,"Buku ini dirancang sebagai panduan untuk memahami dinamika interaksi sosial manusia, perkembangan kepribadian individu, serta perilaku dan proses mental manusia. Disusun dengan bahasa yang mudah dipahami untuk kalangan akademik.","psikologi, perkembangan manusia, kepribadian, psikologi klinis",Indonesia,Fisik,357,978-0-657-42231-8,2
BK01228,Psikologi Kepribadian: Teori dan Aplikasi Edisi Terbaru,drg. Ika Wijaya,Bumi Aksara,2013,"Fakultas Sosial, Humaniora, & Seni",Psikologi,Psikologi Umum & Klinis,"Buku ini membahas secara mendalam tentang gangguan psikologis dan penanganannya, dinamika interaksi sosial manusia, serta perilaku dan proses mental manusia. Membantu pembaca membangun pemahaman konseptual maupun praktis.","psikologi sosial, psikologi klinis, psikologi, kepribadian",Indonesia,Fisik,273,978-0-04-023693-5,2
BK01229,Pengantar Psikologi Kepribadian,Wirda Maryadi,Pustaka Pelajar,2016,"Fakultas Sosial, Humaniora, & Seni",Psikologi,Psikologi Umum & Klinis,"Buku ini memberikan pemahaman menyeluruh tentang gangguan psikologis dan penanganannya, dinamika interaksi sosial manusia, serta intervensi psikoterapi klinis. Membantu pembaca membangun pemahaman konseptual maupun praktis.","kesehatan mental, psikologi, psikologi klinis, perkembangan manusia",Inggris,Fisik,336,978-1-301-20471-7,3
BK01230,Konsep Psikologi Perkembangan Modern Edisi Revisi,Jarwa Marbun,Andi Publisher,2005,"Fakultas Sosial, Humaniora, & Seni",Psikologi,Psikologi Umum & Klinis,"Buku ini dirancang sebagai panduan untuk memahami perkembangan kepribadian individu, perilaku dan proses mental manusia, serta intervensi psikoterapi klinis. Menjadi rujukan penting dalam perkuliahan dan penelitian terkait.","perkembangan manusia, psikologi, psikologi sosial, kesehatan mental",Inggris,E-book,435,978-0-17-595749-1,9999
BK01231,Dasar-Dasar Psikologi Perkembangan,"Dr. Tirtayasa Sitompul, Mulya Simbolon, M.TI.",Deepublish,2020,"Fakultas Sosial, Humaniora, & Seni",Psikologi,Psikologi Umum & Klinis,"Buku ini mengulas berbagai aspek penting dari dinamika interaksi sosial manusia, perkembangan kepribadian individu, serta gangguan psikologis dan penanganannya. Cocok digunakan sebagai referensi utama bagi mahasiswa dan praktisi.","psikologi klinis, kesehatan mental, psikoterapi, psikologi sosial",Indonesia,Fisik,296,978-1-933067-45-2,6
BK01232,Dasar-Dasar Psikologi Sosial,T. Jamil Waskita,Salemba Empat,2017,"Fakultas Sosial, Humaniora, & Seni",Psikologi,Psikologi Umum & Klinis,"Buku ini mengulas berbagai aspek penting dari perkembangan kepribadian individu, intervensi psikoterapi klinis, serta dinamika interaksi sosial manusia. Dilengkapi dengan contoh kasus dan studi lapangan yang relevan.","perkembangan manusia, psikoterapi, psikologi, psikologi klinis",Inggris,E-book,410,978-1-4128-3337-0,9999
BK01233,Psikologi Abnormal: Teori dan Aplikasi,"Wira Januar, Puput Mayasari, S.I.Kom",Graha Ilmu,2021,"Fakultas Sosial, Humaniora, & Seni",Psikologi,Psikologi Umum & Klinis,"Buku ini mengulas berbagai aspek penting dari perilaku dan proses mental manusia, intervensi psikoterapi klinis, serta perkembangan kepribadian individu. Dilengkapi dengan contoh kasus dan studi lapangan yang relevan.","perkembangan manusia, kepribadian, kesehatan mental, psikologi",Indonesia,Fisik,499,978-1-69541-329-0,4
BK01234,Pengantar Psikologi Kepribadian,"Salimah Haryanto, Tgk. Wira Hakim, S.Farm",Informatika Bandung,2013,"Fakultas Sosial, Humaniora, & Seni",Psikologi,Psikologi Umum & Klinis,"Buku ini dirancang sebagai panduan untuk memahami perilaku dan proses mental manusia, gangguan psikologis dan penanganannya, serta dinamika interaksi sosial manusia. Cocok digunakan sebagai referensi utama bagi mahasiswa dan praktisi.","psikologi sosial, psikoterapi, kepribadian, psikologi",Indonesia,Fisik,370,978-1-267-05514-9,6
BK01235,Psikologi Klinis: Teori dan Aplikasi,Jinawi Lestari,Nuha Medika,2022,"Fakultas Sosial, Humaniora, & Seni",Psikologi,Psikologi Umum & Klinis,"Buku ini memberikan pemahaman menyeluruh tentang dinamika interaksi sosial manusia, perilaku dan proses mental manusia, serta gangguan psikologis dan penanganannya. Cocok digunakan sebagai referensi utama bagi mahasiswa dan praktisi.","psikoterapi, kesehatan mental, kepribadian, psikologi klinis",Indonesia,Fisik,251,978-0-663-43925-6,6
BK01236,Strategi Jurnalistik,Liman Simbolon,Erlangga,2006,"Fakultas Sosial, Humaniora, & Seni",Ilmu Komunikasi,Komunikasi & Media,"Buku ini dirancang sebagai panduan untuk memahami dinamika komunikasi massa, jurnalisme di era digital, serta hubungan masyarakat dan citra publik. Membantu pembaca membangun pemahaman konseptual maupun praktis.","broadcasting, komunikasi massa, jurnalistik, komunikasi interpersonal",Indonesia,Fisik,363,978-0-11-102867-4,2
BK01237,Pengantar Komunikasi Interpersonal,"Warji Yuliarti, Aslijan Adriansyah",Erlangga,2018,"Fakultas Sosial, Humaniora, & Seni",Ilmu Komunikasi,Komunikasi & Media,"Buku ini mengulas berbagai aspek penting dari dinamika komunikasi massa, jurnalisme di era digital, serta pengaruh media sosial terhadap opini publik. Menjadi rujukan penting dalam perkuliahan dan penelitian terkait.","public relations, media sosial, komunikasi interpersonal, broadcasting",Indonesia,Fisik,236,978-0-02-455910-4,3
BK01238,Media Digital di Era Digital,"Tugiman Saragih, Cinthia Firgantoro",Salemba Empat,2022,"Fakultas Sosial, Humaniora, & Seni",Ilmu Komunikasi,Komunikasi & Media,"Buku ini memberikan pemahaman menyeluruh tentang strategi media dan publikasi, dinamika komunikasi massa, serta pengaruh media sosial terhadap opini publik. Cocok digunakan sebagai referensi utama bagi mahasiswa dan praktisi.","komunikasi massa, public relations, media sosial, komunikasi interpersonal",Indonesia,E-book,213,978-0-903267-14-4,9999
BK01239,Strategi Media Digital,Tgk. Raisa Novitasari,Elex Media Komputindo,2015,"Fakultas Sosial, Humaniora, & Seni",Ilmu Komunikasi,Komunikasi & Media,"Buku ini dirancang sebagai panduan untuk memahami pengaruh media sosial terhadap opini publik, hubungan masyarakat dan citra publik, serta jurnalisme di era digital. Menjadi rujukan penting dalam perkuliahan dan penelitian terkait.","broadcasting, komunikasi massa, komunikasi interpersonal, media sosial",Indonesia,E-book,426,978-1-217-94281-9,9999
BK01240,Strategi Media Digital,Rachel Prasetyo,Bumi Aksara,2005,"Fakultas Sosial, Humaniora, & Seni",Ilmu Komunikasi,Komunikasi & Media,"Buku ini mengulas berbagai aspek penting dari hubungan masyarakat dan citra publik, dinamika komunikasi massa, serta jurnalisme di era digital. Disusun dengan bahasa yang mudah dipahami untuk kalangan akademik.","media digital, jurnalistik, broadcasting, public relations",Indonesia,Fisik,544,978-0-652-77584-6,1
BK01241,Pengantar Public Relations,Safina Wacana,Erlangga,2010,"Fakultas Sosial, Humaniora, & Seni",Ilmu Komunikasi,Komunikasi & Media,"Buku ini memberikan pemahaman menyeluruh tentang hubungan masyarakat dan citra publik, dinamika komunikasi massa, serta strategi media dan publikasi. Dilengkapi dengan contoh kasus dan studi lapangan yang relevan.","broadcasting, media sosial, komunikasi massa, public relations",Indonesia,Fisik,510,978-0-453-37220-6,2
BK01242,Strategi Jurnalistik,Asmuni Rahmawati,Informatika Bandung,2009,"Fakultas Sosial, Humaniora, & Seni",Ilmu Komunikasi,Komunikasi & Media,"Buku ini membahas secara mendalam tentang pengaruh media sosial terhadap opini publik, strategi media dan publikasi, serta hubungan masyarakat dan citra publik. Membantu pembaca membangun pemahaman konseptual maupun praktis.","media digital, komunikasi interpersonal, media sosial, komunikasi massa",Indonesia,Fisik,515,978-0-17-221455-9,3
BK01243,Pengantar Media Digital,R.A. Tina Laksmiwati,Elex Media Komputindo,2005,"Fakultas Sosial, Humaniora, & Seni",Ilmu Komunikasi,Komunikasi & Media,"Buku ini mengulas berbagai aspek penting dari strategi media dan publikasi, hubungan masyarakat dan citra publik, serta jurnalisme di era digital. Dilengkapi dengan contoh kasus dan studi lapangan yang relevan.","komunikasi interpersonal, public relations, jurnalistik, broadcasting",Indonesia,Fisik,465,978-1-189-43705-4,3
BK01244,Media Sosial dan Masyarakat di Era Digital,Hartaka Nababan,Deepublish,2024,"Fakultas Sosial, Humaniora, & Seni",Ilmu Komunikasi,Komunikasi & Media,"Buku ini membahas secara mendalam tentang pengaruh media sosial terhadap opini publik, hubungan masyarakat dan citra publik, serta strategi media dan publikasi. Menjadi rujukan penting dalam perkuliahan dan penelitian terkait.","komunikasi massa, broadcasting, jurnalistik, komunikasi interpersonal",Indonesia,E-book,294,978-0-00-462776-2,9999
BK01245,Dasar-Dasar Komunikasi Massa,"H. Setya Sinaga, M.M.",Andi Publisher,2009,"Fakultas Sosial, Humaniora, & Seni",Ilmu Komunikasi,Komunikasi & Media,"Buku ini menyajikan kajian komprehensif mengenai pengaruh media sosial terhadap opini publik, jurnalisme di era digital, serta hubungan masyarakat dan citra publik. Cocok digunakan sebagai referensi utama bagi mahasiswa dan praktisi.","komunikasi interpersonal, media digital, jurnalistik, media sosial",Inggris,E-book,395,978-1-65920-246-5,9999
BK01246,Strategi Media Digital,Jinawi Sitorus,Rajawali Pers,2006,"Fakultas Sosial, Humaniora, & Seni",Ilmu Komunikasi,Komunikasi & Media,"Buku ini dirancang sebagai panduan untuk memahami strategi media dan publikasi, dinamika komunikasi massa, serta pengaruh media sosial terhadap opini publik. Membantu pembaca membangun pemahaman konseptual maupun praktis.","public relations, media sosial, broadcasting, jurnalistik",Inggris,E-book,249,978-0-238-97432-8,9999
BK01247,Memahami Komunikasi Massa,"Ani Anggriawan, Gatra Siregar, M.Ak",Erlangga,2019,"Fakultas Sosial, Humaniora, & Seni",Ilmu Komunikasi,Komunikasi & Media,"Buku ini mengulas berbagai aspek penting dari dinamika komunikasi massa, strategi media dan publikasi, serta hubungan masyarakat dan citra publik. Cocok digunakan sebagai referensi utama bagi mahasiswa dan praktisi.","public relations, komunikasi massa, media sosial, broadcasting",Indonesia,Fisik,382,978-1-01-783325-6,8
BK01248,Memahami Media Sosial dan Masyarakat,"Maryanto Mayasari, S.T.",Bumi Aksara,2010,"Fakultas Sosial, Humaniora, & Seni",Ilmu Komunikasi,Komunikasi & Media,"Buku ini memberikan pemahaman menyeluruh tentang strategi media dan publikasi, pengaruh media sosial terhadap opini publik, serta jurnalisme di era digital. Membantu pembaca membangun pemahaman konseptual maupun praktis.","komunikasi massa, public relations, media digital, media sosial",Indonesia,E-book,287,978-0-607-98487-3,9999
BK01249,Pengantar Media Digital Edisi Ke-3,Edi Sitorus,Rajawali Pers,2018,"Fakultas Sosial, Humaniora, & Seni",Ilmu Komunikasi,Komunikasi & Media,"Buku ini dirancang sebagai panduan untuk memahami dinamika komunikasi massa, pengaruh media sosial terhadap opini publik, serta strategi media dan publikasi. Cocok digunakan sebagai referensi utama bagi mahasiswa dan praktisi.","media digital, media sosial, public relations, jurnalistik",Inggris,Fisik,207,978-1-917679-93-0,7
BK01250,Strategi Jurnalistik Edisi Revisi,Zahra Rahayu,Alfabeta,2011,"Fakultas Sosial, Humaniora, & Seni",Ilmu Komunikasi,Komunikasi & Media,"Buku ini menyajikan kajian komprehensif mengenai hubungan masyarakat dan citra publik, dinamika komunikasi massa, serta jurnalisme di era digital. Menjadi rujukan penting dalam perkuliahan dan penelitian terkait.","broadcasting, komunikasi massa, media digital, media sosial",Indonesia,Fisik,231,978-1-4403-9464-5,5
BK01251,Dasar-Dasar Media Sosial dan Masyarakat,Karta Pradana,Deepublish,2014,"Fakultas Sosial, Humaniora, & Seni",Ilmu Komunikasi,Komunikasi & Media,"Buku ini mengulas berbagai aspek penting dari strategi media dan publikasi, dinamika komunikasi massa, serta jurnalisme di era digital. Dilengkapi dengan contoh kasus dan studi lapangan yang relevan.","media sosial, public relations, komunikasi massa, komunikasi interpersonal",Indonesia,Fisik,328,978-0-7360-6014-1,0
BK01252,Dasar-Dasar Jurnalistik,"Dr. Wage Agustina, Jais Uyainah",Gramedia Pustaka Utama,2019,"Fakultas Sosial, Humaniora, & Seni",Ilmu Komunikasi,Komunikasi & Media,"Buku ini dirancang sebagai panduan untuk memahami hubungan masyarakat dan citra publik, dinamika komunikasi massa, serta pengaruh media sosial terhadap opini publik. Menjadi rujukan penting dalam perkuliahan dan penelitian terkait.","media digital, komunikasi interpersonal, jurnalistik, public relations",Indonesia,Fisik,244,978-0-7938-8413-1,6
BK01253,Dasar-Dasar Media Sosial dan Masyarakat,Putri Sitompul,Alfabeta,2016,"Fakultas Sosial, Humaniora, & Seni",Ilmu Komunikasi,Komunikasi & Media,"Buku ini dirancang sebagai panduan untuk memahami pengaruh media sosial terhadap opini publik, dinamika komunikasi massa, serta jurnalisme di era digital. Menjadi rujukan penting dalam perkuliahan dan penelitian terkait.","media digital, media sosial, public relations, jurnalistik",Indonesia,Fisik,324,978-0-06-153701-1,4
BK01254,Pengantar Public Relations,Wadi Rajata,Kencana Prenada,2009,"Fakultas Sosial, Humaniora, & Seni",Ilmu Komunikasi,Komunikasi & Media,"Buku ini menyajikan kajian komprehensif mengenai jurnalisme di era digital, hubungan masyarakat dan citra publik, serta strategi media dan publikasi. Dilengkapi dengan contoh kasus dan studi lapangan yang relevan.","public relations, media digital, komunikasi interpersonal, jurnalistik",Inggris,Fisik,315,978-1-4626-3251-0,6
BK01255,Memahami Komunikasi Interpersonal,"T. Galak Namaga, M.Pd",Erlangga,2009,"Fakultas Sosial, Humaniora, & Seni",Ilmu Komunikasi,Komunikasi & Media,"Buku ini memberikan pemahaman menyeluruh tentang pengaruh media sosial terhadap opini publik, jurnalisme di era digital, serta hubungan masyarakat dan citra publik. Dilengkapi dengan contoh kasus dan studi lapangan yang relevan.","komunikasi interpersonal, komunikasi massa, media digital, jurnalistik",Indonesia,Fisik,429,978-0-210-31421-0,8
BK01256,Dasar-Dasar Jurnalistik,"drg. Gandi Maheswara, M.TI.",Deepublish,2018,"Fakultas Sosial, Humaniora, & Seni",Ilmu Komunikasi,Komunikasi & Media,"Buku ini dirancang sebagai panduan untuk memahami hubungan masyarakat dan citra publik, dinamika komunikasi massa, serta strategi media dan publikasi. Membantu pembaca membangun pemahaman konseptual maupun praktis.","media digital, komunikasi massa, public relations, komunikasi interpersonal",Indonesia,Fisik,313,978-0-7941-5152-2,2
BK01257,Dasar-Dasar Public Relations,Yani Nainggolan,Gramedia Pustaka Utama,2018,"Fakultas Sosial, Humaniora, & Seni",Ilmu Komunikasi,Komunikasi & Media,"Buku ini menyajikan kajian komprehensif mengenai hubungan masyarakat dan citra publik, pengaruh media sosial terhadap opini publik, serta jurnalisme di era digital. Disusun dengan bahasa yang mudah dipahami untuk kalangan akademik.","broadcasting, public relations, komunikasi interpersonal, media sosial",Indonesia,Fisik,246,978-0-911225-28-0,4
BK01258,Pengantar Komunikasi Interpersonal,"Drs. Febi Kuswandari, S.I.Kom",PT Grasindo,2009,"Fakultas Sosial, Humaniora, & Seni",Ilmu Komunikasi,Komunikasi & Media,"Buku ini membahas secara mendalam tentang strategi media dan publikasi, pengaruh media sosial terhadap opini publik, serta jurnalisme di era digital. Dilengkapi dengan contoh kasus dan studi lapangan yang relevan.","komunikasi interpersonal, media digital, komunikasi massa, jurnalistik",Indonesia,Fisik,122,978-1-66186-323-4,1
BK01259,Komunikasi Massa di Era Digital,Hj. Novi Rahmawati,Elex Media Komputindo,2007,"Fakultas Sosial, Humaniora, & Seni",Ilmu Komunikasi,Komunikasi & Media,"Buku ini mengulas berbagai aspek penting dari jurnalisme di era digital, strategi media dan publikasi, serta dinamika komunikasi massa. Membantu pembaca membangun pemahaman konseptual maupun praktis.","public relations, broadcasting, media digital, komunikasi massa",Indonesia,Fisik,128,978-0-7876-5530-3,3
BK01260,Jurnalistik di Era Digital,Jabal Nainggolan,Gramedia Pustaka Utama,2014,"Fakultas Sosial, Humaniora, & Seni",Ilmu Komunikasi,Komunikasi & Media,"Buku ini menyajikan kajian komprehensif mengenai jurnalisme di era digital, hubungan masyarakat dan citra publik, serta strategi media dan publikasi. Dilengkapi dengan contoh kasus dan studi lapangan yang relevan.","public relations, media digital, komunikasi massa, broadcasting",Indonesia,E-book,483,978-1-05-560571-6,9999
BK01261,Pengantar Komunikasi Interpersonal Edisi Ke-3,Saiful Kuswoyo,PT Grasindo,2024,"Fakultas Sosial, Humaniora, & Seni",Ilmu Komunikasi,Komunikasi & Media,"Buku ini mengulas berbagai aspek penting dari hubungan masyarakat dan citra publik, dinamika komunikasi massa, serta jurnalisme di era digital. Membantu pembaca membangun pemahaman konseptual maupun praktis.","komunikasi massa, komunikasi interpersonal, public relations, media sosial",Indonesia,E-book,543,978-0-7788-5190-5,9999
BK01262,Media Digital di Era Digital,"Ir. Galiono Prasasta, S.Pd",Informatika Bandung,2008,"Fakultas Sosial, Humaniora, & Seni",Ilmu Komunikasi,Komunikasi & Media,"Buku ini memberikan pemahaman menyeluruh tentang dinamika komunikasi massa, hubungan masyarakat dan citra publik, serta jurnalisme di era digital. Menjadi rujukan penting dalam perkuliahan dan penelitian terkait.","komunikasi massa, public relations, jurnalistik, media digital",Indonesia,Fisik,198,978-1-01-042462-8,4
BK01263,Jurnalistik di Era Digital,Jasmin Zulkarnain,Graha Ilmu,2024,"Fakultas Sosial, Humaniora, & Seni",Ilmu Komunikasi,Komunikasi & Media,"Buku ini menyajikan kajian komprehensif mengenai strategi media dan publikasi, dinamika komunikasi massa, serta jurnalisme di era digital. Menjadi rujukan penting dalam perkuliahan dan penelitian terkait.","jurnalistik, komunikasi massa, media digital, broadcasting",Inggris,Fisik,126,978-1-174-46004-3,0
BK01264,Strategi Media Digital Edisi Ke-2,"Fitria Iswahyudi, R. Paramita Suartini, M.Ak",Andi Publisher,2024,"Fakultas Sosial, Humaniora, & Seni",Ilmu Komunikasi,Komunikasi & Media,"Buku ini menyajikan kajian komprehensif mengenai dinamika komunikasi massa, strategi media dan publikasi, serta pengaruh media sosial terhadap opini publik. Disusun dengan bahasa yang mudah dipahami untuk kalangan akademik.","jurnalistik, komunikasi massa, media digital, public relations",Indonesia,E-book,367,978-1-114-55129-9,9999
BK01265,Dasar-Dasar Media Digital Edisi Ke-3,Lamar Hutapea,Pustaka Pelajar,2013,"Fakultas Sosial, Humaniora, & Seni",Ilmu Komunikasi,Komunikasi & Media,"Buku ini dirancang sebagai panduan untuk memahami hubungan masyarakat dan citra publik, jurnalisme di era digital, serta pengaruh media sosial terhadap opini publik. Cocok digunakan sebagai referensi utama bagi mahasiswa dan praktisi.","broadcasting, jurnalistik, media sosial, komunikasi interpersonal",Inggris,Fisik,347,978-0-448-81898-6,8
BK01266,Dasar-Dasar Jurnalistik,"Puspa Wahyuni, Cinthia Waskita",UI Press,2006,"Fakultas Sosial, Humaniora, & Seni",Ilmu Komunikasi,Komunikasi & Media,"Buku ini membahas secara mendalam tentang jurnalisme di era digital, dinamika komunikasi massa, serta pengaruh media sosial terhadap opini publik. Menjadi rujukan penting dalam perkuliahan dan penelitian terkait.","komunikasi massa, media sosial, public relations, komunikasi interpersonal",Indonesia,Fisik,475,978-1-61540-211-3,3
BK01267,Memahami Komunikasi Interpersonal,"Cut Cici Kuswandari, Jarwadi Tarihoran",UI Press,2005,"Fakultas Sosial, Humaniora, & Seni",Ilmu Komunikasi,Komunikasi & Media,"Buku ini mengulas berbagai aspek penting dari pengaruh media sosial terhadap opini publik, dinamika komunikasi massa, serta jurnalisme di era digital. Membantu pembaca membangun pemahaman konseptual maupun praktis.","public relations, media digital, jurnalistik, komunikasi massa",Indonesia,E-book,499,978-0-429-83152-2,9999
BK01268,Pengantar Public Relations,Martaka Purnawati,Pustaka Pelajar,2006,"Fakultas Sosial, Humaniora, & Seni",Ilmu Komunikasi,Komunikasi & Media,"Buku ini membahas secara mendalam tentang jurnalisme di era digital, strategi media dan publikasi, serta pengaruh media sosial terhadap opini publik. Menjadi rujukan penting dalam perkuliahan dan penelitian terkait.","jurnalistik, media sosial, komunikasi interpersonal, public relations",Inggris,Fisik,145,978-0-7322-8360-5,4
BK01269,Memahami Jurnalistik,"Karman Saputra, M.Farm",Salemba Empat,2022,"Fakultas Sosial, Humaniora, & Seni",Ilmu Komunikasi,Komunikasi & Media,"Buku ini menyajikan kajian komprehensif mengenai dinamika komunikasi massa, jurnalisme di era digital, serta pengaruh media sosial terhadap opini publik. Membantu pembaca membangun pemahaman konseptual maupun praktis.","media sosial, jurnalistik, broadcasting, komunikasi interpersonal",Indonesia,Fisik,531,978-1-83063-963-9,8
BK01270,Dasar-Dasar Komunikasi Interpersonal,"Drs. Icha Situmorang, S.E.I",Gramedia Pustaka Utama,2013,"Fakultas Sosial, Humaniora, & Seni",Ilmu Komunikasi,Komunikasi & Media,"Buku ini dirancang sebagai panduan untuk memahami pengaruh media sosial terhadap opini publik, jurnalisme di era digital, serta hubungan masyarakat dan citra publik. Menjadi rujukan penting dalam perkuliahan dan penelitian terkait.","broadcasting, media sosial, komunikasi massa, media digital",Inggris,E-book,396,978-1-944391-64-5,9999
BK01271,Dasar-Dasar Media Digital,"Lukita Mandasari, S.Ked",Salemba Empat,2018,"Fakultas Sosial, Humaniora, & Seni",Ilmu Komunikasi,Komunikasi & Media,"Buku ini menyajikan kajian komprehensif mengenai hubungan masyarakat dan citra publik, strategi media dan publikasi, serta dinamika komunikasi massa. Disusun dengan bahasa yang mudah dipahami untuk kalangan akademik.","jurnalistik, komunikasi massa, public relations, broadcasting",Indonesia,Fisik,217,978-1-934292-91-4,7
BK01272,Komunikasi Massa di Era Digital,"Drajat Mustofa, S.Gz",Rajawali Pers,2006,"Fakultas Sosial, Humaniora, & Seni",Ilmu Komunikasi,Komunikasi & Media,"Buku ini dirancang sebagai panduan untuk memahami pengaruh media sosial terhadap opini publik, hubungan masyarakat dan citra publik, serta dinamika komunikasi massa. Dilengkapi dengan contoh kasus dan studi lapangan yang relevan.","komunikasi massa, public relations, media sosial, broadcasting",Indonesia,E-book,549,978-0-01-623419-4,9999
BK01273,Dasar-Dasar Komunikasi Massa Edisi Ke-2,Martana Pranowo,Graha Ilmu,2006,"Fakultas Sosial, Humaniora, & Seni",Ilmu Komunikasi,Komunikasi & Media,"Buku ini mengulas berbagai aspek penting dari pengaruh media sosial terhadap opini publik, jurnalisme di era digital, serta hubungan masyarakat dan citra publik. Membantu pembaca membangun pemahaman konseptual maupun praktis.","public relations, komunikasi massa, media sosial, jurnalistik",Indonesia,Fisik,243,978-0-615-37221-1,2
BK01274,Pengantar Komunikasi Interpersonal,"dr. Jane Zulkarnain, S.Sos, Karja Zulaika, S.T.",Pustaka Pelajar,2005,"Fakultas Sosial, Humaniora, & Seni",Ilmu Komunikasi,Komunikasi & Media,"Buku ini dirancang sebagai panduan untuk memahami dinamika komunikasi massa, jurnalisme di era digital, serta pengaruh media sosial terhadap opini publik. Menjadi rujukan penting dalam perkuliahan dan penelitian terkait.","public relations, media sosial, media digital, komunikasi interpersonal",Inggris,Fisik,306,978-0-236-53377-0,4
BK01275,Strategi Media Sosial dan Masyarakat,Maya Hardiansyah,Graha Ilmu,2007,"Fakultas Sosial, Humaniora, & Seni",Ilmu Komunikasi,Komunikasi & Media,"Buku ini mengulas berbagai aspek penting dari dinamika komunikasi massa, hubungan masyarakat dan citra publik, serta pengaruh media sosial terhadap opini publik. Menjadi rujukan penting dalam perkuliahan dan penelitian terkait.","broadcasting, komunikasi interpersonal, media digital, media sosial",Indonesia,E-book,259,978-0-672-00784-2,9999
BK01276,Strategi Media Digital,"Hendri Kusumo, Dinda Suryono",Salemba Empat,2005,"Fakultas Sosial, Humaniora, & Seni",Ilmu Komunikasi,Komunikasi & Media,"Buku ini mengulas berbagai aspek penting dari pengaruh media sosial terhadap opini publik, hubungan masyarakat dan citra publik, serta dinamika komunikasi massa. Dilengkapi dengan contoh kasus dan studi lapangan yang relevan.","public relations, media digital, media sosial, jurnalistik",Inggris,Fisik,498,978-0-607-81975-5,8
BK01277,Pengantar Jurnalistik,Syahrini Prasetyo,Kencana Prenada,2017,"Fakultas Sosial, Humaniora, & Seni",Ilmu Komunikasi,Komunikasi & Media,"Buku ini mengulas berbagai aspek penting dari pengaruh media sosial terhadap opini publik, hubungan masyarakat dan citra publik, serta dinamika komunikasi massa. Cocok digunakan sebagai referensi utama bagi mahasiswa dan praktisi.","public relations, komunikasi massa, media digital, broadcasting",Indonesia,Fisik,322,978-0-476-42737-2,3
BK01278,Pengantar Public Relations Edisi Revisi,Agus Prakasa,Deepublish,2008,"Fakultas Sosial, Humaniora, & Seni",Ilmu Komunikasi,Komunikasi & Media,"Buku ini membahas secara mendalam tentang dinamika komunikasi massa, strategi media dan publikasi, serta jurnalisme di era digital. Membantu pembaca membangun pemahaman konseptual maupun praktis.","public relations, jurnalistik, komunikasi massa, komunikasi interpersonal",Indonesia,E-book,241,978-1-388-21458-6,9999
BK01279,Dasar-Dasar Public Relations Edisi Ke-3,Shakila Januar,Rajawali Pers,2012,"Fakultas Sosial, Humaniora, & Seni",Ilmu Komunikasi,Komunikasi & Media,"Buku ini dirancang sebagai panduan untuk memahami pengaruh media sosial terhadap opini publik, hubungan masyarakat dan citra publik, serta jurnalisme di era digital. Disusun dengan bahasa yang mudah dipahami untuk kalangan akademik.","media sosial, media digital, public relations, jurnalistik",Indonesia,Fisik,141,978-1-60191-344-9,0
BK01280,Pengantar Jurnalistik,"Sutan Praba Winarsih, M.Pd",Graha Ilmu,2006,"Fakultas Sosial, Humaniora, & Seni",Ilmu Komunikasi,Komunikasi & Media,"Buku ini dirancang sebagai panduan untuk memahami jurnalisme di era digital, pengaruh media sosial terhadap opini publik, serta hubungan masyarakat dan citra publik. Dilengkapi dengan contoh kasus dan studi lapangan yang relevan.","broadcasting, public relations, jurnalistik, komunikasi interpersonal",Indonesia,E-book,405,978-1-80205-869-7,9999
BK01281,Public Relations di Era Digital Edisi Revisi,"Ade Laksmiwati, Cengkir Kurniawan",Bumi Aksara,2011,"Fakultas Sosial, Humaniora, & Seni",Ilmu Komunikasi,Komunikasi & Media,"Buku ini mengulas berbagai aspek penting dari pengaruh media sosial terhadap opini publik, hubungan masyarakat dan citra publik, serta strategi media dan publikasi. Membantu pembaca membangun pemahaman konseptual maupun praktis.","komunikasi massa, media sosial, komunikasi interpersonal, broadcasting",Indonesia,Fisik,323,978-1-4493-6999-6,6
BK01282,Dasar-Dasar Komunikasi Interpersonal,Cinta Wibowo,Kencana Prenada,2005,"Fakultas Sosial, Humaniora, & Seni",Ilmu Komunikasi,Komunikasi & Media,"Buku ini memberikan pemahaman menyeluruh tentang dinamika komunikasi massa, jurnalisme di era digital, serta hubungan masyarakat dan citra publik. Menjadi rujukan penting dalam perkuliahan dan penelitian terkait.","komunikasi massa, public relations, komunikasi interpersonal, media sosial",Inggris,Fisik,535,978-0-350-55738-6,6
BK01283,Komunikasi Interpersonal di Era Digital,Nilam Pradana,UI Press,2007,"Fakultas Sosial, Humaniora, & Seni",Ilmu Komunikasi,Komunikasi & Media,"Buku ini menyajikan kajian komprehensif mengenai hubungan masyarakat dan citra publik, dinamika komunikasi massa, serta pengaruh media sosial terhadap opini publik. Disusun dengan bahasa yang mudah dipahami untuk kalangan akademik.","jurnalistik, public relations, media digital, media sosial",Indonesia,Fisik,156,978-0-11-923603-3,5
BK01284,Pengantar Komunikasi Massa,Laras Nasyidah,Nuha Medika,2021,"Fakultas Sosial, Humaniora, & Seni",Ilmu Komunikasi,Komunikasi & Media,"Buku ini membahas secara mendalam tentang dinamika komunikasi massa, jurnalisme di era digital, serta strategi media dan publikasi. Disusun dengan bahasa yang mudah dipahami untuk kalangan akademik.","media sosial, komunikasi massa, public relations, komunikasi interpersonal",Indonesia,Fisik,186,978-0-87233-351-2,2
BK01285,Komunikasi Massa di Era Digital Edisi Ke-3,Edi Anggriawan,Erlangga,2019,"Fakultas Sosial, Humaniora, & Seni",Ilmu Komunikasi,Komunikasi & Media,"Buku ini membahas secara mendalam tentang jurnalisme di era digital, pengaruh media sosial terhadap opini publik, serta dinamika komunikasi massa. Disusun dengan bahasa yang mudah dipahami untuk kalangan akademik.","komunikasi interpersonal, jurnalistik, komunikasi massa, public relations",Indonesia,E-book,355,978-0-497-31539-9,9999
BK01286,Memahami Media Sosial dan Masyarakat Edisi Terbaru,Bakiman Ramadan,Elex Media Komputindo,2012,"Fakultas Sosial, Humaniora, & Seni",Ilmu Komunikasi,Komunikasi & Media,"Buku ini membahas secara mendalam tentang hubungan masyarakat dan citra publik, jurnalisme di era digital, serta strategi media dan publikasi. Membantu pembaca membangun pemahaman konseptual maupun praktis.","media sosial, jurnalistik, public relations, media digital",Indonesia,E-book,430,978-0-7482-0736-7,9999
BK01287,Media Sosial dan Masyarakat di Era Digital,Cinthia Irawan,Alfabeta,2007,"Fakultas Sosial, Humaniora, & Seni",Ilmu Komunikasi,Komunikasi & Media,"Buku ini memberikan pemahaman menyeluruh tentang dinamika komunikasi massa, strategi media dan publikasi, serta pengaruh media sosial terhadap opini publik. Menjadi rujukan penting dalam perkuliahan dan penelitian terkait.","komunikasi interpersonal, komunikasi massa, jurnalistik, public relations",Indonesia,Fisik,532,978-1-06-557820-8,1
BK01288,Dasar-Dasar Komunikasi Massa,"Cinta Utami, M.Farm",PT Grasindo,2023,"Fakultas Sosial, Humaniora, & Seni",Ilmu Komunikasi,Komunikasi & Media,"Buku ini menyajikan kajian komprehensif mengenai pengaruh media sosial terhadap opini publik, hubungan masyarakat dan citra publik, serta dinamika komunikasi massa. Dilengkapi dengan contoh kasus dan studi lapangan yang relevan.","media digital, broadcasting, media sosial, komunikasi interpersonal",Indonesia,Fisik,140,978-1-322-30233-1,2
BK01289,Jurnalistik di Era Digital,Cahyadi Sihombing,Deepublish,2024,"Fakultas Sosial, Humaniora, & Seni",Ilmu Komunikasi,Komunikasi & Media,"Buku ini memberikan pemahaman menyeluruh tentang jurnalisme di era digital, strategi media dan publikasi, serta hubungan masyarakat dan citra publik. Dilengkapi dengan contoh kasus dan studi lapangan yang relevan.","broadcasting, public relations, media sosial, media digital",Indonesia,E-book,393,978-0-7392-0135-0,9999
BK01290,Dasar-Dasar Komunikasi Massa Edisi Ke-2,"Praba Salahudin, S.Farm, Malik Haryanto",Bumi Aksara,2013,"Fakultas Sosial, Humaniora, & Seni",Ilmu Komunikasi,Komunikasi & Media,"Buku ini menyajikan kajian komprehensif mengenai hubungan masyarakat dan citra publik, strategi media dan publikasi, serta dinamika komunikasi massa. Membantu pembaca membangun pemahaman konseptual maupun praktis.","komunikasi massa, jurnalistik, broadcasting, komunikasi interpersonal",Indonesia,Fisik,272,978-1-60250-826-2,7
BK01291,Memahami Komunikasi Interpersonal,Bakiadi Manullang,PT Grasindo,2009,"Fakultas Sosial, Humaniora, & Seni",Ilmu Komunikasi,Komunikasi & Media,"Buku ini mengulas berbagai aspek penting dari jurnalisme di era digital, dinamika komunikasi massa, serta strategi media dan publikasi. Disusun dengan bahasa yang mudah dipahami untuk kalangan akademik.","komunikasi massa, media sosial, public relations, jurnalistik",Indonesia,Fisik,285,978-0-261-63248-6,6
BK01292,Dasar-Dasar Komunikasi Interpersonal,"Puti Wastuti, M.TI., Ir. Julia Hartati",Salemba Empat,2018,"Fakultas Sosial, Humaniora, & Seni",Ilmu Komunikasi,Komunikasi & Media,"Buku ini menyajikan kajian komprehensif mengenai strategi media dan publikasi, pengaruh media sosial terhadap opini publik, serta jurnalisme di era digital. Dilengkapi dengan contoh kasus dan studi lapangan yang relevan.","komunikasi massa, media sosial, public relations, jurnalistik",Indonesia,Fisik,350,978-0-7629-7454-2,7
BK01293,Dasar-Dasar Jurnalistik,R.A. Uchita Damanik,Gramedia Pustaka Utama,2019,"Fakultas Sosial, Humaniora, & Seni",Ilmu Komunikasi,Komunikasi & Media,"Buku ini memberikan pemahaman menyeluruh tentang hubungan masyarakat dan citra publik, jurnalisme di era digital, serta pengaruh media sosial terhadap opini publik. Cocok digunakan sebagai referensi utama bagi mahasiswa dan praktisi.","media sosial, komunikasi interpersonal, komunikasi massa, public relations",Indonesia,E-book,305,978-1-4687-1912-3,9999
BK01294,Dasar-Dasar Media Digital,Dartono Nasyidah,Erlangga,2014,"Fakultas Sosial, Humaniora, & Seni",Ilmu Komunikasi,Komunikasi & Media,"Buku ini membahas secara mendalam tentang strategi media dan publikasi, jurnalisme di era digital, serta dinamika komunikasi massa. Menjadi rujukan penting dalam perkuliahan dan penelitian terkait.","jurnalistik, media digital, komunikasi interpersonal, broadcasting",Indonesia,Fisik,258,978-1-69208-283-3,0
BK01295,Strategi Public Relations,"R.M. Dimas Hardiansyah, M.TI.",Elex Media Komputindo,2017,"Fakultas Sosial, Humaniora, & Seni",Ilmu Komunikasi,Komunikasi & Media,"Buku ini membahas secara mendalam tentang hubungan masyarakat dan citra publik, strategi media dan publikasi, serta dinamika komunikasi massa. Dilengkapi dengan contoh kasus dan studi lapangan yang relevan.","public relations, media digital, jurnalistik, komunikasi massa",Indonesia,E-book,526,978-0-88158-814-9,9999
BK01296,Media Digital di Era Digital,"Juli Pudjiastuti, Raden Nugroho",Pustaka Pelajar,2023,"Fakultas Sosial, Humaniora, & Seni",Ilmu Komunikasi,Komunikasi & Media,"Buku ini dirancang sebagai panduan untuk memahami pengaruh media sosial terhadap opini publik, strategi media dan publikasi, serta dinamika komunikasi massa. Dilengkapi dengan contoh kasus dan studi lapangan yang relevan.","public relations, jurnalistik, media sosial, broadcasting",Indonesia,E-book,524,978-1-7323182-9-8,9999
BK01297,Komunikasi Interpersonal di Era Digital,Belinda Anggraini,Informatika Bandung,2009,"Fakultas Sosial, Humaniora, & Seni",Ilmu Komunikasi,Komunikasi & Media,"Buku ini dirancang sebagai panduan untuk memahami jurnalisme di era digital, dinamika komunikasi massa, serta strategi media dan publikasi. Dilengkapi dengan contoh kasus dan studi lapangan yang relevan.","komunikasi massa, komunikasi interpersonal, media sosial, jurnalistik",Inggris,Fisik,230,978-1-72450-000-7,2
BK01298,Dasar-Dasar Komunikasi Interpersonal,"Ir. Muhammad Dongoran, S.Ked",Kencana Prenada,2015,"Fakultas Sosial, Humaniora, & Seni",Ilmu Komunikasi,Komunikasi & Media,"Buku ini mengulas berbagai aspek penting dari dinamika komunikasi massa, jurnalisme di era digital, serta hubungan masyarakat dan citra publik. Membantu pembaca membangun pemahaman konseptual maupun praktis.","media digital, komunikasi massa, broadcasting, media sosial",Indonesia,Fisik,122,978-1-291-13717-0,1
BK01299,Strategi Media Digital,"Dr. Marsudi Wahyudin, S.Gz",Nuha Medika,2017,"Fakultas Sosial, Humaniora, & Seni",Ilmu Komunikasi,Komunikasi & Media,"Buku ini menyajikan kajian komprehensif mengenai hubungan masyarakat dan citra publik, jurnalisme di era digital, serta dinamika komunikasi massa. Disusun dengan bahasa yang mudah dipahami untuk kalangan akademik.","media digital, broadcasting, media sosial, jurnalistik",Inggris,Fisik,382,978-0-556-18444-7,8
BK01300,Dasar-Dasar Jurnalistik,Bakiadi Palastri,PT Grasindo,2006,"Fakultas Sosial, Humaniora, & Seni",Ilmu Komunikasi,Komunikasi & Media,"Buku ini memberikan pemahaman menyeluruh tentang pengaruh media sosial terhadap opini publik, jurnalisme di era digital, serta dinamika komunikasi massa. Membantu pembaca membangun pemahaman konseptual maupun praktis.","media sosial, public relations, komunikasi massa, jurnalistik",Indonesia,E-book,222,978-1-4781-2248-7,9999
BK01301,Memahami Media Sosial dan Masyarakat,Cut Iriana Wibowo,Nuha Medika,2018,"Fakultas Sosial, Humaniora, & Seni",Ilmu Komunikasi,Komunikasi & Media,"Buku ini mengulas berbagai aspek penting dari hubungan masyarakat dan citra publik, dinamika komunikasi massa, serta jurnalisme di era digital. Membantu pembaca membangun pemahaman konseptual maupun praktis.","media sosial, komunikasi interpersonal, broadcasting, jurnalistik",Indonesia,E-book,516,978-0-86700-900-2,9999
BK01302,Dasar-Dasar Media Sosial dan Masyarakat,"Elon Prasasta, S.Sos",Salemba Empat,2006,"Fakultas Sosial, Humaniora, & Seni",Ilmu Komunikasi,Komunikasi & Media,"Buku ini membahas secara mendalam tentang strategi media dan publikasi, hubungan masyarakat dan citra publik, serta dinamika komunikasi massa. Membantu pembaca membangun pemahaman konseptual maupun praktis.","broadcasting, komunikasi interpersonal, public relations, media digital",Inggris,Fisik,316,978-1-158-48266-5,6
BK01303,Pengantar Komunikasi Massa,Puti Gilda Zulkarnain,Graha Ilmu,2015,"Fakultas Sosial, Humaniora, & Seni",Ilmu Komunikasi,Komunikasi & Media,"Buku ini dirancang sebagai panduan untuk memahami jurnalisme di era digital, pengaruh media sosial terhadap opini publik, serta strategi media dan publikasi. Menjadi rujukan penting dalam perkuliahan dan penelitian terkait.","jurnalistik, media sosial, public relations, komunikasi interpersonal",Indonesia,Fisik,300,978-1-83550-542-7,1
BK01304,Strategi Komunikasi Digital,"Drs. Harimurti Gunarto, M.Pd, Azalea Utami, M.Kom.",UI Press,2006,"Fakultas Sosial, Humaniora, & Seni",Ilmu Komunikasi,Jurnalistik & Media Digital,"Buku ini menyajikan kajian komprehensif mengenai etika jurnalistik di era digital, komunikasi digital dan audiens, serta jurnalisme online kontemporer. Disusun dengan bahasa yang mudah dipahami untuk kalangan akademik.","media sosial, komunikasi digital, konten kreator, media digital",Indonesia,Fisik,315,978-1-336-99879-7,5
BK01305,Jurnalistik Digital di Era Digital Edisi Ke-3,Winda Budiyanto,Informatika Bandung,2018,"Fakultas Sosial, Humaniora, & Seni",Ilmu Komunikasi,Jurnalistik & Media Digital,"Buku ini menyajikan kajian komprehensif mengenai produksi berita di media digital, strategi konten media sosial, serta etika jurnalistik di era digital. Membantu pembaca membangun pemahaman konseptual maupun praktis.","produksi berita, jurnalistik, media sosial, media digital",Indonesia,E-book,517,978-0-10-401648-0,9999
BK01306,Komunikasi Digital di Era Digital,Tirtayasa Puspita,Elex Media Komputindo,2009,"Fakultas Sosial, Humaniora, & Seni",Ilmu Komunikasi,Jurnalistik & Media Digital,"Buku ini mengulas berbagai aspek penting dari strategi konten media sosial, produksi berita di media digital, serta jurnalisme online kontemporer. Disusun dengan bahasa yang mudah dipahami untuk kalangan akademik.","media sosial, jurnalistik, media digital, konten kreator",Inggris,Fisik,208,978-1-4287-7383-7,0
BK01307,Dasar-Dasar Content Creation,Tina Nainggolan,Informatika Bandung,2023,"Fakultas Sosial, Humaniora, & Seni",Ilmu Komunikasi,Jurnalistik & Media Digital,"Buku ini dirancang sebagai panduan untuk memahami produksi berita di media digital, strategi konten media sosial, serta komunikasi digital dan audiens. Cocok digunakan sebagai referensi utama bagi mahasiswa dan praktisi.","jurnalistik, komunikasi digital, produksi berita, media sosial",Indonesia,E-book,363,978-1-4321-2694-0,9999
BK01308,Praktik Komunikasi Digital Edisi Ke-3,"Ella Nurdiyanti, M.Farm",Gramedia Pustaka Utama,2021,"Fakultas Sosial, Humaniora, & Seni",Ilmu Komunikasi,Jurnalistik & Media Digital,"Buku ini dirancang sebagai panduan untuk memahami strategi konten media sosial, jurnalisme online kontemporer, serta etika jurnalistik di era digital. Disusun dengan bahasa yang mudah dipahami untuk kalangan akademik.","media digital, komunikasi digital, produksi berita, jurnalistik",Indonesia,Fisik,141,978-1-4203-6258-9,7
BK01309,Komunikasi Digital di Era Digital,Gabriella Jailani,Erlangga,2023,"Fakultas Sosial, Humaniora, & Seni",Ilmu Komunikasi,Jurnalistik & Media Digital,"Buku ini membahas secara mendalam tentang strategi konten media sosial, jurnalisme online kontemporer, serta komunikasi digital dan audiens. Disusun dengan bahasa yang mudah dipahami untuk kalangan akademik.","komunikasi digital, jurnalistik, produksi berita, media digital",Indonesia,E-book,341,978-1-170-64625-0,9999
BK01310,Pengantar Content Creation,"Tgk. Praba Siregar, S.Gz, Hadi Pradana",Gramedia Pustaka Utama,2024,"Fakultas Sosial, Humaniora, & Seni",Ilmu Komunikasi,Jurnalistik & Media Digital,"Buku ini dirancang sebagai panduan untuk memahami etika jurnalistik di era digital, strategi konten media sosial, serta komunikasi digital dan audiens. Disusun dengan bahasa yang mudah dipahami untuk kalangan akademik.","jurnalistik, media digital, konten kreator, komunikasi digital",Inggris,Fisik,279,978-1-82430-176-4,2
BK01311,Pengantar Jurnalistik Digital,Laras Setiawan,Bumi Aksara,2008,"Fakultas Sosial, Humaniora, & Seni",Ilmu Komunikasi,Jurnalistik & Media Digital,"Buku ini dirancang sebagai panduan untuk memahami komunikasi digital dan audiens, etika jurnalistik di era digital, serta strategi konten media sosial. Disusun dengan bahasa yang mudah dipahami untuk kalangan akademik.","media sosial, konten kreator, produksi berita, komunikasi digital",Indonesia,E-book,337,978-0-315-38882-6,9999
BK01312,Praktik Produksi Berita Edisi Ke-2,"Tgk. Julia Mansur, M.M.",Kencana Prenada,2010,"Fakultas Sosial, Humaniora, & Seni",Ilmu Komunikasi,Jurnalistik & Media Digital,"Buku ini dirancang sebagai panduan untuk memahami etika jurnalistik di era digital, jurnalisme online kontemporer, serta produksi berita di media digital. Menjadi rujukan penting dalam perkuliahan dan penelitian terkait.","produksi berita, komunikasi digital, media sosial, konten kreator",Indonesia,Fisik,339,978-1-04-043333-1,0
BK01313,Praktik Komunikasi Digital,"Tgk. Dagel Novitasari, S.T.",PT Grasindo,2005,"Fakultas Sosial, Humaniora, & Seni",Ilmu Komunikasi,Jurnalistik & Media Digital,"Buku ini memberikan pemahaman menyeluruh tentang jurnalisme online kontemporer, strategi konten media sosial, serta produksi berita di media digital. Dilengkapi dengan contoh kasus dan studi lapangan yang relevan.","media digital, media sosial, komunikasi digital, konten kreator",Inggris,Fisik,422,978-0-632-11197-8,3
BK01314,Jurnalistik Digital di Era Digital,drg. Najam Maheswara,Informatika Bandung,2014,"Fakultas Sosial, Humaniora, & Seni",Ilmu Komunikasi,Jurnalistik & Media Digital,"Buku ini mengulas berbagai aspek penting dari strategi konten media sosial, komunikasi digital dan audiens, serta etika jurnalistik di era digital. Membantu pembaca membangun pemahaman konseptual maupun praktis.","jurnalistik, media sosial, media digital, komunikasi digital",Indonesia,Fisik,198,978-0-391-37326-6,3
BK01315,Strategi Produksi Berita Edisi Terbaru,"Gaman Prasetyo, S.Gz, Zulaikha Firmansyah",Informatika Bandung,2006,"Fakultas Sosial, Humaniora, & Seni",Ilmu Komunikasi,Jurnalistik & Media Digital,"Buku ini dirancang sebagai panduan untuk memahami strategi konten media sosial, etika jurnalistik di era digital, serta komunikasi digital dan audiens. Cocok digunakan sebagai referensi utama bagi mahasiswa dan praktisi.","komunikasi digital, konten kreator, jurnalistik, media sosial",Indonesia,Fisik,529,978-0-9875617-8-7,8
BK01316,Dasar-Dasar Content Creation,"drg. Victoria Puspasari, M.TI.",Graha Ilmu,2020,"Fakultas Sosial, Humaniora, & Seni",Ilmu Komunikasi,Jurnalistik & Media Digital,"Buku ini memberikan pemahaman menyeluruh tentang jurnalisme online kontemporer, produksi berita di media digital, serta etika jurnalistik di era digital. Menjadi rujukan penting dalam perkuliahan dan penelitian terkait.","media sosial, komunikasi digital, produksi berita, konten kreator",Indonesia,Fisik,423,978-0-230-09156-6,8
BK01317,Praktik Content Creation,"Kunthara Mahendra, Ir. Paramita Budiman, S.H.",Erlangga,2020,"Fakultas Sosial, Humaniora, & Seni",Ilmu Komunikasi,Jurnalistik & Media Digital,"Buku ini membahas secara mendalam tentang produksi berita di media digital, jurnalisme online kontemporer, serta komunikasi digital dan audiens. Disusun dengan bahasa yang mudah dipahami untuk kalangan akademik.","media sosial, media digital, konten kreator, produksi berita",Indonesia,Fisik,381,978-1-77449-160-7,6
BK01318,Strategi Content Creation Edisi Ke-3,Hj. Gabriella Wijaya,Salemba Empat,2007,"Fakultas Sosial, Humaniora, & Seni",Ilmu Komunikasi,Jurnalistik & Media Digital,"Buku ini memberikan pemahaman menyeluruh tentang produksi berita di media digital, strategi konten media sosial, serta etika jurnalistik di era digital. Menjadi rujukan penting dalam perkuliahan dan penelitian terkait.","media sosial, konten kreator, media digital, produksi berita",Indonesia,E-book,324,978-1-201-49118-7,9999
BK01319,Pengantar Jurnalistik Digital,"Prasetyo Permata, S.Pd",PT Grasindo,2021,"Fakultas Sosial, Humaniora, & Seni",Ilmu Komunikasi,Jurnalistik & Media Digital,"Buku ini dirancang sebagai panduan untuk memahami produksi berita di media digital, etika jurnalistik di era digital, serta komunikasi digital dan audiens. Membantu pembaca membangun pemahaman konseptual maupun praktis.","komunikasi digital, jurnalistik, produksi berita, media sosial",Indonesia,E-book,512,978-1-336-87509-8,9999
BK01320,Dasar-Dasar Komunikasi Digital Edisi Terbaru,Praba Wasita,Salemba Empat,2023,"Fakultas Sosial, Humaniora, & Seni",Ilmu Komunikasi,Jurnalistik & Media Digital,"Buku ini memberikan pemahaman menyeluruh tentang komunikasi digital dan audiens, strategi konten media sosial, serta produksi berita di media digital. Dilengkapi dengan contoh kasus dan studi lapangan yang relevan.","komunikasi digital, jurnalistik, konten kreator, media sosial",Inggris,E-book,430,978-0-239-98213-1,9999
BK01321,Pengantar Media Sosial,Ika Sitorus,Nuha Medika,2015,"Fakultas Sosial, Humaniora, & Seni",Ilmu Komunikasi,Jurnalistik & Media Digital,"Buku ini memberikan pemahaman menyeluruh tentang strategi konten media sosial, jurnalisme online kontemporer, serta produksi berita di media digital. Menjadi rujukan penting dalam perkuliahan dan penelitian terkait.","media sosial, produksi berita, konten kreator, jurnalistik",Inggris,E-book,520,978-1-114-04288-9,9999
BK01322,Pengantar Media Sosial,Ulva Gunarto,Graha Ilmu,2015,"Fakultas Sosial, Humaniora, & Seni",Ilmu Komunikasi,Jurnalistik & Media Digital,"Buku ini menyajikan kajian komprehensif mengenai produksi berita di media digital, strategi konten media sosial, serta jurnalisme online kontemporer. Cocok digunakan sebagai referensi utama bagi mahasiswa dan praktisi.","media sosial, konten kreator, media digital, produksi berita",Indonesia,E-book,141,978-0-537-66608-5,9999
BK01323,Strategi Jurnalistik Digital,"Cinta Latupono, S.E.I",Elex Media Komputindo,2016,"Fakultas Sosial, Humaniora, & Seni",Ilmu Komunikasi,Jurnalistik & Media Digital,"Buku ini membahas secara mendalam tentang jurnalisme online kontemporer, etika jurnalistik di era digital, serta strategi konten media sosial. Disusun dengan bahasa yang mudah dipahami untuk kalangan akademik.","komunikasi digital, media sosial, media digital, produksi berita",Indonesia,Fisik,279,978-0-03-083566-7,1
BK01324,Strategi Jurnalistik Digital,Puti Yuliana Dongoran,PT Grasindo,2015,"Fakultas Sosial, Humaniora, & Seni",Ilmu Komunikasi,Jurnalistik & Media Digital,"Buku ini memberikan pemahaman menyeluruh tentang strategi konten media sosial, komunikasi digital dan audiens, serta jurnalisme online kontemporer. Cocok digunakan sebagai referensi utama bagi mahasiswa dan praktisi.","media digital, konten kreator, produksi berita, jurnalistik",Indonesia,E-book,139,978-0-7153-1234-6,9999
BK01325,Strategi Content Creation,"Kani Habibi, drg. Oni Pudjiastuti, S.E.",Informatika Bandung,2013,"Fakultas Sosial, Humaniora, & Seni",Ilmu Komunikasi,Jurnalistik & Media Digital,"Buku ini dirancang sebagai panduan untuk memahami jurnalisme online kontemporer, etika jurnalistik di era digital, serta strategi konten media sosial. Disusun dengan bahasa yang mudah dipahami untuk kalangan akademik.","media digital, konten kreator, produksi berita, media sosial",Inggris,E-book,534,978-0-7768-2938-8,9999
BK01326,Dasar-Dasar Produksi Berita,"Tgk. Icha Gunarto, S.IP",Elex Media Komputindo,2020,"Fakultas Sosial, Humaniora, & Seni",Ilmu Komunikasi,Jurnalistik & Media Digital,"Buku ini dirancang sebagai panduan untuk memahami komunikasi digital dan audiens, strategi konten media sosial, serta produksi berita di media digital. Disusun dengan bahasa yang mudah dipahami untuk kalangan akademik.","media sosial, produksi berita, jurnalistik, konten kreator",Inggris,E-book,458,978-1-80873-543-1,9999
BK01327,Dasar-Dasar Media Sosial,Zelda Widiastuti,Elex Media Komputindo,2022,"Fakultas Sosial, Humaniora, & Seni",Ilmu Komunikasi,Jurnalistik & Media Digital,"Buku ini dirancang sebagai panduan untuk memahami komunikasi digital dan audiens, strategi konten media sosial, serta produksi berita di media digital. Menjadi rujukan penting dalam perkuliahan dan penelitian terkait.","media sosial, media digital, komunikasi digital, produksi berita",Indonesia,Fisik,409,978-1-03-359101-7,1
BK01328,Praktik Media Sosial,"Hairyanto Hartati, S.Ked",UI Press,2007,"Fakultas Sosial, Humaniora, & Seni",Ilmu Komunikasi,Jurnalistik & Media Digital,"Buku ini memberikan pemahaman menyeluruh tentang strategi konten media sosial, jurnalisme online kontemporer, serta produksi berita di media digital. Disusun dengan bahasa yang mudah dipahami untuk kalangan akademik.","konten kreator, media digital, komunikasi digital, jurnalistik",Indonesia,E-book,246,978-1-991449-20-7,9999
BK01329,Strategi Jurnalistik Digital,"Mila Rajasa, M.Farm",UI Press,2023,"Fakultas Sosial, Humaniora, & Seni",Ilmu Komunikasi,Jurnalistik & Media Digital,"Buku ini membahas secara mendalam tentang jurnalisme online kontemporer, komunikasi digital dan audiens, serta produksi berita di media digital. Disusun dengan bahasa yang mudah dipahami untuk kalangan akademik.","produksi berita, konten kreator, media sosial, media digital",Indonesia,E-book,162,978-1-9996996-4-2,9999
BK01330,Content Creation di Era Digital Edisi Revisi,"Drs. Syahrini Suartini, M.Ak",Bumi Aksara,2007,"Fakultas Sosial, Humaniora, & Seni",Ilmu Komunikasi,Jurnalistik & Media Digital,"Buku ini dirancang sebagai panduan untuk memahami produksi berita di media digital, etika jurnalistik di era digital, serta strategi konten media sosial. Membantu pembaca membangun pemahaman konseptual maupun praktis.","produksi berita, jurnalistik, media digital, komunikasi digital",Indonesia,Fisik,523,978-0-8428-5969-1,4
BK01331,Strategi Komunikasi Digital,"Cakrajiya Sitompul, Puti Ida Damanik",Salemba Empat,2023,"Fakultas Sosial, Humaniora, & Seni",Ilmu Komunikasi,Jurnalistik & Media Digital,"Buku ini membahas secara mendalam tentang komunikasi digital dan audiens, etika jurnalistik di era digital, serta strategi konten media sosial. Dilengkapi dengan contoh kasus dan studi lapangan yang relevan.","komunikasi digital, produksi berita, media digital, konten kreator",Inggris,Fisik,460,978-0-231-23426-9,3
BK01332,Dasar-Dasar Produksi Berita,Padmi Purwanti,Nuha Medika,2017,"Fakultas Sosial, Humaniora, & Seni",Ilmu Komunikasi,Jurnalistik & Media Digital,"Buku ini menyajikan kajian komprehensif mengenai strategi konten media sosial, produksi berita di media digital, serta jurnalisme online kontemporer. Menjadi rujukan penting dalam perkuliahan dan penelitian terkait.","produksi berita, jurnalistik, media sosial, konten kreator",Inggris,Fisik,427,978-1-908726-17-9,6
BK01333,Strategi Komunikasi Digital,"dr. Tri Dabukke, M.M., Pangestu Pratama",Alfabeta,2012,"Fakultas Sosial, Humaniora, & Seni",Ilmu Komunikasi,Jurnalistik & Media Digital,"Buku ini menyajikan kajian komprehensif mengenai strategi konten media sosial, produksi berita di media digital, serta komunikasi digital dan audiens. Dilengkapi dengan contoh kasus dan studi lapangan yang relevan.","produksi berita, media sosial, media digital, komunikasi digital",Indonesia,Fisik,226,978-0-89359-538-8,7
BK01334,Praktik Produksi Berita,Maryadi Purwanti,PT Grasindo,2013,"Fakultas Sosial, Humaniora, & Seni",Ilmu Komunikasi,Jurnalistik & Media Digital,"Buku ini menyajikan kajian komprehensif mengenai komunikasi digital dan audiens, produksi berita di media digital, serta strategi konten media sosial. Disusun dengan bahasa yang mudah dipahami untuk kalangan akademik.","komunikasi digital, jurnalistik, konten kreator, media digital",Indonesia,Fisik,270,978-1-05-612996-9,0
BK01335,Pengantar Produksi Berita,Ana Pudjiastuti,PT Grasindo,2008,"Fakultas Sosial, Humaniora, & Seni",Ilmu Komunikasi,Jurnalistik & Media Digital,"Buku ini memberikan pemahaman menyeluruh tentang komunikasi digital dan audiens, jurnalisme online kontemporer, serta produksi berita di media digital. Cocok digunakan sebagai referensi utama bagi mahasiswa dan praktisi.","media sosial, produksi berita, konten kreator, media digital",Indonesia,Fisik,504,978-1-958264-18-8,2
BK01336,Pengantar Jurnalistik Digital,Queen Waluyo,PT Grasindo,2019,"Fakultas Sosial, Humaniora, & Seni",Ilmu Komunikasi,Jurnalistik & Media Digital,"Buku ini menyajikan kajian komprehensif mengenai etika jurnalistik di era digital, strategi konten media sosial, serta jurnalisme online kontemporer. Menjadi rujukan penting dalam perkuliahan dan penelitian terkait.","produksi berita, media sosial, konten kreator, media digital",Indonesia,Fisik,272,978-1-130-87612-3,0
BK01337,Pengantar Content Creation,"Sutan Respati Nuraini, S.Psi",Pustaka Pelajar,2017,"Fakultas Sosial, Humaniora, & Seni",Ilmu Komunikasi,Jurnalistik & Media Digital,"Buku ini mengulas berbagai aspek penting dari strategi konten media sosial, jurnalisme online kontemporer, serta etika jurnalistik di era digital. Membantu pembaca membangun pemahaman konseptual maupun praktis.","konten kreator, produksi berita, komunikasi digital, jurnalistik",Indonesia,Fisik,393,978-0-434-68239-3,8
BK01338,Praktik Jurnalistik Digital,"KH. Galang Melani, S.T.",Bumi Aksara,2020,"Fakultas Sosial, Humaniora, & Seni",Ilmu Komunikasi,Jurnalistik & Media Digital,"Buku ini membahas secara mendalam tentang jurnalisme online kontemporer, komunikasi digital dan audiens, serta etika jurnalistik di era digital. Disusun dengan bahasa yang mudah dipahami untuk kalangan akademik.","media digital, jurnalistik, produksi berita, konten kreator",Indonesia,Fisik,303,978-0-273-00869-9,1
BK01339,Content Creation di Era Digital,Kayla Haryanto,Bumi Aksara,2015,"Fakultas Sosial, Humaniora, & Seni",Ilmu Komunikasi,Jurnalistik & Media Digital,"Buku ini membahas secara mendalam tentang strategi konten media sosial, produksi berita di media digital, serta etika jurnalistik di era digital. Membantu pembaca membangun pemahaman konseptual maupun praktis.","komunikasi digital, produksi berita, media digital, jurnalistik",Indonesia,Fisik,373,978-0-683-11395-2,6
BK01340,Dasar-Dasar Content Creation Edisi Ke-3,"Cut Alika Haryanto, S.Sos",Andi Publisher,2015,"Fakultas Sosial, Humaniora, & Seni",Ilmu Komunikasi,Jurnalistik & Media Digital,"Buku ini dirancang sebagai panduan untuk memahami produksi berita di media digital, jurnalisme online kontemporer, serta etika jurnalistik di era digital. Cocok digunakan sebagai referensi utama bagi mahasiswa dan praktisi.","jurnalistik, konten kreator, media sosial, komunikasi digital",Indonesia,Fisik,237,978-1-149-15076-4,6
BK01341,Praktik Komunikasi Digital Edisi Revisi,"R.M. Setya Usamah, M.TI.",Graha Ilmu,2021,"Fakultas Sosial, Humaniora, & Seni",Ilmu Komunikasi,Jurnalistik & Media Digital,"Buku ini dirancang sebagai panduan untuk memahami komunikasi digital dan audiens, produksi berita di media digital, serta etika jurnalistik di era digital. Menjadi rujukan penting dalam perkuliahan dan penelitian terkait.","jurnalistik, media sosial, konten kreator, produksi berita",Inggris,Fisik,185,978-1-62053-440-3,5
BK01342,Dasar-Dasar Komunikasi Digital,Maida Handayani,Deepublish,2013,"Fakultas Sosial, Humaniora, & Seni",Ilmu Komunikasi,Jurnalistik & Media Digital,"Buku ini membahas secara mendalam tentang strategi konten media sosial, etika jurnalistik di era digital, serta jurnalisme online kontemporer. Disusun dengan bahasa yang mudah dipahami untuk kalangan akademik.","jurnalistik, media digital, media sosial, produksi berita",Indonesia,Fisik,326,978-1-207-26629-1,0
BK01343,Pengantar Produksi Berita Edisi Terbaru,Gangsar Budiyanto,Bumi Aksara,2008,"Fakultas Sosial, Humaniora, & Seni",Ilmu Komunikasi,Jurnalistik & Media Digital,"Buku ini mengulas berbagai aspek penting dari jurnalisme online kontemporer, strategi konten media sosial, serta produksi berita di media digital. Cocok digunakan sebagai referensi utama bagi mahasiswa dan praktisi.","konten kreator, produksi berita, jurnalistik, komunikasi digital",Indonesia,Fisik,326,978-1-76029-914-9,6
BK01344,Dasar-Dasar Jurnalistik Digital,"Hasta Novitasari, Kasusra Saptono, S.Pt",Salemba Empat,2021,"Fakultas Sosial, Humaniora, & Seni",Ilmu Komunikasi,Jurnalistik & Media Digital,"Buku ini menyajikan kajian komprehensif mengenai produksi berita di media digital, komunikasi digital dan audiens, serta strategi konten media sosial. Dilengkapi dengan contoh kasus dan studi lapangan yang relevan.","konten kreator, komunikasi digital, media digital, jurnalistik",Indonesia,Fisik,189,978-0-373-12552-4,4
BK01345,Dasar-Dasar Media Sosial Edisi Ke-2,"Gangsar Wacana, Jarwa Palastri",Rajawali Pers,2007,"Fakultas Sosial, Humaniora, & Seni",Ilmu Komunikasi,Jurnalistik & Media Digital,"Buku ini dirancang sebagai panduan untuk memahami strategi konten media sosial, produksi berita di media digital, serta komunikasi digital dan audiens. Cocok digunakan sebagai referensi utama bagi mahasiswa dan praktisi.","media digital, jurnalistik, produksi berita, konten kreator",Indonesia,Fisik,393,978-1-03-211920-5,4
BK01346,Pengantar Content Creation Edisi Ke-2,Carla Prasetya,Informatika Bandung,2015,"Fakultas Sosial, Humaniora, & Seni",Ilmu Komunikasi,Jurnalistik & Media Digital,"Buku ini dirancang sebagai panduan untuk memahami strategi konten media sosial, etika jurnalistik di era digital, serta produksi berita di media digital. Disusun dengan bahasa yang mudah dipahami untuk kalangan akademik.","produksi berita, media digital, media sosial, jurnalistik",Indonesia,Fisik,184,978-0-85277-895-1,3
BK01347,Pengantar Content Creation,Dewi Nainggolan,Informatika Bandung,2018,"Fakultas Sosial, Humaniora, & Seni",Ilmu Komunikasi,Jurnalistik & Media Digital,"Buku ini dirancang sebagai panduan untuk memahami produksi berita di media digital, strategi konten media sosial, serta komunikasi digital dan audiens. Membantu pembaca membangun pemahaman konseptual maupun praktis.","produksi berita, komunikasi digital, media sosial, media digital",Indonesia,Fisik,209,978-1-184-44902-1,0
BK01348,Pengantar Komunikasi Digital,"Ir. Janet Hardiansyah, S.E.I",UI Press,2012,"Fakultas Sosial, Humaniora, & Seni",Ilmu Komunikasi,Jurnalistik & Media Digital,"Buku ini dirancang sebagai panduan untuk memahami etika jurnalistik di era digital, jurnalisme online kontemporer, serta produksi berita di media digital. Menjadi rujukan penting dalam perkuliahan dan penelitian terkait.","media sosial, media digital, produksi berita, konten kreator",Inggris,Fisik,291,978-1-80164-403-7,2
BK01349,Strategi Media Sosial,Farhunnisa Zulaika,Informatika Bandung,2024,"Fakultas Sosial, Humaniora, & Seni",Ilmu Komunikasi,Jurnalistik & Media Digital,"Buku ini dirancang sebagai panduan untuk memahami strategi konten media sosial, jurnalisme online kontemporer, serta produksi berita di media digital. Cocok digunakan sebagai referensi utama bagi mahasiswa dan praktisi.","jurnalistik, produksi berita, media sosial, media digital",Inggris,Fisik,173,978-0-678-12778-0,4
BK01350,Produksi Berita di Era Digital Edisi Ke-3,"Vinsen Nashiruddin, Aditya Marpaung",Informatika Bandung,2023,"Fakultas Sosial, Humaniora, & Seni",Ilmu Komunikasi,Jurnalistik & Media Digital,"Buku ini menyajikan kajian komprehensif mengenai jurnalisme online kontemporer, strategi konten media sosial, serta komunikasi digital dan audiens. Membantu pembaca membangun pemahaman konseptual maupun praktis.","media sosial, produksi berita, konten kreator, media digital",Indonesia,E-book,512,978-1-9821-3486-0,9999
BK01351,Pengantar Produksi Berita,Kemal Palastri,Deepublish,2007,"Fakultas Sosial, Humaniora, & Seni",Ilmu Komunikasi,Jurnalistik & Media Digital,"Buku ini mengulas berbagai aspek penting dari strategi konten media sosial, jurnalisme online kontemporer, serta produksi berita di media digital. Menjadi rujukan penting dalam perkuliahan dan penelitian terkait.","konten kreator, media sosial, komunikasi digital, produksi berita",Inggris,E-book,477,978-1-9736-3831-5,9999
BK01352,Pengantar Content Creation,"Drs. Elma Palastri, S.Psi",Rajawali Pers,2018,"Fakultas Sosial, Humaniora, & Seni",Ilmu Komunikasi,Jurnalistik & Media Digital,"Buku ini dirancang sebagai panduan untuk memahami jurnalisme online kontemporer, komunikasi digital dan audiens, serta produksi berita di media digital. Cocok digunakan sebagai referensi utama bagi mahasiswa dan praktisi.","media digital, produksi berita, media sosial, komunikasi digital",Inggris,E-book,395,978-0-539-70798-4,9999
BK01353,Content Creation di Era Digital,"Siska Aryani, S.Sos",PT Grasindo,2008,"Fakultas Sosial, Humaniora, & Seni",Ilmu Komunikasi,Jurnalistik & Media Digital,"Buku ini dirancang sebagai panduan untuk memahami produksi berita di media digital, jurnalisme online kontemporer, serta etika jurnalistik di era digital. Cocok digunakan sebagai referensi utama bagi mahasiswa dan praktisi.","komunikasi digital, konten kreator, jurnalistik, media digital",Indonesia,E-book,356,978-1-70673-682-0,9999
BK01354,Dasar-Dasar Produksi Berita Edisi Ke-2,"Cut Karimah Adriansyah, S.Sos",Informatika Bandung,2024,"Fakultas Sosial, Humaniora, & Seni",Ilmu Komunikasi,Jurnalistik & Media Digital,"Buku ini mengulas berbagai aspek penting dari strategi konten media sosial, produksi berita di media digital, serta komunikasi digital dan audiens. Membantu pembaca membangun pemahaman konseptual maupun praktis.","media sosial, jurnalistik, konten kreator, produksi berita",Inggris,E-book,484,978-0-223-55216-6,9999
BK01355,Praktik Produksi Berita,"Taufan Wahyuni, S.I.Kom, Prayoga Sitorus",PT Grasindo,2019,"Fakultas Sosial, Humaniora, & Seni",Ilmu Komunikasi,Jurnalistik & Media Digital,"Buku ini dirancang sebagai panduan untuk memahami jurnalisme online kontemporer, komunikasi digital dan audiens, serta produksi berita di media digital. Disusun dengan bahasa yang mudah dipahami untuk kalangan akademik.","media digital, jurnalistik, konten kreator, komunikasi digital",Indonesia,Fisik,448,978-0-469-21821-5,4
BK01356,Praktik Produksi Berita,R. Jane Purnawati,Bumi Aksara,2023,"Fakultas Sosial, Humaniora, & Seni",Ilmu Komunikasi,Jurnalistik & Media Digital,"Buku ini menyajikan kajian komprehensif mengenai etika jurnalistik di era digital, produksi berita di media digital, serta strategi konten media sosial. Membantu pembaca membangun pemahaman konseptual maupun praktis.","produksi berita, media sosial, media digital, jurnalistik",Indonesia,Fisik,322,978-1-908984-36-4,4
BK01357,Dasar-Dasar Produksi Berita,Ir. Puput Suwarno,Kencana Prenada,2022,"Fakultas Sosial, Humaniora, & Seni",Ilmu Komunikasi,Jurnalistik & Media Digital,"Buku ini membahas secara mendalam tentang etika jurnalistik di era digital, komunikasi digital dan audiens, serta strategi konten media sosial. Menjadi rujukan penting dalam perkuliahan dan penelitian terkait.","media sosial, produksi berita, konten kreator, jurnalistik",Indonesia,Fisik,232,978-0-205-09386-1,1
BK01358,Dasar-Dasar Komunikasi Digital Edisi Ke-3,"Rahayu Ramadan, M.TI.",Elex Media Komputindo,2007,"Fakultas Sosial, Humaniora, & Seni",Ilmu Komunikasi,Jurnalistik & Media Digital,"Buku ini dirancang sebagai panduan untuk memahami strategi konten media sosial, jurnalisme online kontemporer, serta komunikasi digital dan audiens. Cocok digunakan sebagai referensi utama bagi mahasiswa dan praktisi.","komunikasi digital, jurnalistik, konten kreator, media digital",Indonesia,Fisik,259,978-0-495-98811-3,4
BK01359,Strategi Komunikasi Digital,Jelita Hartati,Pustaka Pelajar,2018,"Fakultas Sosial, Humaniora, & Seni",Ilmu Komunikasi,Jurnalistik & Media Digital,"Buku ini membahas secara mendalam tentang produksi berita di media digital, jurnalisme online kontemporer, serta etika jurnalistik di era digital. Cocok digunakan sebagai referensi utama bagi mahasiswa dan praktisi.","media digital, produksi berita, jurnalistik, konten kreator",Indonesia,Fisik,157,978-0-7152-3867-7,4
BK01360,Dasar-Dasar Komunikasi Digital Edisi Ke-3,Natalia Napitupulu,Informatika Bandung,2009,"Fakultas Sosial, Humaniora, & Seni",Ilmu Komunikasi,Jurnalistik & Media Digital,"Buku ini menyajikan kajian komprehensif mengenai produksi berita di media digital, jurnalisme online kontemporer, serta komunikasi digital dan audiens. Cocok digunakan sebagai referensi utama bagi mahasiswa dan praktisi.","konten kreator, komunikasi digital, jurnalistik, media sosial",Inggris,Fisik,326,978-0-9746191-7-0,8
BK01361,Dasar-Dasar Content Creation,"Rahmi Nasyidah, Kiandra Namaga",Erlangga,2009,"Fakultas Sosial, Humaniora, & Seni",Ilmu Komunikasi,Jurnalistik & Media Digital,"Buku ini dirancang sebagai panduan untuk memahami etika jurnalistik di era digital, jurnalisme online kontemporer, serta strategi konten media sosial. Disusun dengan bahasa yang mudah dipahami untuk kalangan akademik.","media digital, jurnalistik, konten kreator, media sosial",Indonesia,Fisik,221,978-1-872258-93-5,1
BK01362,Dasar-Dasar Komunikasi Digital,Ulva Firgantoro,Rajawali Pers,2020,"Fakultas Sosial, Humaniora, & Seni",Ilmu Komunikasi,Jurnalistik & Media Digital,"Buku ini membahas secara mendalam tentang etika jurnalistik di era digital, komunikasi digital dan audiens, serta produksi berita di media digital. Disusun dengan bahasa yang mudah dipahami untuk kalangan akademik.","media sosial, komunikasi digital, jurnalistik, konten kreator",Indonesia,Fisik,179,978-0-623-50405-5,3
BK01363,Dasar-Dasar Content Creation,"dr. Harjaya Safitri, S.Psi",Andi Publisher,2014,"Fakultas Sosial, Humaniora, & Seni",Ilmu Komunikasi,Jurnalistik & Media Digital,"Buku ini dirancang sebagai panduan untuk memahami produksi berita di media digital, strategi konten media sosial, serta jurnalisme online kontemporer. Cocok digunakan sebagai referensi utama bagi mahasiswa dan praktisi.","jurnalistik, media digital, produksi berita, komunikasi digital",Indonesia,Fisik,550,978-0-01-248255-1,8
BK01364,Media Sosial di Era Digital Edisi Terbaru,Hafshah Najmudin,Elex Media Komputindo,2018,"Fakultas Sosial, Humaniora, & Seni",Ilmu Komunikasi,Jurnalistik & Media Digital,"Buku ini memberikan pemahaman menyeluruh tentang komunikasi digital dan audiens, jurnalisme online kontemporer, serta strategi konten media sosial. Disusun dengan bahasa yang mudah dipahami untuk kalangan akademik.","jurnalistik, komunikasi digital, media digital, media sosial",Indonesia,Fisik,403,978-1-963259-42-1,1
BK01365,Strategi Media Sosial,"Dirja Usada, S.E.I, Kasiran Permata, S.T.",Andi Publisher,2006,"Fakultas Sosial, Humaniora, & Seni",Ilmu Komunikasi,Jurnalistik & Media Digital,"Buku ini mengulas berbagai aspek penting dari strategi konten media sosial, etika jurnalistik di era digital, serta produksi berita di media digital. Disusun dengan bahasa yang mudah dipahami untuk kalangan akademik.","media sosial, jurnalistik, produksi berita, komunikasi digital",Indonesia,Fisik,291,978-0-389-15624-6,3
BK01366,Dasar-Dasar Komunikasi Digital,Mahdi Zulaika,Deepublish,2015,"Fakultas Sosial, Humaniora, & Seni",Ilmu Komunikasi,Jurnalistik & Media Digital,"Buku ini mengulas berbagai aspek penting dari komunikasi digital dan audiens, jurnalisme online kontemporer, serta strategi konten media sosial. Dilengkapi dengan contoh kasus dan studi lapangan yang relevan.","konten kreator, media digital, media sosial, jurnalistik",Inggris,E-book,279,978-0-85725-629-4,9999
BK01367,Dasar-Dasar Produksi Berita,"Hadi Rahmawati, Taswir Prasetya",PT Grasindo,2018,"Fakultas Sosial, Humaniora, & Seni",Ilmu Komunikasi,Jurnalistik & Media Digital,"Buku ini dirancang sebagai panduan untuk memahami etika jurnalistik di era digital, jurnalisme online kontemporer, serta komunikasi digital dan audiens. Disusun dengan bahasa yang mudah dipahami untuk kalangan akademik.","konten kreator, jurnalistik, media sosial, produksi berita",Indonesia,E-book,411,978-1-138-18655-2,9999
BK01368,Dasar-Dasar Jurnalistik Digital,Wawan Yuliarti,Bumi Aksara,2021,"Fakultas Sosial, Humaniora, & Seni",Ilmu Komunikasi,Jurnalistik & Media Digital,"Buku ini mengulas berbagai aspek penting dari jurnalisme online kontemporer, komunikasi digital dan audiens, serta produksi berita di media digital. Disusun dengan bahasa yang mudah dipahami untuk kalangan akademik.","konten kreator, produksi berita, media sosial, media digital",Indonesia,Fisik,349,978-1-68509-574-1,1
BK01369,Pengantar Komunikasi Digital,"Tgk. Genta Ardianto, S.Kom",Andi Publisher,2006,"Fakultas Sosial, Humaniora, & Seni",Ilmu Komunikasi,Jurnalistik & Media Digital,"Buku ini memberikan pemahaman menyeluruh tentang jurnalisme online kontemporer, komunikasi digital dan audiens, serta produksi berita di media digital. Cocok digunakan sebagai referensi utama bagi mahasiswa dan praktisi.","produksi berita, media sosial, konten kreator, jurnalistik",Indonesia,E-book,260,978-0-89117-972-6,9999
BK01370,Pengantar Jurnalistik Digital,Dalimin Nurdiyanti,Informatika Bandung,2018,"Fakultas Sosial, Humaniora, & Seni",Ilmu Komunikasi,Jurnalistik & Media Digital,"Buku ini membahas secara mendalam tentang produksi berita di media digital, komunikasi digital dan audiens, serta etika jurnalistik di era digital. Cocok digunakan sebagai referensi utama bagi mahasiswa dan praktisi.","konten kreator, media sosial, media digital, komunikasi digital",Indonesia,E-book,259,978-0-401-53641-4,9999
BK01371,Strategi Produksi Berita,"Ida Hasanah, Gamanto Simbolon",Salemba Empat,2012,"Fakultas Sosial, Humaniora, & Seni",Ilmu Komunikasi,Jurnalistik & Media Digital,"Buku ini menyajikan kajian komprehensif mengenai produksi berita di media digital, etika jurnalistik di era digital, serta strategi konten media sosial. Dilengkapi dengan contoh kasus dan studi lapangan yang relevan.","media sosial, media digital, komunikasi digital, produksi berita",Indonesia,Fisik,209,978-0-325-93678-9,8
BK01372,Jurnalistik Digital di Era Digital,Dasa Aryani,Erlangga,2007,"Fakultas Sosial, Humaniora, & Seni",Ilmu Komunikasi,Jurnalistik & Media Digital,"Buku ini membahas secara mendalam tentang etika jurnalistik di era digital, jurnalisme online kontemporer, serta produksi berita di media digital. Disusun dengan bahasa yang mudah dipahami untuk kalangan akademik.","media digital, komunikasi digital, konten kreator, media sosial",Indonesia,Fisik,429,978-1-00-942141-6,1
BK01373,Jurnalistik Digital di Era Digital,Prayoga Thamrin,Salemba Empat,2023,"Fakultas Sosial, Humaniora, & Seni",Ilmu Komunikasi,Jurnalistik & Media Digital,"Buku ini menyajikan kajian komprehensif mengenai jurnalisme online kontemporer, komunikasi digital dan audiens, serta produksi berita di media digital. Membantu pembaca membangun pemahaman konseptual maupun praktis.","produksi berita, jurnalistik, konten kreator, komunikasi digital",Indonesia,Fisik,268,978-1-69819-878-1,1
BK01374,Strategi Content Creation,Lukita Mustofa,Bumi Aksara,2008,"Fakultas Sosial, Humaniora, & Seni",Ilmu Komunikasi,Jurnalistik & Media Digital,"Buku ini membahas secara mendalam tentang strategi konten media sosial, produksi berita di media digital, serta komunikasi digital dan audiens. Disusun dengan bahasa yang mudah dipahami untuk kalangan akademik.","media sosial, komunikasi digital, media digital, jurnalistik",Indonesia,Fisik,274,978-0-452-38885-7,1
BK01375,Pengantar Content Creation,"Elisa Mandala, Puti Aryani",Erlangga,2022,"Fakultas Sosial, Humaniora, & Seni",Ilmu Komunikasi,Jurnalistik & Media Digital,"Buku ini mengulas berbagai aspek penting dari etika jurnalistik di era digital, komunikasi digital dan audiens, serta strategi konten media sosial. Dilengkapi dengan contoh kasus dan studi lapangan yang relevan.","konten kreator, produksi berita, komunikasi digital, media digital",Indonesia,Fisik,448,978-0-598-67874-4,8
BK01376,Dasar-Dasar Komunikasi Digital Edisi Ke-3,Zelda Marbun,Nuha Medika,2012,"Fakultas Sosial, Humaniora, & Seni",Ilmu Komunikasi,Jurnalistik & Media Digital,"Buku ini menyajikan kajian komprehensif mengenai etika jurnalistik di era digital, produksi berita di media digital, serta jurnalisme online kontemporer. Cocok digunakan sebagai referensi utama bagi mahasiswa dan praktisi.","komunikasi digital, jurnalistik, media digital, media sosial",Indonesia,Fisik,540,978-1-58548-596-3,6
BK01377,Media Sosial di Era Digital,Wulan Simanjuntak,Informatika Bandung,2018,"Fakultas Sosial, Humaniora, & Seni",Ilmu Komunikasi,Jurnalistik & Media Digital,"Buku ini dirancang sebagai panduan untuk memahami produksi berita di media digital, jurnalisme online kontemporer, serta etika jurnalistik di era digital. Cocok digunakan sebagai referensi utama bagi mahasiswa dan praktisi.","media sosial, produksi berita, komunikasi digital, konten kreator",Indonesia,E-book,272,978-0-8249-1165-2,9999
BK01378,Pengantar Content Creation,Cahya Ardianto,Kencana Prenada,2012,"Fakultas Sosial, Humaniora, & Seni",Ilmu Komunikasi,Jurnalistik & Media Digital,"Buku ini memberikan pemahaman menyeluruh tentang produksi berita di media digital, komunikasi digital dan audiens, serta strategi konten media sosial. Menjadi rujukan penting dalam perkuliahan dan penelitian terkait.","jurnalistik, media sosial, konten kreator, produksi berita",Inggris,Fisik,310,978-0-245-39313-6,7
BK01379,Dasar-Dasar Komunikasi Digital,Margana Latupono,Salemba Empat,2006,"Fakultas Sosial, Humaniora, & Seni",Ilmu Komunikasi,Jurnalistik & Media Digital,"Buku ini dirancang sebagai panduan untuk memahami etika jurnalistik di era digital, produksi berita di media digital, serta strategi konten media sosial. Membantu pembaca membangun pemahaman konseptual maupun praktis.","jurnalistik, media digital, media sosial, produksi berita",Indonesia,Fisik,445,978-1-130-55708-4,0
