,id_user,nama,jenis_user,fakultas,prodi,angkatan,id_transaksi,id_buku,tanggal_pinjam,tanggal_kembali_rencana,tanggal_kembali_aktual,status
0,USR00001,Mahesa Usada,Mahasiswa,"Fakultas Sains, Teknologi, & Kesehatan",Farmasi,2025.0,TRX000281,BK00717,11/7/2024,11/21/2024,11/21/2024,Dikembalikan
1,USR00001,Mahesa Usada,Mahasiswa,"Fakultas Sains, Teknologi, & Kesehatan",Farmasi,2025.0,TRX001483,BK00368,5/28/2025,6/11/2025,6/7/2025,Dikembalikan
2,USR00001,Mahesa Usada,Mahasiswa,"Fakultas Sains, Teknologi, & Kesehatan",Farmasi,2025.0,TRX001888,BK00417,5/26/2023,6/9/2023,6/6/2023,Dikembalikan
3,USR00001,Mahesa Usada,Mahasiswa,"Fakultas Sains, Teknologi, & Kesehatan",Farmasi,2025.0,TRX001934,BK01185,8/2/2024,8/16/2024,8/9/2024,Dikembalikan
4,USR00001,Mahesa Usada,Mahasiswa,"Fakultas Sains, Teknologi, & Kesehatan",Farmasi,2025.0,TRX002336,BK00578,12/11/2025,12/25/2025,12/16/2025,Dikembalikan
5,USR00001,Mahesa Usada,Mahasiswa,"Fakultas Sains, Teknologi, & Kesehatan",Farmasi,2025.0,TRX002378,BK00497,2/16/2024,3/1/2024,3/2/2024,Terlambat
6,USR00001,Mahesa Usada,Mahasiswa,"Fakultas Sains, Teknologi, & Kesehatan",Farmasi,2025.0,TRX002766,BK00659,1/7/2023,1/21/2023,1/20/2023,Dikembalikan
7,USR00001,Mahesa Usada,Mahasiswa,"Fakultas Sains, Teknologi, & Kesehatan",Farmasi,2025.0,TRX002797,BK00214,11/6/2024,11/20/2024,11/20/2024,Dikembalikan
8,USR00002,Puti Najmudin,Mahasiswa,"Fakultas Sosial, Humaniora, & Seni",Ilmu Komunikasi,2024.0,TRX000568,BK01249,1/17/2025,1/31/2025,2/6/2025,Terlambat
9,USR00002,Puti Najmudin,Mahasiswa,"Fakultas Sosial, Humaniora, & Seni",Ilmu Komunikasi,2024.0,TRX001332,BK01316,11/10/2024,11/24/2024,11/23/2024,Dikembalikan
10,USR00002,Puti Najmudin,Mahasiswa,"Fakultas Sosial, Humaniora, & Seni",Ilmu Komunikasi,2024.0,TRX001403,BK01376,9/7/2024,9/21/2024,9/16/2024,Dikembalikan
11,USR00002,Puti Najmudin,Mahasiswa,"Fakultas Sosial, Humaniora, & Seni",Ilmu Komunikasi,2024.0,TRX001633,BK01241,3/22/2023,4/5/2023,4/3/2023,Dikembalikan
12,USR00002,Puti Najmudin,Mahasiswa,"Fakultas Sosial, Humaniora, & Seni",Ilmu Komunikasi,2024.0,TRX001643,BK00812,7/10/2025,7/24/2025,7/30/2025,Terlambat
13,USR00002,Puti Najmudin,Mahasiswa,"Fakultas Sosial, Humaniora, & Seni",Ilmu Komunikasi,2024.0,TRX001664,BK01313,5/5/2024,5/19/2024,5/15/2024,Dikembalikan
14,USR00002,Puti Najmudin,Mahasiswa,"Fakultas Sosial, Humaniora, & Seni",Ilmu Komunikasi,2024.0,TRX002168,BK01356,12/10/2025,12/24/2025,12/13/2025,Dikembalikan
15,USR00002,Puti Najmudin,Mahasiswa,"Fakultas Sosial, Humaniora, & Seni",Ilmu Komunikasi,2024.0,TRX002250,BK01261,10/26/2024,11/9/2024,11/5/2024,Dikembalikan
16,USR00002,Puti Najmudin,Mahasiswa,"Fakultas Sosial, Humaniora, & Seni",Ilmu Komunikasi,2024.0,TRX002794,BK01306,4/20/2023,5/4/2023,4/30/2023,Dikembalikan
17,USR00002,Puti Najmudin,Mahasiswa,"Fakultas Sosial, Humaniora, & Seni",Ilmu Komunikasi,2024.0,TRX003238,BK01253,9/18/2024,10/2/2024,9/28/2024,Dikembalikan
18,USR00003,"Baktianto Suryono, S.Pd",Mahasiswa,"Fakultas Sains, Teknologi, & Kesehatan",Profesi Ners,2023.0,TRX000291,BK00749,4/29/2024,5/13/2024,5/3/2024,Dikembalikan
19,USR00003,"Baktianto Suryono, S.Pd",Mahasiswa,"Fakultas Sains, Teknologi, & Kesehatan",Profesi Ners,2023.0,TRX000421,BK00556,5/15/2025,5/29/2025,5/18/2025,Dikembalikan
20,USR00003,"Baktianto Suryono, S.Pd",Mahasiswa,"Fakultas Sains, Teknologi, & Kesehatan",Profesi Ners,2023.0,TRX000469,BK00727,5/15/2024,5/29/2024,6/1/2024,Terlambat
21,USR00003,"Baktianto Suryono, S.Pd",Mahasiswa,"Fakultas Sains, Teknologi, & Kesehatan",Profesi Ners,2023.0,TRX000727,BK00771,3/9/2024,3/23/2024,3/22/2024,Dikembalikan
22,USR00003,"Baktianto Suryono, S.Pd",Mahasiswa,"Fakultas Sains, Teknologi, & Kesehatan",Profesi Ners,2023.0,TRX000857,BK00772,3/5/2023,3/19/2023,3/14/2023,Dikembalikan
23,USR00003,"Baktianto Suryono, S.Pd",Mahasiswa,"Fakultas Sains, Teknologi, & Kesehatan",Profesi Ners,2023.0,TRX002754,BK00731,10/14/2024,10/28/2024,11/4/2024,Terlambat
24,USR00003,"Baktianto Suryono, S.Pd",Mahasiswa,"Fakultas Sains, Teknologi, & Kesehatan",Profesi Ners,2023.0,TRX003323,BK00761,11/24/2025,12/8/2025,12/2/2025,Dikembalikan
25,USR00004,Zizi Nurdiyanti,Mahasiswa,"Fakultas Sosial, Humaniora, & Seni",Administrasi Bisnis,2022.0,TRX000160,BK01061,7/28/2024,8/11/2024,8/18/2024,Terlambat
26,USR00004,Zizi Nurdiyanti,Mahasiswa,"Fakultas Sosial, Humaniora, & Seni",Administrasi Bisnis,2022.0,TRX000249,BK00812,12/2/2024,12/16/2024,12/7/2024,Dikembalikan
27,USR00004,Zizi Nurdiyanti,Mahasiswa,"Fakultas Sosial, Humaniora, & Seni",Administrasi Bisnis,2022.0,TRX000330,BK00612,11/29/2025,12/13/2025,12/17/2025,Terlambat
28,USR00004,Zizi Nurdiyanti,Mahasiswa,"Fakultas Sosial, Humaniora, & Seni",Administrasi Bisnis,2022.0,TRX000834,BK00968,4/22/2024,5/6/2024,5/3/2024,Dikembalikan
29,USR00004,Zizi Nurdiyanti,Mahasiswa,"Fakultas Sosial, Humaniora, & Seni",Administrasi Bisnis,2022.0,TRX001008,BK01042,3/14/2024,3/28/2024,4/2/2024,Terlambat
30,USR00004,Zizi Nurdiyanti,Mahasiswa,"Fakultas Sosial, Humaniora, & Seni",Administrasi Bisnis,2022.0,TRX001572,BK01038,3/9/2024,3/23/2024,3/23/2024,Dikembalikan
31,USR00004,Zizi Nurdiyanti,Mahasiswa,"Fakultas Sosial, Humaniora, & Seni",Administrasi Bisnis,2022.0,TRX001943,BK01074,2/19/2024,3/4/2024,2/29/2024,Dikembalikan
32,USR00004,Zizi Nurdiyanti,Mahasiswa,"Fakultas Sosial, Humaniora, & Seni",Administrasi Bisnis,2022.0,TRX002309,BK01031,5/11/2025,5/25/2025,5/18/2025,Dikembalikan
33,USR00004,Zizi Nurdiyanti,Mahasiswa,"Fakultas Sosial, Humaniora, & Seni",Administrasi Bisnis,2022.0,TRX002755,BK01090,6/12/2025,6/26/2025,6/21/2025,Dikembalikan
34,USR00004,Zizi Nurdiyanti,Mahasiswa,"Fakultas Sosial, Humaniora, & Seni",Administrasi Bisnis,2022.0,TRX003151,BK01074,7/5/2025,7/19/2025,7/10/2025,Dikembalikan
35,USR00004,Zizi Nurdiyanti,Mahasiswa,"Fakultas Sosial, Humaniora, & Seni",Administrasi Bisnis,2022.0,TRX003464,BK01083,6/13/2023,6/27/2023,7/2/2023,Terlambat
36,USR00005,Drs. Harjo Winarno,Mahasiswa,"Fakultas Sosial, Humaniora, & Seni",Psikologi,2021.0,TRX000025,BK01174,4/16/2025,4/30/2025,4/22/2025,Dikembalikan
37,USR00005,Drs. Harjo Winarno,Mahasiswa,"Fakultas Sosial, Humaniora, & Seni",Psikologi,2021.0,TRX000175,BK01224,6/11/2025,6/25/2025,6/15/2025,Dikembalikan
38,USR00005,Drs. Harjo Winarno,Mahasiswa,"Fakultas Sosial, Humaniora, & Seni",Psikologi,2021.0,TRX000718,BK01146,6/21/2025,7/5/2025,7/3/2025,Dikembalikan
39,USR00005,Drs. Harjo Winarno,Mahasiswa,"Fakultas Sosial, Humaniora, & Seni",Psikologi,2021.0,TRX001140,BK01025,6/5/2025,6/19/2025,6/19/2025,Dikembalikan
40,USR00005,Drs. Harjo Winarno,Mahasiswa,"Fakultas Sosial, Humaniora, & Seni",Psikologi,2021.0,TRX001284,BK01221,7/23/2024,8/6/2024,7/30/2024,Dikembalikan
41,USR00005,Drs. Harjo Winarno,Mahasiswa,"Fakultas Sosial, Humaniora, & Seni",Psikologi,2021.0,TRX001682,BK01220,3/31/2025,4/14/2025,4/18/2025,Terlambat
42,USR00005,Drs. Harjo Winarno,Mahasiswa,"Fakultas Sosial, Humaniora, & Seni",Psikologi,2021.0,TRX001777,BK01216,8/16/2025,8/30/2025,9/5/2025,Terlambat
43,USR00005,Drs. Harjo Winarno,Mahasiswa,"Fakultas Sosial, Humaniora, & Seni",Psikologi,2021.0,TRX001944,BK01175,12/19/2025,1/2/2026,,Dipinjam
44,USR00005,Drs. Harjo Winarno,Mahasiswa,"Fakultas Sosial, Humaniora, & Seni",Psikologi,2021.0,TRX002129,BK01190,12/2/2025,12/16/2025,12/14/2025,Dikembalikan
45,USR00005,Drs. Harjo Winarno,Mahasiswa,"Fakultas Sosial, Humaniora, & Seni",Psikologi,2021.0,TRX002700,BK01176,1/18/2023,2/1/2023,1/27/2023,Dikembalikan
46,USR00005,Drs. Harjo Winarno,Mahasiswa,"Fakultas Sosial, Humaniora, & Seni",Psikologi,2021.0,TRX003278,BK01143,12/15/2025,12/29/2025,12/23/2025,Dikembalikan
47,USR00006,Ir. Tina Lestari,Mahasiswa,"Fakultas Sosial, Humaniora, & Seni",Desain Komunikasi Visual,2024.0,TRX000165,BK00850,12/14/2025,12/28/2025,12/29/2025,Terlambat
48,USR00006,Ir. Tina Lestari,Mahasiswa,"Fakultas Sosial, Humaniora, & Seni",Desain Komunikasi Visual,2024.0,TRX000247,BK00914,1/6/2024,1/20/2024,1/20/2024,Dikembalikan
49,USR00006,Ir. Tina Lestari,Mahasiswa,"Fakultas Sosial, Humaniora, & Seni",Desain Komunikasi Visual,2024.0,TRX000468,BK00822,11/2/2023,11/16/2023,11/13/2023,Dikembalikan
50,USR00006,Ir. Tina Lestari,Mahasiswa,"Fakultas Sosial, Humaniora, & Seni",Desain Komunikasi Visual,2024.0,TRX000685,BK00803,12/29/2023,1/12/2024,1/12/2024,Dikembalikan
51,USR00006,Ir. Tina Lestari,Mahasiswa,"Fakultas Sosial, Humaniora, & Seni",Desain Komunikasi Visual,2024.0,TRX000904,BK00820,8/24/2024,9/7/2024,8/31/2024,Dikembalikan
52,USR00006,Ir. Tina Lestari,Mahasiswa,"Fakultas Sosial, Humaniora, & Seni",Desain Komunikasi Visual,2024.0,TRX000990,BK01377,2/22/2024,3/7/2024,3/8/2024,Terlambat
53,USR00006,Ir. Tina Lestari,Mahasiswa,"Fakultas Sosial, Humaniora, & Seni",Desain Komunikasi Visual,2024.0,TRX001019,BK00798,4/1/2023,4/15/2023,4/11/2023,Dikembalikan
54,USR00006,Ir. Tina Lestari,Mahasiswa,"Fakultas Sosial, Humaniora, & Seni",Desain Komunikasi Visual,2024.0,TRX001444,BK00824,8/6/2025,8/20/2025,8/14/2025,Dikembalikan
55,USR00006,Ir. Tina Lestari,Mahasiswa,"Fakultas Sosial, Humaniora, & Seni",Desain Komunikasi Visual,2024.0,TRX001704,BK01145,11/3/2024,11/17/2024,11/17/2024,Dikembalikan
56,USR00006,Ir. Tina Lestari,Mahasiswa,"Fakultas Sosial, Humaniora, & Seni",Desain Komunikasi Visual,2024.0,TRX001980,BK00809,7/4/2023,7/18/2023,7/18/2023,Dikembalikan
57,USR00006,Ir. Tina Lestari,Mahasiswa,"Fakultas Sosial, Humaniora, & Seni",Desain Komunikasi Visual,2024.0,TRX002455,BK00827,3/12/2023,3/26/2023,3/31/2023,Terlambat
58,USR00006,Ir. Tina Lestari,Mahasiswa,"Fakultas Sosial, Humaniora, & Seni",Desain Komunikasi Visual,2024.0,TRX002648,BK00807,7/5/2024,7/19/2024,7/9/2024,Dikembalikan
59,USR00006,Ir. Tina Lestari,Mahasiswa,"Fakultas Sosial, Humaniora, & Seni",Desain Komunikasi Visual,2024.0,TRX002751,BK00850,6/2/2024,6/16/2024,6/9/2024,Dikembalikan
60,USR00006,Ir. Tina Lestari,Mahasiswa,"Fakultas Sosial, Humaniora, & Seni",Desain Komunikasi Visual,2024.0,TRX002795,BK00819,8/30/2025,9/13/2025,9/6/2025,Dikembalikan
61,USR00006,Ir. Tina Lestari,Mahasiswa,"Fakultas Sosial, Humaniora, & Seni",Desain Komunikasi Visual,2024.0,TRX003110,BK00854,12/28/2023,1/11/2024,1/9/2024,Dikembalikan
62,USR00006,Ir. Tina Lestari,Mahasiswa,"Fakultas Sosial, Humaniora, & Seni",Desain Komunikasi Visual,2024.0,TRX003295,BK00808,4/29/2023,5/13/2023,5/19/2023,Terlambat
63,USR00007,Jamil Prasetya,Mahasiswa,"Fakultas Sosial, Humaniora, & Seni",Desain Interior,2021.0,TRX000229,BK00946,7/7/2024,7/21/2024,7/12/2024,Dikembalikan
64,USR00007,Jamil Prasetya,Mahasiswa,"Fakultas Sosial, Humaniora, & Seni",Desain Interior,2021.0,TRX001022,BK01265,4/1/2023,4/15/2023,4/5/2023,Dikembalikan
65,USR00007,Jamil Prasetya,Mahasiswa,"Fakultas Sosial, Humaniora, & Seni",Desain Interior,2021.0,TRX001950,BK00963,3/2/2024,3/16/2024,3/13/2024,Dikembalikan
66,USR00007,Jamil Prasetya,Mahasiswa,"Fakultas Sosial, Humaniora, & Seni",Desain Interior,2021.0,TRX002942,BK00960,4/2/2023,4/16/2023,4/13/2023,Dikembalikan
67,USR00007,Jamil Prasetya,Mahasiswa,"Fakultas Sosial, Humaniora, & Seni",Desain Interior,2021.0,TRX003016,BK01004,5/26/2023,6/9/2023,6/5/2023,Dikembalikan
68,USR00007,Jamil Prasetya,Mahasiswa,"Fakultas Sosial, Humaniora, & Seni",Desain Interior,2021.0,TRX003055,BK01366,7/11/2025,7/25/2025,7/21/2025,Dikembalikan
69,USR00008,Melinda Uyainah,Mahasiswa,"Fakultas Sains, Teknologi, & Kesehatan",Keperawatan,2021.0,TRX000388,BK00539,3/19/2023,4/2/2023,3/23/2023,Dikembalikan
70,USR00008,Melinda Uyainah,Mahasiswa,"Fakultas Sains, Teknologi, & Kesehatan",Keperawatan,2021.0,TRX000512,BK00563,1/4/2024,1/18/2024,1/19/2024,Terlambat
71,USR00008,Melinda Uyainah,Mahasiswa,"Fakultas Sains, Teknologi, & Kesehatan",Keperawatan,2021.0,TRX000717,BK00543,6/20/2023,7/4/2023,7/5/2023,Terlambat
72,USR00008,Melinda Uyainah,Mahasiswa,"Fakultas Sains, Teknologi, & Kesehatan",Keperawatan,2021.0,TRX001784,BK00551,3/7/2024,3/21/2024,3/14/2024,Dikembalikan
73,USR00008,Melinda Uyainah,Mahasiswa,"Fakultas Sains, Teknologi, & Kesehatan",Keperawatan,2021.0,TRX001820,BK00506,12/18/2024,1/1/2025,12/26/2024,Dikembalikan
74,USR00009,"drg. Najib Siregar, S.Farm",Mahasiswa,"Fakultas Sains, Teknologi, & Kesehatan",Keperawatan,2024.0,TRX000585,BK00488,10/17/2023,10/31/2023,11/6/2023,Terlambat
75,USR00009,"drg. Najib Siregar, S.Farm",Mahasiswa,"Fakultas Sains, Teknologi, & Kesehatan",Keperawatan,2024.0,TRX000858,BK00477,2/26/2024,3/11/2024,3/1/2024,Dikembalikan
76,USR00009,"drg. Najib Siregar, S.Farm",Mahasiswa,"Fakultas Sains, Teknologi, & Kesehatan",Keperawatan,2024.0,TRX000908,BK00777,8/5/2024,8/19/2024,8/18/2024,Dikembalikan
77,USR00009,"drg. Najib Siregar, S.Farm",Mahasiswa,"Fakultas Sains, Teknologi, & Kesehatan",Keperawatan,2024.0,TRX001040,BK00361,6/27/2024,7/11/2024,7/1/2024,Dikembalikan
78,USR00009,"drg. Najib Siregar, S.Farm",Mahasiswa,"Fakultas Sains, Teknologi, & Kesehatan",Keperawatan,2024.0,TRX001794,BK00081,1/7/2025,1/21/2025,1/12/2025,Dikembalikan
79,USR00009,"drg. Najib Siregar, S.Farm",Mahasiswa,"Fakultas Sains, Teknologi, & Kesehatan",Keperawatan,2024.0,TRX002057,BK00496,8/24/2024,9/7/2024,9/8/2024,Terlambat
80,USR00009,"drg. Najib Siregar, S.Farm",Mahasiswa,"Fakultas Sains, Teknologi, & Kesehatan",Keperawatan,2024.0,TRX002450,BK00545,2/25/2023,3/11/2023,3/2/2023,Dikembalikan
81,USR00009,"drg. Najib Siregar, S.Farm",Mahasiswa,"Fakultas Sains, Teknologi, & Kesehatan",Keperawatan,2024.0,TRX002543,BK00494,3/26/2023,4/9/2023,4/4/2023,Dikembalikan
82,USR00009,"drg. Najib Siregar, S.Farm",Mahasiswa,"Fakultas Sains, Teknologi, & Kesehatan",Keperawatan,2024.0,TRX002626,BK00533,7/20/2023,8/3/2023,8/2/2023,Dikembalikan
83,USR00010,Pangeran Ardianto,Mahasiswa,"Fakultas Sains, Teknologi, & Kesehatan",Informatika,2022.0,TRX000392,BK00036,10/22/2023,11/5/2023,10/26/2023,Dikembalikan
84,USR00010,Pangeran Ardianto,Mahasiswa,"Fakultas Sains, Teknologi, & Kesehatan",Informatika,2022.0,TRX000406,BK00010,1/30/2025,2/13/2025,2/13/2025,Dikembalikan
85,USR00010,Pangeran Ardianto,Mahasiswa,"Fakultas Sains, Teknologi, & Kesehatan",Informatika,2022.0,TRX000945,BK00051,7/3/2025,7/17/2025,7/24/2025,Terlambat
86,USR00010,Pangeran Ardianto,Mahasiswa,"Fakultas Sains, Teknologi, & Kesehatan",Informatika,2022.0,TRX001077,BK00054,9/28/2023,10/12/2023,10/7/2023,Dikembalikan
87,USR00010,Pangeran Ardianto,Mahasiswa,"Fakultas Sains, Teknologi, & Kesehatan",Informatika,2022.0,TRX001454,BK00005,11/22/2023,12/6/2023,12/2/2023,Dikembalikan
88,USR00010,Pangeran Ardianto,Mahasiswa,"Fakultas Sains, Teknologi, & Kesehatan",Informatika,2022.0,TRX002264,BK00093,7/3/2025,7/17/2025,7/17/2025,Dikembalikan
89,USR00010,Pangeran Ardianto,Mahasiswa,"Fakultas Sains, Teknologi, & Kesehatan",Informatika,2022.0,TRX002451,BK00064,10/30/2023,11/13/2023,11/14/2023,Terlambat
90,USR00010,Pangeran Ardianto,Mahasiswa,"Fakultas Sains, Teknologi, & Kesehatan",Informatika,2022.0,TRX002709,BK00067,10/4/2024,10/18/2024,10/17/2024,Dikembalikan
91,USR00010,Pangeran Ardianto,Mahasiswa,"Fakultas Sains, Teknologi, & Kesehatan",Informatika,2022.0,TRX003076,BK00059,4/29/2023,5/13/2023,5/12/2023,Dikembalikan
92,USR00010,Pangeran Ardianto,Mahasiswa,"Fakultas Sains, Teknologi, & Kesehatan",Informatika,2022.0,TRX003081,BK01143,3/24/2024,4/7/2024,3/27/2024,Dikembalikan
93,USR00010,Pangeran Ardianto,Mahasiswa,"Fakultas Sains, Teknologi, & Kesehatan",Informatika,2022.0,TRX003169,BK00052,11/5/2024,11/19/2024,11/20/2024,Terlambat
94,USR00011,Ghani Mulyani,Mahasiswa,"Fakultas Sains, Teknologi, & Kesehatan",Farmasi,2025.0,TRX000999,BK00468,2/17/2023,3/3/2023,2/26/2023,Dikembalikan
95,USR00011,Ghani Mulyani,Mahasiswa,"Fakultas Sains, Teknologi, & Kesehatan",Farmasi,2025.0,TRX001290,BK00650,2/25/2025,3/11/2025,3/6/2025,Dikembalikan
96,USR00011,Ghani Mulyani,Mahasiswa,"Fakultas Sains, Teknologi, & Kesehatan",Farmasi,2025.0,TRX001763,BK01183,5/20/2023,6/3/2023,6/8/2023,Terlambat
97,USR00011,Ghani Mulyani,Mahasiswa,"Fakultas Sains, Teknologi, & Kesehatan",Farmasi,2025.0,TRX002296,BK00683,2/28/2025,3/14/2025,3/11/2025,Dikembalikan
98,USR00011,Ghani Mulyani,Mahasiswa,"Fakultas Sains, Teknologi, & Kesehatan",Farmasi,2025.0,TRX002706,BK00684,2/19/2023,3/5/2023,3/4/2023,Dikembalikan
99,USR00011,Ghani Mulyani,Mahasiswa,"Fakultas Sains, Teknologi, & Kesehatan",Farmasi,2025.0,TRX002840,BK00523,12/26/2024,1/9/2025,1/13/2025,Terlambat
100,USR00011,Ghani Mulyani,Mahasiswa,"Fakultas Sains, Teknologi, & Kesehatan",Farmasi,2025.0,TRX003183,BK00678,3/7/2023,3/21/2023,3/15/2023,Dikembalikan
101,USR00012,"Tiara Marbun, S.I.Kom",Mahasiswa,"Fakultas Sains, Teknologi, & Kesehatan",Keperawatan,2020.0,TRX000302,BK00517,7/3/2024,7/17/2024,7/6/2024,Dikembalikan
102,USR00012,"Tiara Marbun, S.I.Kom",Mahasiswa,"Fakultas Sains, Teknologi, & Kesehatan",Keperawatan,2020.0,TRX000791,BK00538,11/9/2024,11/23/2024,11/22/2024,Dikembalikan
103,USR00012,"Tiara Marbun, S.I.Kom",Mahasiswa,"Fakultas Sains, Teknologi, & Kesehatan",Keperawatan,2020.0,TRX000864,BK00526,5/26/2024,6/9/2024,6/3/2024,Dikembalikan
104,USR00012,"Tiara Marbun, S.I.Kom",Mahasiswa,"Fakultas Sains, Teknologi, & Kesehatan",Keperawatan,2020.0,TRX001056,BK00535,4/11/2023,4/25/2023,4/20/2023,Dikembalikan
105,USR00012,"Tiara Marbun, S.I.Kom",Mahasiswa,"Fakultas Sains, Teknologi, & Kesehatan",Keperawatan,2020.0,TRX001248,BK00530,1/24/2025,2/7/2025,2/6/2025,Dikembalikan
106,USR00012,"Tiara Marbun, S.I.Kom",Mahasiswa,"Fakultas Sains, Teknologi, & Kesehatan",Keperawatan,2020.0,TRX001440,BK00505,4/24/2025,5/8/2025,5/7/2025,Dikembalikan
107,USR00012,"Tiara Marbun, S.I.Kom",Mahasiswa,"Fakultas Sains, Teknologi, & Kesehatan",Keperawatan,2020.0,TRX003307,BK00538,9/20/2023,10/4/2023,10/2/2023,Dikembalikan
108,USR00013,Fathonah Hidayat,Mahasiswa,"Fakultas Sosial, Humaniora, & Seni",Administrasi Bisnis,2021.0,TRX000073,BK01033,10/5/2024,10/19/2024,10/10/2024,Dikembalikan
109,USR00013,Fathonah Hidayat,Mahasiswa,"Fakultas Sosial, Humaniora, & Seni",Administrasi Bisnis,2021.0,TRX000169,BK01048,8/17/2023,8/31/2023,9/1/2023,Terlambat
110,USR00013,Fathonah Hidayat,Mahasiswa,"Fakultas Sosial, Humaniora, & Seni",Administrasi Bisnis,2021.0,TRX000513,BK00489,3/15/2024,3/29/2024,3/30/2024,Terlambat
111,USR00013,Fathonah Hidayat,Mahasiswa,"Fakultas Sosial, Humaniora, & Seni",Administrasi Bisnis,2021.0,TRX000515,BK01071,5/25/2025,6/8/2025,6/1/2025,Dikembalikan
112,USR00013,Fathonah Hidayat,Mahasiswa,"Fakultas Sosial, Humaniora, & Seni",Administrasi Bisnis,2021.0,TRX000671,BK01083,3/9/2023,3/23/2023,3/26/2023,Terlambat
113,USR00013,Fathonah Hidayat,Mahasiswa,"Fakultas Sosial, Humaniora, & Seni",Administrasi Bisnis,2021.0,TRX001205,BK01305,9/3/2023,9/17/2023,9/11/2023,Dikembalikan
114,USR00013,Fathonah Hidayat,Mahasiswa,"Fakultas Sosial, Humaniora, & Seni",Administrasi Bisnis,2021.0,TRX001675,BK00941,12/9/2025,12/23/2025,12/17/2025,Dikembalikan
115,USR00013,Fathonah Hidayat,Mahasiswa,"Fakultas Sosial, Humaniora, & Seni",Administrasi Bisnis,2021.0,TRX001968,BK01058,3/3/2023,3/17/2023,3/14/2023,Dikembalikan
116,USR00013,Fathonah Hidayat,Mahasiswa,"Fakultas Sosial, Humaniora, & Seni",Administrasi Bisnis,2021.0,TRX002908,BK01088,1/27/2025,2/10/2025,2/4/2025,Dikembalikan
117,USR00014,Sutan Reksa Natsir,Mahasiswa,"Fakultas Sosial, Humaniora, & Seni",Ilmu Komunikasi,2020.0,TRX000180,BK01361,12/7/2024,12/21/2024,12/17/2024,Dikembalikan
118,USR00014,Sutan Reksa Natsir,Mahasiswa,"Fakultas Sosial, Humaniora, & Seni",Ilmu Komunikasi,2020.0,TRX000876,BK00818,6/28/2024,7/12/2024,7/4/2024,Dikembalikan
119,USR00014,Sutan Reksa Natsir,Mahasiswa,"Fakultas Sosial, Humaniora, & Seni",Ilmu Komunikasi,2020.0,TRX001734,BK00340,4/12/2025,4/26/2025,4/28/2025,Terlambat
120,USR00014,Sutan Reksa Natsir,Mahasiswa,"Fakultas Sosial, Humaniora, & Seni",Ilmu Komunikasi,2020.0,TRX001874,BK01297,9/6/2025,9/20/2025,9/18/2025,Dikembalikan
121,USR00014,Sutan Reksa Natsir,Mahasiswa,"Fakultas Sosial, Humaniora, & Seni",Ilmu Komunikasi,2020.0,TRX001907,BK01247,3/9/2025,3/23/2025,3/26/2025,Terlambat
122,USR00014,Sutan Reksa Natsir,Mahasiswa,"Fakultas Sosial, Humaniora, & Seni",Ilmu Komunikasi,2020.0,TRX002087,BK01235,12/25/2023,1/8/2024,1/9/2024,Terlambat
123,USR00014,Sutan Reksa Natsir,Mahasiswa,"Fakultas Sosial, Humaniora, & Seni",Ilmu Komunikasi,2020.0,TRX002531,BK00960,5/23/2024,6/6/2024,5/30/2024,Dikembalikan
124,USR00014,Sutan Reksa Natsir,Mahasiswa,"Fakultas Sosial, Humaniora, & Seni",Ilmu Komunikasi,2020.0,TRX002631,BK01294,4/3/2024,4/17/2024,4/15/2024,Dikembalikan
125,USR00014,Sutan Reksa Natsir,Mahasiswa,"Fakultas Sosial, Humaniora, & Seni",Ilmu Komunikasi,2020.0,TRX002971,BK01292,9/17/2024,10/1/2024,10/8/2024,Terlambat
126,USR00014,Sutan Reksa Natsir,Mahasiswa,"Fakultas Sosial, Humaniora, & Seni",Ilmu Komunikasi,2020.0,TRX002984,BK01240,5/15/2023,5/29/2023,5/21/2023,Dikembalikan
127,USR00014,Sutan Reksa Natsir,Mahasiswa,"Fakultas Sosial, Humaniora, & Seni",Ilmu Komunikasi,2020.0,TRX003179,BK01262,9/24/2023,10/8/2023,10/11/2023,Terlambat
128,USR00014,Sutan Reksa Natsir,Mahasiswa,"Fakultas Sosial, Humaniora, & Seni",Ilmu Komunikasi,2020.0,TRX003254,BK01257,4/26/2025,5/10/2025,5/14/2025,Terlambat
129,USR00014,Sutan Reksa Natsir,Mahasiswa,"Fakultas Sosial, Humaniora, & Seni",Ilmu Komunikasi,2020.0,TRX003335,BK01282,3/10/2024,3/24/2024,3/17/2024,Dikembalikan
130,USR00015,"Puji Kurniawan, S.E.I",Mahasiswa,"Fakultas Sosial, Humaniora, & Seni",Ilmu Komunikasi,2022.0,TRX000232,BK01362,9/26/2024,10/10/2024,10/6/2024,Dikembalikan
131,USR00015,"Puji Kurniawan, S.E.I",Mahasiswa,"Fakultas Sosial, Humaniora, & Seni",Ilmu Komunikasi,2022.0,TRX001028,BK00998,8/11/2025,8/25/2025,8/17/2025,Dikembalikan
132,USR00015,"Puji Kurniawan, S.E.I",Mahasiswa,"Fakultas Sosial, Humaniora, & Seni",Ilmu Komunikasi,2022.0,TRX001083,BK01167,11/20/2025,12/4/2025,12/1/2025,Dikembalikan
133,USR00015,"Puji Kurniawan, S.E.I",Mahasiswa,"Fakultas Sosial, Humaniora, & Seni",Ilmu Komunikasi,2022.0,TRX001101,BK01238,12/15/2025,12/29/2025,12/23/2025,Dikembalikan
134,USR00015,"Puji Kurniawan, S.E.I",Mahasiswa,"Fakultas Sosial, Humaniora, & Seni",Ilmu Komunikasi,2022.0,TRX003112,BK01308,7/9/2023,7/23/2023,7/26/2023,Terlambat
135,USR00016,Raihan Haryanto,Mahasiswa,"Fakultas Sosial, Humaniora, & Seni",Psikologi,2022.0,TRX000040,BK01225,11/19/2025,12/3/2025,11/24/2025,Dikembalikan
136,USR00016,Raihan Haryanto,Mahasiswa,"Fakultas Sosial, Humaniora, & Seni",Psikologi,2022.0,TRX000416,BK01117,1/16/2025,1/30/2025,2/1/2025,Terlambat
137,USR00016,Raihan Haryanto,Mahasiswa,"Fakultas Sosial, Humaniora, & Seni",Psikologi,2022.0,TRX001070,BK01214,8/24/2024,9/7/2024,9/8/2024,Terlambat
138,USR00016,Raihan Haryanto,Mahasiswa,"Fakultas Sosial, Humaniora, & Seni",Psikologi,2022.0,TRX001149,BK01203,1/19/2025,2/2/2025,2/9/2025,Terlambat
139,USR00016,Raihan Haryanto,Mahasiswa,"Fakultas Sosial, Humaniora, & Seni",Psikologi,2022.0,TRX001892,BK01206,3/1/2025,3/15/2025,3/14/2025,Dikembalikan
140,USR00016,Raihan Haryanto,Mahasiswa,"Fakultas Sosial, Humaniora, & Seni",Psikologi,2022.0,TRX002393,BK01204,12/13/2025,12/27/2025,12/24/2025,Dikembalikan
141,USR00016,Raihan Haryanto,Mahasiswa,"Fakultas Sosial, Humaniora, & Seni",Psikologi,2022.0,TRX002608,BK00992,4/3/2025,4/17/2025,4/16/2025,Dikembalikan
142,USR00016,Raihan Haryanto,Mahasiswa,"Fakultas Sosial, Humaniora, & Seni",Psikologi,2022.0,TRX002741,BK01198,2/10/2023,2/24/2023,2/13/2023,Dikembalikan
143,USR00016,Raihan Haryanto,Mahasiswa,"Fakultas Sosial, Humaniora, & Seni",Psikologi,2022.0,TRX003026,BK01292,2/19/2024,3/4/2024,2/26/2024,Dikembalikan
144,USR00016,Raihan Haryanto,Mahasiswa,"Fakultas Sosial, Humaniora, & Seni",Psikologi,2022.0,TRX003146,BK01303,3/10/2025,3/24/2025,3/23/2025,Dikembalikan
145,USR00017,Daliono Sudiati,Mahasiswa,"Fakultas Sains, Teknologi, & Kesehatan",Farmasi,2021.0,TRX000939,BK00772,3/13/2023,3/27/2023,4/3/2023,Terlambat
146,USR00017,Daliono Sudiati,Mahasiswa,"Fakultas Sains, Teknologi, & Kesehatan",Farmasi,2021.0,TRX001389,BK00174,5/22/2025,6/5/2025,6/12/2025,Terlambat
147,USR00017,Daliono Sudiati,Mahasiswa,"Fakultas Sains, Teknologi, & Kesehatan",Farmasi,2021.0,TRX001418,BK00646,9/5/2024,9/19/2024,9/22/2024,Terlambat
148,USR00017,Daliono Sudiati,Mahasiswa,"Fakultas Sains, Teknologi, & Kesehatan",Farmasi,2021.0,TRX001553,BK00535,11/8/2024,11/22/2024,11/17/2024,Dikembalikan
149,USR00017,Daliono Sudiati,Mahasiswa,"Fakultas Sains, Teknologi, & Kesehatan",Farmasi,2021.0,TRX001870,BK00704,3/20/2024,4/3/2024,3/29/2024,Dikembalikan
150,USR00017,Daliono Sudiati,Mahasiswa,"Fakultas Sains, Teknologi, & Kesehatan",Farmasi,2021.0,TRX002193,BK00683,4/29/2024,5/13/2024,5/11/2024,Dikembalikan
151,USR00017,Daliono Sudiati,Mahasiswa,"Fakultas Sains, Teknologi, & Kesehatan",Farmasi,2021.0,TRX002194,BK00661,6/4/2024,6/18/2024,6/22/2024,Terlambat
152,USR00017,Daliono Sudiati,Mahasiswa,"Fakultas Sains, Teknologi, & Kesehatan",Farmasi,2021.0,TRX002394,BK00703,4/27/2025,5/11/2025,5/2/2025,Dikembalikan
153,USR00017,Daliono Sudiati,Mahasiswa,"Fakultas Sains, Teknologi, & Kesehatan",Farmasi,2021.0,TRX002683,BK00162,4/18/2024,5/2/2024,5/8/2024,Terlambat
154,USR00017,Daliono Sudiati,Mahasiswa,"Fakultas Sains, Teknologi, & Kesehatan",Farmasi,2021.0,TRX002964,BK00670,7/22/2023,8/5/2023,8/4/2023,Dikembalikan
155,USR00017,Daliono Sudiati,Mahasiswa,"Fakultas Sains, Teknologi, & Kesehatan",Farmasi,2021.0,TRX002979,BK00518,9/2/2024,9/16/2024,9/10/2024,Dikembalikan
156,USR00018,Tomi Yuliarti,Mahasiswa,"Fakultas Sosial, Humaniora, & Seni",Ilmu Komunikasi,2023.0,TRX000433,BK01359,5/10/2025,5/24/2025,5/22/2025,Dikembalikan
157,USR00018,Tomi Yuliarti,Mahasiswa,"Fakultas Sosial, Humaniora, & Seni",Ilmu Komunikasi,2023.0,TRX000728,BK00819,12/29/2024,1/12/2025,1/15/2025,Terlambat
158,USR00018,Tomi Yuliarti,Mahasiswa,"Fakultas Sosial, Humaniora, & Seni",Ilmu Komunikasi,2023.0,TRX000777,BK01149,3/1/2024,3/15/2024,3/17/2024,Terlambat
159,USR00018,Tomi Yuliarti,Mahasiswa,"Fakultas Sosial, Humaniora, & Seni",Ilmu Komunikasi,2023.0,TRX001904,BK01328,10/21/2024,11/4/2024,11/1/2024,Dikembalikan
160,USR00018,Tomi Yuliarti,Mahasiswa,"Fakultas Sosial, Humaniora, & Seni",Ilmu Komunikasi,2023.0,TRX002063,BK01311,8/3/2023,8/17/2023,8/12/2023,Dikembalikan
161,USR00018,Tomi Yuliarti,Mahasiswa,"Fakultas Sosial, Humaniora, & Seni",Ilmu Komunikasi,2023.0,TRX002216,BK01157,7/23/2024,8/6/2024,8/1/2024,Dikembalikan
162,USR00018,Tomi Yuliarti,Mahasiswa,"Fakultas Sosial, Humaniora, & Seni",Ilmu Komunikasi,2023.0,TRX002483,BK01363,6/21/2025,7/5/2025,7/5/2025,Dikembalikan
163,USR00018,Tomi Yuliarti,Mahasiswa,"Fakultas Sosial, Humaniora, & Seni",Ilmu Komunikasi,2023.0,TRX003060,BK01322,4/28/2025,5/12/2025,5/14/2025,Terlambat
164,USR00019,Luis Samosir,Mahasiswa,"Fakultas Sains, Teknologi, & Kesehatan",Teknik Industri,2022.0,TRX001059,BK00320,6/4/2023,6/18/2023,6/22/2023,Terlambat
165,USR00019,Luis Samosir,Mahasiswa,"Fakultas Sains, Teknologi, & Kesehatan",Teknik Industri,2022.0,TRX001301,BK00432,10/4/2025,10/18/2025,10/16/2025,Dikembalikan
166,USR00019,Luis Samosir,Mahasiswa,"Fakultas Sains, Teknologi, & Kesehatan",Teknik Industri,2022.0,TRX001612,BK00375,5/15/2023,5/29/2023,6/4/2023,Terlambat
167,USR00019,Luis Samosir,Mahasiswa,"Fakultas Sains, Teknologi, & Kesehatan",Teknik Industri,2022.0,TRX001636,BK00356,8/28/2024,9/11/2024,9/6/2024,Dikembalikan
168,USR00019,Luis Samosir,Mahasiswa,"Fakultas Sains, Teknologi, & Kesehatan",Teknik Industri,2022.0,TRX002279,BK00264,8/19/2023,9/2/2023,8/23/2023,Dikembalikan
169,USR00019,Luis Samosir,Mahasiswa,"Fakultas Sains, Teknologi, & Kesehatan",Teknik Industri,2022.0,TRX002303,BK00393,7/27/2025,8/10/2025,8/12/2025,Terlambat
170,USR00019,Luis Samosir,Mahasiswa,"Fakultas Sains, Teknologi, & Kesehatan",Teknik Industri,2022.0,TRX003111,BK00345,2/9/2024,2/23/2024,2/14/2024,Dikembalikan
171,USR00019,Luis Samosir,Mahasiswa,"Fakultas Sains, Teknologi, & Kesehatan",Teknik Industri,2022.0,TRX003138,BK00741,6/19/2023,7/3/2023,7/5/2023,Terlambat
172,USR00019,Luis Samosir,Mahasiswa,"Fakultas Sains, Teknologi, & Kesehatan",Teknik Industri,2022.0,TRX003172,BK00158,4/12/2024,4/26/2024,4/18/2024,Dikembalikan
173,USR00019,Luis Samosir,Mahasiswa,"Fakultas Sains, Teknologi, & Kesehatan",Teknik Industri,2022.0,TRX003394,BK00168,11/30/2023,12/14/2023,12/3/2023,Dikembalikan
174,USR00019,Luis Samosir,Mahasiswa,"Fakultas Sains, Teknologi, & Kesehatan",Teknik Industri,2022.0,TRX003496,BK00472,5/1/2025,5/15/2025,5/17/2025,Terlambat
175,USR00020,Puti Almira Waluyo,Mahasiswa,"Fakultas Sains, Teknologi, & Kesehatan",Keperawatan,2023.0,TRX000171,BK00491,5/5/2023,5/19/2023,5/11/2023,Dikembalikan
176,USR00020,Puti Almira Waluyo,Mahasiswa,"Fakultas Sains, Teknologi, & Kesehatan",Keperawatan,2023.0,TRX000906,BK00534,12/12/2023,12/26/2023,12/31/2023,Terlambat
177,USR00020,Puti Almira Waluyo,Mahasiswa,"Fakultas Sains, Teknologi, & Kesehatan",Keperawatan,2023.0,TRX001256,BK00491,9/27/2025,10/11/2025,10/3/2025,Dikembalikan
178,USR00020,Puti Almira Waluyo,Mahasiswa,"Fakultas Sains, Teknologi, & Kesehatan",Keperawatan,2023.0,TRX001673,BK00495,12/21/2023,1/4/2024,1/6/2024,Terlambat
179,USR00020,Puti Almira Waluyo,Mahasiswa,"Fakultas Sains, Teknologi, & Kesehatan",Keperawatan,2023.0,TRX001855,BK00530,11/1/2023,11/15/2023,11/5/2023,Dikembalikan
180,USR00020,Puti Almira Waluyo,Mahasiswa,"Fakultas Sains, Teknologi, & Kesehatan",Keperawatan,2023.0,TRX001940,BK00481,7/8/2025,7/22/2025,7/15/2025,Dikembalikan
181,USR00021,"Ajeng Iswahyudi, M.TI.",Mahasiswa,"Fakultas Sains, Teknologi, & Kesehatan",Teknik Industri,2021.0,TRX000744,BK00475,8/1/2023,8/15/2023,8/19/2023,Terlambat
182,USR00021,"Ajeng Iswahyudi, M.TI.",Mahasiswa,"Fakultas Sains, Teknologi, & Kesehatan",Teknik Industri,2021.0,TRX001526,BK00396,12/10/2024,12/24/2024,12/24/2024,Dikembalikan
183,USR00021,"Ajeng Iswahyudi, M.TI.",Mahasiswa,"Fakultas Sains, Teknologi, & Kesehatan",Teknik Industri,2021.0,TRX002612,BK00455,3/3/2025,3/17/2025,3/9/2025,Dikembalikan
184,USR00021,"Ajeng Iswahyudi, M.TI.",Mahasiswa,"Fakultas Sains, Teknologi, & Kesehatan",Teknik Industri,2021.0,TRX002680,BK00453,7/3/2025,7/17/2025,7/8/2025,Dikembalikan
185,USR00021,"Ajeng Iswahyudi, M.TI.",Mahasiswa,"Fakultas Sains, Teknologi, & Kesehatan",Teknik Industri,2021.0,TRX002736,BK00443,5/29/2024,6/12/2024,6/10/2024,Dikembalikan
186,USR00021,"Ajeng Iswahyudi, M.TI.",Mahasiswa,"Fakultas Sains, Teknologi, & Kesehatan",Teknik Industri,2021.0,TRX002779,BK00443,3/6/2025,3/20/2025,3/11/2025,Dikembalikan
187,USR00021,"Ajeng Iswahyudi, M.TI.",Mahasiswa,"Fakultas Sains, Teknologi, & Kesehatan",Teknik Industri,2021.0,TRX002858,BK00241,9/14/2025,9/28/2025,9/18/2025,Dikembalikan
188,USR00021,"Ajeng Iswahyudi, M.TI.",Mahasiswa,"Fakultas Sains, Teknologi, & Kesehatan",Teknik Industri,2021.0,TRX003012,BK00493,12/18/2025,1/1/2026,,Dipinjam
189,USR00021,"Ajeng Iswahyudi, M.TI.",Mahasiswa,"Fakultas Sains, Teknologi, & Kesehatan",Teknik Industri,2021.0,TRX003175,BK00469,9/23/2024,10/7/2024,10/1/2024,Dikembalikan
190,USR00022,Heryanto Saptono,Mahasiswa,"Fakultas Sains, Teknologi, & Kesehatan",Teknik Industri,2024.0,TRX000235,BK00511,7/2/2024,7/16/2024,7/21/2024,Terlambat
191,USR00022,Heryanto Saptono,Mahasiswa,"Fakultas Sains, Teknologi, & Kesehatan",Teknik Industri,2024.0,TRX001422,BK00429,10/23/2023,11/6/2023,11/2/2023,Dikembalikan
192,USR00022,Heryanto Saptono,Mahasiswa,"Fakultas Sains, Teknologi, & Kesehatan",Teknik Industri,2024.0,TRX001496,BK00295,2/23/2023,3/9/2023,2/26/2023,Dikembalikan
193,USR00022,Heryanto Saptono,Mahasiswa,"Fakultas Sains, Teknologi, & Kesehatan",Teknik Industri,2024.0,TRX002033,BK00466,4/18/2025,5/2/2025,5/3/2025,Terlambat
194,USR00022,Heryanto Saptono,Mahasiswa,"Fakultas Sains, Teknologi, & Kesehatan",Teknik Industri,2024.0,TRX002888,BK00396,4/15/2023,4/29/2023,4/28/2023,Dikembalikan
195,USR00022,Heryanto Saptono,Mahasiswa,"Fakultas Sains, Teknologi, & Kesehatan",Teknik Industri,2024.0,TRX003206,BK00401,8/4/2023,8/18/2023,8/23/2023,Terlambat
196,USR00022,Heryanto Saptono,Mahasiswa,"Fakultas Sains, Teknologi, & Kesehatan",Teknik Industri,2024.0,TRX003226,BK00464,12/22/2023,1/5/2024,1/5/2024,Dikembalikan
197,USR00022,Heryanto Saptono,Mahasiswa,"Fakultas Sains, Teknologi, & Kesehatan",Teknik Industri,2024.0,TRX003355,BK00447,3/4/2023,3/18/2023,3/8/2023,Dikembalikan
198,USR00022,Heryanto Saptono,Mahasiswa,"Fakultas Sains, Teknologi, & Kesehatan",Teknik Industri,2024.0,TRX003402,BK00401,11/13/2023,11/27/2023,11/16/2023,Dikembalikan
199,USR00022,Heryanto Saptono,Mahasiswa,"Fakultas Sains, Teknologi, & Kesehatan",Teknik Industri,2024.0,TRX003430,BK00089,3/4/2024,3/18/2024,3/12/2024,Dikembalikan
200,USR00023,Endah Putra,Mahasiswa,"Fakultas Sosial, Humaniora, & Seni",Ilmu Komunikasi,2022.0,TRX000323,BK01257,4/20/2025,5/4/2025,5/2/2025,Dikembalikan
201,USR00023,Endah Putra,Mahasiswa,"Fakultas Sosial, Humaniora, & Seni",Ilmu Komunikasi,2022.0,TRX000327,BK01310,5/25/2024,6/8/2024,5/30/2024,Dikembalikan
202,USR00023,Endah Putra,Mahasiswa,"Fakultas Sosial, Humaniora, & Seni",Ilmu Komunikasi,2022.0,TRX000898,BK00455,3/9/2023,3/23/2023,3/29/2023,Terlambat
203,USR00023,Endah Putra,Mahasiswa,"Fakultas Sosial, Humaniora, & Seni",Ilmu Komunikasi,2022.0,TRX001404,BK01302,10/15/2024,10/29/2024,10/24/2024,Dikembalikan
204,USR00023,Endah Putra,Mahasiswa,"Fakultas Sosial, Humaniora, & Seni",Ilmu Komunikasi,2022.0,TRX001962,BK01248,9/5/2025,9/19/2025,9/13/2025,Dikembalikan
205,USR00023,Endah Putra,Mahasiswa,"Fakultas Sosial, Humaniora, & Seni",Ilmu Komunikasi,2022.0,TRX003059,BK01374,2/8/2023,2/22/2023,2/26/2023,Terlambat
206,USR00024,"Puspa Hariyah, S.I.Kom",Mahasiswa,"Fakultas Sosial, Humaniora, & Seni",Desain Interior,2021.0,TRX000072,BK01027,5/13/2025,5/27/2025,5/18/2025,Dikembalikan
207,USR00024,"Puspa Hariyah, S.I.Kom",Mahasiswa,"Fakultas Sosial, Humaniora, & Seni",Desain Interior,2021.0,TRX000090,BK00946,6/18/2024,7/2/2024,7/5/2024,Terlambat
208,USR00024,"Puspa Hariyah, S.I.Kom",Mahasiswa,"Fakultas Sosial, Humaniora, & Seni",Desain Interior,2021.0,TRX000997,BK00800,2/9/2024,2/23/2024,2/27/2024,Terlambat
209,USR00024,"Puspa Hariyah, S.I.Kom",Mahasiswa,"Fakultas Sosial, Humaniora, & Seni",Desain Interior,2021.0,TRX001443,BK01001,4/5/2025,4/19/2025,4/19/2025,Dikembalikan
210,USR00024,"Puspa Hariyah, S.I.Kom",Mahasiswa,"Fakultas Sosial, Humaniora, & Seni",Desain Interior,2021.0,TRX001511,BK00955,12/6/2025,12/20/2025,12/26/2025,Terlambat
211,USR00024,"Puspa Hariyah, S.I.Kom",Mahasiswa,"Fakultas Sosial, Humaniora, & Seni",Desain Interior,2021.0,TRX001525,BK01327,6/2/2023,6/16/2023,6/16/2023,Dikembalikan
212,USR00024,"Puspa Hariyah, S.I.Kom",Mahasiswa,"Fakultas Sosial, Humaniora, & Seni",Desain Interior,2021.0,TRX002128,BK00992,3/7/2024,3/21/2024,3/10/2024,Dikembalikan
213,USR00024,"Puspa Hariyah, S.I.Kom",Mahasiswa,"Fakultas Sosial, Humaniora, & Seni",Desain Interior,2021.0,TRX002236,BK01087,8/17/2025,8/31/2025,8/23/2025,Dikembalikan
214,USR00024,"Puspa Hariyah, S.I.Kom",Mahasiswa,"Fakultas Sosial, Humaniora, & Seni",Desain Interior,2021.0,TRX002742,BK00980,4/9/2025,4/23/2025,4/19/2025,Dikembalikan
215,USR00025,Kasiran Marbun,Mahasiswa,"Fakultas Sains, Teknologi, & Kesehatan",Keperawatan,2025.0,TRX000182,BK00330,4/5/2025,4/19/2025,4/12/2025,Dikembalikan
216,USR00025,Kasiran Marbun,Mahasiswa,"Fakultas Sains, Teknologi, & Kesehatan",Keperawatan,2025.0,TRX000497,BK00557,8/18/2024,9/1/2024,9/6/2024,Terlambat
217,USR00025,Kasiran Marbun,Mahasiswa,"Fakultas Sains, Teknologi, & Kesehatan",Keperawatan,2025.0,TRX000691,BK00225,5/26/2023,6/9/2023,6/10/2023,Terlambat
218,USR00025,Kasiran Marbun,Mahasiswa,"Fakultas Sains, Teknologi, & Kesehatan",Keperawatan,2025.0,TRX001289,BK00555,12/14/2025,12/28/2025,12/31/2025,Terlambat
219,USR00025,Kasiran Marbun,Mahasiswa,"Fakultas Sains, Teknologi, & Kesehatan",Keperawatan,2025.0,TRX001293,BK00532,1/21/2023,2/4/2023,1/28/2023,Dikembalikan
220,USR00025,Kasiran Marbun,Mahasiswa,"Fakultas Sains, Teknologi, & Kesehatan",Keperawatan,2025.0,TRX001908,BK00209,7/24/2023,8/7/2023,7/28/2023,Dikembalikan
221,USR00025,Kasiran Marbun,Mahasiswa,"Fakultas Sains, Teknologi, & Kesehatan",Keperawatan,2025.0,TRX002161,BK00025,4/27/2023,5/11/2023,5/15/2023,Terlambat
222,USR00025,Kasiran Marbun,Mahasiswa,"Fakultas Sains, Teknologi, & Kesehatan",Keperawatan,2025.0,TRX002406,BK00662,11/24/2024,12/8/2024,12/14/2024,Terlambat
223,USR00025,Kasiran Marbun,Mahasiswa,"Fakultas Sains, Teknologi, & Kesehatan",Keperawatan,2025.0,TRX003220,BK00129,5/23/2025,6/6/2025,6/13/2025,Terlambat
224,USR00025,Kasiran Marbun,Mahasiswa,"Fakultas Sains, Teknologi, & Kesehatan",Keperawatan,2025.0,TRX003336,BK00211,10/11/2025,10/25/2025,10/14/2025,Dikembalikan
225,USR00026,"drg. Hadi Maryati, S.Pt",Mahasiswa,"Fakultas Sains, Teknologi, & Kesehatan",Profesi Ners,2023.0,TRX000037,BK00734,12/10/2023,12/24/2023,12/23/2023,Dikembalikan
226,USR00026,"drg. Hadi Maryati, S.Pt",Mahasiswa,"Fakultas Sains, Teknologi, & Kesehatan",Profesi Ners,2023.0,TRX000518,BK00765,9/8/2025,9/22/2025,9/23/2025,Terlambat
227,USR00026,"drg. Hadi Maryati, S.Pt",Mahasiswa,"Fakultas Sains, Teknologi, & Kesehatan",Profesi Ners,2023.0,TRX001178,BK00723,7/17/2024,7/31/2024,8/3/2024,Terlambat
228,USR00026,"drg. Hadi Maryati, S.Pt",Mahasiswa,"Fakultas Sains, Teknologi, & Kesehatan",Profesi Ners,2023.0,TRX001186,BK00757,3/1/2023,3/15/2023,3/19/2023,Terlambat
229,USR00026,"drg. Hadi Maryati, S.Pt",Mahasiswa,"Fakultas Sains, Teknologi, & Kesehatan",Profesi Ners,2023.0,TRX001654,BK00768,7/26/2025,8/9/2025,8/14/2025,Terlambat
230,USR00026,"drg. Hadi Maryati, S.Pt",Mahasiswa,"Fakultas Sains, Teknologi, & Kesehatan",Profesi Ners,2023.0,TRX002629,BK00767,7/7/2024,7/21/2024,7/28/2024,Terlambat
231,USR00026,"drg. Hadi Maryati, S.Pt",Mahasiswa,"Fakultas Sains, Teknologi, & Kesehatan",Profesi Ners,2023.0,TRX003178,BK00757,2/19/2023,3/5/2023,3/7/2023,Terlambat
232,USR00026,"drg. Hadi Maryati, S.Pt",Mahasiswa,"Fakultas Sains, Teknologi, & Kesehatan",Profesi Ners,2023.0,TRX003332,BK00749,3/8/2023,3/22/2023,3/16/2023,Dikembalikan
233,USR00026,"drg. Hadi Maryati, S.Pt",Mahasiswa,"Fakultas Sains, Teknologi, & Kesehatan",Profesi Ners,2023.0,TRX003421,BK00511,10/7/2024,10/21/2024,10/18/2024,Dikembalikan
234,USR00027,"Jaga Nugroho, S.E.",Mahasiswa,"Fakultas Sains, Teknologi, & Kesehatan",Informatika,2022.0,TRX000186,BK00165,1/1/2025,1/15/2025,1/14/2025,Dikembalikan
235,USR00027,"Jaga Nugroho, S.E.",Mahasiswa,"Fakultas Sains, Teknologi, & Kesehatan",Informatika,2022.0,TRX000706,BK00966,4/24/2025,5/8/2025,4/29/2025,Dikembalikan
236,USR00027,"Jaga Nugroho, S.E.",Mahasiswa,"Fakultas Sains, Teknologi, & Kesehatan",Informatika,2022.0,TRX001163,BK00211,2/1/2024,2/15/2024,2/18/2024,Terlambat
237,USR00027,"Jaga Nugroho, S.E.",Mahasiswa,"Fakultas Sains, Teknologi, & Kesehatan",Informatika,2022.0,TRX001297,BK00172,10/12/2023,10/26/2023,11/2/2023,Terlambat
238,USR00027,"Jaga Nugroho, S.E.",Mahasiswa,"Fakultas Sains, Teknologi, & Kesehatan",Informatika,2022.0,TRX001724,BK00172,12/19/2025,1/2/2026,,Dipinjam
239,USR00027,"Jaga Nugroho, S.E.",Mahasiswa,"Fakultas Sains, Teknologi, & Kesehatan",Informatika,2022.0,TRX002119,BK00609,5/4/2024,5/18/2024,5/9/2024,Dikembalikan
240,USR00027,"Jaga Nugroho, S.E.",Mahasiswa,"Fakultas Sains, Teknologi, & Kesehatan",Informatika,2022.0,TRX002222,BK00228,11/22/2023,12/6/2023,12/13/2023,Terlambat
241,USR00027,"Jaga Nugroho, S.E.",Mahasiswa,"Fakultas Sains, Teknologi, & Kesehatan",Informatika,2022.0,TRX002552,BK00229,3/24/2025,4/7/2025,3/28/2025,Dikembalikan
242,USR00027,"Jaga Nugroho, S.E.",Mahasiswa,"Fakultas Sains, Teknologi, & Kesehatan",Informatika,2022.0,TRX003313,BK00175,5/29/2024,6/12/2024,6/8/2024,Dikembalikan
243,USR00027,"Jaga Nugroho, S.E.",Mahasiswa,"Fakultas Sains, Teknologi, & Kesehatan",Informatika,2022.0,TRX003454,BK00185,9/17/2025,10/1/2025,9/22/2025,Dikembalikan
244,USR00028,Natalia Hariyah,Mahasiswa,"Fakultas Sains, Teknologi, & Kesehatan",Teknik Industri,2024.0,TRX000193,BK00363,9/4/2024,9/18/2024,9/10/2024,Dikembalikan
245,USR00028,Natalia Hariyah,Mahasiswa,"Fakultas Sains, Teknologi, & Kesehatan",Teknik Industri,2024.0,TRX000419,BK00370,10/22/2025,11/5/2025,11/5/2025,Dikembalikan
246,USR00028,Natalia Hariyah,Mahasiswa,"Fakultas Sains, Teknologi, & Kesehatan",Teknik Industri,2024.0,TRX000806,BK00405,8/28/2023,9/11/2023,9/11/2023,Dikembalikan
247,USR00028,Natalia Hariyah,Mahasiswa,"Fakultas Sains, Teknologi, & Kesehatan",Teknik Industri,2024.0,TRX000867,BK00379,1/17/2024,1/31/2024,1/24/2024,Dikembalikan
248,USR00028,Natalia Hariyah,Mahasiswa,"Fakultas Sains, Teknologi, & Kesehatan",Teknik Industri,2024.0,TRX001268,BK00474,10/26/2025,11/9/2025,11/11/2025,Terlambat
249,USR00028,Natalia Hariyah,Mahasiswa,"Fakultas Sains, Teknologi, & Kesehatan",Teknik Industri,2024.0,TRX001414,BK00437,8/7/2023,8/21/2023,8/26/2023,Terlambat
250,USR00028,Natalia Hariyah,Mahasiswa,"Fakultas Sains, Teknologi, & Kesehatan",Teknik Industri,2024.0,TRX002404,BK00696,4/11/2023,4/25/2023,4/30/2023,Terlambat
251,USR00028,Natalia Hariyah,Mahasiswa,"Fakultas Sains, Teknologi, & Kesehatan",Teknik Industri,2024.0,TRX002765,BK00454,4/19/2025,5/3/2025,4/28/2025,Dikembalikan
252,USR00029,Hana Tarihoran,Mahasiswa,"Fakultas Sosial, Humaniora, & Seni",Psikologi,2021.0,TRX000641,BK01229,8/11/2025,8/25/2025,8/26/2025,Terlambat
253,USR00029,Hana Tarihoran,Mahasiswa,"Fakultas Sosial, Humaniora, & Seni",Psikologi,2021.0,TRX001324,BK01188,4/2/2023,4/16/2023,4/14/2023,Dikembalikan
254,USR00029,Hana Tarihoran,Mahasiswa,"Fakultas Sosial, Humaniora, & Seni",Psikologi,2021.0,TRX001375,BK01196,6/23/2023,7/7/2023,7/4/2023,Dikembalikan
255,USR00029,Hana Tarihoran,Mahasiswa,"Fakultas Sosial, Humaniora, & Seni",Psikologi,2021.0,TRX001972,BK01172,3/31/2023,4/14/2023,4/10/2023,Dikembalikan
256,USR00029,Hana Tarihoran,Mahasiswa,"Fakultas Sosial, Humaniora, & Seni",Psikologi,2021.0,TRX002037,BK00793,1/16/2025,1/30/2025,2/6/2025,Terlambat
257,USR00029,Hana Tarihoran,Mahasiswa,"Fakultas Sosial, Humaniora, & Seni",Psikologi,2021.0,TRX002910,BK01215,11/1/2023,11/15/2023,11/13/2023,Dikembalikan
258,USR00029,Hana Tarihoran,Mahasiswa,"Fakultas Sosial, Humaniora, & Seni",Psikologi,2021.0,TRX003015,BK01202,2/24/2023,3/10/2023,3/15/2023,Terlambat
259,USR00029,Hana Tarihoran,Mahasiswa,"Fakultas Sosial, Humaniora, & Seni",Psikologi,2021.0,TRX003484,BK01199,3/15/2025,3/29/2025,4/1/2025,Terlambat
260,USR00030,Ir. Emas Laksmiwati,Mahasiswa,"Fakultas Sains, Teknologi, & Kesehatan",Farmasi,2021.0,TRX000315,BK00484,2/26/2023,3/12/2023,3/13/2023,Terlambat
261,USR00030,Ir. Emas Laksmiwati,Mahasiswa,"Fakultas Sains, Teknologi, & Kesehatan",Farmasi,2021.0,TRX001544,BK00692,11/17/2025,12/1/2025,11/23/2025,Dikembalikan
262,USR00030,Ir. Emas Laksmiwati,Mahasiswa,"Fakultas Sains, Teknologi, & Kesehatan",Farmasi,2021.0,TRX001987,BK00633,1/19/2024,2/2/2024,1/26/2024,Dikembalikan
263,USR00030,Ir. Emas Laksmiwati,Mahasiswa,"Fakultas Sains, Teknologi, & Kesehatan",Farmasi,2021.0,TRX002205,BK00798,8/2/2023,8/16/2023,8/21/2023,Terlambat
264,USR00030,Ir. Emas Laksmiwati,Mahasiswa,"Fakultas Sains, Teknologi, & Kesehatan",Farmasi,2021.0,TRX002958,BK00650,8/24/2023,9/7/2023,9/6/2023,Dikembalikan
265,USR00030,Ir. Emas Laksmiwati,Mahasiswa,"Fakultas Sains, Teknologi, & Kesehatan",Farmasi,2021.0,TRX003483,BK00674,2/23/2023,3/9/2023,3/12/2023,Terlambat
266,USR00031,Harjasa Mangunsong,Mahasiswa,"Fakultas Sains, Teknologi, & Kesehatan",Farmasi,2022.0,TRX000924,BK00595,12/20/2023,1/3/2024,1/1/2024,Dikembalikan
267,USR00031,Harjasa Mangunsong,Mahasiswa,"Fakultas Sains, Teknologi, & Kesehatan",Farmasi,2022.0,TRX001090,BK00645,9/14/2024,9/28/2024,9/18/2024,Dikembalikan
268,USR00031,Harjasa Mangunsong,Mahasiswa,"Fakultas Sains, Teknologi, & Kesehatan",Farmasi,2022.0,TRX001608,BK00635,1/25/2023,2/8/2023,2/1/2023,Dikembalikan
269,USR00031,Harjasa Mangunsong,Mahasiswa,"Fakultas Sains, Teknologi, & Kesehatan",Farmasi,2022.0,TRX002051,BK00340,7/8/2024,7/22/2024,7/24/2024,Terlambat
270,USR00031,Harjasa Mangunsong,Mahasiswa,"Fakultas Sains, Teknologi, & Kesehatan",Farmasi,2022.0,TRX002155,BK00601,12/31/2024,1/14/2025,1/11/2025,Dikembalikan
271,USR00031,Harjasa Mangunsong,Mahasiswa,"Fakultas Sains, Teknologi, & Kesehatan",Farmasi,2022.0,TRX002219,BK00606,7/8/2024,7/22/2024,7/20/2024,Dikembalikan
272,USR00031,Harjasa Mangunsong,Mahasiswa,"Fakultas Sains, Teknologi, & Kesehatan",Farmasi,2022.0,TRX002512,BK00568,6/21/2024,7/5/2024,6/27/2024,Dikembalikan
273,USR00031,Harjasa Mangunsong,Mahasiswa,"Fakultas Sains, Teknologi, & Kesehatan",Farmasi,2022.0,TRX002544,BK00660,10/15/2024,10/29/2024,10/21/2024,Dikembalikan
274,USR00031,Harjasa Mangunsong,Mahasiswa,"Fakultas Sains, Teknologi, & Kesehatan",Farmasi,2022.0,TRX003043,BK00704,10/12/2025,10/26/2025,10/27/2025,Terlambat
275,USR00032,"Ir. Ami Simbolon, S.E.I",Mahasiswa,"Fakultas Sains, Teknologi, & Kesehatan",Profesi Ners,2021.0,TRX000435,BK00741,7/31/2023,8/14/2023,8/11/2023,Dikembalikan
276,USR00032,"Ir. Ami Simbolon, S.E.I",Mahasiswa,"Fakultas Sains, Teknologi, & Kesehatan",Profesi Ners,2021.0,TRX000464,BK00148,1/4/2024,1/18/2024,1/13/2024,Dikembalikan
277,USR00032,"Ir. Ami Simbolon, S.E.I",Mahasiswa,"Fakultas Sains, Teknologi, & Kesehatan",Profesi Ners,2021.0,TRX002562,BK01154,12/2/2023,12/16/2023,12/8/2023,Dikembalikan
278,USR00032,"Ir. Ami Simbolon, S.E.I",Mahasiswa,"Fakultas Sains, Teknologi, & Kesehatan",Profesi Ners,2021.0,TRX002998,BK00724,10/10/2025,10/24/2025,10/27/2025,Terlambat
279,USR00032,"Ir. Ami Simbolon, S.E.I",Mahasiswa,"Fakultas Sains, Teknologi, & Kesehatan",Profesi Ners,2021.0,TRX003387,BK00739,11/22/2025,12/6/2025,12/8/2025,Terlambat
280,USR00032,"Ir. Ami Simbolon, S.E.I",Mahasiswa,"Fakultas Sains, Teknologi, & Kesehatan",Profesi Ners,2021.0,TRX003449,BK00408,9/17/2023,10/1/2023,9/21/2023,Dikembalikan
281,USR00033,Puti Oni Winarsih,Mahasiswa,"Fakultas Sains, Teknologi, & Kesehatan",Informatika,2022.0,TRX000223,BK00213,3/10/2023,3/24/2023,3/28/2023,Terlambat
282,USR00033,Puti Oni Winarsih,Mahasiswa,"Fakultas Sains, Teknologi, & Kesehatan",Informatika,2022.0,TRX000884,BK00734,2/15/2023,3/1/2023,2/28/2023,Dikembalikan
283,USR00033,Puti Oni Winarsih,Mahasiswa,"Fakultas Sains, Teknologi, & Kesehatan",Informatika,2022.0,TRX001415,BK00225,8/21/2023,9/4/2023,8/30/2023,Dikembalikan
284,USR00033,Puti Oni Winarsih,Mahasiswa,"Fakultas Sains, Teknologi, & Kesehatan",Informatika,2022.0,TRX001696,BK00875,5/4/2024,5/18/2024,5/14/2024,Dikembalikan
285,USR00033,Puti Oni Winarsih,Mahasiswa,"Fakultas Sains, Teknologi, & Kesehatan",Informatika,2022.0,TRX002144,BK00208,2/16/2025,3/2/2025,2/23/2025,Dikembalikan
286,USR00033,Puti Oni Winarsih,Mahasiswa,"Fakultas Sains, Teknologi, & Kesehatan",Informatika,2022.0,TRX002897,BK00212,5/30/2023,6/13/2023,6/12/2023,Dikembalikan
287,USR00034,"Mutia Wibowo, M.Pd",Mahasiswa,"Fakultas Sains, Teknologi, & Kesehatan",Farmasi,2023.0,TRX000051,BK00666,1/29/2025,2/12/2025,2/15/2025,Terlambat
288,USR00034,"Mutia Wibowo, M.Pd",Mahasiswa,"Fakultas Sains, Teknologi, & Kesehatan",Farmasi,2023.0,TRX000403,BK00597,10/26/2024,11/9/2024,11/15/2024,Terlambat
289,USR00034,"Mutia Wibowo, M.Pd",Mahasiswa,"Fakultas Sains, Teknologi, & Kesehatan",Farmasi,2023.0,TRX000556,BK00581,12/22/2025,1/5/2026,,Dipinjam
290,USR00034,"Mutia Wibowo, M.Pd",Mahasiswa,"Fakultas Sains, Teknologi, & Kesehatan",Farmasi,2023.0,TRX000714,BK00391,11/14/2024,11/28/2024,11/24/2024,Dikembalikan
291,USR00034,"Mutia Wibowo, M.Pd",Mahasiswa,"Fakultas Sains, Teknologi, & Kesehatan",Farmasi,2023.0,TRX000814,BK00622,11/18/2025,12/2/2025,12/2/2025,Dikembalikan
292,USR00034,"Mutia Wibowo, M.Pd",Mahasiswa,"Fakultas Sains, Teknologi, & Kesehatan",Farmasi,2023.0,TRX001700,BK00622,8/2/2023,8/16/2023,8/15/2023,Dikembalikan
293,USR00034,"Mutia Wibowo, M.Pd",Mahasiswa,"Fakultas Sains, Teknologi, & Kesehatan",Farmasi,2023.0,TRX001862,BK00595,5/23/2024,6/6/2024,6/13/2024,Terlambat
294,USR00034,"Mutia Wibowo, M.Pd",Mahasiswa,"Fakultas Sains, Teknologi, & Kesehatan",Farmasi,2023.0,TRX002032,BK00572,1/24/2024,2/7/2024,2/4/2024,Dikembalikan
295,USR00034,"Mutia Wibowo, M.Pd",Mahasiswa,"Fakultas Sains, Teknologi, & Kesehatan",Farmasi,2023.0,TRX002434,BK00639,10/16/2024,10/30/2024,10/28/2024,Dikembalikan
296,USR00034,"Mutia Wibowo, M.Pd",Mahasiswa,"Fakultas Sains, Teknologi, & Kesehatan",Farmasi,2023.0,TRX003365,BK01188,7/22/2024,8/5/2024,8/3/2024,Dikembalikan
297,USR00034,"Mutia Wibowo, M.Pd",Mahasiswa,"Fakultas Sains, Teknologi, & Kesehatan",Farmasi,2023.0,TRX003415,BK00662,10/13/2025,10/27/2025,11/1/2025,Terlambat
298,USR00035,Omar Jailani,Mahasiswa,"Fakultas Sains, Teknologi, & Kesehatan",Informatika,2022.0,TRX000110,BK00257,8/27/2024,9/10/2024,9/1/2024,Dikembalikan
299,USR00035,Omar Jailani,Mahasiswa,"Fakultas Sains, Teknologi, & Kesehatan",Informatika,2022.0,TRX001000,BK00099,8/9/2023,8/23/2023,8/12/2023,Dikembalikan
300,USR00035,Omar Jailani,Mahasiswa,"Fakultas Sains, Teknologi, & Kesehatan",Informatika,2022.0,TRX001054,BK00008,8/9/2023,8/23/2023,8/30/2023,Terlambat
301,USR00035,Omar Jailani,Mahasiswa,"Fakultas Sains, Teknologi, & Kesehatan",Informatika,2022.0,TRX001207,BK00105,1/15/2025,1/29/2025,2/5/2025,Terlambat
302,USR00035,Omar Jailani,Mahasiswa,"Fakultas Sains, Teknologi, & Kesehatan",Informatika,2022.0,TRX002566,BK00250,12/29/2023,1/12/2024,1/13/2024,Terlambat
303,USR00035,Omar Jailani,Mahasiswa,"Fakultas Sains, Teknologi, & Kesehatan",Informatika,2022.0,TRX002666,BK01061,4/3/2024,4/17/2024,4/18/2024,Terlambat
304,USR00035,Omar Jailani,Mahasiswa,"Fakultas Sains, Teknologi, & Kesehatan",Informatika,2022.0,TRX003436,BK00214,4/14/2024,4/28/2024,4/24/2024,Dikembalikan
305,USR00036,Anastasia Pudjiastuti,Mahasiswa,"Fakultas Sains, Teknologi, & Kesehatan",Profesi Ners,2021.0,TRX000176,BK00519,11/2/2025,11/16/2025,11/6/2025,Dikembalikan
306,USR00036,Anastasia Pudjiastuti,Mahasiswa,"Fakultas Sains, Teknologi, & Kesehatan",Profesi Ners,2021.0,TRX000255,BK00730,7/19/2023,8/2/2023,7/25/2023,Dikembalikan
307,USR00036,Anastasia Pudjiastuti,Mahasiswa,"Fakultas Sains, Teknologi, & Kesehatan",Profesi Ners,2021.0,TRX000732,BK00286,12/30/2025,1/13/2026,,Dipinjam
308,USR00036,Anastasia Pudjiastuti,Mahasiswa,"Fakultas Sains, Teknologi, & Kesehatan",Profesi Ners,2021.0,TRX000842,BK00777,4/24/2025,5/8/2025,5/6/2025,Dikembalikan
309,USR00036,Anastasia Pudjiastuti,Mahasiswa,"Fakultas Sains, Teknologi, & Kesehatan",Profesi Ners,2021.0,TRX002117,BK00761,10/24/2025,11/7/2025,11/7/2025,Dikembalikan
310,USR00036,Anastasia Pudjiastuti,Mahasiswa,"Fakultas Sains, Teknologi, & Kesehatan",Profesi Ners,2021.0,TRX002460,BK01120,12/16/2024,12/30/2024,12/21/2024,Dikembalikan
311,USR00037,"R. Tina Farida, S.IP",Mahasiswa,"Fakultas Sosial, Humaniora, & Seni",Psikologi,2024.0,TRX000478,BK01191,7/29/2024,8/12/2024,8/3/2024,Dikembalikan
312,USR00037,"R. Tina Farida, S.IP",Mahasiswa,"Fakultas Sosial, Humaniora, & Seni",Psikologi,2024.0,TRX000852,BK01206,12/7/2024,12/21/2024,12/11/2024,Dikembalikan
313,USR00037,"R. Tina Farida, S.IP",Mahasiswa,"Fakultas Sosial, Humaniora, & Seni",Psikologi,2024.0,TRX001546,BK01196,2/15/2023,3/1/2023,2/27/2023,Dikembalikan
314,USR00037,"R. Tina Farida, S.IP",Mahasiswa,"Fakultas Sosial, Humaniora, & Seni",Psikologi,2024.0,TRX001607,BK01288,1/19/2024,2/2/2024,1/24/2024,Dikembalikan
315,USR00037,"R. Tina Farida, S.IP",Mahasiswa,"Fakultas Sosial, Humaniora, & Seni",Psikologi,2024.0,TRX001824,BK01089,6/20/2023,7/4/2023,7/5/2023,Terlambat
316,USR00037,"R. Tina Farida, S.IP",Mahasiswa,"Fakultas Sosial, Humaniora, & Seni",Psikologi,2024.0,TRX001925,BK01212,5/8/2025,5/22/2025,5/25/2025,Terlambat
317,USR00037,"R. Tina Farida, S.IP",Mahasiswa,"Fakultas Sosial, Humaniora, & Seni",Psikologi,2024.0,TRX001994,BK01190,1/5/2024,1/19/2024,1/19/2024,Dikembalikan
318,USR00037,"R. Tina Farida, S.IP",Mahasiswa,"Fakultas Sosial, Humaniora, & Seni",Psikologi,2024.0,TRX002627,BK01175,3/11/2025,3/25/2025,3/24/2025,Dikembalikan
319,USR00037,"R. Tina Farida, S.IP",Mahasiswa,"Fakultas Sosial, Humaniora, & Seni",Psikologi,2024.0,TRX003033,BK01183,5/8/2025,5/22/2025,5/22/2025,Dikembalikan
320,USR00037,"R. Tina Farida, S.IP",Mahasiswa,"Fakultas Sosial, Humaniora, & Seni",Psikologi,2024.0,TRX003114,BK01185,7/25/2023,8/8/2023,8/5/2023,Dikembalikan
321,USR00037,"R. Tina Farida, S.IP",Mahasiswa,"Fakultas Sosial, Humaniora, & Seni",Psikologi,2024.0,TRX003283,BK01204,7/21/2024,8/4/2024,8/11/2024,Terlambat
322,USR00037,"R. Tina Farida, S.IP",Mahasiswa,"Fakultas Sosial, Humaniora, & Seni",Psikologi,2024.0,TRX003497,BK00043,9/21/2023,10/5/2023,9/26/2023,Dikembalikan
323,USR00038,"Jarwadi Natsir, S.Pt",Mahasiswa,"Fakultas Sains, Teknologi, & Kesehatan",Farmasi,2020.0,TRX000017,BK00027,12/7/2025,12/21/2025,12/21/2025,Dikembalikan
324,USR00038,"Jarwadi Natsir, S.Pt",Mahasiswa,"Fakultas Sains, Teknologi, & Kesehatan",Farmasi,2020.0,TRX000059,BK00632,1/25/2024,2/8/2024,2/11/2024,Terlambat
325,USR00038,"Jarwadi Natsir, S.Pt",Mahasiswa,"Fakultas Sains, Teknologi, & Kesehatan",Farmasi,2020.0,TRX000288,BK00645,4/6/2025,4/20/2025,4/23/2025,Terlambat
326,USR00038,"Jarwadi Natsir, S.Pt",Mahasiswa,"Fakultas Sains, Teknologi, & Kesehatan",Farmasi,2020.0,TRX000453,BK00635,9/21/2024,10/5/2024,10/1/2024,Dikembalikan
327,USR00038,"Jarwadi Natsir, S.Pt",Mahasiswa,"Fakultas Sains, Teknologi, & Kesehatan",Farmasi,2020.0,TRX000522,BK00616,8/5/2025,8/19/2025,8/12/2025,Dikembalikan
328,USR00038,"Jarwadi Natsir, S.Pt",Mahasiswa,"Fakultas Sains, Teknologi, & Kesehatan",Farmasi,2020.0,TRX000984,BK00705,5/10/2024,5/24/2024,5/27/2024,Terlambat
329,USR00038,"Jarwadi Natsir, S.Pt",Mahasiswa,"Fakultas Sains, Teknologi, & Kesehatan",Farmasi,2020.0,TRX001020,BK00539,4/9/2025,4/23/2025,4/22/2025,Dikembalikan
330,USR00038,"Jarwadi Natsir, S.Pt",Mahasiswa,"Fakultas Sains, Teknologi, & Kesehatan",Farmasi,2020.0,TRX001124,BK00676,6/24/2024,7/8/2024,7/14/2024,Terlambat
331,USR00038,"Jarwadi Natsir, S.Pt",Mahasiswa,"Fakultas Sains, Teknologi, & Kesehatan",Farmasi,2020.0,TRX001524,BK00662,5/11/2025,5/25/2025,5/28/2025,Terlambat
332,USR00038,"Jarwadi Natsir, S.Pt",Mahasiswa,"Fakultas Sains, Teknologi, & Kesehatan",Farmasi,2020.0,TRX001545,BK00692,6/18/2024,7/2/2024,7/3/2024,Terlambat
333,USR00038,"Jarwadi Natsir, S.Pt",Mahasiswa,"Fakultas Sains, Teknologi, & Kesehatan",Farmasi,2020.0,TRX002072,BK00385,3/4/2025,3/18/2025,3/12/2025,Dikembalikan
334,USR00038,"Jarwadi Natsir, S.Pt",Mahasiswa,"Fakultas Sains, Teknologi, & Kesehatan",Farmasi,2020.0,TRX002902,BK00712,1/4/2025,1/18/2025,1/9/2025,Dikembalikan
335,USR00038,"Jarwadi Natsir, S.Pt",Mahasiswa,"Fakultas Sains, Teknologi, & Kesehatan",Farmasi,2020.0,TRX003162,BK00688,11/13/2025,11/27/2025,11/16/2025,Dikembalikan
336,USR00039,Silvia Pratama,Mahasiswa,"Fakultas Sosial, Humaniora, & Seni",Desain Interior,2021.0,TRX000020,BK01017,4/9/2025,4/23/2025,4/22/2025,Dikembalikan
337,USR00039,Silvia Pratama,Mahasiswa,"Fakultas Sosial, Humaniora, & Seni",Desain Interior,2021.0,TRX000273,BK01025,3/26/2025,4/9/2025,4/2/2025,Dikembalikan
338,USR00039,Silvia Pratama,Mahasiswa,"Fakultas Sosial, Humaniora, & Seni",Desain Interior,2021.0,TRX001109,BK00968,6/18/2023,7/2/2023,6/29/2023,Dikembalikan
339,USR00039,Silvia Pratama,Mahasiswa,"Fakultas Sosial, Humaniora, & Seni",Desain Interior,2021.0,TRX001306,BK01000,11/21/2024,12/5/2024,11/26/2024,Dikembalikan
340,USR00039,Silvia Pratama,Mahasiswa,"Fakultas Sosial, Humaniora, & Seni",Desain Interior,2021.0,TRX001374,BK01003,12/8/2025,12/22/2025,12/25/2025,Terlambat
341,USR00039,Silvia Pratama,Mahasiswa,"Fakultas Sosial, Humaniora, & Seni",Desain Interior,2021.0,TRX001492,BK00966,3/21/2024,4/4/2024,3/26/2024,Dikembalikan
342,USR00039,Silvia Pratama,Mahasiswa,"Fakultas Sosial, Humaniora, & Seni",Desain Interior,2021.0,TRX001588,BK00974,7/1/2024,7/15/2024,7/8/2024,Dikembalikan
343,USR00039,Silvia Pratama,Mahasiswa,"Fakultas Sosial, Humaniora, & Seni",Desain Interior,2021.0,TRX002534,BK01069,9/11/2023,9/25/2023,10/2/2023,Terlambat
344,USR00039,Silvia Pratama,Mahasiswa,"Fakultas Sosial, Humaniora, & Seni",Desain Interior,2021.0,TRX003439,BK01172,12/20/2025,1/3/2026,,Dipinjam
345,USR00040,Ilyas Pratama,Mahasiswa,"Fakultas Sosial, Humaniora, & Seni",Desain Komunikasi Visual,2021.0,TRX000146,BK01091,6/9/2024,6/23/2024,6/28/2024,Terlambat
346,USR00040,Ilyas Pratama,Mahasiswa,"Fakultas Sosial, Humaniora, & Seni",Desain Komunikasi Visual,2021.0,TRX000257,BK01287,8/19/2024,9/2/2024,9/5/2024,Terlambat
347,USR00040,Ilyas Pratama,Mahasiswa,"Fakultas Sosial, Humaniora, & Seni",Desain Komunikasi Visual,2021.0,TRX000739,BK00883,1/18/2023,2/1/2023,1/31/2023,Dikembalikan
348,USR00040,Ilyas Pratama,Mahasiswa,"Fakultas Sosial, Humaniora, & Seni",Desain Komunikasi Visual,2021.0,TRX000751,BK00286,10/6/2023,10/20/2023,10/27/2023,Terlambat
349,USR00040,Ilyas Pratama,Mahasiswa,"Fakultas Sosial, Humaniora, & Seni",Desain Komunikasi Visual,2021.0,TRX000825,BK00940,12/19/2023,1/2/2024,12/24/2023,Dikembalikan
350,USR00040,Ilyas Pratama,Mahasiswa,"Fakultas Sosial, Humaniora, & Seni",Desain Komunikasi Visual,2021.0,TRX000941,BK01214,6/10/2025,6/24/2025,6/28/2025,Terlambat
351,USR00040,Ilyas Pratama,Mahasiswa,"Fakultas Sosial, Humaniora, & Seni",Desain Komunikasi Visual,2021.0,TRX001431,BK00851,7/6/2024,7/20/2024,7/12/2024,Dikembalikan
352,USR00040,Ilyas Pratama,Mahasiswa,"Fakultas Sosial, Humaniora, & Seni",Desain Komunikasi Visual,2021.0,TRX002200,BK01273,3/6/2023,3/20/2023,3/15/2023,Dikembalikan
353,USR00040,Ilyas Pratama,Mahasiswa,"Fakultas Sosial, Humaniora, & Seni",Desain Komunikasi Visual,2021.0,TRX002314,BK00865,1/17/2024,1/31/2024,1/27/2024,Dikembalikan
354,USR00040,Ilyas Pratama,Mahasiswa,"Fakultas Sosial, Humaniora, & Seni",Desain Komunikasi Visual,2021.0,TRX003200,BK00787,5/31/2025,6/14/2025,6/19/2025,Terlambat
355,USR00041,Hj. Restu Nashiruddin,Mahasiswa,"Fakultas Sains, Teknologi, & Kesehatan",Teknik Industri,2024.0,TRX000341,BK00178,12/29/2024,1/12/2025,1/6/2025,Dikembalikan
356,USR00041,Hj. Restu Nashiruddin,Mahasiswa,"Fakultas Sains, Teknologi, & Kesehatan",Teknik Industri,2024.0,TRX001115,BK01341,12/4/2023,12/18/2023,12/20/2023,Terlambat
357,USR00041,Hj. Restu Nashiruddin,Mahasiswa,"Fakultas Sains, Teknologi, & Kesehatan",Teknik Industri,2024.0,TRX001368,BK00663,5/13/2023,5/27/2023,5/19/2023,Dikembalikan
358,USR00041,Hj. Restu Nashiruddin,Mahasiswa,"Fakultas Sains, Teknologi, & Kesehatan",Teknik Industri,2024.0,TRX001890,BK00333,5/11/2024,5/25/2024,5/28/2024,Terlambat
359,USR00041,Hj. Restu Nashiruddin,Mahasiswa,"Fakultas Sains, Teknologi, & Kesehatan",Teknik Industri,2024.0,TRX002131,BK00347,3/4/2025,3/18/2025,3/8/2025,Dikembalikan
360,USR00041,Hj. Restu Nashiruddin,Mahasiswa,"Fakultas Sains, Teknologi, & Kesehatan",Teknik Industri,2024.0,TRX002413,BK00396,2/11/2024,2/25/2024,2/29/2024,Terlambat
361,USR00041,Hj. Restu Nashiruddin,Mahasiswa,"Fakultas Sains, Teknologi, & Kesehatan",Teknik Industri,2024.0,TRX003329,BK00408,2/1/2023,2/15/2023,2/20/2023,Terlambat
362,USR00041,Hj. Restu Nashiruddin,Mahasiswa,"Fakultas Sains, Teknologi, & Kesehatan",Teknik Industri,2024.0,TRX003469,BK00362,7/29/2024,8/12/2024,8/16/2024,Terlambat
363,USR00042,"Cut Jane Najmudin, S.E.",Mahasiswa,"Fakultas Sains, Teknologi, & Kesehatan",Profesi Ners,2020.0,TRX000581,BK00726,1/27/2023,2/10/2023,2/5/2023,Dikembalikan
364,USR00042,"Cut Jane Najmudin, S.E.",Mahasiswa,"Fakultas Sains, Teknologi, & Kesehatan",Profesi Ners,2020.0,TRX001177,BK00731,6/26/2024,7/10/2024,7/13/2024,Terlambat
365,USR00042,"Cut Jane Najmudin, S.E.",Mahasiswa,"Fakultas Sains, Teknologi, & Kesehatan",Profesi Ners,2020.0,TRX001276,BK00193,5/1/2024,5/15/2024,5/10/2024,Dikembalikan
366,USR00042,"Cut Jane Najmudin, S.E.",Mahasiswa,"Fakultas Sains, Teknologi, & Kesehatan",Profesi Ners,2020.0,TRX001430,BK00764,6/12/2025,6/26/2025,6/23/2025,Dikembalikan
367,USR00042,"Cut Jane Najmudin, S.E.",Mahasiswa,"Fakultas Sains, Teknologi, & Kesehatan",Profesi Ners,2020.0,TRX001802,BK00751,11/8/2023,11/22/2023,11/17/2023,Dikembalikan
368,USR00042,"Cut Jane Najmudin, S.E.",Mahasiswa,"Fakultas Sains, Teknologi, & Kesehatan",Profesi Ners,2020.0,TRX001900,BK00732,7/16/2025,7/30/2025,8/4/2025,Terlambat
369,USR00042,"Cut Jane Najmudin, S.E.",Mahasiswa,"Fakultas Sains, Teknologi, & Kesehatan",Profesi Ners,2020.0,TRX002467,BK00779,5/22/2025,6/5/2025,5/31/2025,Dikembalikan
370,USR00042,"Cut Jane Najmudin, S.E.",Mahasiswa,"Fakultas Sains, Teknologi, & Kesehatan",Profesi Ners,2020.0,TRX002486,BK00769,2/26/2025,3/12/2025,3/10/2025,Dikembalikan
371,USR00042,"Cut Jane Najmudin, S.E.",Mahasiswa,"Fakultas Sains, Teknologi, & Kesehatan",Profesi Ners,2020.0,TRX002732,BK00591,7/27/2023,8/10/2023,7/31/2023,Dikembalikan
372,USR00043,Koko Purnawati,Mahasiswa,"Fakultas Sosial, Humaniora, & Seni",Ilmu Komunikasi,2022.0,TRX000428,BK00974,4/4/2023,4/18/2023,4/18/2023,Dikembalikan
373,USR00043,Koko Purnawati,Mahasiswa,"Fakultas Sosial, Humaniora, & Seni",Ilmu Komunikasi,2022.0,TRX001941,BK00440,1/22/2024,2/5/2024,1/31/2024,Dikembalikan
374,USR00043,Koko Purnawati,Mahasiswa,"Fakultas Sosial, Humaniora, & Seni",Ilmu Komunikasi,2022.0,TRX002602,BK01341,4/1/2025,4/15/2025,4/21/2025,Terlambat
375,USR00043,Koko Purnawati,Mahasiswa,"Fakultas Sosial, Humaniora, & Seni",Ilmu Komunikasi,2022.0,TRX002767,BK01348,1/21/2023,2/4/2023,2/7/2023,Terlambat
376,USR00043,Koko Purnawati,Mahasiswa,"Fakultas Sosial, Humaniora, & Seni",Ilmu Komunikasi,2022.0,TRX003194,BK01336,8/23/2024,9/6/2024,8/26/2024,Dikembalikan
377,USR00044,R.A. Ulya Zulkarnain,Mahasiswa,"Fakultas Sains, Teknologi, & Kesehatan",Teknik Industri,2021.0,TRX001322,BK00427,11/14/2024,11/28/2024,11/21/2024,Dikembalikan
378,USR00044,R.A. Ulya Zulkarnain,Mahasiswa,"Fakultas Sains, Teknologi, & Kesehatan",Teknik Industri,2021.0,TRX002313,BK00283,7/31/2024,8/14/2024,8/10/2024,Dikembalikan
379,USR00044,R.A. Ulya Zulkarnain,Mahasiswa,"Fakultas Sains, Teknologi, & Kesehatan",Teknik Industri,2021.0,TRX003383,BK00421,9/14/2025,9/28/2025,9/19/2025,Dikembalikan
380,USR00045,Yahya Januar,Mahasiswa,"Fakultas Sains, Teknologi, & Kesehatan",Farmasi,2020.0,TRX000154,BK00671,1/22/2025,2/5/2025,2/11/2025,Terlambat
381,USR00045,Yahya Januar,Mahasiswa,"Fakultas Sains, Teknologi, & Kesehatan",Farmasi,2020.0,TRX000272,BK00705,8/30/2023,9/13/2023,9/12/2023,Dikembalikan
382,USR00045,Yahya Januar,Mahasiswa,"Fakultas Sains, Teknologi, & Kesehatan",Farmasi,2020.0,TRX000352,BK00576,11/13/2023,11/27/2023,12/3/2023,Terlambat
383,USR00045,Yahya Januar,Mahasiswa,"Fakultas Sains, Teknologi, & Kesehatan",Farmasi,2020.0,TRX000840,BK00678,9/17/2024,10/1/2024,10/7/2024,Terlambat
384,USR00045,Yahya Januar,Mahasiswa,"Fakultas Sains, Teknologi, & Kesehatan",Farmasi,2020.0,TRX000951,BK00406,8/3/2025,8/17/2025,8/14/2025,Dikembalikan
385,USR00045,Yahya Januar,Mahasiswa,"Fakultas Sains, Teknologi, & Kesehatan",Farmasi,2020.0,TRX001133,BK00705,6/19/2024,7/3/2024,7/6/2024,Terlambat
386,USR00045,Yahya Januar,Mahasiswa,"Fakultas Sains, Teknologi, & Kesehatan",Farmasi,2020.0,TRX001458,BK00504,10/19/2025,11/2/2025,11/6/2025,Terlambat
387,USR00045,Yahya Januar,Mahasiswa,"Fakultas Sains, Teknologi, & Kesehatan",Farmasi,2020.0,TRX001604,BK00149,3/20/2024,4/3/2024,3/30/2024,Dikembalikan
388,USR00045,Yahya Januar,Mahasiswa,"Fakultas Sains, Teknologi, & Kesehatan",Farmasi,2020.0,TRX002149,BK00371,2/4/2024,2/18/2024,2/18/2024,Dikembalikan
389,USR00045,Yahya Januar,Mahasiswa,"Fakultas Sains, Teknologi, & Kesehatan",Farmasi,2020.0,TRX002158,BK00644,10/12/2023,10/26/2023,10/18/2023,Dikembalikan
390,USR00045,Yahya Januar,Mahasiswa,"Fakultas Sains, Teknologi, & Kesehatan",Farmasi,2020.0,TRX002443,BK00724,10/28/2024,11/11/2024,11/15/2024,Terlambat
391,USR00045,Yahya Januar,Mahasiswa,"Fakultas Sains, Teknologi, & Kesehatan",Farmasi,2020.0,TRX002624,BK00179,8/24/2024,9/7/2024,8/31/2024,Dikembalikan
392,USR00045,Yahya Januar,Mahasiswa,"Fakultas Sains, Teknologi, & Kesehatan",Farmasi,2020.0,TRX003236,BK00628,9/9/2025,9/23/2025,9/24/2025,Terlambat
393,USR00046,"Maria Simbolon, M.Farm",Mahasiswa,"Fakultas Sains, Teknologi, & Kesehatan",Informatika,2024.0,TRX000448,BK01020,8/28/2024,9/11/2024,9/18/2024,Terlambat
394,USR00046,"Maria Simbolon, M.Farm",Mahasiswa,"Fakultas Sains, Teknologi, & Kesehatan",Informatika,2024.0,TRX000567,BK00222,3/15/2025,3/29/2025,4/1/2025,Terlambat
395,USR00046,"Maria Simbolon, M.Farm",Mahasiswa,"Fakultas Sains, Teknologi, & Kesehatan",Informatika,2024.0,TRX000936,BK00158,12/16/2025,12/30/2025,,Dipinjam
396,USR00046,"Maria Simbolon, M.Farm",Mahasiswa,"Fakultas Sains, Teknologi, & Kesehatan",Informatika,2024.0,TRX001117,BK00072,9/11/2024,9/25/2024,9/21/2024,Dikembalikan
397,USR00046,"Maria Simbolon, M.Farm",Mahasiswa,"Fakultas Sains, Teknologi, & Kesehatan",Informatika,2024.0,TRX001657,BK00345,1/2/2023,1/16/2023,1/15/2023,Dikembalikan
398,USR00046,"Maria Simbolon, M.Farm",Mahasiswa,"Fakultas Sains, Teknologi, & Kesehatan",Informatika,2024.0,TRX001920,BK00157,5/15/2024,5/29/2024,6/2/2024,Terlambat
399,USR00046,"Maria Simbolon, M.Farm",Mahasiswa,"Fakultas Sains, Teknologi, & Kesehatan",Informatika,2024.0,TRX002298,BK00139,10/23/2024,11/6/2024,11/11/2024,Terlambat
400,USR00046,"Maria Simbolon, M.Farm",Mahasiswa,"Fakultas Sains, Teknologi, & Kesehatan",Informatika,2024.0,TRX002454,BK00210,6/24/2025,7/8/2025,7/2/2025,Dikembalikan
401,USR00046,"Maria Simbolon, M.Farm",Mahasiswa,"Fakultas Sains, Teknologi, & Kesehatan",Informatika,2024.0,TRX002598,BK01172,1/20/2025,2/3/2025,2/6/2025,Terlambat
402,USR00046,"Maria Simbolon, M.Farm",Mahasiswa,"Fakultas Sains, Teknologi, & Kesehatan",Informatika,2024.0,TRX003225,BK00192,6/19/2025,7/3/2025,7/1/2025,Dikembalikan
403,USR00047,Manah Sihombing,Mahasiswa,"Fakultas Sains, Teknologi, & Kesehatan",Teknik Industri,2021.0,TRX000047,BK00051,4/10/2023,4/24/2023,4/19/2023,Dikembalikan
404,USR00047,Manah Sihombing,Mahasiswa,"Fakultas Sains, Teknologi, & Kesehatan",Teknik Industri,2021.0,TRX000274,BK00405,4/2/2025,4/16/2025,4/5/2025,Dikembalikan
405,USR00047,Manah Sihombing,Mahasiswa,"Fakultas Sains, Teknologi, & Kesehatan",Teknik Industri,2021.0,TRX000763,BK00415,9/2/2024,9/16/2024,9/19/2024,Terlambat
406,USR00047,Manah Sihombing,Mahasiswa,"Fakultas Sains, Teknologi, & Kesehatan",Teknik Industri,2021.0,TRX001016,BK00459,9/5/2024,9/19/2024,9/26/2024,Terlambat
407,USR00047,Manah Sihombing,Mahasiswa,"Fakultas Sains, Teknologi, & Kesehatan",Teknik Industri,2021.0,TRX001225,BK00402,12/5/2023,12/19/2023,12/15/2023,Dikembalikan
408,USR00047,Manah Sihombing,Mahasiswa,"Fakultas Sains, Teknologi, & Kesehatan",Teknik Industri,2021.0,TRX001585,BK00462,1/8/2025,1/22/2025,1/14/2025,Dikembalikan
409,USR00047,Manah Sihombing,Mahasiswa,"Fakultas Sains, Teknologi, & Kesehatan",Teknik Industri,2021.0,TRX001699,BK00445,10/16/2024,10/30/2024,10/30/2024,Dikembalikan
410,USR00047,Manah Sihombing,Mahasiswa,"Fakultas Sains, Teknologi, & Kesehatan",Teknik Industri,2021.0,TRX001894,BK00408,10/14/2024,10/28/2024,10/17/2024,Dikembalikan
411,USR00047,Manah Sihombing,Mahasiswa,"Fakultas Sains, Teknologi, & Kesehatan",Teknik Industri,2021.0,TRX001966,BK00462,5/18/2023,6/1/2023,6/8/2023,Terlambat
412,USR00047,Manah Sihombing,Mahasiswa,"Fakultas Sains, Teknologi, & Kesehatan",Teknik Industri,2021.0,TRX002318,BK00410,8/27/2024,9/10/2024,8/30/2024,Dikembalikan
413,USR00047,Manah Sihombing,Mahasiswa,"Fakultas Sains, Teknologi, & Kesehatan",Teknik Industri,2021.0,TRX003347,BK00444,4/13/2023,4/27/2023,5/3/2023,Terlambat
414,USR00047,Manah Sihombing,Mahasiswa,"Fakultas Sains, Teknologi, & Kesehatan",Teknik Industri,2021.0,TRX003405,BK00442,3/13/2024,3/27/2024,3/18/2024,Dikembalikan
415,USR00048,Kadir Pudjiastuti,Mahasiswa,"Fakultas Sosial, Humaniora, & Seni",Ilmu Komunikasi,2021.0,TRX000208,BK01332,4/1/2025,4/15/2025,4/12/2025,Dikembalikan
416,USR00048,Kadir Pudjiastuti,Mahasiswa,"Fakultas Sosial, Humaniora, & Seni",Ilmu Komunikasi,2021.0,TRX001104,BK01375,9/4/2024,9/18/2024,9/17/2024,Dikembalikan
417,USR00048,Kadir Pudjiastuti,Mahasiswa,"Fakultas Sosial, Humaniora, & Seni",Ilmu Komunikasi,2021.0,TRX001128,BK01243,7/29/2025,8/12/2025,8/1/2025,Dikembalikan
418,USR00048,Kadir Pudjiastuti,Mahasiswa,"Fakultas Sosial, Humaniora, & Seni",Ilmu Komunikasi,2021.0,TRX001510,BK01366,5/16/2025,5/30/2025,6/2/2025,Terlambat
419,USR00048,Kadir Pudjiastuti,Mahasiswa,"Fakultas Sosial, Humaniora, & Seni",Ilmu Komunikasi,2021.0,TRX001774,BK01290,11/9/2023,11/23/2023,11/17/2023,Dikembalikan
420,USR00048,Kadir Pudjiastuti,Mahasiswa,"Fakultas Sosial, Humaniora, & Seni",Ilmu Komunikasi,2021.0,TRX001795,BK00879,5/4/2025,5/18/2025,5/9/2025,Dikembalikan
421,USR00048,Kadir Pudjiastuti,Mahasiswa,"Fakultas Sosial, Humaniora, & Seni",Ilmu Komunikasi,2021.0,TRX001922,BK01221,5/4/2025,5/18/2025,5/18/2025,Dikembalikan
422,USR00048,Kadir Pudjiastuti,Mahasiswa,"Fakultas Sosial, Humaniora, & Seni",Ilmu Komunikasi,2021.0,TRX002352,BK01280,9/17/2025,10/1/2025,9/29/2025,Dikembalikan
423,USR00048,Kadir Pudjiastuti,Mahasiswa,"Fakultas Sosial, Humaniora, & Seni",Ilmu Komunikasi,2021.0,TRX002416,BK01280,8/13/2024,8/27/2024,8/26/2024,Dikembalikan
424,USR00048,Kadir Pudjiastuti,Mahasiswa,"Fakultas Sosial, Humaniora, & Seni",Ilmu Komunikasi,2021.0,TRX003210,BK01244,3/12/2025,3/26/2025,3/20/2025,Dikembalikan
425,USR00048,Kadir Pudjiastuti,Mahasiswa,"Fakultas Sosial, Humaniora, & Seni",Ilmu Komunikasi,2021.0,TRX003312,BK01281,5/23/2025,6/6/2025,6/6/2025,Dikembalikan
426,USR00049,Dasa Marbun,Mahasiswa,"Fakultas Sosial, Humaniora, & Seni",Ilmu Komunikasi,2023.0,TRX000314,BK01333,5/31/2024,6/14/2024,6/11/2024,Dikembalikan
427,USR00049,Dasa Marbun,Mahasiswa,"Fakultas Sosial, Humaniora, & Seni",Ilmu Komunikasi,2023.0,TRX000870,BK01379,2/19/2023,3/5/2023,2/28/2023,Dikembalikan
428,USR00049,Dasa Marbun,Mahasiswa,"Fakultas Sosial, Humaniora, & Seni",Ilmu Komunikasi,2023.0,TRX001006,BK00274,10/26/2025,11/9/2025,11/5/2025,Dikembalikan
429,USR00049,Dasa Marbun,Mahasiswa,"Fakultas Sosial, Humaniora, & Seni",Ilmu Komunikasi,2023.0,TRX001025,BK01326,1/1/2023,1/15/2023,1/4/2023,Dikembalikan
430,USR00049,Dasa Marbun,Mahasiswa,"Fakultas Sosial, Humaniora, & Seni",Ilmu Komunikasi,2023.0,TRX001105,BK01246,7/3/2025,7/17/2025,7/8/2025,Dikembalikan
431,USR00049,Dasa Marbun,Mahasiswa,"Fakultas Sosial, Humaniora, & Seni",Ilmu Komunikasi,2023.0,TRX001235,BK01360,12/12/2025,12/26/2025,12/19/2025,Dikembalikan
432,USR00049,Dasa Marbun,Mahasiswa,"Fakultas Sosial, Humaniora, & Seni",Ilmu Komunikasi,2023.0,TRX001530,BK01304,10/5/2023,10/19/2023,10/11/2023,Dikembalikan
433,USR00049,Dasa Marbun,Mahasiswa,"Fakultas Sosial, Humaniora, & Seni",Ilmu Komunikasi,2023.0,TRX001575,BK01326,6/25/2024,7/9/2024,7/16/2024,Terlambat
434,USR00049,Dasa Marbun,Mahasiswa,"Fakultas Sosial, Humaniora, & Seni",Ilmu Komunikasi,2023.0,TRX002083,BK01311,12/22/2025,1/5/2026,,Dipinjam
435,USR00049,Dasa Marbun,Mahasiswa,"Fakultas Sosial, Humaniora, & Seni",Ilmu Komunikasi,2023.0,TRX002351,BK00968,11/20/2025,12/4/2025,12/8/2025,Terlambat
436,USR00049,Dasa Marbun,Mahasiswa,"Fakultas Sosial, Humaniora, & Seni",Ilmu Komunikasi,2023.0,TRX002664,BK01311,1/15/2025,1/29/2025,1/29/2025,Dikembalikan
437,USR00049,Dasa Marbun,Mahasiswa,"Fakultas Sosial, Humaniora, & Seni",Ilmu Komunikasi,2023.0,TRX002714,BK01336,4/10/2023,4/24/2023,4/16/2023,Dikembalikan
438,USR00049,Dasa Marbun,Mahasiswa,"Fakultas Sosial, Humaniora, & Seni",Ilmu Komunikasi,2023.0,TRX003094,BK01327,12/10/2023,12/24/2023,12/19/2023,Dikembalikan
439,USR00049,Dasa Marbun,Mahasiswa,"Fakultas Sosial, Humaniora, & Seni",Ilmu Komunikasi,2023.0,TRX003184,BK00850,7/6/2023,7/20/2023,7/18/2023,Dikembalikan
440,USR00050,Safina Utama,Mahasiswa,"Fakultas Sains, Teknologi, & Kesehatan",Profesi Ners,2020.0,TRX000046,BK00749,10/29/2023,11/12/2023,11/16/2023,Terlambat
441,USR00050,Safina Utama,Mahasiswa,"Fakultas Sains, Teknologi, & Kesehatan",Profesi Ners,2020.0,TRX000353,BK00722,4/9/2024,4/23/2024,4/16/2024,Dikembalikan
442,USR00050,Safina Utama,Mahasiswa,"Fakultas Sains, Teknologi, & Kesehatan",Profesi Ners,2020.0,TRX000542,BK00305,3/25/2025,4/8/2025,4/6/2025,Dikembalikan
443,USR00050,Safina Utama,Mahasiswa,"Fakultas Sains, Teknologi, & Kesehatan",Profesi Ners,2020.0,TRX000600,BK00727,4/28/2023,5/12/2023,5/10/2023,Dikembalikan
444,USR00050,Safina Utama,Mahasiswa,"Fakultas Sains, Teknologi, & Kesehatan",Profesi Ners,2020.0,TRX001416,BK00183,5/17/2024,5/31/2024,5/31/2024,Dikembalikan
445,USR00050,Safina Utama,Mahasiswa,"Fakultas Sains, Teknologi, & Kesehatan",Profesi Ners,2020.0,TRX001461,BK00733,5/30/2023,6/13/2023,6/2/2023,Dikembalikan
446,USR00050,Safina Utama,Mahasiswa,"Fakultas Sains, Teknologi, & Kesehatan",Profesi Ners,2020.0,TRX001813,BK00759,9/15/2024,9/29/2024,10/1/2024,Terlambat
447,USR00050,Safina Utama,Mahasiswa,"Fakultas Sains, Teknologi, & Kesehatan",Profesi Ners,2020.0,TRX002079,BK00751,8/29/2023,9/12/2023,9/8/2023,Dikembalikan
448,USR00050,Safina Utama,Mahasiswa,"Fakultas Sains, Teknologi, & Kesehatan",Profesi Ners,2020.0,TRX002307,BK00649,3/9/2023,3/23/2023,3/17/2023,Dikembalikan
449,USR00050,Safina Utama,Mahasiswa,"Fakultas Sains, Teknologi, & Kesehatan",Profesi Ners,2020.0,TRX002997,BK00747,4/18/2024,5/2/2024,4/21/2024,Dikembalikan
450,USR00050,Safina Utama,Mahasiswa,"Fakultas Sains, Teknologi, & Kesehatan",Profesi Ners,2020.0,TRX003371,BK00647,6/17/2024,7/1/2024,7/4/2024,Terlambat
451,USR00051,"Hesti Permata, M.Pd",Mahasiswa,"Fakultas Sains, Teknologi, & Kesehatan",Informatika,2025.0,TRX000091,BK00061,11/1/2024,11/15/2024,11/12/2024,Dikembalikan
452,USR00051,"Hesti Permata, M.Pd",Mahasiswa,"Fakultas Sains, Teknologi, & Kesehatan",Informatika,2025.0,TRX000592,BK00095,9/5/2024,9/19/2024,9/12/2024,Dikembalikan
453,USR00051,"Hesti Permata, M.Pd",Mahasiswa,"Fakultas Sains, Teknologi, & Kesehatan",Informatika,2025.0,TRX001579,BK00546,10/14/2025,10/28/2025,10/31/2025,Terlambat
454,USR00051,"Hesti Permata, M.Pd",Mahasiswa,"Fakultas Sains, Teknologi, & Kesehatan",Informatika,2025.0,TRX002399,BK00056,6/17/2025,7/1/2025,7/6/2025,Terlambat
455,USR00051,"Hesti Permata, M.Pd",Mahasiswa,"Fakultas Sains, Teknologi, & Kesehatan",Informatika,2025.0,TRX003150,BK00729,9/27/2023,10/11/2023,10/18/2023,Terlambat
456,USR00052,Galuh Puspita,Mahasiswa,"Fakultas Sains, Teknologi, & Kesehatan",Teknik Industri,2025.0,TRX000306,BK00277,9/2/2025,9/16/2025,9/6/2025,Dikembalikan
457,USR00052,Galuh Puspita,Mahasiswa,"Fakultas Sains, Teknologi, & Kesehatan",Teknik Industri,2025.0,TRX000681,BK00440,2/22/2023,3/8/2023,2/27/2023,Dikembalikan
458,USR00052,Galuh Puspita,Mahasiswa,"Fakultas Sains, Teknologi, & Kesehatan",Teknik Industri,2025.0,TRX001143,BK00194,2/9/2025,2/23/2025,2/20/2025,Dikembalikan
459,USR00052,Galuh Puspita,Mahasiswa,"Fakultas Sains, Teknologi, & Kesehatan",Teknik Industri,2025.0,TRX001265,BK00410,2/21/2024,3/6/2024,3/6/2024,Dikembalikan
460,USR00052,Galuh Puspita,Mahasiswa,"Fakultas Sains, Teknologi, & Kesehatan",Teknik Industri,2025.0,TRX001790,BK00947,9/2/2024,9/16/2024,9/17/2024,Terlambat
461,USR00052,Galuh Puspita,Mahasiswa,"Fakultas Sains, Teknologi, & Kesehatan",Teknik Industri,2025.0,TRX001883,BK00495,9/10/2025,9/24/2025,10/1/2025,Terlambat
462,USR00052,Galuh Puspita,Mahasiswa,"Fakultas Sains, Teknologi, & Kesehatan",Teknik Industri,2025.0,TRX001976,BK00422,8/5/2023,8/19/2023,8/21/2023,Terlambat
463,USR00052,Galuh Puspita,Mahasiswa,"Fakultas Sains, Teknologi, & Kesehatan",Teknik Industri,2025.0,TRX002015,BK00450,3/12/2025,3/26/2025,3/28/2025,Terlambat
464,USR00052,Galuh Puspita,Mahasiswa,"Fakultas Sains, Teknologi, & Kesehatan",Teknik Industri,2025.0,TRX002306,BK00427,11/25/2024,12/9/2024,12/13/2024,Terlambat
465,USR00052,Galuh Puspita,Mahasiswa,"Fakultas Sains, Teknologi, & Kesehatan",Teknik Industri,2025.0,TRX002729,BK00591,5/25/2023,6/8/2023,6/12/2023,Terlambat
466,USR00052,Galuh Puspita,Mahasiswa,"Fakultas Sains, Teknologi, & Kesehatan",Teknik Industri,2025.0,TRX002889,BK00334,4/29/2023,5/13/2023,5/10/2023,Dikembalikan
467,USR00052,Galuh Puspita,Mahasiswa,"Fakultas Sains, Teknologi, & Kesehatan",Teknik Industri,2025.0,TRX002978,BK00432,3/30/2025,4/13/2025,4/6/2025,Dikembalikan
468,USR00052,Galuh Puspita,Mahasiswa,"Fakultas Sains, Teknologi, & Kesehatan",Teknik Industri,2025.0,TRX003216,BK00431,10/20/2023,11/3/2023,11/7/2023,Terlambat
469,USR00053,Hasna Agustina,Mahasiswa,"Fakultas Sosial, Humaniora, & Seni",Psikologi,2020.0,TRX000004,BK01005,5/25/2023,6/8/2023,5/28/2023,Dikembalikan
470,USR00053,Hasna Agustina,Mahasiswa,"Fakultas Sosial, Humaniora, & Seni",Psikologi,2020.0,TRX000619,BK01171,6/5/2025,6/19/2025,6/10/2025,Dikembalikan
471,USR00053,Hasna Agustina,Mahasiswa,"Fakultas Sosial, Humaniora, & Seni",Psikologi,2020.0,TRX001219,BK01199,11/29/2025,12/13/2025,12/12/2025,Dikembalikan
472,USR00053,Hasna Agustina,Mahasiswa,"Fakultas Sosial, Humaniora, & Seni",Psikologi,2020.0,TRX001377,BK01188,5/24/2025,6/7/2025,6/8/2025,Terlambat
473,USR00053,Hasna Agustina,Mahasiswa,"Fakultas Sosial, Humaniora, & Seni",Psikologi,2020.0,TRX001406,BK01190,11/20/2023,12/4/2023,11/24/2023,Dikembalikan
474,USR00053,Hasna Agustina,Mahasiswa,"Fakultas Sosial, Humaniora, & Seni",Psikologi,2020.0,TRX001576,BK01211,4/10/2023,4/24/2023,4/26/2023,Terlambat
475,USR00053,Hasna Agustina,Mahasiswa,"Fakultas Sosial, Humaniora, & Seni",Psikologi,2020.0,TRX001797,BK01217,7/2/2024,7/16/2024,7/20/2024,Terlambat
476,USR00053,Hasna Agustina,Mahasiswa,"Fakultas Sosial, Humaniora, & Seni",Psikologi,2020.0,TRX002013,BK01110,5/12/2023,5/26/2023,5/18/2023,Dikembalikan
477,USR00053,Hasna Agustina,Mahasiswa,"Fakultas Sosial, Humaniora, & Seni",Psikologi,2020.0,TRX002040,BK01207,4/19/2025,5/3/2025,4/23/2025,Dikembalikan
478,USR00053,Hasna Agustina,Mahasiswa,"Fakultas Sosial, Humaniora, & Seni",Psikologi,2020.0,TRX002593,BK01202,11/19/2023,12/3/2023,12/5/2023,Terlambat
479,USR00053,Hasna Agustina,Mahasiswa,"Fakultas Sosial, Humaniora, & Seni",Psikologi,2020.0,TRX002829,BK00590,4/12/2025,4/26/2025,4/16/2025,Dikembalikan
480,USR00053,Hasna Agustina,Mahasiswa,"Fakultas Sosial, Humaniora, & Seni",Psikologi,2020.0,TRX003041,BK01178,10/28/2024,11/11/2024,11/7/2024,Dikembalikan
481,USR00053,Hasna Agustina,Mahasiswa,"Fakultas Sosial, Humaniora, & Seni",Psikologi,2020.0,TRX003099,BK01232,12/11/2024,12/25/2024,12/31/2024,Terlambat
482,USR00053,Hasna Agustina,Mahasiswa,"Fakultas Sosial, Humaniora, & Seni",Psikologi,2020.0,TRX003350,BK01227,9/18/2024,10/2/2024,10/7/2024,Terlambat
483,USR00054,Jindra Yuliarti,Mahasiswa,"Fakultas Sosial, Humaniora, & Seni",Desain Interior,2021.0,TRX000141,BK00273,5/1/2024,5/15/2024,5/6/2024,Dikembalikan
484,USR00054,Jindra Yuliarti,Mahasiswa,"Fakultas Sosial, Humaniora, & Seni",Desain Interior,2021.0,TRX000237,BK01003,6/13/2025,6/27/2025,6/27/2025,Dikembalikan
485,USR00054,Jindra Yuliarti,Mahasiswa,"Fakultas Sosial, Humaniora, & Seni",Desain Interior,2021.0,TRX000401,BK00997,5/29/2023,6/12/2023,6/13/2023,Terlambat
486,USR00054,Jindra Yuliarti,Mahasiswa,"Fakultas Sosial, Humaniora, & Seni",Desain Interior,2021.0,TRX000820,BK00979,7/9/2023,7/23/2023,7/21/2023,Dikembalikan
487,USR00054,Jindra Yuliarti,Mahasiswa,"Fakultas Sosial, Humaniora, & Seni",Desain Interior,2021.0,TRX001230,BK00970,8/21/2024,9/4/2024,8/28/2024,Dikembalikan
488,USR00054,Jindra Yuliarti,Mahasiswa,"Fakultas Sosial, Humaniora, & Seni",Desain Interior,2021.0,TRX001441,BK00998,3/4/2023,3/18/2023,3/10/2023,Dikembalikan
489,USR00054,Jindra Yuliarti,Mahasiswa,"Fakultas Sosial, Humaniora, & Seni",Desain Interior,2021.0,TRX001594,BK01092,10/22/2023,11/5/2023,11/8/2023,Terlambat
490,USR00054,Jindra Yuliarti,Mahasiswa,"Fakultas Sosial, Humaniora, & Seni",Desain Interior,2021.0,TRX001995,BK01256,5/14/2025,5/28/2025,5/25/2025,Dikembalikan
491,USR00054,Jindra Yuliarti,Mahasiswa,"Fakultas Sosial, Humaniora, & Seni",Desain Interior,2021.0,TRX002558,BK01007,9/10/2025,9/24/2025,10/1/2025,Terlambat
492,USR00054,Jindra Yuliarti,Mahasiswa,"Fakultas Sosial, Humaniora, & Seni",Desain Interior,2021.0,TRX002750,BK01021,6/17/2023,7/1/2023,7/8/2023,Terlambat
493,USR00055,Unjani Lailasari,Mahasiswa,"Fakultas Sosial, Humaniora, & Seni",Psikologi,2025.0,TRX000394,BK00365,3/30/2025,4/13/2025,4/20/2025,Terlambat
494,USR00055,Unjani Lailasari,Mahasiswa,"Fakultas Sosial, Humaniora, & Seni",Psikologi,2025.0,TRX000696,BK01044,1/23/2025,2/6/2025,1/28/2025,Dikembalikan
495,USR00055,Unjani Lailasari,Mahasiswa,"Fakultas Sosial, Humaniora, & Seni",Psikologi,2025.0,TRX001310,BK01218,5/6/2023,5/20/2023,5/18/2023,Dikembalikan
496,USR00055,Unjani Lailasari,Mahasiswa,"Fakultas Sosial, Humaniora, & Seni",Psikologi,2025.0,TRX001864,BK01180,7/18/2025,8/1/2025,8/2/2025,Terlambat
497,USR00055,Unjani Lailasari,Mahasiswa,"Fakultas Sosial, Humaniora, & Seni",Psikologi,2025.0,TRX002354,BK01172,4/2/2023,4/16/2023,4/16/2023,Dikembalikan
498,USR00055,Unjani Lailasari,Mahasiswa,"Fakultas Sosial, Humaniora, & Seni",Psikologi,2025.0,TRX002365,BK01233,10/15/2025,10/29/2025,10/26/2025,Dikembalikan
499,USR00055,Unjani Lailasari,Mahasiswa,"Fakultas Sosial, Humaniora, & Seni",Psikologi,2025.0,TRX002516,BK01339,4/2/2023,4/16/2023,4/13/2023,Dikembalikan
500,USR00055,Unjani Lailasari,Mahasiswa,"Fakultas Sosial, Humaniora, & Seni",Psikologi,2025.0,TRX002586,BK01206,7/19/2024,8/2/2024,7/26/2024,Dikembalikan
501,USR00055,Unjani Lailasari,Mahasiswa,"Fakultas Sosial, Humaniora, & Seni",Psikologi,2025.0,TRX003097,BK01189,2/19/2025,3/5/2025,3/12/2025,Terlambat
502,USR00055,Unjani Lailasari,Mahasiswa,"Fakultas Sosial, Humaniora, & Seni",Psikologi,2025.0,TRX003260,BK01217,3/24/2025,4/7/2025,4/12/2025,Terlambat
503,USR00056,Caraka Wijaya,Mahasiswa,"Fakultas Sosial, Humaniora, & Seni",Psikologi,2020.0,TRX000048,BK01209,5/15/2025,5/29/2025,5/24/2025,Dikembalikan
504,USR00056,Caraka Wijaya,Mahasiswa,"Fakultas Sosial, Humaniora, & Seni",Psikologi,2020.0,TRX000456,BK01201,2/3/2024,2/17/2024,2/17/2024,Dikembalikan
505,USR00056,Caraka Wijaya,Mahasiswa,"Fakultas Sosial, Humaniora, & Seni",Psikologi,2020.0,TRX001146,BK01195,10/20/2025,11/3/2025,11/10/2025,Terlambat
506,USR00056,Caraka Wijaya,Mahasiswa,"Fakultas Sosial, Humaniora, & Seni",Psikologi,2020.0,TRX001355,BK01138,2/5/2025,2/19/2025,2/20/2025,Terlambat
507,USR00056,Caraka Wijaya,Mahasiswa,"Fakultas Sosial, Humaniora, & Seni",Psikologi,2020.0,TRX001463,BK00489,12/6/2024,12/20/2024,12/17/2024,Dikembalikan
508,USR00056,Caraka Wijaya,Mahasiswa,"Fakultas Sosial, Humaniora, & Seni",Psikologi,2020.0,TRX002841,BK01202,10/29/2024,11/12/2024,11/2/2024,Dikembalikan
509,USR00056,Caraka Wijaya,Mahasiswa,"Fakultas Sosial, Humaniora, & Seni",Psikologi,2020.0,TRX003030,BK01306,9/7/2024,9/21/2024,9/21/2024,Dikembalikan
510,USR00056,Caraka Wijaya,Mahasiswa,"Fakultas Sosial, Humaniora, & Seni",Psikologi,2020.0,TRX003258,BK01189,10/30/2024,11/13/2024,11/15/2024,Terlambat
511,USR00056,Caraka Wijaya,Mahasiswa,"Fakultas Sosial, Humaniora, & Seni",Psikologi,2020.0,TRX003314,BK01207,5/20/2024,6/3/2024,6/7/2024,Terlambat
512,USR00057,Hilda Damanik,Mahasiswa,"Fakultas Sosial, Humaniora, & Seni",Administrasi Bisnis,2024.0,TRX000219,BK01266,10/19/2025,11/2/2025,10/31/2025,Dikembalikan
513,USR00057,Hilda Damanik,Mahasiswa,"Fakultas Sosial, Humaniora, & Seni",Administrasi Bisnis,2024.0,TRX000259,BK01111,2/11/2025,2/25/2025,2/18/2025,Dikembalikan
514,USR00057,Hilda Damanik,Mahasiswa,"Fakultas Sosial, Humaniora, & Seni",Administrasi Bisnis,2024.0,TRX000605,BK01046,5/2/2024,5/16/2024,5/5/2024,Dikembalikan
515,USR00057,Hilda Damanik,Mahasiswa,"Fakultas Sosial, Humaniora, & Seni",Administrasi Bisnis,2024.0,TRX000609,BK01102,8/27/2024,9/10/2024,9/10/2024,Dikembalikan
516,USR00057,Hilda Damanik,Mahasiswa,"Fakultas Sosial, Humaniora, & Seni",Administrasi Bisnis,2024.0,TRX000648,BK01169,9/1/2023,9/15/2023,9/13/2023,Dikembalikan
517,USR00057,Hilda Damanik,Mahasiswa,"Fakultas Sosial, Humaniora, & Seni",Administrasi Bisnis,2024.0,TRX001243,BK00958,11/3/2024,11/17/2024,11/15/2024,Dikembalikan
518,USR00057,Hilda Damanik,Mahasiswa,"Fakultas Sosial, Humaniora, & Seni",Administrasi Bisnis,2024.0,TRX001292,BK01136,4/6/2025,4/20/2025,4/18/2025,Dikembalikan
519,USR00057,Hilda Damanik,Mahasiswa,"Fakultas Sosial, Humaniora, & Seni",Administrasi Bisnis,2024.0,TRX001671,BK01332,9/21/2024,10/5/2024,9/26/2024,Dikembalikan
520,USR00057,Hilda Damanik,Mahasiswa,"Fakultas Sosial, Humaniora, & Seni",Administrasi Bisnis,2024.0,TRX001815,BK00851,3/9/2023,3/23/2023,3/20/2023,Dikembalikan
521,USR00057,Hilda Damanik,Mahasiswa,"Fakultas Sosial, Humaniora, & Seni",Administrasi Bisnis,2024.0,TRX002105,BK00913,8/21/2025,9/4/2025,9/9/2025,Terlambat
522,USR00057,Hilda Damanik,Mahasiswa,"Fakultas Sosial, Humaniora, & Seni",Administrasi Bisnis,2024.0,TRX002759,BK01120,4/24/2023,5/8/2023,5/1/2023,Dikembalikan
523,USR00057,Hilda Damanik,Mahasiswa,"Fakultas Sosial, Humaniora, & Seni",Administrasi Bisnis,2024.0,TRX003480,BK01090,9/16/2025,9/30/2025,10/5/2025,Terlambat
524,USR00058,dr. Hana Ramadan,Mahasiswa,"Fakultas Sosial, Humaniora, & Seni",Desain Komunikasi Visual,2025.0,TRX000588,BK00933,1/3/2023,1/17/2023,1/14/2023,Dikembalikan
525,USR00058,dr. Hana Ramadan,Mahasiswa,"Fakultas Sosial, Humaniora, & Seni",Desain Komunikasi Visual,2025.0,TRX000654,BK00911,8/20/2025,9/3/2025,9/4/2025,Terlambat
526,USR00058,dr. Hana Ramadan,Mahasiswa,"Fakultas Sosial, Humaniora, & Seni",Desain Komunikasi Visual,2025.0,TRX000829,BK01136,3/21/2023,4/4/2023,4/4/2023,Dikembalikan
527,USR00058,dr. Hana Ramadan,Mahasiswa,"Fakultas Sosial, Humaniora, & Seni",Desain Komunikasi Visual,2025.0,TRX000847,BK00976,5/22/2023,6/5/2023,6/9/2023,Terlambat
528,USR00058,dr. Hana Ramadan,Mahasiswa,"Fakultas Sosial, Humaniora, & Seni",Desain Komunikasi Visual,2025.0,TRX000971,BK00935,8/7/2025,8/21/2025,8/15/2025,Dikembalikan
529,USR00058,dr. Hana Ramadan,Mahasiswa,"Fakultas Sosial, Humaniora, & Seni",Desain Komunikasi Visual,2025.0,TRX001690,BK00926,6/1/2025,6/15/2025,6/6/2025,Dikembalikan
530,USR00058,dr. Hana Ramadan,Mahasiswa,"Fakultas Sosial, Humaniora, & Seni",Desain Komunikasi Visual,2025.0,TRX002181,BK00934,1/31/2024,2/14/2024,2/16/2024,Terlambat
531,USR00058,dr. Hana Ramadan,Mahasiswa,"Fakultas Sosial, Humaniora, & Seni",Desain Komunikasi Visual,2025.0,TRX002514,BK01313,8/8/2024,8/22/2024,8/22/2024,Dikembalikan
532,USR00058,dr. Hana Ramadan,Mahasiswa,"Fakultas Sosial, Humaniora, & Seni",Desain Komunikasi Visual,2025.0,TRX002777,BK00798,11/14/2024,11/28/2024,11/17/2024,Dikembalikan
533,USR00058,dr. Hana Ramadan,Mahasiswa,"Fakultas Sosial, Humaniora, & Seni",Desain Komunikasi Visual,2025.0,TRX002957,BK00976,6/21/2025,7/5/2025,7/10/2025,Terlambat
534,USR00059,Dr. Rahmi Latupono,Mahasiswa,"Fakultas Sosial, Humaniora, & Seni",Ilmu Komunikasi,2024.0,TRX000316,BK00972,1/5/2023,1/19/2023,1/20/2023,Terlambat
535,USR00059,Dr. Rahmi Latupono,Mahasiswa,"Fakultas Sosial, Humaniora, & Seni",Ilmu Komunikasi,2024.0,TRX001311,BK01298,5/27/2024,6/10/2024,6/13/2024,Terlambat
536,USR00059,Dr. Rahmi Latupono,Mahasiswa,"Fakultas Sosial, Humaniora, & Seni",Ilmu Komunikasi,2024.0,TRX001452,BK01246,5/30/2024,6/13/2024,6/14/2024,Terlambat
537,USR00059,Dr. Rahmi Latupono,Mahasiswa,"Fakultas Sosial, Humaniora, & Seni",Ilmu Komunikasi,2024.0,TRX002029,BK00856,6/21/2025,7/5/2025,7/7/2025,Terlambat
538,USR00059,Dr. Rahmi Latupono,Mahasiswa,"Fakultas Sosial, Humaniora, & Seni",Ilmu Komunikasi,2024.0,TRX002178,BK01268,3/2/2024,3/16/2024,3/20/2024,Terlambat
539,USR00059,Dr. Rahmi Latupono,Mahasiswa,"Fakultas Sosial, Humaniora, & Seni",Ilmu Komunikasi,2024.0,TRX002510,BK01244,3/17/2023,3/31/2023,3/28/2023,Dikembalikan
540,USR00059,Dr. Rahmi Latupono,Mahasiswa,"Fakultas Sosial, Humaniora, & Seni",Ilmu Komunikasi,2024.0,TRX002686,BK01213,2/1/2023,2/15/2023,2/4/2023,Dikembalikan
541,USR00059,Dr. Rahmi Latupono,Mahasiswa,"Fakultas Sosial, Humaniora, & Seni",Ilmu Komunikasi,2024.0,TRX002956,BK01302,4/16/2025,4/30/2025,5/2/2025,Terlambat
542,USR00059,Dr. Rahmi Latupono,Mahasiswa,"Fakultas Sosial, Humaniora, & Seni",Ilmu Komunikasi,2024.0,TRX003157,BK00326,4/30/2025,5/14/2025,5/8/2025,Dikembalikan
543,USR00059,Dr. Rahmi Latupono,Mahasiswa,"Fakultas Sosial, Humaniora, & Seni",Ilmu Komunikasi,2024.0,TRX003333,BK00794,8/18/2024,9/1/2024,8/26/2024,Dikembalikan
544,USR00060,Tugiman Hassanah,Mahasiswa,"Fakultas Sains, Teknologi, & Kesehatan",Teknik Industri,2020.0,TRX000161,BK00410,4/18/2024,5/2/2024,5/2/2024,Dikembalikan
545,USR00060,Tugiman Hassanah,Mahasiswa,"Fakultas Sains, Teknologi, & Kesehatan",Teknik Industri,2020.0,TRX000440,BK00568,7/3/2023,7/17/2023,7/22/2023,Terlambat
546,USR00060,Tugiman Hassanah,Mahasiswa,"Fakultas Sains, Teknologi, & Kesehatan",Teknik Industri,2020.0,TRX000871,BK00471,4/26/2024,5/10/2024,5/12/2024,Terlambat
547,USR00060,Tugiman Hassanah,Mahasiswa,"Fakultas Sains, Teknologi, & Kesehatan",Teknik Industri,2020.0,TRX001746,BK00759,1/24/2024,2/7/2024,2/8/2024,Terlambat
548,USR00060,Tugiman Hassanah,Mahasiswa,"Fakultas Sains, Teknologi, & Kesehatan",Teknik Industri,2020.0,TRX002107,BK00475,7/5/2024,7/19/2024,7/12/2024,Dikembalikan
549,USR00060,Tugiman Hassanah,Mahasiswa,"Fakultas Sains, Teknologi, & Kesehatan",Teknik Industri,2020.0,TRX002177,BK00424,12/21/2025,1/4/2026,,Dipinjam
550,USR00060,Tugiman Hassanah,Mahasiswa,"Fakultas Sains, Teknologi, & Kesehatan",Teknik Industri,2020.0,TRX002423,BK00471,12/9/2025,12/23/2025,12/26/2025,Terlambat
551,USR00060,Tugiman Hassanah,Mahasiswa,"Fakultas Sains, Teknologi, & Kesehatan",Teknik Industri,2020.0,TRX002556,BK00466,11/21/2024,12/5/2024,11/25/2024,Dikembalikan
552,USR00060,Tugiman Hassanah,Mahasiswa,"Fakultas Sains, Teknologi, & Kesehatan",Teknik Industri,2020.0,TRX002976,BK00398,9/24/2024,10/8/2024,10/7/2024,Dikembalikan
553,USR00060,Tugiman Hassanah,Mahasiswa,"Fakultas Sains, Teknologi, & Kesehatan",Teknik Industri,2020.0,TRX003493,BK00467,4/19/2024,5/3/2024,4/23/2024,Dikembalikan
554,USR00061,Ir. Maida Adriansyah,Mahasiswa,"Fakultas Sosial, Humaniora, & Seni",Administrasi Bisnis,2025.0,TRX000224,BK01146,10/4/2024,10/18/2024,10/10/2024,Dikembalikan
555,USR00061,Ir. Maida Adriansyah,Mahasiswa,"Fakultas Sosial, Humaniora, & Seni",Administrasi Bisnis,2025.0,TRX000326,BK01123,1/5/2024,1/19/2024,1/9/2024,Dikembalikan
556,USR00061,Ir. Maida Adriansyah,Mahasiswa,"Fakultas Sosial, Humaniora, & Seni",Administrasi Bisnis,2025.0,TRX000366,BK01101,1/11/2025,1/25/2025,1/29/2025,Terlambat
557,USR00061,Ir. Maida Adriansyah,Mahasiswa,"Fakultas Sosial, Humaniora, & Seni",Administrasi Bisnis,2025.0,TRX001642,BK01106,10/29/2025,11/12/2025,11/15/2025,Terlambat
558,USR00061,Ir. Maida Adriansyah,Mahasiswa,"Fakultas Sosial, Humaniora, & Seni",Administrasi Bisnis,2025.0,TRX001866,BK01035,3/10/2025,3/24/2025,3/18/2025,Dikembalikan
559,USR00061,Ir. Maida Adriansyah,Mahasiswa,"Fakultas Sosial, Humaniora, & Seni",Administrasi Bisnis,2025.0,TRX001887,BK01246,12/11/2023,12/25/2023,12/23/2023,Dikembalikan
560,USR00061,Ir. Maida Adriansyah,Mahasiswa,"Fakultas Sosial, Humaniora, & Seni",Administrasi Bisnis,2025.0,TRX002153,BK01161,5/21/2025,6/4/2025,6/6/2025,Terlambat
561,USR00061,Ir. Maida Adriansyah,Mahasiswa,"Fakultas Sosial, Humaniora, & Seni",Administrasi Bisnis,2025.0,TRX002387,BK01126,8/29/2025,9/12/2025,9/3/2025,Dikembalikan
562,USR00061,Ir. Maida Adriansyah,Mahasiswa,"Fakultas Sosial, Humaniora, & Seni",Administrasi Bisnis,2025.0,TRX002588,BK00043,11/16/2023,11/30/2023,11/25/2023,Dikembalikan
563,USR00061,Ir. Maida Adriansyah,Mahasiswa,"Fakultas Sosial, Humaniora, & Seni",Administrasi Bisnis,2025.0,TRX002661,BK01120,5/3/2024,5/17/2024,5/21/2024,Terlambat
564,USR00061,Ir. Maida Adriansyah,Mahasiswa,"Fakultas Sosial, Humaniora, & Seni",Administrasi Bisnis,2025.0,TRX002737,BK01122,6/30/2023,7/14/2023,7/10/2023,Dikembalikan
565,USR00061,Ir. Maida Adriansyah,Mahasiswa,"Fakultas Sosial, Humaniora, & Seni",Administrasi Bisnis,2025.0,TRX003230,BK01138,12/19/2024,1/2/2025,1/8/2025,Terlambat
566,USR00062,Kenzie Natsir,Mahasiswa,"Fakultas Sains, Teknologi, & Kesehatan",Teknik Industri,2025.0,TRX000409,BK00520,12/8/2024,12/22/2024,12/11/2024,Dikembalikan
567,USR00062,Kenzie Natsir,Mahasiswa,"Fakultas Sains, Teknologi, & Kesehatan",Teknik Industri,2025.0,TRX000410,BK00294,9/27/2024,10/11/2024,10/8/2024,Dikembalikan
568,USR00062,Kenzie Natsir,Mahasiswa,"Fakultas Sains, Teknologi, & Kesehatan",Teknik Industri,2025.0,TRX001730,BK00324,5/9/2024,5/23/2024,5/16/2024,Dikembalikan
569,USR00062,Kenzie Natsir,Mahasiswa,"Fakultas Sains, Teknologi, & Kesehatan",Teknik Industri,2025.0,TRX002001,BK00329,1/10/2023,1/24/2023,1/26/2023,Terlambat
570,USR00062,Kenzie Natsir,Mahasiswa,"Fakultas Sains, Teknologi, & Kesehatan",Teknik Industri,2025.0,TRX002058,BK00649,1/27/2023,2/10/2023,1/31/2023,Dikembalikan
571,USR00062,Kenzie Natsir,Mahasiswa,"Fakultas Sains, Teknologi, & Kesehatan",Teknik Industri,2025.0,TRX002368,BK00435,3/22/2024,4/5/2024,3/29/2024,Dikembalikan
572,USR00062,Kenzie Natsir,Mahasiswa,"Fakultas Sains, Teknologi, & Kesehatan",Teknik Industri,2025.0,TRX002854,BK00357,7/25/2025,8/8/2025,8/8/2025,Dikembalikan
573,USR00062,Kenzie Natsir,Mahasiswa,"Fakultas Sains, Teknologi, & Kesehatan",Teknik Industri,2025.0,TRX003244,BK00419,12/19/2025,1/2/2026,,Dipinjam
574,USR00062,Kenzie Natsir,Mahasiswa,"Fakultas Sains, Teknologi, & Kesehatan",Teknik Industri,2025.0,TRX003396,BK00454,6/13/2023,6/27/2023,6/21/2023,Dikembalikan
575,USR00063,Betania Marpaung,Mahasiswa,"Fakultas Sains, Teknologi, & Kesehatan",Informatika,2023.0,TRX000424,BK00234,11/17/2025,12/1/2025,12/6/2025,Terlambat
576,USR00063,Betania Marpaung,Mahasiswa,"Fakultas Sains, Teknologi, & Kesehatan",Informatika,2023.0,TRX001229,BK00457,1/1/2025,1/15/2025,1/10/2025,Dikembalikan
577,USR00063,Betania Marpaung,Mahasiswa,"Fakultas Sains, Teknologi, & Kesehatan",Informatika,2023.0,TRX001300,BK00302,4/20/2023,5/4/2023,5/5/2023,Terlambat
578,USR00063,Betania Marpaung,Mahasiswa,"Fakultas Sains, Teknologi, & Kesehatan",Informatika,2023.0,TRX002156,BK00217,8/22/2024,9/5/2024,9/12/2024,Terlambat
579,USR00063,Betania Marpaung,Mahasiswa,"Fakultas Sains, Teknologi, & Kesehatan",Informatika,2023.0,TRX002448,BK00665,1/23/2023,2/6/2023,1/27/2023,Dikembalikan
580,USR00063,Betania Marpaung,Mahasiswa,"Fakultas Sains, Teknologi, & Kesehatan",Informatika,2023.0,TRX002589,BK00265,9/5/2023,9/19/2023,9/26/2023,Terlambat
581,USR00063,Betania Marpaung,Mahasiswa,"Fakultas Sains, Teknologi, & Kesehatan",Informatika,2023.0,TRX002857,BK00270,7/30/2023,8/13/2023,8/18/2023,Terlambat
582,USR00063,Betania Marpaung,Mahasiswa,"Fakultas Sains, Teknologi, & Kesehatan",Informatika,2023.0,TRX002996,BK00700,12/4/2023,12/18/2023,12/14/2023,Dikembalikan
583,USR00063,Betania Marpaung,Mahasiswa,"Fakultas Sains, Teknologi, & Kesehatan",Informatika,2023.0,TRX003170,BK00180,3/9/2023,3/23/2023,3/14/2023,Dikembalikan
584,USR00064,Gamblang Prayoga,Mahasiswa,"Fakultas Sosial, Humaniora, & Seni",Psikologi,2024.0,TRX000036,BK01222,6/25/2024,7/9/2024,7/3/2024,Dikembalikan
585,USR00064,Gamblang Prayoga,Mahasiswa,"Fakultas Sosial, Humaniora, & Seni",Psikologi,2024.0,TRX000986,BK00380,8/14/2024,8/28/2024,8/17/2024,Dikembalikan
586,USR00064,Gamblang Prayoga,Mahasiswa,"Fakultas Sosial, Humaniora, & Seni",Psikologi,2024.0,TRX001639,BK01175,11/12/2025,11/26/2025,11/26/2025,Dikembalikan
587,USR00064,Gamblang Prayoga,Mahasiswa,"Fakultas Sosial, Humaniora, & Seni",Psikologi,2024.0,TRX001997,BK01192,3/10/2025,3/24/2025,3/19/2025,Dikembalikan
588,USR00064,Gamblang Prayoga,Mahasiswa,"Fakultas Sosial, Humaniora, & Seni",Psikologi,2024.0,TRX002302,BK01206,2/19/2025,3/5/2025,2/28/2025,Dikembalikan
589,USR00064,Gamblang Prayoga,Mahasiswa,"Fakultas Sosial, Humaniora, & Seni",Psikologi,2024.0,TRX002708,BK01205,12/8/2024,12/22/2024,12/26/2024,Terlambat
590,USR00065,"Umay Riyanti, M.M.",Mahasiswa,"Fakultas Sains, Teknologi, & Kesehatan",Keperawatan,2022.0,TRX000657,BK00491,12/12/2023,12/26/2023,12/19/2023,Dikembalikan
591,USR00065,"Umay Riyanti, M.M.",Mahasiswa,"Fakultas Sains, Teknologi, & Kesehatan",Keperawatan,2022.0,TRX001180,BK00496,12/14/2023,12/28/2023,12/17/2023,Dikembalikan
592,USR00065,"Umay Riyanti, M.M.",Mahasiswa,"Fakultas Sains, Teknologi, & Kesehatan",Keperawatan,2022.0,TRX002041,BK00480,6/16/2025,6/30/2025,6/23/2025,Dikembalikan
593,USR00065,"Umay Riyanti, M.M.",Mahasiswa,"Fakultas Sains, Teknologi, & Kesehatan",Keperawatan,2022.0,TRX002559,BK00512,3/18/2023,4/1/2023,4/8/2023,Terlambat
594,USR00065,"Umay Riyanti, M.M.",Mahasiswa,"Fakultas Sains, Teknologi, & Kesehatan",Keperawatan,2022.0,TRX002578,BK00519,10/20/2025,11/3/2025,11/6/2025,Terlambat
595,USR00065,"Umay Riyanti, M.M.",Mahasiswa,"Fakultas Sains, Teknologi, & Kesehatan",Keperawatan,2022.0,TRX003073,BK00616,5/24/2023,6/7/2023,6/9/2023,Terlambat
596,USR00065,"Umay Riyanti, M.M.",Mahasiswa,"Fakultas Sains, Teknologi, & Kesehatan",Keperawatan,2022.0,TRX003291,BK00539,11/13/2023,11/27/2023,12/2/2023,Terlambat
597,USR00065,"Umay Riyanti, M.M.",Mahasiswa,"Fakultas Sains, Teknologi, & Kesehatan",Keperawatan,2022.0,TRX003473,BK00539,11/26/2023,12/10/2023,11/29/2023,Dikembalikan
598,USR00066,"Dr. Viktor Mandasari, S.IP",Mahasiswa,"Fakultas Sosial, Humaniora, & Seni",Administrasi Bisnis,2023.0,TRX000063,BK01091,9/2/2024,9/16/2024,9/7/2024,Dikembalikan
599,USR00066,"Dr. Viktor Mandasari, S.IP",Mahasiswa,"Fakultas Sosial, Humaniora, & Seni",Administrasi Bisnis,2023.0,TRX000915,BK01031,3/12/2024,3/26/2024,3/30/2024,Terlambat
600,USR00066,"Dr. Viktor Mandasari, S.IP",Mahasiswa,"Fakultas Sosial, Humaniora, & Seni",Administrasi Bisnis,2023.0,TRX001428,BK01054,12/30/2023,1/13/2024,1/2/2024,Dikembalikan
601,USR00066,"Dr. Viktor Mandasari, S.IP",Mahasiswa,"Fakultas Sosial, Humaniora, & Seni",Administrasi Bisnis,2023.0,TRX001868,BK01075,3/26/2025,4/9/2025,4/4/2025,Dikembalikan
602,USR00066,"Dr. Viktor Mandasari, S.IP",Mahasiswa,"Fakultas Sosial, Humaniora, & Seni",Administrasi Bisnis,2023.0,TRX001872,BK00933,9/19/2024,10/3/2024,9/28/2024,Dikembalikan
603,USR00066,"Dr. Viktor Mandasari, S.IP",Mahasiswa,"Fakultas Sosial, Humaniora, & Seni",Administrasi Bisnis,2023.0,TRX002681,BK01039,9/9/2024,9/23/2024,9/20/2024,Dikembalikan
604,USR00066,"Dr. Viktor Mandasari, S.IP",Mahasiswa,"Fakultas Sosial, Humaniora, & Seni",Administrasi Bisnis,2023.0,TRX002869,BK01091,11/1/2023,11/15/2023,11/15/2023,Dikembalikan
605,USR00067,Joko Simbolon,Mahasiswa,"Fakultas Sosial, Humaniora, & Seni",Desain Interior,2023.0,TRX000885,BK00991,6/12/2024,6/26/2024,6/20/2024,Dikembalikan
606,USR00067,Joko Simbolon,Mahasiswa,"Fakultas Sosial, Humaniora, & Seni",Desain Interior,2023.0,TRX001053,BK01239,8/4/2023,8/18/2023,8/7/2023,Dikembalikan
607,USR00067,Joko Simbolon,Mahasiswa,"Fakultas Sosial, Humaniora, & Seni",Desain Interior,2023.0,TRX001819,BK01022,12/31/2023,1/14/2024,1/11/2024,Dikembalikan
608,USR00067,Joko Simbolon,Mahasiswa,"Fakultas Sosial, Humaniora, & Seni",Desain Interior,2023.0,TRX001897,BK01023,11/13/2025,11/27/2025,11/23/2025,Dikembalikan
609,USR00067,Joko Simbolon,Mahasiswa,"Fakultas Sosial, Humaniora, & Seni",Desain Interior,2023.0,TRX001951,BK00952,5/27/2024,6/10/2024,6/5/2024,Dikembalikan
610,USR00067,Joko Simbolon,Mahasiswa,"Fakultas Sosial, Humaniora, & Seni",Desain Interior,2023.0,TRX002436,BK01001,7/21/2024,8/4/2024,8/2/2024,Dikembalikan
611,USR00067,Joko Simbolon,Mahasiswa,"Fakultas Sosial, Humaniora, & Seni",Desain Interior,2023.0,TRX002563,BK00998,4/21/2023,5/5/2023,5/10/2023,Terlambat
612,USR00067,Joko Simbolon,Mahasiswa,"Fakultas Sosial, Humaniora, & Seni",Desain Interior,2023.0,TRX003286,BK00872,8/30/2025,9/13/2025,9/6/2025,Dikembalikan
613,USR00068,Labuh Puspita,Mahasiswa,"Fakultas Sains, Teknologi, & Kesehatan",Informatika,2024.0,TRX000117,BK00054,10/28/2024,11/11/2024,11/9/2024,Dikembalikan
614,USR00068,Labuh Puspita,Mahasiswa,"Fakultas Sains, Teknologi, & Kesehatan",Informatika,2024.0,TRX000145,BK00020,11/8/2025,11/22/2025,11/11/2025,Dikembalikan
615,USR00068,Labuh Puspita,Mahasiswa,"Fakultas Sains, Teknologi, & Kesehatan",Informatika,2024.0,TRX000418,BK00010,4/23/2023,5/7/2023,5/6/2023,Dikembalikan
616,USR00068,Labuh Puspita,Mahasiswa,"Fakultas Sains, Teknologi, & Kesehatan",Informatika,2024.0,TRX001171,BK00053,5/9/2023,5/23/2023,5/13/2023,Dikembalikan
617,USR00068,Labuh Puspita,Mahasiswa,"Fakultas Sains, Teknologi, & Kesehatan",Informatika,2024.0,TRX001184,BK00055,4/5/2025,4/19/2025,4/26/2025,Terlambat
618,USR00068,Labuh Puspita,Mahasiswa,"Fakultas Sains, Teknologi, & Kesehatan",Informatika,2024.0,TRX001353,BK00019,4/3/2024,4/17/2024,4/12/2024,Dikembalikan
619,USR00068,Labuh Puspita,Mahasiswa,"Fakultas Sains, Teknologi, & Kesehatan",Informatika,2024.0,TRX002028,BK00059,7/2/2023,7/16/2023,7/12/2023,Dikembalikan
620,USR00068,Labuh Puspita,Mahasiswa,"Fakultas Sains, Teknologi, & Kesehatan",Informatika,2024.0,TRX002484,BK00343,11/18/2024,12/2/2024,12/8/2024,Terlambat
621,USR00068,Labuh Puspita,Mahasiswa,"Fakultas Sains, Teknologi, & Kesehatan",Informatika,2024.0,TRX002657,BK00220,6/18/2024,7/2/2024,6/23/2024,Dikembalikan
622,USR00069,Sutan Cager Maryadi,Mahasiswa,"Fakultas Sosial, Humaniora, & Seni",Administrasi Bisnis,2021.0,TRX000068,BK01328,5/15/2025,5/29/2025,5/29/2025,Dikembalikan
623,USR00069,Sutan Cager Maryadi,Mahasiswa,"Fakultas Sosial, Humaniora, & Seni",Administrasi Bisnis,2021.0,TRX000071,BK00263,6/11/2023,6/25/2023,6/16/2023,Dikembalikan
624,USR00069,Sutan Cager Maryadi,Mahasiswa,"Fakultas Sosial, Humaniora, & Seni",Administrasi Bisnis,2021.0,TRX000349,BK01080,7/31/2025,8/14/2025,8/3/2025,Dikembalikan
625,USR00069,Sutan Cager Maryadi,Mahasiswa,"Fakultas Sosial, Humaniora, & Seni",Administrasi Bisnis,2021.0,TRX000463,BK01082,4/25/2025,5/9/2025,5/10/2025,Terlambat
626,USR00069,Sutan Cager Maryadi,Mahasiswa,"Fakultas Sosial, Humaniora, & Seni",Administrasi Bisnis,2021.0,TRX000582,BK01036,10/21/2024,11/4/2024,10/25/2024,Dikembalikan
627,USR00069,Sutan Cager Maryadi,Mahasiswa,"Fakultas Sosial, Humaniora, & Seni",Administrasi Bisnis,2021.0,TRX001445,BK01080,2/28/2025,3/14/2025,3/17/2025,Terlambat
628,USR00069,Sutan Cager Maryadi,Mahasiswa,"Fakultas Sosial, Humaniora, & Seni",Administrasi Bisnis,2021.0,TRX001464,BK00893,6/13/2025,6/27/2025,7/3/2025,Terlambat
629,USR00069,Sutan Cager Maryadi,Mahasiswa,"Fakultas Sosial, Humaniora, & Seni",Administrasi Bisnis,2021.0,TRX002084,BK01137,7/6/2024,7/20/2024,7/10/2024,Dikembalikan
630,USR00069,Sutan Cager Maryadi,Mahasiswa,"Fakultas Sosial, Humaniora, & Seni",Administrasi Bisnis,2021.0,TRX002350,BK01035,11/13/2025,11/27/2025,11/16/2025,Dikembalikan
631,USR00069,Sutan Cager Maryadi,Mahasiswa,"Fakultas Sosial, Humaniora, & Seni",Administrasi Bisnis,2021.0,TRX002468,BK01045,3/10/2023,3/24/2023,3/26/2023,Terlambat
632,USR00069,Sutan Cager Maryadi,Mahasiswa,"Fakultas Sosial, Humaniora, & Seni",Administrasi Bisnis,2021.0,TRX002824,BK01142,4/19/2023,5/3/2023,4/27/2023,Dikembalikan
633,USR00069,Sutan Cager Maryadi,Mahasiswa,"Fakultas Sosial, Humaniora, & Seni",Administrasi Bisnis,2021.0,TRX003214,BK01133,6/14/2023,6/28/2023,6/17/2023,Dikembalikan
634,USR00070,Rosman Wulandari,Mahasiswa,"Fakultas Sains, Teknologi, & Kesehatan",Informatika,2025.0,TRX000983,BK00140,2/19/2025,3/5/2025,2/27/2025,Dikembalikan
635,USR00070,Rosman Wulandari,Mahasiswa,"Fakultas Sains, Teknologi, & Kesehatan",Informatika,2025.0,TRX001138,BK00293,6/25/2024,7/9/2024,7/4/2024,Dikembalikan
636,USR00070,Rosman Wulandari,Mahasiswa,"Fakultas Sains, Teknologi, & Kesehatan",Informatika,2025.0,TRX001148,BK00194,12/30/2023,1/13/2024,1/17/2024,Terlambat
637,USR00070,Rosman Wulandari,Mahasiswa,"Fakultas Sains, Teknologi, & Kesehatan",Informatika,2025.0,TRX001706,BK00188,6/14/2025,6/28/2025,6/25/2025,Dikembalikan
638,USR00070,Rosman Wulandari,Mahasiswa,"Fakultas Sains, Teknologi, & Kesehatan",Informatika,2025.0,TRX002722,BK00173,12/19/2024,1/2/2025,12/27/2024,Dikembalikan
639,USR00071,"R. Cahyanto Utama, S.Sos",Mahasiswa,"Fakultas Sosial, Humaniora, & Seni",Psikologi,2023.0,TRX000564,BK01155,10/8/2024,10/22/2024,10/22/2024,Dikembalikan
640,USR00071,"R. Cahyanto Utama, S.Sos",Mahasiswa,"Fakultas Sosial, Humaniora, & Seni",Psikologi,2023.0,TRX001840,BK01223,5/30/2023,6/13/2023,6/3/2023,Dikembalikan
641,USR00071,"R. Cahyanto Utama, S.Sos",Mahasiswa,"Fakultas Sosial, Humaniora, & Seni",Psikologi,2023.0,TRX002684,BK01184,5/27/2024,6/10/2024,6/17/2024,Terlambat
642,USR00072,"Widya Habibi, M.Pd",Mahasiswa,"Fakultas Sosial, Humaniora, & Seni",Psikologi,2022.0,TRX001327,BK01176,7/30/2025,8/13/2025,8/5/2025,Dikembalikan
643,USR00072,"Widya Habibi, M.Pd",Mahasiswa,"Fakultas Sosial, Humaniora, & Seni",Psikologi,2022.0,TRX002238,BK01284,1/1/2024,1/15/2024,1/18/2024,Terlambat
644,USR00072,"Widya Habibi, M.Pd",Mahasiswa,"Fakultas Sosial, Humaniora, & Seni",Psikologi,2022.0,TRX002254,BK01185,5/6/2024,5/20/2024,5/25/2024,Terlambat
645,USR00072,"Widya Habibi, M.Pd",Mahasiswa,"Fakultas Sosial, Humaniora, & Seni",Psikologi,2022.0,TRX002620,BK01207,9/12/2024,9/26/2024,9/17/2024,Dikembalikan
646,USR00072,"Widya Habibi, M.Pd",Mahasiswa,"Fakultas Sosial, Humaniora, & Seni",Psikologi,2022.0,TRX002774,BK01225,3/26/2025,4/9/2025,4/1/2025,Dikembalikan
647,USR00072,"Widya Habibi, M.Pd",Mahasiswa,"Fakultas Sosial, Humaniora, & Seni",Psikologi,2022.0,TRX003232,BK01220,7/31/2023,8/14/2023,8/3/2023,Dikembalikan
648,USR00073,Cawuk Firgantoro,Mahasiswa,"Fakultas Sains, Teknologi, & Kesehatan",Keperawatan,2021.0,TRX000174,BK00515,2/20/2025,3/6/2025,3/8/2025,Terlambat
649,USR00073,Cawuk Firgantoro,Mahasiswa,"Fakultas Sains, Teknologi, & Kesehatan",Keperawatan,2021.0,TRX000212,BK00041,12/5/2024,12/19/2024,12/23/2024,Terlambat
650,USR00073,Cawuk Firgantoro,Mahasiswa,"Fakultas Sains, Teknologi, & Kesehatan",Keperawatan,2021.0,TRX000345,BK00356,10/18/2023,11/1/2023,10/28/2023,Dikembalikan
651,USR00073,Cawuk Firgantoro,Mahasiswa,"Fakultas Sains, Teknologi, & Kesehatan",Keperawatan,2021.0,TRX000367,BK00045,9/21/2024,10/5/2024,10/1/2024,Dikembalikan
652,USR00073,Cawuk Firgantoro,Mahasiswa,"Fakultas Sains, Teknologi, & Kesehatan",Keperawatan,2021.0,TRX000434,BK00442,2/28/2023,3/14/2023,3/20/2023,Terlambat
653,USR00073,Cawuk Firgantoro,Mahasiswa,"Fakultas Sains, Teknologi, & Kesehatan",Keperawatan,2021.0,TRX000969,BK00521,2/3/2023,2/17/2023,2/18/2023,Terlambat
654,USR00073,Cawuk Firgantoro,Mahasiswa,"Fakultas Sains, Teknologi, & Kesehatan",Keperawatan,2021.0,TRX001344,BK00548,11/8/2024,11/22/2024,11/14/2024,Dikembalikan
655,USR00073,Cawuk Firgantoro,Mahasiswa,"Fakultas Sains, Teknologi, & Kesehatan",Keperawatan,2021.0,TRX002547,BK00326,1/18/2025,2/1/2025,1/27/2025,Dikembalikan
656,USR00073,Cawuk Firgantoro,Mahasiswa,"Fakultas Sains, Teknologi, & Kesehatan",Keperawatan,2021.0,TRX002819,BK00488,6/30/2025,7/14/2025,7/9/2025,Dikembalikan
657,USR00073,Cawuk Firgantoro,Mahasiswa,"Fakultas Sains, Teknologi, & Kesehatan",Keperawatan,2021.0,TRX003425,BK00493,5/27/2024,6/10/2024,6/7/2024,Dikembalikan
658,USR00074,Eman Puspasari,Mahasiswa,"Fakultas Sosial, Humaniora, & Seni",Psikologi,2020.0,TRX000024,BK01226,5/30/2025,6/13/2025,6/16/2025,Terlambat
659,USR00074,Eman Puspasari,Mahasiswa,"Fakultas Sosial, Humaniora, & Seni",Psikologi,2020.0,TRX001308,BK01195,4/28/2025,5/12/2025,5/8/2025,Dikembalikan
660,USR00074,Eman Puspasari,Mahasiswa,"Fakultas Sosial, Humaniora, & Seni",Psikologi,2020.0,TRX001336,BK01181,8/4/2025,8/18/2025,8/9/2025,Dikembalikan
661,USR00074,Eman Puspasari,Mahasiswa,"Fakultas Sosial, Humaniora, & Seni",Psikologi,2020.0,TRX001871,BK01214,1/13/2025,1/27/2025,1/19/2025,Dikembalikan
662,USR00074,Eman Puspasari,Mahasiswa,"Fakultas Sosial, Humaniora, & Seni",Psikologi,2020.0,TRX002143,BK01211,2/6/2023,2/20/2023,2/12/2023,Dikembalikan
663,USR00074,Eman Puspasari,Mahasiswa,"Fakultas Sosial, Humaniora, & Seni",Psikologi,2020.0,TRX002210,BK01213,11/24/2023,12/8/2023,12/14/2023,Terlambat
664,USR00074,Eman Puspasari,Mahasiswa,"Fakultas Sosial, Humaniora, & Seni",Psikologi,2020.0,TRX002230,BK01216,10/11/2025,10/25/2025,10/28/2025,Terlambat
665,USR00075,Rachel Hastuti,Mahasiswa,"Fakultas Sains, Teknologi, & Kesehatan",Informatika,2024.0,TRX000342,BK00100,12/16/2023,12/30/2023,12/20/2023,Dikembalikan
666,USR00075,Rachel Hastuti,Mahasiswa,"Fakultas Sains, Teknologi, & Kesehatan",Informatika,2024.0,TRX000882,BK00119,3/2/2025,3/16/2025,3/5/2025,Dikembalikan
667,USR00075,Rachel Hastuti,Mahasiswa,"Fakultas Sains, Teknologi, & Kesehatan",Informatika,2024.0,TRX000975,BK00125,8/17/2025,8/31/2025,9/5/2025,Terlambat
668,USR00075,Rachel Hastuti,Mahasiswa,"Fakultas Sains, Teknologi, & Kesehatan",Informatika,2024.0,TRX001294,BK00331,1/23/2023,2/6/2023,2/12/2023,Terlambat
669,USR00075,Rachel Hastuti,Mahasiswa,"Fakultas Sains, Teknologi, & Kesehatan",Informatika,2024.0,TRX001480,BK00124,3/12/2023,3/26/2023,3/25/2023,Dikembalikan
670,USR00075,Rachel Hastuti,Mahasiswa,"Fakultas Sains, Teknologi, & Kesehatan",Informatika,2024.0,TRX001867,BK00116,7/7/2024,7/21/2024,7/11/2024,Dikembalikan
671,USR00075,Rachel Hastuti,Mahasiswa,"Fakultas Sains, Teknologi, & Kesehatan",Informatika,2024.0,TRX002197,BK00671,3/23/2023,4/6/2023,4/13/2023,Terlambat
672,USR00075,Rachel Hastuti,Mahasiswa,"Fakultas Sains, Teknologi, & Kesehatan",Informatika,2024.0,TRX002463,BK00175,1/11/2024,1/25/2024,1/29/2024,Terlambat
673,USR00075,Rachel Hastuti,Mahasiswa,"Fakultas Sains, Teknologi, & Kesehatan",Informatika,2024.0,TRX002702,BK00057,8/10/2024,8/24/2024,8/24/2024,Dikembalikan
674,USR00075,Rachel Hastuti,Mahasiswa,"Fakultas Sains, Teknologi, & Kesehatan",Informatika,2024.0,TRX003062,BK00417,7/8/2023,7/22/2023,7/21/2023,Dikembalikan
675,USR00076,Dr. Jono Purnawati,Mahasiswa,"Fakultas Sains, Teknologi, & Kesehatan",Profesi Ners,2020.0,TRX000447,BK00769,8/17/2024,8/31/2024,8/30/2024,Dikembalikan
676,USR00076,Dr. Jono Purnawati,Mahasiswa,"Fakultas Sains, Teknologi, & Kesehatan",Profesi Ners,2020.0,TRX000650,BK00754,9/24/2025,10/8/2025,9/29/2025,Dikembalikan
677,USR00076,Dr. Jono Purnawati,Mahasiswa,"Fakultas Sains, Teknologi, & Kesehatan",Profesi Ners,2020.0,TRX000809,BK00693,2/19/2025,3/5/2025,3/5/2025,Dikembalikan
678,USR00076,Dr. Jono Purnawati,Mahasiswa,"Fakultas Sains, Teknologi, & Kesehatan",Profesi Ners,2020.0,TRX000952,BK00777,4/10/2024,4/24/2024,4/23/2024,Dikembalikan
679,USR00076,Dr. Jono Purnawati,Mahasiswa,"Fakultas Sains, Teknologi, & Kesehatan",Profesi Ners,2020.0,TRX000962,BK00765,1/15/2023,1/29/2023,2/4/2023,Terlambat
680,USR00076,Dr. Jono Purnawati,Mahasiswa,"Fakultas Sains, Teknologi, & Kesehatan",Profesi Ners,2020.0,TRX001176,BK00332,11/16/2024,11/30/2024,12/5/2024,Terlambat
681,USR00076,Dr. Jono Purnawati,Mahasiswa,"Fakultas Sains, Teknologi, & Kesehatan",Profesi Ners,2020.0,TRX001394,BK00743,12/18/2023,1/1/2024,12/22/2023,Dikembalikan
682,USR00076,Dr. Jono Purnawati,Mahasiswa,"Fakultas Sains, Teknologi, & Kesehatan",Profesi Ners,2020.0,TRX001531,BK00764,7/21/2025,8/4/2025,7/28/2025,Dikembalikan
683,USR00076,Dr. Jono Purnawati,Mahasiswa,"Fakultas Sains, Teknologi, & Kesehatan",Profesi Ners,2020.0,TRX002061,BK00219,8/2/2024,8/16/2024,8/12/2024,Dikembalikan
684,USR00076,Dr. Jono Purnawati,Mahasiswa,"Fakultas Sains, Teknologi, & Kesehatan",Profesi Ners,2020.0,TRX002669,BK00770,5/31/2023,6/14/2023,6/10/2023,Dikembalikan
685,USR00076,Dr. Jono Purnawati,Mahasiswa,"Fakultas Sains, Teknologi, & Kesehatan",Profesi Ners,2020.0,TRX003072,BK00210,12/4/2023,12/18/2023,12/24/2023,Terlambat
686,USR00077,Kamaria Pranowo,Mahasiswa,"Fakultas Sosial, Humaniora, & Seni",Psikologi,2024.0,TRX000113,BK01211,1/24/2024,2/7/2024,1/28/2024,Dikembalikan
687,USR00077,Kamaria Pranowo,Mahasiswa,"Fakultas Sosial, Humaniora, & Seni",Psikologi,2024.0,TRX000896,BK01207,10/27/2024,11/10/2024,11/13/2024,Terlambat
688,USR00077,Kamaria Pranowo,Mahasiswa,"Fakultas Sosial, Humaniora, & Seni",Psikologi,2024.0,TRX000901,BK01212,12/20/2023,1/3/2024,1/7/2024,Terlambat
689,USR00077,Kamaria Pranowo,Mahasiswa,"Fakultas Sosial, Humaniora, & Seni",Psikologi,2024.0,TRX001161,BK01193,2/19/2025,3/5/2025,3/8/2025,Terlambat
690,USR00077,Kamaria Pranowo,Mahasiswa,"Fakultas Sosial, Humaniora, & Seni",Psikologi,2024.0,TRX001307,BK01221,9/7/2025,9/21/2025,9/23/2025,Terlambat
691,USR00077,Kamaria Pranowo,Mahasiswa,"Fakultas Sosial, Humaniora, & Seni",Psikologi,2024.0,TRX002086,BK01177,8/15/2023,8/29/2023,8/23/2023,Dikembalikan
692,USR00077,Kamaria Pranowo,Mahasiswa,"Fakultas Sosial, Humaniora, & Seni",Psikologi,2024.0,TRX002674,BK01372,9/18/2025,10/2/2025,9/28/2025,Dikembalikan
693,USR00077,Kamaria Pranowo,Mahasiswa,"Fakultas Sosial, Humaniora, & Seni",Psikologi,2024.0,TRX002843,BK01336,10/24/2023,11/7/2023,11/8/2023,Terlambat
694,USR00077,Kamaria Pranowo,Mahasiswa,"Fakultas Sosial, Humaniora, & Seni",Psikologi,2024.0,TRX002973,BK01234,4/24/2025,5/8/2025,5/6/2025,Dikembalikan
695,USR00077,Kamaria Pranowo,Mahasiswa,"Fakultas Sosial, Humaniora, & Seni",Psikologi,2024.0,TRX003465,BK01177,5/2/2023,5/16/2023,5/20/2023,Terlambat
696,USR00077,Kamaria Pranowo,Mahasiswa,"Fakultas Sosial, Humaniora, & Seni",Psikologi,2024.0,TRX003492,BK01177,6/11/2023,6/25/2023,6/17/2023,Dikembalikan
697,USR00078,"Ulya Wahyudin, M.TI.",Mahasiswa,"Fakultas Sains, Teknologi, & Kesehatan",Farmasi,2025.0,TRX000360,BK00427,4/23/2025,5/7/2025,5/1/2025,Dikembalikan
698,USR00078,"Ulya Wahyudin, M.TI.",Mahasiswa,"Fakultas Sains, Teknologi, & Kesehatan",Farmasi,2025.0,TRX001378,BK00589,10/13/2024,10/27/2024,10/27/2024,Dikembalikan
699,USR00078,"Ulya Wahyudin, M.TI.",Mahasiswa,"Fakultas Sains, Teknologi, & Kesehatan",Farmasi,2025.0,TRX002130,BK00345,3/15/2025,3/29/2025,3/24/2025,Dikembalikan
700,USR00078,"Ulya Wahyudin, M.TI.",Mahasiswa,"Fakultas Sains, Teknologi, & Kesehatan",Farmasi,2025.0,TRX002863,BK00559,7/28/2024,8/11/2024,8/1/2024,Dikembalikan
701,USR00078,"Ulya Wahyudin, M.TI.",Mahasiswa,"Fakultas Sains, Teknologi, & Kesehatan",Farmasi,2025.0,TRX003090,BK00464,6/29/2023,7/13/2023,7/4/2023,Dikembalikan
702,USR00078,"Ulya Wahyudin, M.TI.",Mahasiswa,"Fakultas Sains, Teknologi, & Kesehatan",Farmasi,2025.0,TRX003121,BK00598,7/7/2023,7/21/2023,7/17/2023,Dikembalikan
703,USR00078,"Ulya Wahyudin, M.TI.",Mahasiswa,"Fakultas Sains, Teknologi, & Kesehatan",Farmasi,2025.0,TRX003167,BK00586,4/22/2024,5/6/2024,5/11/2024,Terlambat
704,USR00078,"Ulya Wahyudin, M.TI.",Mahasiswa,"Fakultas Sains, Teknologi, & Kesehatan",Farmasi,2025.0,TRX003409,BK00565,3/27/2024,4/10/2024,4/16/2024,Terlambat
705,USR00079,Fitria Prakasa,Mahasiswa,"Fakultas Sains, Teknologi, & Kesehatan",Profesi Ners,2020.0,TRX000173,BK00773,3/16/2024,3/30/2024,3/28/2024,Dikembalikan
706,USR00079,Fitria Prakasa,Mahasiswa,"Fakultas Sains, Teknologi, & Kesehatan",Profesi Ners,2020.0,TRX000669,BK00757,2/18/2023,3/4/2023,2/23/2023,Dikembalikan
707,USR00079,Fitria Prakasa,Mahasiswa,"Fakultas Sains, Teknologi, & Kesehatan",Profesi Ners,2020.0,TRX001142,BK00756,9/20/2024,10/4/2024,10/10/2024,Terlambat
708,USR00079,Fitria Prakasa,Mahasiswa,"Fakultas Sains, Teknologi, & Kesehatan",Profesi Ners,2020.0,TRX001537,BK00745,9/7/2024,9/21/2024,9/25/2024,Terlambat
709,USR00079,Fitria Prakasa,Mahasiswa,"Fakultas Sains, Teknologi, & Kesehatan",Profesi Ners,2020.0,TRX001592,BK00201,12/21/2023,1/4/2024,1/7/2024,Terlambat
710,USR00079,Fitria Prakasa,Mahasiswa,"Fakultas Sains, Teknologi, & Kesehatan",Profesi Ners,2020.0,TRX001882,BK00732,12/19/2025,1/2/2026,,Dipinjam
711,USR00079,Fitria Prakasa,Mahasiswa,"Fakultas Sains, Teknologi, & Kesehatan",Profesi Ners,2020.0,TRX002165,BK00747,11/8/2023,11/22/2023,11/18/2023,Dikembalikan
712,USR00079,Fitria Prakasa,Mahasiswa,"Fakultas Sains, Teknologi, & Kesehatan",Profesi Ners,2020.0,TRX002678,BK00736,12/14/2023,12/28/2023,12/20/2023,Dikembalikan
713,USR00079,Fitria Prakasa,Mahasiswa,"Fakultas Sains, Teknologi, & Kesehatan",Profesi Ners,2020.0,TRX002724,BK00760,6/20/2023,7/4/2023,6/29/2023,Dikembalikan
714,USR00079,Fitria Prakasa,Mahasiswa,"Fakultas Sains, Teknologi, & Kesehatan",Profesi Ners,2020.0,TRX002758,BK00901,7/10/2024,7/24/2024,7/14/2024,Dikembalikan
715,USR00080,"Kasusra Wijaya, S.Gz",Mahasiswa,"Fakultas Sains, Teknologi, & Kesehatan",Teknik Industri,2021.0,TRX000200,BK00417,10/5/2025,10/19/2025,10/11/2025,Dikembalikan
716,USR00080,"Kasusra Wijaya, S.Gz",Mahasiswa,"Fakultas Sains, Teknologi, & Kesehatan",Teknik Industri,2021.0,TRX002009,BK00132,4/26/2025,5/10/2025,5/1/2025,Dikembalikan
717,USR00080,"Kasusra Wijaya, S.Gz",Mahasiswa,"Fakultas Sains, Teknologi, & Kesehatan",Teknik Industri,2021.0,TRX002679,BK00381,10/15/2023,10/29/2023,10/30/2023,Terlambat
718,USR00080,"Kasusra Wijaya, S.Gz",Mahasiswa,"Fakultas Sains, Teknologi, & Kesehatan",Teknik Industri,2021.0,TRX002892,BK00347,8/31/2023,9/14/2023,9/20/2023,Terlambat
719,USR00080,"Kasusra Wijaya, S.Gz",Mahasiswa,"Fakultas Sains, Teknologi, & Kesehatan",Teknik Industri,2021.0,TRX003406,BK00066,9/24/2025,10/8/2025,10/4/2025,Dikembalikan
720,USR00081,"KH. Paiman Gunarto, S.Kom",Mahasiswa,"Fakultas Sains, Teknologi, & Kesehatan",Informatika,2023.0,TRX000446,BK00506,1/26/2023,2/9/2023,2/1/2023,Dikembalikan
721,USR00081,"KH. Paiman Gunarto, S.Kom",Mahasiswa,"Fakultas Sains, Teknologi, & Kesehatan",Informatika,2023.0,TRX000780,BK00332,11/23/2024,12/7/2024,12/1/2024,Dikembalikan
722,USR00081,"KH. Paiman Gunarto, S.Kom",Mahasiswa,"Fakultas Sains, Teknologi, & Kesehatan",Informatika,2023.0,TRX001102,BK00295,6/22/2025,7/6/2025,7/7/2025,Terlambat
723,USR00081,"KH. Paiman Gunarto, S.Kom",Mahasiswa,"Fakultas Sains, Teknologi, & Kesehatan",Informatika,2023.0,TRX001195,BK00280,5/23/2023,6/6/2023,5/27/2023,Dikembalikan
724,USR00081,"KH. Paiman Gunarto, S.Kom",Mahasiswa,"Fakultas Sains, Teknologi, & Kesehatan",Informatika,2023.0,TRX001975,BK00131,10/11/2025,10/25/2025,10/21/2025,Dikembalikan
725,USR00081,"KH. Paiman Gunarto, S.Kom",Mahasiswa,"Fakultas Sains, Teknologi, & Kesehatan",Informatika,2023.0,TRX002014,BK00091,8/13/2025,8/27/2025,8/31/2025,Terlambat
726,USR00081,"KH. Paiman Gunarto, S.Kom",Mahasiswa,"Fakultas Sains, Teknologi, & Kesehatan",Informatika,2023.0,TRX002320,BK00248,9/1/2025,9/15/2025,9/15/2025,Dikembalikan
727,USR00081,"KH. Paiman Gunarto, S.Kom",Mahasiswa,"Fakultas Sains, Teknologi, & Kesehatan",Informatika,2023.0,TRX002659,BK00304,6/4/2024,6/18/2024,6/12/2024,Dikembalikan
728,USR00081,"KH. Paiman Gunarto, S.Kom",Mahasiswa,"Fakultas Sains, Teknologi, & Kesehatan",Informatika,2023.0,TRX003248,BK00087,6/1/2025,6/15/2025,6/19/2025,Terlambat
729,USR00081,"KH. Paiman Gunarto, S.Kom",Mahasiswa,"Fakultas Sains, Teknologi, & Kesehatan",Informatika,2023.0,TRX003462,BK00771,2/21/2023,3/7/2023,3/13/2023,Terlambat
730,USR00082,Estiawan Sihombing,Mahasiswa,"Fakultas Sosial, Humaniora, & Seni",Ilmu Komunikasi,2025.0,TRX000140,BK01374,2/19/2025,3/5/2025,3/5/2025,Dikembalikan
731,USR00082,Estiawan Sihombing,Mahasiswa,"Fakultas Sosial, Humaniora, & Seni",Ilmu Komunikasi,2025.0,TRX000374,BK00005,10/11/2023,10/25/2023,10/18/2023,Dikembalikan
732,USR00082,Estiawan Sihombing,Mahasiswa,"Fakultas Sosial, Humaniora, & Seni",Ilmu Komunikasi,2025.0,TRX000546,BK01351,5/19/2023,6/2/2023,6/9/2023,Terlambat
733,USR00082,Estiawan Sihombing,Mahasiswa,"Fakultas Sosial, Humaniora, & Seni",Ilmu Komunikasi,2025.0,TRX000557,BK01305,4/17/2023,5/1/2023,4/25/2023,Dikembalikan
734,USR00082,Estiawan Sihombing,Mahasiswa,"Fakultas Sosial, Humaniora, & Seni",Ilmu Komunikasi,2025.0,TRX001485,BK01268,10/19/2023,11/2/2023,10/26/2023,Dikembalikan
735,USR00082,Estiawan Sihombing,Mahasiswa,"Fakultas Sosial, Humaniora, & Seni",Ilmu Komunikasi,2025.0,TRX001515,BK01371,11/26/2023,12/10/2023,11/30/2023,Dikembalikan
736,USR00082,Estiawan Sihombing,Mahasiswa,"Fakultas Sosial, Humaniora, & Seni",Ilmu Komunikasi,2025.0,TRX001998,BK01224,7/5/2023,7/19/2023,7/26/2023,Terlambat
737,USR00082,Estiawan Sihombing,Mahasiswa,"Fakultas Sosial, Humaniora, & Seni",Ilmu Komunikasi,2025.0,TRX002025,BK01304,10/22/2025,11/5/2025,11/5/2025,Dikembalikan
738,USR00082,Estiawan Sihombing,Mahasiswa,"Fakultas Sosial, Humaniora, & Seni",Ilmu Komunikasi,2025.0,TRX002044,BK01338,3/22/2025,4/5/2025,4/9/2025,Terlambat
739,USR00082,Estiawan Sihombing,Mahasiswa,"Fakultas Sosial, Humaniora, & Seni",Ilmu Komunikasi,2025.0,TRX002258,BK01375,10/16/2025,10/30/2025,10/19/2025,Dikembalikan
740,USR00082,Estiawan Sihombing,Mahasiswa,"Fakultas Sosial, Humaniora, & Seni",Ilmu Komunikasi,2025.0,TRX002550,BK01351,2/14/2023,2/28/2023,3/1/2023,Terlambat
741,USR00082,Estiawan Sihombing,Mahasiswa,"Fakultas Sosial, Humaniora, & Seni",Ilmu Komunikasi,2025.0,TRX003092,BK01324,4/10/2025,4/24/2025,4/22/2025,Dikembalikan
742,USR00082,Estiawan Sihombing,Mahasiswa,"Fakultas Sosial, Humaniora, & Seni",Ilmu Komunikasi,2025.0,TRX003127,BK01349,10/29/2023,11/12/2023,11/9/2023,Dikembalikan
743,USR00083,Virman Wibisono,Mahasiswa,"Fakultas Sosial, Humaniora, & Seni",Desain Komunikasi Visual,2023.0,TRX000233,BK00801,10/4/2024,10/18/2024,10/22/2024,Terlambat
744,USR00083,Virman Wibisono,Mahasiswa,"Fakultas Sosial, Humaniora, & Seni",Desain Komunikasi Visual,2023.0,TRX000653,BK00802,5/6/2025,5/20/2025,5/18/2025,Dikembalikan
745,USR00083,Virman Wibisono,Mahasiswa,"Fakultas Sosial, Humaniora, & Seni",Desain Komunikasi Visual,2023.0,TRX000689,BK00880,11/10/2023,11/24/2023,11/30/2023,Terlambat
746,USR00083,Virman Wibisono,Mahasiswa,"Fakultas Sosial, Humaniora, & Seni",Desain Komunikasi Visual,2023.0,TRX000869,BK00903,8/19/2023,9/2/2023,8/28/2023,Dikembalikan
747,USR00083,Virman Wibisono,Mahasiswa,"Fakultas Sosial, Humaniora, & Seni",Desain Komunikasi Visual,2023.0,TRX001055,BK00856,4/10/2023,4/24/2023,4/22/2023,Dikembalikan
748,USR00083,Virman Wibisono,Mahasiswa,"Fakultas Sosial, Humaniora, & Seni",Desain Komunikasi Visual,2023.0,TRX001460,BK01072,4/17/2023,5/1/2023,4/20/2023,Dikembalikan
749,USR00083,Virman Wibisono,Mahasiswa,"Fakultas Sosial, Humaniora, & Seni",Desain Komunikasi Visual,2023.0,TRX001979,BK00796,9/15/2023,9/29/2023,10/5/2023,Terlambat
750,USR00083,Virman Wibisono,Mahasiswa,"Fakultas Sosial, Humaniora, & Seni",Desain Komunikasi Visual,2023.0,TRX002529,BK00842,9/20/2024,10/4/2024,9/24/2024,Dikembalikan
751,USR00083,Virman Wibisono,Mahasiswa,"Fakultas Sosial, Humaniora, & Seni",Desain Komunikasi Visual,2023.0,TRX003461,BK00800,6/26/2025,7/10/2025,7/9/2025,Dikembalikan
752,USR00084,"Bajragin Pertiwi, M.Farm",Mahasiswa,"Fakultas Sosial, Humaniora, & Seni",Psikologi,2021.0,TRX000422,BK01188,8/12/2023,8/26/2023,8/16/2023,Dikembalikan
753,USR00084,"Bajragin Pertiwi, M.Farm",Mahasiswa,"Fakultas Sosial, Humaniora, & Seni",Psikologi,2021.0,TRX001048,BK01222,9/27/2023,10/11/2023,10/7/2023,Dikembalikan
754,USR00084,"Bajragin Pertiwi, M.Farm",Mahasiswa,"Fakultas Sosial, Humaniora, & Seni",Psikologi,2021.0,TRX001551,BK01182,7/8/2024,7/22/2024,7/17/2024,Dikembalikan
755,USR00084,"Bajragin Pertiwi, M.Farm",Mahasiswa,"Fakultas Sosial, Humaniora, & Seni",Psikologi,2021.0,TRX001637,BK00221,8/7/2023,8/21/2023,8/23/2023,Terlambat
756,USR00084,"Bajragin Pertiwi, M.Farm",Mahasiswa,"Fakultas Sosial, Humaniora, & Seni",Psikologi,2021.0,TRX001773,BK01178,2/15/2024,2/29/2024,2/29/2024,Dikembalikan
757,USR00084,"Bajragin Pertiwi, M.Farm",Mahasiswa,"Fakultas Sosial, Humaniora, & Seni",Psikologi,2021.0,TRX001860,BK01235,10/27/2025,11/10/2025,11/11/2025,Terlambat
758,USR00084,"Bajragin Pertiwi, M.Farm",Mahasiswa,"Fakultas Sosial, Humaniora, & Seni",Psikologi,2021.0,TRX001929,BK01071,5/26/2025,6/9/2025,6/8/2025,Dikembalikan
759,USR00084,"Bajragin Pertiwi, M.Farm",Mahasiswa,"Fakultas Sosial, Humaniora, & Seni",Psikologi,2021.0,TRX002056,BK01221,3/8/2023,3/22/2023,3/29/2023,Terlambat
760,USR00084,"Bajragin Pertiwi, M.Farm",Mahasiswa,"Fakultas Sosial, Humaniora, & Seni",Psikologi,2021.0,TRX002080,BK01231,11/9/2025,11/23/2025,11/25/2025,Terlambat
761,USR00084,"Bajragin Pertiwi, M.Farm",Mahasiswa,"Fakultas Sosial, Humaniora, & Seni",Psikologi,2021.0,TRX002186,BK01175,4/16/2023,4/30/2023,4/25/2023,Dikembalikan
762,USR00084,"Bajragin Pertiwi, M.Farm",Mahasiswa,"Fakultas Sosial, Humaniora, & Seni",Psikologi,2021.0,TRX002412,BK01185,6/25/2025,7/9/2025,7/6/2025,Dikembalikan
763,USR00084,"Bajragin Pertiwi, M.Farm",Mahasiswa,"Fakultas Sosial, Humaniora, & Seni",Psikologi,2021.0,TRX002429,BK01206,6/29/2025,7/13/2025,7/13/2025,Dikembalikan
764,USR00084,"Bajragin Pertiwi, M.Farm",Mahasiswa,"Fakultas Sosial, Humaniora, & Seni",Psikologi,2021.0,TRX002520,BK01229,7/7/2024,7/21/2024,7/10/2024,Dikembalikan
765,USR00084,"Bajragin Pertiwi, M.Farm",Mahasiswa,"Fakultas Sosial, Humaniora, & Seni",Psikologi,2021.0,TRX003352,BK01095,4/26/2023,5/10/2023,5/4/2023,Dikembalikan
766,USR00084,"Bajragin Pertiwi, M.Farm",Mahasiswa,"Fakultas Sosial, Humaniora, & Seni",Psikologi,2021.0,TRX003356,BK01226,9/26/2023,10/10/2023,10/6/2023,Dikembalikan
767,USR00085,Carla Haryanti,Mahasiswa,"Fakultas Sosial, Humaniora, & Seni",Desain Interior,2021.0,TRX001459,BK01019,11/23/2024,12/7/2024,12/1/2024,Dikembalikan
768,USR00085,Carla Haryanti,Mahasiswa,"Fakultas Sosial, Humaniora, & Seni",Desain Interior,2021.0,TRX002662,BK01025,8/11/2024,8/25/2024,8/18/2024,Dikembalikan
769,USR00085,Carla Haryanti,Mahasiswa,"Fakultas Sosial, Humaniora, & Seni",Desain Interior,2021.0,TRX003047,BK01331,12/1/2023,12/15/2023,12/12/2023,Dikembalikan
770,USR00086,Ganjaran Marpaung,Mahasiswa,"Fakultas Sains, Teknologi, & Kesehatan",Teknik Industri,2025.0,TRX000015,BK00338,11/6/2024,11/20/2024,11/19/2024,Dikembalikan
771,USR00086,Ganjaran Marpaung,Mahasiswa,"Fakultas Sains, Teknologi, & Kesehatan",Teknik Industri,2025.0,TRX000572,BK00330,12/4/2025,12/18/2025,12/23/2025,Terlambat
772,USR00086,Ganjaran Marpaung,Mahasiswa,"Fakultas Sains, Teknologi, & Kesehatan",Teknik Industri,2025.0,TRX000735,BK00365,10/21/2025,11/4/2025,10/30/2025,Dikembalikan
773,USR00086,Ganjaran Marpaung,Mahasiswa,"Fakultas Sains, Teknologi, & Kesehatan",Teknik Industri,2025.0,TRX001174,BK00324,10/13/2025,10/27/2025,10/17/2025,Dikembalikan
774,USR00086,Ganjaran Marpaung,Mahasiswa,"Fakultas Sains, Teknologi, & Kesehatan",Teknik Industri,2025.0,TRX001977,BK00343,9/19/2023,10/3/2023,9/24/2023,Dikembalikan
775,USR00086,Ganjaran Marpaung,Mahasiswa,"Fakultas Sains, Teknologi, & Kesehatan",Teknik Industri,2025.0,TRX001982,BK00358,1/17/2025,1/31/2025,2/2/2025,Terlambat
776,USR00086,Ganjaran Marpaung,Mahasiswa,"Fakultas Sains, Teknologi, & Kesehatan",Teknik Industri,2025.0,TRX002246,BK00378,10/17/2024,10/31/2024,10/31/2024,Dikembalikan
777,USR00086,Ganjaran Marpaung,Mahasiswa,"Fakultas Sains, Teknologi, & Kesehatan",Teknik Industri,2025.0,TRX002271,BK00316,8/8/2023,8/22/2023,8/19/2023,Dikembalikan
778,USR00086,Ganjaran Marpaung,Mahasiswa,"Fakultas Sains, Teknologi, & Kesehatan",Teknik Industri,2025.0,TRX002739,BK00331,7/26/2025,8/9/2025,8/8/2025,Dikembalikan
779,USR00086,Ganjaran Marpaung,Mahasiswa,"Fakultas Sains, Teknologi, & Kesehatan",Teknik Industri,2025.0,TRX002920,BK00250,9/21/2023,10/5/2023,9/30/2023,Dikembalikan
780,USR00086,Ganjaran Marpaung,Mahasiswa,"Fakultas Sains, Teknologi, & Kesehatan",Teknik Industri,2025.0,TRX003008,BK00371,9/26/2023,10/10/2023,10/2/2023,Dikembalikan
781,USR00086,Ganjaran Marpaung,Mahasiswa,"Fakultas Sains, Teknologi, & Kesehatan",Teknik Industri,2025.0,TRX003448,BK00390,9/28/2023,10/12/2023,10/2/2023,Dikembalikan
782,USR00087,Teddy Pertiwi,Mahasiswa,"Fakultas Sosial, Humaniora, & Seni",Desain Komunikasi Visual,2024.0,TRX000559,BK00508,8/16/2025,8/30/2025,8/24/2025,Dikembalikan
783,USR00087,Teddy Pertiwi,Mahasiswa,"Fakultas Sosial, Humaniora, & Seni",Desain Komunikasi Visual,2024.0,TRX000797,BK00938,6/2/2025,6/16/2025,6/20/2025,Terlambat
784,USR00087,Teddy Pertiwi,Mahasiswa,"Fakultas Sosial, Humaniora, & Seni",Desain Komunikasi Visual,2024.0,TRX001137,BK00895,12/22/2024,1/5/2025,1/1/2025,Dikembalikan
785,USR00087,Teddy Pertiwi,Mahasiswa,"Fakultas Sosial, Humaniora, & Seni",Desain Komunikasi Visual,2024.0,TRX001206,BK01095,7/14/2023,7/28/2023,7/23/2023,Dikembalikan
786,USR00087,Teddy Pertiwi,Mahasiswa,"Fakultas Sosial, Humaniora, & Seni",Desain Komunikasi Visual,2024.0,TRX002047,BK00863,12/12/2024,12/26/2024,12/27/2024,Terlambat
787,USR00087,Teddy Pertiwi,Mahasiswa,"Fakultas Sosial, Humaniora, & Seni",Desain Komunikasi Visual,2024.0,TRX003293,BK00909,5/23/2024,6/6/2024,6/13/2024,Terlambat
788,USR00088,"Puti Ayu Maryadi, M.Farm",Mahasiswa,"Fakultas Sosial, Humaniora, & Seni",Ilmu Komunikasi,2021.0,TRX000639,BK00208,3/21/2023,4/4/2023,4/8/2023,Terlambat
789,USR00088,"Puti Ayu Maryadi, M.Farm",Mahasiswa,"Fakultas Sosial, Humaniora, & Seni",Ilmu Komunikasi,2021.0,TRX001278,BK00949,4/28/2024,5/12/2024,5/18/2024,Terlambat
790,USR00088,"Puti Ayu Maryadi, M.Farm",Mahasiswa,"Fakultas Sosial, Humaniora, & Seni",Ilmu Komunikasi,2021.0,TRX001597,BK01286,3/4/2023,3/18/2023,3/15/2023,Dikembalikan
791,USR00088,"Puti Ayu Maryadi, M.Farm",Mahasiswa,"Fakultas Sosial, Humaniora, & Seni",Ilmu Komunikasi,2021.0,TRX001748,BK01248,7/10/2023,7/24/2023,7/21/2023,Dikembalikan
792,USR00088,"Puti Ayu Maryadi, M.Farm",Mahasiswa,"Fakultas Sosial, Humaniora, & Seni",Ilmu Komunikasi,2021.0,TRX002265,BK01267,11/16/2024,11/30/2024,11/25/2024,Dikembalikan
793,USR00088,"Puti Ayu Maryadi, M.Farm",Mahasiswa,"Fakultas Sosial, Humaniora, & Seni",Ilmu Komunikasi,2021.0,TRX002292,BK01267,9/12/2024,9/26/2024,9/22/2024,Dikembalikan
794,USR00088,"Puti Ayu Maryadi, M.Farm",Mahasiswa,"Fakultas Sosial, Humaniora, & Seni",Ilmu Komunikasi,2021.0,TRX002418,BK01267,9/25/2023,10/9/2023,10/11/2023,Terlambat
795,USR00089,Prayogo Rahmawati,Mahasiswa,"Fakultas Sains, Teknologi, & Kesehatan",Teknik Industri,2023.0,TRX000108,BK00455,8/6/2025,8/20/2025,8/16/2025,Dikembalikan
796,USR00089,Prayogo Rahmawati,Mahasiswa,"Fakultas Sains, Teknologi, & Kesehatan",Teknik Industri,2023.0,TRX000284,BK00406,12/8/2024,12/22/2024,12/24/2024,Terlambat
797,USR00089,Prayogo Rahmawati,Mahasiswa,"Fakultas Sains, Teknologi, & Kesehatan",Teknik Industri,2023.0,TRX000310,BK00411,9/10/2023,9/24/2023,9/17/2023,Dikembalikan
798,USR00089,Prayogo Rahmawati,Mahasiswa,"Fakultas Sains, Teknologi, & Kesehatan",Teknik Industri,2023.0,TRX000711,BK00063,4/15/2024,4/29/2024,4/23/2024,Dikembalikan
799,USR00089,Prayogo Rahmawati,Mahasiswa,"Fakultas Sains, Teknologi, & Kesehatan",Teknik Industri,2023.0,TRX000964,BK00434,4/22/2024,5/6/2024,5/1/2024,Dikembalikan
800,USR00089,Prayogo Rahmawati,Mahasiswa,"Fakultas Sains, Teknologi, & Kesehatan",Teknik Industri,2023.0,TRX001698,BK00458,3/31/2025,4/14/2025,4/14/2025,Dikembalikan
801,USR00089,Prayogo Rahmawati,Mahasiswa,"Fakultas Sains, Teknologi, & Kesehatan",Teknik Industri,2023.0,TRX001849,BK00407,5/26/2023,6/9/2023,6/16/2023,Terlambat
802,USR00089,Prayogo Rahmawati,Mahasiswa,"Fakultas Sains, Teknologi, & Kesehatan",Teknik Industri,2023.0,TRX001952,BK00399,10/14/2023,10/28/2023,10/29/2023,Terlambat
803,USR00089,Prayogo Rahmawati,Mahasiswa,"Fakultas Sains, Teknologi, & Kesehatan",Teknik Industri,2023.0,TRX002187,BK00396,3/30/2025,4/13/2025,4/17/2025,Terlambat
804,USR00089,Prayogo Rahmawati,Mahasiswa,"Fakultas Sains, Teknologi, & Kesehatan",Teknik Industri,2023.0,TRX002192,BK01121,1/21/2024,2/4/2024,1/29/2024,Dikembalikan
805,USR00089,Prayogo Rahmawati,Mahasiswa,"Fakultas Sains, Teknologi, & Kesehatan",Teknik Industri,2023.0,TRX002232,BK00652,6/10/2024,6/24/2024,6/14/2024,Dikembalikan
806,USR00089,Prayogo Rahmawati,Mahasiswa,"Fakultas Sains, Teknologi, & Kesehatan",Teknik Industri,2023.0,TRX002607,BK00425,6/24/2024,7/8/2024,6/29/2024,Dikembalikan
807,USR00089,Prayogo Rahmawati,Mahasiswa,"Fakultas Sains, Teknologi, & Kesehatan",Teknik Industri,2023.0,TRX002655,BK00309,3/14/2024,3/28/2024,4/2/2024,Terlambat
808,USR00089,Prayogo Rahmawati,Mahasiswa,"Fakultas Sains, Teknologi, & Kesehatan",Teknik Industri,2023.0,TRX002811,BK00422,6/15/2025,6/29/2025,7/4/2025,Terlambat
809,USR00089,Prayogo Rahmawati,Mahasiswa,"Fakultas Sains, Teknologi, & Kesehatan",Teknik Industri,2023.0,TRX002966,BK00408,12/12/2025,12/26/2025,12/21/2025,Dikembalikan
810,USR00090,"Kamaria Wijayanti, S.Ked",Mahasiswa,"Fakultas Sosial, Humaniora, & Seni",Ilmu Komunikasi,2022.0,TRX000189,BK01338,6/16/2024,6/30/2024,6/25/2024,Dikembalikan
811,USR00090,"Kamaria Wijayanti, S.Ked",Mahasiswa,"Fakultas Sosial, Humaniora, & Seni",Ilmu Komunikasi,2022.0,TRX000594,BK01366,10/12/2024,10/26/2024,10/15/2024,Dikembalikan
812,USR00090,"Kamaria Wijayanti, S.Ked",Mahasiswa,"Fakultas Sosial, Humaniora, & Seni",Ilmu Komunikasi,2022.0,TRX001012,BK01373,1/3/2025,1/17/2025,1/14/2025,Dikembalikan
813,USR00090,"Kamaria Wijayanti, S.Ked",Mahasiswa,"Fakultas Sosial, Humaniora, & Seni",Ilmu Komunikasi,2022.0,TRX001371,BK01327,7/24/2024,8/7/2024,8/14/2024,Terlambat
814,USR00090,"Kamaria Wijayanti, S.Ked",Mahasiswa,"Fakultas Sosial, Humaniora, & Seni",Ilmu Komunikasi,2022.0,TRX002012,BK01318,5/18/2023,6/1/2023,6/7/2023,Terlambat
815,USR00090,"Kamaria Wijayanti, S.Ked",Mahasiswa,"Fakultas Sosial, Humaniora, & Seni",Ilmu Komunikasi,2022.0,TRX002108,BK01308,3/9/2025,3/23/2025,3/17/2025,Dikembalikan
816,USR00090,"Kamaria Wijayanti, S.Ked",Mahasiswa,"Fakultas Sosial, Humaniora, & Seni",Ilmu Komunikasi,2022.0,TRX002288,BK01370,1/1/2023,1/15/2023,1/11/2023,Dikembalikan
817,USR00090,"Kamaria Wijayanti, S.Ked",Mahasiswa,"Fakultas Sosial, Humaniora, & Seni",Ilmu Komunikasi,2022.0,TRX002297,BK01312,1/15/2025,1/29/2025,1/29/2025,Dikembalikan
818,USR00090,"Kamaria Wijayanti, S.Ked",Mahasiswa,"Fakultas Sosial, Humaniora, & Seni",Ilmu Komunikasi,2022.0,TRX002616,BK01321,3/4/2023,3/18/2023,3/9/2023,Dikembalikan
819,USR00090,"Kamaria Wijayanti, S.Ked",Mahasiswa,"Fakultas Sosial, Humaniora, & Seni",Ilmu Komunikasi,2022.0,TRX002993,BK01268,10/17/2025,10/31/2025,10/30/2025,Dikembalikan
820,USR00090,"Kamaria Wijayanti, S.Ked",Mahasiswa,"Fakultas Sosial, Humaniora, & Seni",Ilmu Komunikasi,2022.0,TRX003005,BK01326,4/19/2025,5/3/2025,5/6/2025,Terlambat
821,USR00090,"Kamaria Wijayanti, S.Ked",Mahasiswa,"Fakultas Sosial, Humaniora, & Seni",Ilmu Komunikasi,2022.0,TRX003040,BK01350,12/4/2025,12/18/2025,12/21/2025,Terlambat
822,USR00091,Gadang Napitupulu,Mahasiswa,"Fakultas Sosial, Humaniora, & Seni",Desain Interior,2023.0,TRX000838,BK00959,11/5/2023,11/19/2023,11/8/2023,Dikembalikan
823,USR00091,Gadang Napitupulu,Mahasiswa,"Fakultas Sosial, Humaniora, & Seni",Desain Interior,2023.0,TRX000877,BK00988,3/30/2025,4/13/2025,4/9/2025,Dikembalikan
824,USR00091,Gadang Napitupulu,Mahasiswa,"Fakultas Sosial, Humaniora, & Seni",Desain Interior,2023.0,TRX001010,BK00958,7/28/2024,8/11/2024,8/12/2024,Terlambat
825,USR00091,Gadang Napitupulu,Mahasiswa,"Fakultas Sosial, Humaniora, & Seni",Desain Interior,2023.0,TRX001157,BK01026,6/19/2024,7/3/2024,7/10/2024,Terlambat
826,USR00091,Gadang Napitupulu,Mahasiswa,"Fakultas Sosial, Humaniora, & Seni",Desain Interior,2023.0,TRX001718,BK00949,5/4/2025,5/18/2025,5/12/2025,Dikembalikan
827,USR00091,Gadang Napitupulu,Mahasiswa,"Fakultas Sosial, Humaniora, & Seni",Desain Interior,2023.0,TRX002337,BK01017,3/16/2024,3/30/2024,4/1/2024,Terlambat
828,USR00091,Gadang Napitupulu,Mahasiswa,"Fakultas Sosial, Humaniora, & Seni",Desain Interior,2023.0,TRX002734,BK01021,1/11/2025,1/25/2025,1/23/2025,Dikembalikan
829,USR00091,Gadang Napitupulu,Mahasiswa,"Fakultas Sosial, Humaniora, & Seni",Desain Interior,2023.0,TRX002986,BK01003,10/30/2023,11/13/2023,11/16/2023,Terlambat
830,USR00092,Ika Yolanda,Mahasiswa,"Fakultas Sains, Teknologi, & Kesehatan",Informatika,2022.0,TRX000159,BK00288,3/28/2025,4/11/2025,4/8/2025,Dikembalikan
831,USR00092,Ika Yolanda,Mahasiswa,"Fakultas Sains, Teknologi, & Kesehatan",Informatika,2022.0,TRX000402,BK00294,2/28/2023,3/14/2023,3/18/2023,Terlambat
832,USR00092,Ika Yolanda,Mahasiswa,"Fakultas Sains, Teknologi, & Kesehatan",Informatika,2022.0,TRX000822,BK00265,8/27/2025,9/10/2025,9/11/2025,Terlambat
833,USR00092,Ika Yolanda,Mahasiswa,"Fakultas Sains, Teknologi, & Kesehatan",Informatika,2022.0,TRX001450,BK00311,4/27/2024,5/11/2024,5/9/2024,Dikembalikan
834,USR00092,Ika Yolanda,Mahasiswa,"Fakultas Sains, Teknologi, & Kesehatan",Informatika,2022.0,TRX002621,BK00060,10/11/2024,10/25/2024,10/23/2024,Dikembalikan
835,USR00092,Ika Yolanda,Mahasiswa,"Fakultas Sains, Teknologi, & Kesehatan",Informatika,2022.0,TRX003046,BK00132,9/1/2025,9/15/2025,9/14/2025,Dikembalikan
836,USR00092,Ika Yolanda,Mahasiswa,"Fakultas Sains, Teknologi, & Kesehatan",Informatika,2022.0,TRX003456,BK00062,9/27/2025,10/11/2025,10/5/2025,Dikembalikan
837,USR00093,"Drs. Febi Hakim, M.Ak",Mahasiswa,"Fakultas Sains, Teknologi, & Kesehatan",Profesi Ners,2022.0,TRX000682,BK00766,8/19/2024,9/2/2024,8/30/2024,Dikembalikan
838,USR00093,"Drs. Febi Hakim, M.Ak",Mahasiswa,"Fakultas Sains, Teknologi, & Kesehatan",Profesi Ners,2022.0,TRX001134,BK00334,2/26/2024,3/11/2024,3/6/2024,Dikembalikan
839,USR00093,"Drs. Febi Hakim, M.Ak",Mahasiswa,"Fakultas Sains, Teknologi, & Kesehatan",Profesi Ners,2022.0,TRX001852,BK00593,8/13/2025,8/27/2025,8/17/2025,Dikembalikan
840,USR00093,"Drs. Febi Hakim, M.Ak",Mahasiswa,"Fakultas Sains, Teknologi, & Kesehatan",Profesi Ners,2022.0,TRX002104,BK00780,6/7/2023,6/21/2023,6/20/2023,Dikembalikan
841,USR00093,"Drs. Febi Hakim, M.Ak",Mahasiswa,"Fakultas Sains, Teknologi, & Kesehatan",Profesi Ners,2022.0,TRX002157,BK00470,11/5/2025,11/19/2025,11/25/2025,Terlambat
842,USR00093,"Drs. Febi Hakim, M.Ak",Mahasiswa,"Fakultas Sains, Teknologi, & Kesehatan",Profesi Ners,2022.0,TRX002465,BK00286,8/17/2023,8/31/2023,8/29/2023,Dikembalikan
843,USR00093,"Drs. Febi Hakim, M.Ak",Mahasiswa,"Fakultas Sains, Teknologi, & Kesehatan",Profesi Ners,2022.0,TRX002969,BK00727,6/1/2025,6/15/2025,6/6/2025,Dikembalikan
844,USR00094,"R.A. Agnes Permata, S.Farm",Mahasiswa,"Fakultas Sains, Teknologi, & Kesehatan",Informatika,2020.0,TRX000762,BK00951,12/27/2023,1/10/2024,1/14/2024,Terlambat
845,USR00094,"R.A. Agnes Permata, S.Farm",Mahasiswa,"Fakultas Sains, Teknologi, & Kesehatan",Informatika,2020.0,TRX000942,BK00164,12/27/2023,1/10/2024,1/12/2024,Terlambat
846,USR00094,"R.A. Agnes Permata, S.Farm",Mahasiswa,"Fakultas Sains, Teknologi, & Kesehatan",Informatika,2020.0,TRX001081,BK00790,4/26/2023,5/10/2023,5/9/2023,Dikembalikan
847,USR00094,"R.A. Agnes Permata, S.Farm",Mahasiswa,"Fakultas Sains, Teknologi, & Kesehatan",Informatika,2020.0,TRX001114,BK00226,5/12/2024,5/26/2024,5/23/2024,Dikembalikan
848,USR00094,"R.A. Agnes Permata, S.Farm",Mahasiswa,"Fakultas Sains, Teknologi, & Kesehatan",Informatika,2020.0,TRX001589,BK00166,5/25/2025,6/8/2025,5/30/2025,Dikembalikan
849,USR00094,"R.A. Agnes Permata, S.Farm",Mahasiswa,"Fakultas Sains, Teknologi, & Kesehatan",Informatika,2020.0,TRX001731,BK00207,9/29/2025,10/13/2025,10/15/2025,Terlambat
850,USR00094,"R.A. Agnes Permata, S.Farm",Mahasiswa,"Fakultas Sains, Teknologi, & Kesehatan",Informatika,2020.0,TRX002196,BK00211,3/17/2023,3/31/2023,3/28/2023,Dikembalikan
851,USR00094,"R.A. Agnes Permata, S.Farm",Mahasiswa,"Fakultas Sains, Teknologi, & Kesehatan",Informatika,2020.0,TRX002462,BK00198,10/12/2024,10/26/2024,10/27/2024,Terlambat
852,USR00094,"R.A. Agnes Permata, S.Farm",Mahasiswa,"Fakultas Sains, Teknologi, & Kesehatan",Informatika,2020.0,TRX002792,BK00573,8/10/2024,8/24/2024,8/18/2024,Dikembalikan
853,USR00094,"R.A. Agnes Permata, S.Farm",Mahasiswa,"Fakultas Sains, Teknologi, & Kesehatan",Informatika,2020.0,TRX002831,BK01075,10/9/2025,10/23/2025,10/27/2025,Terlambat
854,USR00094,"R.A. Agnes Permata, S.Farm",Mahasiswa,"Fakultas Sains, Teknologi, & Kesehatan",Informatika,2020.0,TRX002952,BK00172,2/15/2024,2/29/2024,2/20/2024,Dikembalikan
855,USR00094,"R.A. Agnes Permata, S.Farm",Mahasiswa,"Fakultas Sains, Teknologi, & Kesehatan",Informatika,2020.0,TRX003089,BK00161,2/26/2025,3/12/2025,3/15/2025,Terlambat
856,USR00094,"R.A. Agnes Permata, S.Farm",Mahasiswa,"Fakultas Sains, Teknologi, & Kesehatan",Informatika,2020.0,TRX003108,BK00193,11/11/2023,11/25/2023,11/22/2023,Dikembalikan
857,USR00094,"R.A. Agnes Permata, S.Farm",Mahasiswa,"Fakultas Sains, Teknologi, & Kesehatan",Informatika,2020.0,TRX003370,BK00223,8/7/2024,8/21/2024,8/11/2024,Dikembalikan
858,USR00094,"R.A. Agnes Permata, S.Farm",Mahasiswa,"Fakultas Sains, Teknologi, & Kesehatan",Informatika,2020.0,TRX003424,BK00181,1/3/2023,1/17/2023,1/13/2023,Dikembalikan
859,USR00095,Chelsea Pranowo,Mahasiswa,"Fakultas Sains, Teknologi, & Kesehatan",Teknik Industri,2023.0,TRX000368,BK00106,3/30/2023,4/13/2023,4/7/2023,Dikembalikan
860,USR00095,Chelsea Pranowo,Mahasiswa,"Fakultas Sains, Teknologi, & Kesehatan",Teknik Industri,2023.0,TRX001901,BK00442,5/19/2023,6/2/2023,5/31/2023,Dikembalikan
861,USR00095,Chelsea Pranowo,Mahasiswa,"Fakultas Sains, Teknologi, & Kesehatan",Teknik Industri,2023.0,TRX001911,BK01283,6/7/2025,6/21/2025,6/10/2025,Dikembalikan
862,USR00095,Chelsea Pranowo,Mahasiswa,"Fakultas Sains, Teknologi, & Kesehatan",Teknik Industri,2023.0,TRX003481,BK00451,3/20/2024,4/3/2024,3/24/2024,Dikembalikan
863,USR00096,"Lega Mandasari, S.Pt",Mahasiswa,"Fakultas Sosial, Humaniora, & Seni",Desain Interior,2024.0,TRX002097,BK01014,12/25/2025,1/8/2026,,Dipinjam
864,USR00096,"Lega Mandasari, S.Pt",Mahasiswa,"Fakultas Sosial, Humaniora, & Seni",Desain Interior,2024.0,TRX002226,BK00993,7/18/2024,8/1/2024,8/4/2024,Terlambat
865,USR00096,"Lega Mandasari, S.Pt",Mahasiswa,"Fakultas Sosial, Humaniora, & Seni",Desain Interior,2024.0,TRX002600,BK00963,10/12/2025,10/26/2025,10/30/2025,Terlambat
866,USR00096,"Lega Mandasari, S.Pt",Mahasiswa,"Fakultas Sosial, Humaniora, & Seni",Desain Interior,2024.0,TRX002611,BK01105,10/6/2025,10/20/2025,10/21/2025,Terlambat
867,USR00096,"Lega Mandasari, S.Pt",Mahasiswa,"Fakultas Sosial, Humaniora, & Seni",Desain Interior,2024.0,TRX002639,BK00948,5/9/2024,5/23/2024,5/14/2024,Dikembalikan
868,USR00096,"Lega Mandasari, S.Pt",Mahasiswa,"Fakultas Sosial, Humaniora, & Seni",Desain Interior,2024.0,TRX002730,BK00798,9/12/2025,9/26/2025,9/30/2025,Terlambat
869,USR00096,"Lega Mandasari, S.Pt",Mahasiswa,"Fakultas Sosial, Humaniora, & Seni",Desain Interior,2024.0,TRX002847,BK00960,8/26/2024,9/9/2024,9/2/2024,Dikembalikan
870,USR00096,"Lega Mandasari, S.Pt",Mahasiswa,"Fakultas Sosial, Humaniora, & Seni",Desain Interior,2024.0,TRX002911,BK01222,2/21/2024,3/6/2024,3/10/2024,Terlambat
871,USR00096,"Lega Mandasari, S.Pt",Mahasiswa,"Fakultas Sosial, Humaniora, & Seni",Desain Interior,2024.0,TRX002946,BK01003,10/17/2024,10/31/2024,11/7/2024,Terlambat
872,USR00097,Puti Dalima Widodo,Mahasiswa,"Fakultas Sains, Teknologi, & Kesehatan",Teknik Industri,2025.0,TRX000494,BK00430,6/16/2023,6/30/2023,6/19/2023,Dikembalikan
873,USR00097,Puti Dalima Widodo,Mahasiswa,"Fakultas Sains, Teknologi, & Kesehatan",Teknik Industri,2025.0,TRX000841,BK00188,4/14/2023,4/28/2023,5/4/2023,Terlambat
874,USR00097,Puti Dalima Widodo,Mahasiswa,"Fakultas Sains, Teknologi, & Kesehatan",Teknik Industri,2025.0,TRX000930,BK00435,4/23/2025,5/7/2025,4/26/2025,Dikembalikan
875,USR00097,Puti Dalima Widodo,Mahasiswa,"Fakultas Sains, Teknologi, & Kesehatan",Teknik Industri,2025.0,TRX002248,BK00887,4/8/2024,4/22/2024,4/13/2024,Dikembalikan
876,USR00097,Puti Dalima Widodo,Mahasiswa,"Fakultas Sains, Teknologi, & Kesehatan",Teknik Industri,2025.0,TRX002740,BK00434,9/5/2024,9/19/2024,9/24/2024,Terlambat
877,USR00097,Puti Dalima Widodo,Mahasiswa,"Fakultas Sains, Teknologi, & Kesehatan",Teknik Industri,2025.0,TRX003066,BK00542,9/3/2025,9/17/2025,9/21/2025,Terlambat
878,USR00097,Puti Dalima Widodo,Mahasiswa,"Fakultas Sains, Teknologi, & Kesehatan",Teknik Industri,2025.0,TRX003100,BK00606,6/6/2024,6/20/2024,6/13/2024,Dikembalikan
879,USR00097,Puti Dalima Widodo,Mahasiswa,"Fakultas Sains, Teknologi, & Kesehatan",Teknik Industri,2025.0,TRX003125,BK00410,10/29/2025,11/12/2025,11/7/2025,Dikembalikan
880,USR00098,Mahesa Maryadi,Mahasiswa,"Fakultas Sains, Teknologi, & Kesehatan",Teknik Industri,2021.0,TRX000134,BK00326,12/22/2023,1/5/2024,12/30/2023,Dikembalikan
881,USR00098,Mahesa Maryadi,Mahasiswa,"Fakultas Sains, Teknologi, & Kesehatan",Teknik Industri,2021.0,TRX000835,BK00094,8/26/2025,9/9/2025,8/31/2025,Dikembalikan
882,USR00098,Mahesa Maryadi,Mahasiswa,"Fakultas Sains, Teknologi, & Kesehatan",Teknik Industri,2021.0,TRX001693,BK00321,9/7/2025,9/21/2025,9/14/2025,Dikembalikan
883,USR00098,Mahesa Maryadi,Mahasiswa,"Fakultas Sains, Teknologi, & Kesehatan",Teknik Industri,2021.0,TRX001727,BK00330,2/20/2023,3/6/2023,2/27/2023,Dikembalikan
884,USR00098,Mahesa Maryadi,Mahasiswa,"Fakultas Sains, Teknologi, & Kesehatan",Teknik Industri,2021.0,TRX001881,BK00316,5/6/2023,5/20/2023,5/23/2023,Terlambat
885,USR00098,Mahesa Maryadi,Mahasiswa,"Fakultas Sains, Teknologi, & Kesehatan",Teknik Industri,2021.0,TRX002006,BK00371,2/7/2023,2/21/2023,2/16/2023,Dikembalikan
886,USR00098,Mahesa Maryadi,Mahasiswa,"Fakultas Sains, Teknologi, & Kesehatan",Teknik Industri,2021.0,TRX002252,BK00327,4/3/2024,4/17/2024,4/11/2024,Dikembalikan
887,USR00098,Mahesa Maryadi,Mahasiswa,"Fakultas Sains, Teknologi, & Kesehatan",Teknik Industri,2021.0,TRX003007,BK00375,12/22/2023,1/5/2024,1/10/2024,Terlambat
888,USR00098,Mahesa Maryadi,Mahasiswa,"Fakultas Sains, Teknologi, & Kesehatan",Teknik Industri,2021.0,TRX003388,BK00342,7/20/2024,8/3/2024,8/10/2024,Terlambat
889,USR00099,"Eka Latupono, S.Kom",Mahasiswa,"Fakultas Sosial, Humaniora, & Seni",Psikologi,2022.0,TRX000164,BK01225,7/20/2024,8/3/2024,7/25/2024,Dikembalikan
890,USR00099,"Eka Latupono, S.Kom",Mahasiswa,"Fakultas Sosial, Humaniora, & Seni",Psikologi,2022.0,TRX000308,BK01206,4/12/2025,4/26/2025,4/19/2025,Dikembalikan
891,USR00099,"Eka Latupono, S.Kom",Mahasiswa,"Fakultas Sosial, Humaniora, & Seni",Psikologi,2022.0,TRX000496,BK01193,3/22/2025,4/5/2025,3/26/2025,Dikembalikan
892,USR00099,"Eka Latupono, S.Kom",Mahasiswa,"Fakultas Sosial, Humaniora, & Seni",Psikologi,2022.0,TRX000801,BK01213,11/23/2023,12/7/2023,12/9/2023,Terlambat
893,USR00099,"Eka Latupono, S.Kom",Mahasiswa,"Fakultas Sosial, Humaniora, & Seni",Psikologi,2022.0,TRX000961,BK01181,7/28/2023,8/11/2023,8/1/2023,Dikembalikan
894,USR00099,"Eka Latupono, S.Kom",Mahasiswa,"Fakultas Sosial, Humaniora, & Seni",Psikologi,2022.0,TRX001346,BK01171,10/9/2024,10/23/2024,10/15/2024,Dikembalikan
895,USR00099,"Eka Latupono, S.Kom",Mahasiswa,"Fakultas Sosial, Humaniora, & Seni",Psikologi,2022.0,TRX001837,BK01211,5/11/2024,5/25/2024,5/18/2024,Dikembalikan
896,USR00099,"Eka Latupono, S.Kom",Mahasiswa,"Fakultas Sosial, Humaniora, & Seni",Psikologi,2022.0,TRX002257,BK01217,9/2/2023,9/16/2023,9/5/2023,Dikembalikan
897,USR00099,"Eka Latupono, S.Kom",Mahasiswa,"Fakultas Sosial, Humaniora, & Seni",Psikologi,2022.0,TRX002395,BK00236,11/19/2024,12/3/2024,12/9/2024,Terlambat
898,USR00099,"Eka Latupono, S.Kom",Mahasiswa,"Fakultas Sosial, Humaniora, & Seni",Psikologi,2022.0,TRX002658,BK01229,1/22/2024,2/5/2024,1/29/2024,Dikembalikan
899,USR00099,"Eka Latupono, S.Kom",Mahasiswa,"Fakultas Sosial, Humaniora, & Seni",Psikologi,2022.0,TRX002796,BK01190,2/23/2024,3/8/2024,2/28/2024,Dikembalikan
900,USR00099,"Eka Latupono, S.Kom",Mahasiswa,"Fakultas Sosial, Humaniora, & Seni",Psikologi,2022.0,TRX003420,BK01222,6/17/2024,7/1/2024,6/21/2024,Dikembalikan
901,USR00100,Banara Haryanti,Mahasiswa,"Fakultas Sosial, Humaniora, & Seni",Psikologi,2024.0,TRX000351,BK01187,12/18/2024,1/1/2025,12/23/2024,Dikembalikan
902,USR00100,Banara Haryanti,Mahasiswa,"Fakultas Sosial, Humaniora, & Seni",Psikologi,2024.0,TRX001400,BK01207,6/18/2025,7/2/2025,7/2/2025,Dikembalikan
903,USR00100,Banara Haryanti,Mahasiswa,"Fakultas Sosial, Humaniora, & Seni",Psikologi,2024.0,TRX001473,BK01338,1/7/2023,1/21/2023,1/25/2023,Terlambat
904,USR00100,Banara Haryanti,Mahasiswa,"Fakultas Sosial, Humaniora, & Seni",Psikologi,2024.0,TRX002016,BK00815,9/14/2024,9/28/2024,10/2/2024,Terlambat
905,USR00100,Banara Haryanti,Mahasiswa,"Fakultas Sosial, Humaniora, & Seni",Psikologi,2024.0,TRX002638,BK01192,5/23/2025,6/6/2025,6/11/2025,Terlambat
906,USR00101,Nadia Wijayanti,Mahasiswa,"Fakultas Sains, Teknologi, & Kesehatan",Teknik Industri,2023.0,TRX000300,BK00374,5/6/2025,5/20/2025,5/19/2025,Dikembalikan
907,USR00101,Nadia Wijayanti,Mahasiswa,"Fakultas Sains, Teknologi, & Kesehatan",Teknik Industri,2023.0,TRX000526,BK00322,11/2/2024,11/16/2024,11/16/2024,Dikembalikan
908,USR00101,Nadia Wijayanti,Mahasiswa,"Fakultas Sains, Teknologi, & Kesehatan",Teknik Industri,2023.0,TRX000552,BK00611,6/9/2025,6/23/2025,6/28/2025,Terlambat
909,USR00101,Nadia Wijayanti,Mahasiswa,"Fakultas Sains, Teknologi, & Kesehatan",Teknik Industri,2023.0,TRX000781,BK00529,3/1/2023,3/15/2023,3/11/2023,Dikembalikan
910,USR00101,Nadia Wijayanti,Mahasiswa,"Fakultas Sains, Teknologi, & Kesehatan",Teknik Industri,2023.0,TRX001357,BK00332,5/4/2024,5/18/2024,5/7/2024,Dikembalikan
911,USR00101,Nadia Wijayanti,Mahasiswa,"Fakultas Sains, Teknologi, & Kesehatan",Teknik Industri,2023.0,TRX001502,BK00359,1/23/2023,2/6/2023,2/1/2023,Dikembalikan
912,USR00101,Nadia Wijayanti,Mahasiswa,"Fakultas Sains, Teknologi, & Kesehatan",Teknik Industri,2023.0,TRX001783,BK00340,12/5/2023,12/19/2023,12/26/2023,Terlambat
913,USR00101,Nadia Wijayanti,Mahasiswa,"Fakultas Sains, Teknologi, & Kesehatan",Teknik Industri,2023.0,TRX002137,BK00360,4/26/2024,5/10/2024,5/11/2024,Terlambat
914,USR00101,Nadia Wijayanti,Mahasiswa,"Fakultas Sains, Teknologi, & Kesehatan",Teknik Industri,2023.0,TRX002333,BK00392,5/15/2024,5/29/2024,6/5/2024,Terlambat
915,USR00101,Nadia Wijayanti,Mahasiswa,"Fakultas Sains, Teknologi, & Kesehatan",Teknik Industri,2023.0,TRX002880,BK00482,10/16/2025,10/30/2025,10/22/2025,Dikembalikan
916,USR00101,Nadia Wijayanti,Mahasiswa,"Fakultas Sains, Teknologi, & Kesehatan",Teknik Industri,2023.0,TRX002907,BK00358,4/8/2024,4/22/2024,4/27/2024,Terlambat
917,USR00101,Nadia Wijayanti,Mahasiswa,"Fakultas Sains, Teknologi, & Kesehatan",Teknik Industri,2023.0,TRX003131,BK00122,10/29/2024,11/12/2024,11/11/2024,Dikembalikan
918,USR00102,Asmadi Latupono,Mahasiswa,"Fakultas Sosial, Humaniora, & Seni",Desain Komunikasi Visual,2023.0,TRX000003,BK00855,2/28/2025,3/14/2025,3/5/2025,Dikembalikan
919,USR00102,Asmadi Latupono,Mahasiswa,"Fakultas Sosial, Humaniora, & Seni",Desain Komunikasi Visual,2023.0,TRX000386,BK00826,9/8/2024,9/22/2024,9/25/2024,Terlambat
920,USR00102,Asmadi Latupono,Mahasiswa,"Fakultas Sosial, Humaniora, & Seni",Desain Komunikasi Visual,2023.0,TRX000684,BK00856,5/23/2025,6/6/2025,6/3/2025,Dikembalikan
921,USR00102,Asmadi Latupono,Mahasiswa,"Fakultas Sosial, Humaniora, & Seni",Desain Komunikasi Visual,2023.0,TRX002022,BK00834,5/26/2024,6/9/2024,5/30/2024,Dikembalikan
922,USR00102,Asmadi Latupono,Mahasiswa,"Fakultas Sosial, Humaniora, & Seni",Desain Komunikasi Visual,2023.0,TRX002813,BK00788,5/10/2023,5/24/2023,5/15/2023,Dikembalikan
923,USR00103,Hj. Clara Latupono,Mahasiswa,"Fakultas Sains, Teknologi, & Kesehatan",Farmasi,2023.0,TRX000042,BK00631,4/17/2023,5/1/2023,5/2/2023,Terlambat
924,USR00103,Hj. Clara Latupono,Mahasiswa,"Fakultas Sains, Teknologi, & Kesehatan",Farmasi,2023.0,TRX000674,BK00002,11/19/2023,12/3/2023,12/10/2023,Terlambat
925,USR00103,Hj. Clara Latupono,Mahasiswa,"Fakultas Sains, Teknologi, & Kesehatan",Farmasi,2023.0,TRX000766,BK00610,4/8/2023,4/22/2023,4/23/2023,Terlambat
926,USR00103,Hj. Clara Latupono,Mahasiswa,"Fakultas Sains, Teknologi, & Kesehatan",Farmasi,2023.0,TRX000872,BK00581,2/5/2024,2/19/2024,2/20/2024,Terlambat
927,USR00103,Hj. Clara Latupono,Mahasiswa,"Fakultas Sains, Teknologi, & Kesehatan",Farmasi,2023.0,TRX001252,BK00698,5/23/2024,6/6/2024,6/10/2024,Terlambat
928,USR00103,Hj. Clara Latupono,Mahasiswa,"Fakultas Sains, Teknologi, & Kesehatan",Farmasi,2023.0,TRX001899,BK00752,8/27/2024,9/10/2024,9/3/2024,Dikembalikan
929,USR00103,Hj. Clara Latupono,Mahasiswa,"Fakultas Sains, Teknologi, & Kesehatan",Farmasi,2023.0,TRX002367,BK00561,1/24/2025,2/7/2025,2/8/2025,Terlambat
930,USR00103,Hj. Clara Latupono,Mahasiswa,"Fakultas Sains, Teknologi, & Kesehatan",Farmasi,2023.0,TRX003364,BK00711,3/3/2023,3/17/2023,3/15/2023,Dikembalikan
931,USR00104,Harjaya Waskita,Mahasiswa,"Fakultas Sosial, Humaniora, & Seni",Ilmu Komunikasi,2020.0,TRX000451,BK01310,3/15/2024,3/29/2024,3/18/2024,Dikembalikan
932,USR00104,Harjaya Waskita,Mahasiswa,"Fakultas Sosial, Humaniora, & Seni",Ilmu Komunikasi,2020.0,TRX000794,BK01334,1/6/2025,1/20/2025,1/27/2025,Terlambat
933,USR00104,Harjaya Waskita,Mahasiswa,"Fakultas Sosial, Humaniora, & Seni",Ilmu Komunikasi,2020.0,TRX001634,BK00430,7/7/2024,7/21/2024,7/20/2024,Dikembalikan
934,USR00104,Harjaya Waskita,Mahasiswa,"Fakultas Sosial, Humaniora, & Seni",Ilmu Komunikasi,2020.0,TRX002325,BK01364,12/3/2025,12/17/2025,12/22/2025,Terlambat
935,USR00104,Harjaya Waskita,Mahasiswa,"Fakultas Sosial, Humaniora, & Seni",Ilmu Komunikasi,2020.0,TRX002577,BK01304,7/27/2024,8/10/2024,8/9/2024,Dikembalikan
936,USR00104,Harjaya Waskita,Mahasiswa,"Fakultas Sosial, Humaniora, & Seni",Ilmu Komunikasi,2020.0,TRX002695,BK01369,3/12/2024,3/26/2024,3/22/2024,Dikembalikan
937,USR00104,Harjaya Waskita,Mahasiswa,"Fakultas Sosial, Humaniora, & Seni",Ilmu Komunikasi,2020.0,TRX003237,BK01378,11/8/2024,11/22/2024,11/12/2024,Dikembalikan
938,USR00105,Cager Najmudin,Mahasiswa,"Fakultas Sosial, Humaniora, & Seni",Desain Interior,2024.0,TRX000466,BK00955,10/30/2024,11/13/2024,11/6/2024,Dikembalikan
939,USR00105,Cager Najmudin,Mahasiswa,"Fakultas Sosial, Humaniora, & Seni",Desain Interior,2024.0,TRX000712,BK00935,8/21/2025,9/4/2025,9/4/2025,Dikembalikan
940,USR00105,Cager Najmudin,Mahasiswa,"Fakultas Sosial, Humaniora, & Seni",Desain Interior,2024.0,TRX000771,BK00971,3/9/2025,3/23/2025,3/30/2025,Terlambat
941,USR00105,Cager Najmudin,Mahasiswa,"Fakultas Sosial, Humaniora, & Seni",Desain Interior,2024.0,TRX000909,BK01320,4/18/2025,5/2/2025,4/27/2025,Dikembalikan
942,USR00105,Cager Najmudin,Mahasiswa,"Fakultas Sosial, Humaniora, & Seni",Desain Interior,2024.0,TRX001563,BK00957,12/29/2025,1/12/2026,,Dipinjam
943,USR00105,Cager Najmudin,Mahasiswa,"Fakultas Sosial, Humaniora, & Seni",Desain Interior,2024.0,TRX002112,BK01008,8/19/2025,9/2/2025,9/8/2025,Terlambat
944,USR00105,Cager Najmudin,Mahasiswa,"Fakultas Sosial, Humaniora, & Seni",Desain Interior,2024.0,TRX002316,BK00980,5/14/2025,5/28/2025,6/1/2025,Terlambat
945,USR00105,Cager Najmudin,Mahasiswa,"Fakultas Sosial, Humaniora, & Seni",Desain Interior,2024.0,TRX002508,BK00955,9/3/2023,9/17/2023,9/20/2023,Terlambat
946,USR00105,Cager Najmudin,Mahasiswa,"Fakultas Sosial, Humaniora, & Seni",Desain Interior,2024.0,TRX003213,BK01157,10/19/2025,11/2/2025,10/27/2025,Dikembalikan
947,USR00105,Cager Najmudin,Mahasiswa,"Fakultas Sosial, Humaniora, & Seni",Desain Interior,2024.0,TRX003328,BK00947,1/20/2023,2/3/2023,2/8/2023,Terlambat
948,USR00105,Cager Najmudin,Mahasiswa,"Fakultas Sosial, Humaniora, & Seni",Desain Interior,2024.0,TRX003489,BK01008,4/6/2024,4/20/2024,4/16/2024,Dikembalikan
949,USR00106,Banawa Safitri,Mahasiswa,"Fakultas Sains, Teknologi, & Kesehatan",Informatika,2020.0,TRX000217,BK00161,9/28/2025,10/12/2025,10/8/2025,Dikembalikan
950,USR00106,Banawa Safitri,Mahasiswa,"Fakultas Sains, Teknologi, & Kesehatan",Informatika,2020.0,TRX000692,BK00161,10/6/2025,10/20/2025,10/11/2025,Dikembalikan
951,USR00106,Banawa Safitri,Mahasiswa,"Fakultas Sains, Teknologi, & Kesehatan",Informatika,2020.0,TRX001127,BK00112,7/30/2025,8/13/2025,8/17/2025,Terlambat
952,USR00106,Banawa Safitri,Mahasiswa,"Fakultas Sains, Teknologi, & Kesehatan",Informatika,2020.0,TRX001552,BK00119,8/18/2025,9/1/2025,8/30/2025,Dikembalikan
953,USR00106,Banawa Safitri,Mahasiswa,"Fakultas Sains, Teknologi, & Kesehatan",Informatika,2020.0,TRX002637,BK00202,1/30/2025,2/13/2025,2/17/2025,Terlambat
954,USR00106,Banawa Safitri,Mahasiswa,"Fakultas Sains, Teknologi, & Kesehatan",Informatika,2020.0,TRX003068,BK00148,5/9/2024,5/23/2024,5/19/2024,Dikembalikan
955,USR00106,Banawa Safitri,Mahasiswa,"Fakultas Sains, Teknologi, & Kesehatan",Informatika,2020.0,TRX003143,BK00557,8/25/2025,9/8/2025,8/28/2025,Dikembalikan
956,USR00107,"Ami Hassanah, S.E.I",Mahasiswa,"Fakultas Sains, Teknologi, & Kesehatan",Keperawatan,2025.0,TRX001270,BK00205,10/19/2024,11/2/2024,10/27/2024,Dikembalikan
957,USR00107,"Ami Hassanah, S.E.I",Mahasiswa,"Fakultas Sains, Teknologi, & Kesehatan",Keperawatan,2025.0,TRX001533,BK01307,12/22/2023,1/5/2024,1/3/2024,Dikembalikan
958,USR00107,"Ami Hassanah, S.E.I",Mahasiswa,"Fakultas Sains, Teknologi, & Kesehatan",Keperawatan,2025.0,TRX001621,BK00057,4/26/2025,5/10/2025,4/30/2025,Dikembalikan
959,USR00107,"Ami Hassanah, S.E.I",Mahasiswa,"Fakultas Sains, Teknologi, & Kesehatan",Keperawatan,2025.0,TRX002347,BK00667,4/29/2023,5/13/2023,5/14/2023,Terlambat
960,USR00107,"Ami Hassanah, S.E.I",Mahasiswa,"Fakultas Sains, Teknologi, & Kesehatan",Keperawatan,2025.0,TRX003018,BK00401,7/5/2024,7/19/2024,7/18/2024,Dikembalikan
961,USR00108,"Jasmin Wijayanti, M.TI.",Mahasiswa,"Fakultas Sains, Teknologi, & Kesehatan",Farmasi,2022.0,TRX000206,BK00636,5/7/2024,5/21/2024,5/12/2024,Dikembalikan
962,USR00108,"Jasmin Wijayanti, M.TI.",Mahasiswa,"Fakultas Sains, Teknologi, & Kesehatan",Farmasi,2022.0,TRX000979,BK00696,3/17/2023,3/31/2023,4/1/2023,Terlambat
963,USR00108,"Jasmin Wijayanti, M.TI.",Mahasiswa,"Fakultas Sains, Teknologi, & Kesehatan",Farmasi,2022.0,TRX001112,BK00641,12/22/2024,1/5/2025,1/8/2025,Terlambat
964,USR00108,"Jasmin Wijayanti, M.TI.",Mahasiswa,"Fakultas Sains, Teknologi, & Kesehatan",Farmasi,2022.0,TRX001399,BK00662,11/18/2024,12/2/2024,11/21/2024,Dikembalikan
965,USR00108,"Jasmin Wijayanti, M.TI.",Mahasiswa,"Fakultas Sains, Teknologi, & Kesehatan",Farmasi,2022.0,TRX002405,BK00702,9/27/2024,10/11/2024,10/11/2024,Dikembalikan
966,USR00108,"Jasmin Wijayanti, M.TI.",Mahasiswa,"Fakultas Sains, Teknologi, & Kesehatan",Farmasi,2022.0,TRX002482,BK00644,7/2/2023,7/16/2023,7/12/2023,Dikembalikan
967,USR00108,"Jasmin Wijayanti, M.TI.",Mahasiswa,"Fakultas Sains, Teknologi, & Kesehatan",Farmasi,2022.0,TRX003359,BK00618,8/6/2024,8/20/2024,8/12/2024,Dikembalikan
968,USR00109,"drg. Wardi Prayoga, S.Kom",Mahasiswa,"Fakultas Sains, Teknologi, & Kesehatan",Farmasi,2023.0,TRX000050,BK00625,4/21/2024,5/5/2024,4/27/2024,Dikembalikan
969,USR00109,"drg. Wardi Prayoga, S.Kom",Mahasiswa,"Fakultas Sains, Teknologi, & Kesehatan",Farmasi,2023.0,TRX000646,BK00420,4/4/2024,4/18/2024,4/9/2024,Dikembalikan
970,USR00109,"drg. Wardi Prayoga, S.Kom",Mahasiswa,"Fakultas Sains, Teknologi, & Kesehatan",Farmasi,2023.0,TRX001023,BK00581,12/3/2025,12/17/2025,12/13/2025,Dikembalikan
971,USR00109,"drg. Wardi Prayoga, S.Kom",Mahasiswa,"Fakultas Sains, Teknologi, & Kesehatan",Farmasi,2023.0,TRX001037,BK00589,6/21/2023,7/5/2023,6/28/2023,Dikembalikan
972,USR00109,"drg. Wardi Prayoga, S.Kom",Mahasiswa,"Fakultas Sains, Teknologi, & Kesehatan",Farmasi,2023.0,TRX001405,BK00721,5/21/2023,6/4/2023,6/3/2023,Dikembalikan
973,USR00109,"drg. Wardi Prayoga, S.Kom",Mahasiswa,"Fakultas Sains, Teknologi, & Kesehatan",Farmasi,2023.0,TRX001845,BK00655,12/1/2023,12/15/2023,12/12/2023,Dikembalikan
974,USR00109,"drg. Wardi Prayoga, S.Kom",Mahasiswa,"Fakultas Sains, Teknologi, & Kesehatan",Farmasi,2023.0,TRX001984,BK00714,3/30/2023,4/13/2023,4/20/2023,Terlambat
975,USR00109,"drg. Wardi Prayoga, S.Kom",Mahasiswa,"Fakultas Sains, Teknologi, & Kesehatan",Farmasi,2023.0,TRX002374,BK00599,4/9/2025,4/23/2025,4/19/2025,Dikembalikan
976,USR00109,"drg. Wardi Prayoga, S.Kom",Mahasiswa,"Fakultas Sains, Teknologi, & Kesehatan",Farmasi,2023.0,TRX002640,BK00783,9/17/2025,10/1/2025,9/30/2025,Dikembalikan
977,USR00109,"drg. Wardi Prayoga, S.Kom",Mahasiswa,"Fakultas Sains, Teknologi, & Kesehatan",Farmasi,2023.0,TRX002866,BK00340,12/28/2025,1/11/2026,,Dipinjam
978,USR00109,"drg. Wardi Prayoga, S.Kom",Mahasiswa,"Fakultas Sains, Teknologi, & Kesehatan",Farmasi,2023.0,TRX003000,BK01225,9/25/2024,10/9/2024,10/9/2024,Dikembalikan
979,USR00109,"drg. Wardi Prayoga, S.Kom",Mahasiswa,"Fakultas Sains, Teknologi, & Kesehatan",Farmasi,2023.0,TRX003407,BK00622,10/15/2023,10/29/2023,10/24/2023,Dikembalikan
980,USR00110,R.A. Ani Sihombing,Mahasiswa,"Fakultas Sosial, Humaniora, & Seni",Desain Interior,2023.0,TRX000305,BK00953,5/19/2023,6/2/2023,5/28/2023,Dikembalikan
981,USR00110,R.A. Ani Sihombing,Mahasiswa,"Fakultas Sosial, Humaniora, & Seni",Desain Interior,2023.0,TRX000541,BK01009,2/12/2023,2/26/2023,2/28/2023,Terlambat
982,USR00110,R.A. Ani Sihombing,Mahasiswa,"Fakultas Sosial, Humaniora, & Seni",Desain Interior,2023.0,TRX000596,BK01027,9/8/2023,9/22/2023,9/21/2023,Dikembalikan
983,USR00110,R.A. Ani Sihombing,Mahasiswa,"Fakultas Sosial, Humaniora, & Seni",Desain Interior,2023.0,TRX000865,BK00960,11/22/2024,12/6/2024,12/12/2024,Terlambat
984,USR00110,R.A. Ani Sihombing,Mahasiswa,"Fakultas Sosial, Humaniora, & Seni",Desain Interior,2023.0,TRX001234,BK00952,6/27/2025,7/11/2025,7/15/2025,Terlambat
985,USR00110,R.A. Ani Sihombing,Mahasiswa,"Fakultas Sosial, Humaniora, & Seni",Desain Interior,2023.0,TRX001287,BK01006,11/27/2025,12/11/2025,12/2/2025,Dikembalikan
986,USR00110,R.A. Ani Sihombing,Mahasiswa,"Fakultas Sosial, Humaniora, & Seni",Desain Interior,2023.0,TRX001691,BK00967,4/28/2025,5/12/2025,5/6/2025,Dikembalikan
987,USR00110,R.A. Ani Sihombing,Mahasiswa,"Fakultas Sosial, Humaniora, & Seni",Desain Interior,2023.0,TRX001758,BK00744,2/26/2023,3/12/2023,3/8/2023,Dikembalikan
988,USR00110,R.A. Ani Sihombing,Mahasiswa,"Fakultas Sosial, Humaniora, & Seni",Desain Interior,2023.0,TRX002370,BK01020,2/16/2025,3/2/2025,3/6/2025,Terlambat
989,USR00110,R.A. Ani Sihombing,Mahasiswa,"Fakultas Sosial, Humaniora, & Seni",Desain Interior,2023.0,TRX002389,BK00973,1/20/2023,2/3/2023,1/24/2023,Dikembalikan
990,USR00110,R.A. Ani Sihombing,Mahasiswa,"Fakultas Sosial, Humaniora, & Seni",Desain Interior,2023.0,TRX002437,BK00997,8/19/2025,9/2/2025,8/25/2025,Dikembalikan
991,USR00110,R.A. Ani Sihombing,Mahasiswa,"Fakultas Sosial, Humaniora, & Seni",Desain Interior,2023.0,TRX002596,BK00960,12/15/2025,12/29/2025,12/30/2025,Terlambat
992,USR00110,R.A. Ani Sihombing,Mahasiswa,"Fakultas Sosial, Humaniora, & Seni",Desain Interior,2023.0,TRX002746,BK01336,8/20/2025,9/3/2025,8/29/2025,Dikembalikan
993,USR00110,R.A. Ani Sihombing,Mahasiswa,"Fakultas Sosial, Humaniora, & Seni",Desain Interior,2023.0,TRX002963,BK00994,5/10/2025,5/24/2025,5/28/2025,Terlambat
994,USR00110,R.A. Ani Sihombing,Mahasiswa,"Fakultas Sosial, Humaniora, & Seni",Desain Interior,2023.0,TRX003414,BK00960,9/14/2023,9/28/2023,10/4/2023,Terlambat
995,USR00111,R.A. Mala Wibowo,Mahasiswa,"Fakultas Sosial, Humaniora, & Seni",Desain Interior,2022.0,TRX000210,BK01004,3/14/2024,3/28/2024,3/27/2024,Dikembalikan
996,USR00111,R.A. Mala Wibowo,Mahasiswa,"Fakultas Sosial, Humaniora, & Seni",Desain Interior,2022.0,TRX000277,BK00875,1/29/2024,2/12/2024,2/3/2024,Dikembalikan
997,USR00111,R.A. Mala Wibowo,Mahasiswa,"Fakultas Sosial, Humaniora, & Seni",Desain Interior,2022.0,TRX000680,BK00983,5/8/2023,5/22/2023,5/23/2023,Terlambat
998,USR00111,R.A. Mala Wibowo,Mahasiswa,"Fakultas Sosial, Humaniora, & Seni",Desain Interior,2022.0,TRX001437,BK00975,8/2/2024,8/16/2024,8/10/2024,Dikembalikan
999,USR00111,R.A. Mala Wibowo,Mahasiswa,"Fakultas Sosial, Humaniora, & Seni",Desain Interior,2022.0,TRX001745,BK00797,10/28/2024,11/11/2024,11/2/2024,Dikembalikan
1000,USR00111,R.A. Mala Wibowo,Mahasiswa,"Fakultas Sosial, Humaniora, & Seni",Desain Interior,2022.0,TRX002074,BK01110,2/4/2023,2/18/2023,2/13/2023,Dikembalikan
1001,USR00111,R.A. Mala Wibowo,Mahasiswa,"Fakultas Sosial, Humaniora, & Seni",Desain Interior,2022.0,TRX002198,BK01020,9/26/2024,10/10/2024,10/10/2024,Dikembalikan
1002,USR00111,R.A. Mala Wibowo,Mahasiswa,"Fakultas Sosial, Humaniora, & Seni",Desain Interior,2022.0,TRX002603,BK00981,10/11/2024,10/25/2024,10/17/2024,Dikembalikan
1003,USR00111,R.A. Mala Wibowo,Mahasiswa,"Fakultas Sosial, Humaniora, & Seni",Desain Interior,2022.0,TRX002781,BK00975,2/7/2024,2/21/2024,2/16/2024,Dikembalikan
1004,USR00111,R.A. Mala Wibowo,Mahasiswa,"Fakultas Sosial, Humaniora, & Seni",Desain Interior,2022.0,TRX003028,BK01024,6/22/2025,7/6/2025,7/11/2025,Terlambat
1005,USR00111,R.A. Mala Wibowo,Mahasiswa,"Fakultas Sosial, Humaniora, & Seni",Desain Interior,2022.0,TRX003124,BK01148,1/24/2025,2/7/2025,2/3/2025,Dikembalikan
1006,USR00111,R.A. Mala Wibowo,Mahasiswa,"Fakultas Sosial, Humaniora, & Seni",Desain Interior,2022.0,TRX003338,BK01313,8/4/2024,8/18/2024,8/10/2024,Dikembalikan
1007,USR00112,Fathonah Nasyiah,Mahasiswa,"Fakultas Sains, Teknologi, & Kesehatan",Teknik Industri,2023.0,TRX000179,BK00400,8/2/2023,8/16/2023,8/16/2023,Dikembalikan
1008,USR00112,Fathonah Nasyiah,Mahasiswa,"Fakultas Sains, Teknologi, & Kesehatan",Teknik Industri,2023.0,TRX000269,BK00544,8/23/2023,9/6/2023,9/9/2023,Terlambat
1009,USR00112,Fathonah Nasyiah,Mahasiswa,"Fakultas Sains, Teknologi, & Kesehatan",Teknik Industri,2023.0,TRX000776,BK00703,12/10/2023,12/24/2023,12/19/2023,Dikembalikan
1010,USR00112,Fathonah Nasyiah,Mahasiswa,"Fakultas Sains, Teknologi, & Kesehatan",Teknik Industri,2023.0,TRX001099,BK00433,8/12/2025,8/26/2025,8/31/2025,Terlambat
1011,USR00112,Fathonah Nasyiah,Mahasiswa,"Fakultas Sains, Teknologi, & Kesehatan",Teknik Industri,2023.0,TRX001992,BK00465,2/10/2024,2/24/2024,2/15/2024,Dikembalikan
1012,USR00112,Fathonah Nasyiah,Mahasiswa,"Fakultas Sains, Teknologi, & Kesehatan",Teknik Industri,2023.0,TRX002274,BK00438,10/6/2023,10/20/2023,10/21/2023,Terlambat
1013,USR00112,Fathonah Nasyiah,Mahasiswa,"Fakultas Sains, Teknologi, & Kesehatan",Teknik Industri,2023.0,TRX002515,BK00143,8/23/2023,9/6/2023,9/2/2023,Dikembalikan
1014,USR00112,Fathonah Nasyiah,Mahasiswa,"Fakultas Sains, Teknologi, & Kesehatan",Teknik Industri,2023.0,TRX002667,BK00415,12/14/2024,12/28/2024,12/31/2024,Terlambat
1015,USR00112,Fathonah Nasyiah,Mahasiswa,"Fakultas Sains, Teknologi, & Kesehatan",Teknik Industri,2023.0,TRX003080,BK00050,11/1/2023,11/15/2023,11/8/2023,Dikembalikan
1016,USR00112,Fathonah Nasyiah,Mahasiswa,"Fakultas Sains, Teknologi, & Kesehatan",Teknik Industri,2023.0,TRX003478,BK00009,3/27/2025,4/10/2025,4/13/2025,Terlambat
1017,USR00113,Mitra Nugroho,Mahasiswa,"Fakultas Sains, Teknologi, & Kesehatan",Keperawatan,2022.0,TRX000031,BK00495,2/23/2024,3/8/2024,3/6/2024,Dikembalikan
1018,USR00113,Mitra Nugroho,Mahasiswa,"Fakultas Sains, Teknologi, & Kesehatan",Keperawatan,2022.0,TRX000185,BK00548,10/23/2025,11/6/2025,11/6/2025,Dikembalikan
1019,USR00113,Mitra Nugroho,Mahasiswa,"Fakultas Sains, Teknologi, & Kesehatan",Keperawatan,2022.0,TRX000484,BK00488,5/22/2023,6/5/2023,5/25/2023,Dikembalikan
1020,USR00113,Mitra Nugroho,Mahasiswa,"Fakultas Sains, Teknologi, & Kesehatan",Keperawatan,2022.0,TRX000487,BK00559,4/22/2023,5/6/2023,5/9/2023,Terlambat
1021,USR00113,Mitra Nugroho,Mahasiswa,"Fakultas Sains, Teknologi, & Kesehatan",Keperawatan,2022.0,TRX000604,BK00544,4/3/2025,4/17/2025,4/7/2025,Dikembalikan
1022,USR00113,Mitra Nugroho,Mahasiswa,"Fakultas Sains, Teknologi, & Kesehatan",Keperawatan,2022.0,TRX002054,BK00219,11/7/2024,11/21/2024,11/16/2024,Dikembalikan
1023,USR00113,Mitra Nugroho,Mahasiswa,"Fakultas Sains, Teknologi, & Kesehatan",Keperawatan,2022.0,TRX002848,BK00122,6/30/2025,7/14/2025,7/15/2025,Terlambat
1024,USR00113,Mitra Nugroho,Mahasiswa,"Fakultas Sains, Teknologi, & Kesehatan",Keperawatan,2022.0,TRX003208,BK00509,9/3/2023,9/17/2023,9/24/2023,Terlambat
1025,USR00114,Sadina Widiastuti,Mahasiswa,"Fakultas Sosial, Humaniora, & Seni",Desain Interior,2021.0,TRX000245,BK01015,11/13/2024,11/27/2024,11/25/2024,Dikembalikan
1026,USR00114,Sadina Widiastuti,Mahasiswa,"Fakultas Sosial, Humaniora, & Seni",Desain Interior,2021.0,TRX000399,BK01001,1/2/2024,1/16/2024,1/9/2024,Dikembalikan
1027,USR00114,Sadina Widiastuti,Mahasiswa,"Fakultas Sosial, Humaniora, & Seni",Desain Interior,2021.0,TRX000561,BK00963,10/25/2024,11/8/2024,11/13/2024,Terlambat
1028,USR00114,Sadina Widiastuti,Mahasiswa,"Fakultas Sosial, Humaniora, & Seni",Desain Interior,2021.0,TRX001755,BK00946,12/1/2024,12/15/2024,12/20/2024,Terlambat
1029,USR00114,Sadina Widiastuti,Mahasiswa,"Fakultas Sosial, Humaniora, & Seni",Desain Interior,2021.0,TRX001810,BK00394,3/11/2024,3/25/2024,3/19/2024,Dikembalikan
1030,USR00114,Sadina Widiastuti,Mahasiswa,"Fakultas Sosial, Humaniora, & Seni",Desain Interior,2021.0,TRX002807,BK01008,9/22/2025,10/6/2025,10/2/2025,Dikembalikan
1031,USR00114,Sadina Widiastuti,Mahasiswa,"Fakultas Sosial, Humaniora, & Seni",Desain Interior,2021.0,TRX002887,BK01286,5/16/2024,5/30/2024,6/3/2024,Terlambat
1032,USR00115,"T. Prayoga Nurdiyanti, S.IP",Mahasiswa,"Fakultas Sosial, Humaniora, & Seni",Administrasi Bisnis,2025.0,TRX000019,BK00663,5/14/2025,5/28/2025,5/26/2025,Dikembalikan
1033,USR00115,"T. Prayoga Nurdiyanti, S.IP",Mahasiswa,"Fakultas Sosial, Humaniora, & Seni",Administrasi Bisnis,2025.0,TRX000067,BK01088,6/23/2024,7/7/2024,7/6/2024,Dikembalikan
1034,USR00115,"T. Prayoga Nurdiyanti, S.IP",Mahasiswa,"Fakultas Sosial, Humaniora, & Seni",Administrasi Bisnis,2025.0,TRX000347,BK01209,11/18/2024,12/2/2024,12/5/2024,Terlambat
1035,USR00115,"T. Prayoga Nurdiyanti, S.IP",Mahasiswa,"Fakultas Sosial, Humaniora, & Seni",Administrasi Bisnis,2025.0,TRX000357,BK00808,6/27/2025,7/11/2025,7/2/2025,Dikembalikan
1036,USR00115,"T. Prayoga Nurdiyanti, S.IP",Mahasiswa,"Fakultas Sosial, Humaniora, & Seni",Administrasi Bisnis,2025.0,TRX000441,BK01068,2/3/2023,2/17/2023,2/7/2023,Dikembalikan
1037,USR00115,"T. Prayoga Nurdiyanti, S.IP",Mahasiswa,"Fakultas Sosial, Humaniora, & Seni",Administrasi Bisnis,2025.0,TRX001419,BK01046,8/9/2024,8/23/2024,8/17/2024,Dikembalikan
1038,USR00115,"T. Prayoga Nurdiyanti, S.IP",Mahasiswa,"Fakultas Sosial, Humaniora, & Seni",Administrasi Bisnis,2025.0,TRX001457,BK01138,9/11/2024,9/25/2024,9/15/2024,Dikembalikan
1039,USR00115,"T. Prayoga Nurdiyanti, S.IP",Mahasiswa,"Fakultas Sosial, Humaniora, & Seni",Administrasi Bisnis,2025.0,TRX001817,BK01063,8/2/2024,8/16/2024,8/23/2024,Terlambat
1040,USR00115,"T. Prayoga Nurdiyanti, S.IP",Mahasiswa,"Fakultas Sosial, Humaniora, & Seni",Administrasi Bisnis,2025.0,TRX002499,BK01082,1/29/2023,2/12/2023,2/19/2023,Terlambat
1041,USR00115,"T. Prayoga Nurdiyanti, S.IP",Mahasiswa,"Fakultas Sosial, Humaniora, & Seni",Administrasi Bisnis,2025.0,TRX002776,BK01085,5/13/2023,5/27/2023,6/3/2023,Terlambat
1042,USR00116,Prakosa Suryono,Mahasiswa,"Fakultas Sosial, Humaniora, & Seni",Administrasi Bisnis,2023.0,TRX000234,BK00994,4/27/2025,5/11/2025,5/14/2025,Terlambat
1043,USR00116,Prakosa Suryono,Mahasiswa,"Fakultas Sosial, Humaniora, & Seni",Administrasi Bisnis,2023.0,TRX000525,BK01047,12/31/2025,1/14/2026,,Dipinjam
1044,USR00116,Prakosa Suryono,Mahasiswa,"Fakultas Sosial, Humaniora, & Seni",Administrasi Bisnis,2023.0,TRX000560,BK01073,3/23/2025,4/6/2025,4/7/2025,Terlambat
1045,USR00116,Prakosa Suryono,Mahasiswa,"Fakultas Sosial, Humaniora, & Seni",Administrasi Bisnis,2023.0,TRX000905,BK01162,9/1/2025,9/15/2025,9/15/2025,Dikembalikan
1046,USR00116,Prakosa Suryono,Mahasiswa,"Fakultas Sosial, Humaniora, & Seni",Administrasi Bisnis,2023.0,TRX001182,BK01114,2/25/2023,3/11/2023,3/7/2023,Dikembalikan
1047,USR00116,Prakosa Suryono,Mahasiswa,"Fakultas Sosial, Humaniora, & Seni",Administrasi Bisnis,2023.0,TRX001241,BK01086,6/12/2023,6/26/2023,6/25/2023,Dikembalikan
1048,USR00116,Prakosa Suryono,Mahasiswa,"Fakultas Sosial, Humaniora, & Seni",Administrasi Bisnis,2023.0,TRX001277,BK01133,3/29/2023,4/12/2023,4/6/2023,Dikembalikan
1049,USR00116,Prakosa Suryono,Mahasiswa,"Fakultas Sosial, Humaniora, & Seni",Administrasi Bisnis,2023.0,TRX001299,BK00366,4/8/2024,4/22/2024,4/25/2024,Terlambat
1050,USR00116,Prakosa Suryono,Mahasiswa,"Fakultas Sosial, Humaniora, & Seni",Administrasi Bisnis,2023.0,TRX001326,BK01149,10/14/2023,10/28/2023,10/20/2023,Dikembalikan
1051,USR00116,Prakosa Suryono,Mahasiswa,"Fakultas Sosial, Humaniora, & Seni",Administrasi Bisnis,2023.0,TRX001494,BK01335,10/28/2025,11/11/2025,11/12/2025,Terlambat
1052,USR00116,Prakosa Suryono,Mahasiswa,"Fakultas Sosial, Humaniora, & Seni",Administrasi Bisnis,2023.0,TRX001540,BK01093,8/6/2025,8/20/2025,8/10/2025,Dikembalikan
1053,USR00116,Prakosa Suryono,Mahasiswa,"Fakultas Sosial, Humaniora, & Seni",Administrasi Bisnis,2023.0,TRX002473,BK00527,6/24/2025,7/8/2025,7/12/2025,Terlambat
1054,USR00116,Prakosa Suryono,Mahasiswa,"Fakultas Sosial, Humaniora, & Seni",Administrasi Bisnis,2023.0,TRX002987,BK01238,6/10/2024,6/24/2024,6/20/2024,Dikembalikan
1055,USR00116,Prakosa Suryono,Mahasiswa,"Fakultas Sosial, Humaniora, & Seni",Administrasi Bisnis,2023.0,TRX003401,BK00826,2/9/2024,2/23/2024,2/19/2024,Dikembalikan
1056,USR00116,Prakosa Suryono,Mahasiswa,"Fakultas Sosial, Humaniora, & Seni",Administrasi Bisnis,2023.0,TRX003410,BK01121,6/11/2025,6/25/2025,6/22/2025,Dikembalikan
1057,USR00117,Baktianto Iswahyudi,Mahasiswa,"Fakultas Sosial, Humaniora, & Seni",Psikologi,2022.0,TRX000148,BK01282,9/7/2023,9/21/2023,9/18/2023,Dikembalikan
1058,USR00117,Baktianto Iswahyudi,Mahasiswa,"Fakultas Sosial, Humaniora, & Seni",Psikologi,2022.0,TRX000521,BK01226,7/27/2023,8/10/2023,8/14/2023,Terlambat
1059,USR00117,Baktianto Iswahyudi,Mahasiswa,"Fakultas Sosial, Humaniora, & Seni",Psikologi,2022.0,TRX000544,BK01226,5/3/2024,5/17/2024,5/19/2024,Terlambat
1060,USR00117,Baktianto Iswahyudi,Mahasiswa,"Fakultas Sosial, Humaniora, & Seni",Psikologi,2022.0,TRX001087,BK01224,7/21/2024,8/4/2024,7/26/2024,Dikembalikan
1061,USR00117,Baktianto Iswahyudi,Mahasiswa,"Fakultas Sosial, Humaniora, & Seni",Psikologi,2022.0,TRX001432,BK01186,1/26/2023,2/9/2023,2/2/2023,Dikembalikan
1062,USR00117,Baktianto Iswahyudi,Mahasiswa,"Fakultas Sosial, Humaniora, & Seni",Psikologi,2022.0,TRX002169,BK01212,7/16/2023,7/30/2023,7/28/2023,Dikembalikan
1063,USR00117,Baktianto Iswahyudi,Mahasiswa,"Fakultas Sosial, Humaniora, & Seni",Psikologi,2022.0,TRX002698,BK01180,9/30/2025,10/14/2025,10/9/2025,Dikembalikan
1064,USR00117,Baktianto Iswahyudi,Mahasiswa,"Fakultas Sosial, Humaniora, & Seni",Psikologi,2022.0,TRX002881,BK01183,8/11/2024,8/25/2024,8/17/2024,Dikembalikan
1065,USR00117,Baktianto Iswahyudi,Mahasiswa,"Fakultas Sosial, Humaniora, & Seni",Psikologi,2022.0,TRX002975,BK01222,1/14/2023,1/28/2023,1/18/2023,Dikembalikan
1066,USR00117,Baktianto Iswahyudi,Mahasiswa,"Fakultas Sosial, Humaniora, & Seni",Psikologi,2022.0,TRX003052,BK01005,2/26/2025,3/12/2025,3/6/2025,Dikembalikan
1067,USR00117,Baktianto Iswahyudi,Mahasiswa,"Fakultas Sosial, Humaniora, & Seni",Psikologi,2022.0,TRX003152,BK01222,2/19/2024,3/4/2024,3/1/2024,Dikembalikan
1068,USR00117,Baktianto Iswahyudi,Mahasiswa,"Fakultas Sosial, Humaniora, & Seni",Psikologi,2022.0,TRX003366,BK01225,7/4/2025,7/18/2025,7/19/2025,Terlambat
1069,USR00118,Ayu Puspita,Mahasiswa,"Fakultas Sosial, Humaniora, & Seni",Ilmu Komunikasi,2022.0,TRX000156,BK01164,1/4/2023,1/18/2023,1/10/2023,Dikembalikan
1070,USR00118,Ayu Puspita,Mahasiswa,"Fakultas Sosial, Humaniora, & Seni",Ilmu Komunikasi,2022.0,TRX000196,BK01027,11/25/2025,12/9/2025,12/8/2025,Dikembalikan
1071,USR00118,Ayu Puspita,Mahasiswa,"Fakultas Sosial, Humaniora, & Seni",Ilmu Komunikasi,2022.0,TRX000280,BK01354,7/1/2023,7/15/2023,7/8/2023,Dikembalikan
1072,USR00118,Ayu Puspita,Mahasiswa,"Fakultas Sosial, Humaniora, & Seni",Ilmu Komunikasi,2022.0,TRX000313,BK01287,5/10/2024,5/24/2024,5/14/2024,Dikembalikan
1073,USR00118,Ayu Puspita,Mahasiswa,"Fakultas Sosial, Humaniora, & Seni",Ilmu Komunikasi,2022.0,TRX001036,BK00786,1/18/2025,2/1/2025,1/21/2025,Dikembalikan
1074,USR00118,Ayu Puspita,Mahasiswa,"Fakultas Sosial, Humaniora, & Seni",Ilmu Komunikasi,2022.0,TRX001362,BK00800,8/29/2024,9/12/2024,9/12/2024,Dikembalikan
1075,USR00118,Ayu Puspita,Mahasiswa,"Fakultas Sosial, Humaniora, & Seni",Ilmu Komunikasi,2022.0,TRX001605,BK01212,7/24/2025,8/7/2025,8/2/2025,Dikembalikan
1076,USR00118,Ayu Puspita,Mahasiswa,"Fakultas Sosial, Humaniora, & Seni",Ilmu Komunikasi,2022.0,TRX001687,BK01007,1/14/2024,1/28/2024,1/19/2024,Dikembalikan
1077,USR00118,Ayu Puspita,Mahasiswa,"Fakultas Sosial, Humaniora, & Seni",Ilmu Komunikasi,2022.0,TRX001983,BK01275,4/29/2025,5/13/2025,5/19/2025,Terlambat
1078,USR00118,Ayu Puspita,Mahasiswa,"Fakultas Sosial, Humaniora, & Seni",Ilmu Komunikasi,2022.0,TRX001989,BK01370,6/16/2023,6/30/2023,6/23/2023,Dikembalikan
1079,USR00118,Ayu Puspita,Mahasiswa,"Fakultas Sosial, Humaniora, & Seni",Ilmu Komunikasi,2022.0,TRX002027,BK01354,11/2/2024,11/16/2024,11/8/2024,Dikembalikan
1080,USR00118,Ayu Puspita,Mahasiswa,"Fakultas Sosial, Humaniora, & Seni",Ilmu Komunikasi,2022.0,TRX002124,BK01254,10/13/2023,10/27/2023,10/18/2023,Dikembalikan
1081,USR00118,Ayu Puspita,Mahasiswa,"Fakultas Sosial, Humaniora, & Seni",Ilmu Komunikasi,2022.0,TRX002338,BK01321,10/28/2024,11/11/2024,11/9/2024,Dikembalikan
1082,USR00118,Ayu Puspita,Mahasiswa,"Fakultas Sosial, Humaniora, & Seni",Ilmu Komunikasi,2022.0,TRX002377,BK01368,3/16/2025,3/30/2025,3/31/2025,Terlambat
1083,USR00118,Ayu Puspita,Mahasiswa,"Fakultas Sosial, Humaniora, & Seni",Ilmu Komunikasi,2022.0,TRX002716,BK01343,6/11/2024,6/25/2024,6/16/2024,Dikembalikan
1084,USR00118,Ayu Puspita,Mahasiswa,"Fakultas Sosial, Humaniora, & Seni",Ilmu Komunikasi,2022.0,TRX003078,BK01266,4/24/2025,5/8/2025,5/11/2025,Terlambat
1085,USR00118,Ayu Puspita,Mahasiswa,"Fakultas Sosial, Humaniora, & Seni",Ilmu Komunikasi,2022.0,TRX003144,BK00924,11/12/2024,11/26/2024,11/22/2024,Dikembalikan
1086,USR00118,Ayu Puspita,Mahasiswa,"Fakultas Sosial, Humaniora, & Seni",Ilmu Komunikasi,2022.0,TRX003163,BK01291,6/18/2024,7/2/2024,6/29/2024,Dikembalikan
1087,USR00118,Ayu Puspita,Mahasiswa,"Fakultas Sosial, Humaniora, & Seni",Ilmu Komunikasi,2022.0,TRX003302,BK01209,3/7/2025,3/21/2025,3/25/2025,Terlambat
1088,USR00119,"Harto Utami, M.TI.",Mahasiswa,"Fakultas Sosial, Humaniora, & Seni",Desain Interior,2021.0,TRX000471,BK00960,2/17/2025,3/3/2025,3/4/2025,Terlambat
1089,USR00119,"Harto Utami, M.TI.",Mahasiswa,"Fakultas Sosial, Humaniora, & Seni",Desain Interior,2021.0,TRX000503,BK01016,3/17/2023,3/31/2023,4/3/2023,Terlambat
1090,USR00119,"Harto Utami, M.TI.",Mahasiswa,"Fakultas Sosial, Humaniora, & Seni",Desain Interior,2021.0,TRX000514,BK00112,9/5/2025,9/19/2025,9/22/2025,Terlambat
1091,USR00119,"Harto Utami, M.TI.",Mahasiswa,"Fakultas Sosial, Humaniora, & Seni",Desain Interior,2021.0,TRX000839,BK00963,10/26/2025,11/9/2025,10/31/2025,Dikembalikan
1092,USR00119,"Harto Utami, M.TI.",Mahasiswa,"Fakultas Sosial, Humaniora, & Seni",Desain Interior,2021.0,TRX000903,BK00992,6/6/2024,6/20/2024,6/18/2024,Dikembalikan
1093,USR00119,"Harto Utami, M.TI.",Mahasiswa,"Fakultas Sosial, Humaniora, & Seni",Desain Interior,2021.0,TRX001030,BK01187,7/5/2023,7/19/2023,7/17/2023,Dikembalikan
1094,USR00119,"Harto Utami, M.TI.",Mahasiswa,"Fakultas Sosial, Humaniora, & Seni",Desain Interior,2021.0,TRX001574,BK00973,6/2/2024,6/16/2024,6/14/2024,Dikembalikan
1095,USR00119,"Harto Utami, M.TI.",Mahasiswa,"Fakultas Sosial, Humaniora, & Seni",Desain Interior,2021.0,TRX002632,BK01379,5/10/2024,5/24/2024,5/16/2024,Dikembalikan
1096,USR00119,"Harto Utami, M.TI.",Mahasiswa,"Fakultas Sosial, Humaniora, & Seni",Desain Interior,2021.0,TRX003324,BK00828,5/27/2023,6/10/2023,6/11/2023,Terlambat
1097,USR00120,Virman Sirait,Mahasiswa,"Fakultas Sosial, Humaniora, & Seni",Ilmu Komunikasi,2022.0,TRX000299,BK01068,8/26/2025,9/9/2025,9/10/2025,Terlambat
1098,USR00120,Virman Sirait,Mahasiswa,"Fakultas Sosial, Humaniora, & Seni",Ilmu Komunikasi,2022.0,TRX000888,BK00870,2/11/2024,2/25/2024,2/23/2024,Dikembalikan
1099,USR00120,Virman Sirait,Mahasiswa,"Fakultas Sosial, Humaniora, & Seni",Ilmu Komunikasi,2022.0,TRX000982,BK01240,7/2/2023,7/16/2023,7/5/2023,Dikembalikan
1100,USR00120,Virman Sirait,Mahasiswa,"Fakultas Sosial, Humaniora, & Seni",Ilmu Komunikasi,2022.0,TRX001165,BK01341,6/30/2024,7/14/2024,7/14/2024,Dikembalikan
1101,USR00120,Virman Sirait,Mahasiswa,"Fakultas Sosial, Humaniora, & Seni",Ilmu Komunikasi,2022.0,TRX001271,BK01366,4/1/2024,4/15/2024,4/16/2024,Terlambat
1102,USR00120,Virman Sirait,Mahasiswa,"Fakultas Sosial, Humaniora, & Seni",Ilmu Komunikasi,2022.0,TRX001499,BK01272,2/18/2023,3/4/2023,3/10/2023,Terlambat
1103,USR00120,Virman Sirait,Mahasiswa,"Fakultas Sosial, Humaniora, & Seni",Ilmu Komunikasi,2022.0,TRX001518,BK01190,3/4/2023,3/18/2023,3/22/2023,Terlambat
1104,USR00120,Virman Sirait,Mahasiswa,"Fakultas Sosial, Humaniora, & Seni",Ilmu Komunikasi,2022.0,TRX001707,BK00376,10/31/2024,11/14/2024,11/15/2024,Terlambat
1105,USR00120,Virman Sirait,Mahasiswa,"Fakultas Sosial, Humaniora, & Seni",Ilmu Komunikasi,2022.0,TRX002280,BK01205,11/29/2024,12/13/2024,12/18/2024,Terlambat
1106,USR00120,Virman Sirait,Mahasiswa,"Fakultas Sosial, Humaniora, & Seni",Ilmu Komunikasi,2022.0,TRX002447,BK01254,10/18/2025,11/1/2025,11/6/2025,Terlambat
1107,USR00120,Virman Sirait,Mahasiswa,"Fakultas Sosial, Humaniora, & Seni",Ilmu Komunikasi,2022.0,TRX002538,BK01303,4/17/2025,5/1/2025,5/6/2025,Terlambat
1108,USR00120,Virman Sirait,Mahasiswa,"Fakultas Sosial, Humaniora, & Seni",Ilmu Komunikasi,2022.0,TRX002594,BK01241,6/28/2023,7/12/2023,7/16/2023,Terlambat
1109,USR00120,Virman Sirait,Mahasiswa,"Fakultas Sosial, Humaniora, & Seni",Ilmu Komunikasi,2022.0,TRX002727,BK01365,1/23/2025,2/6/2025,2/13/2025,Terlambat
1110,USR00120,Virman Sirait,Mahasiswa,"Fakultas Sosial, Humaniora, & Seni",Ilmu Komunikasi,2022.0,TRX002763,BK00330,7/5/2024,7/19/2024,7/19/2024,Dikembalikan
1111,USR00120,Virman Sirait,Mahasiswa,"Fakultas Sosial, Humaniora, & Seni",Ilmu Komunikasi,2022.0,TRX002955,BK01275,11/22/2023,12/6/2023,12/9/2023,Terlambat
1112,USR00120,Virman Sirait,Mahasiswa,"Fakultas Sosial, Humaniora, & Seni",Ilmu Komunikasi,2022.0,TRX003164,BK01342,2/11/2024,2/25/2024,2/19/2024,Dikembalikan
1113,USR00120,Virman Sirait,Mahasiswa,"Fakultas Sosial, Humaniora, & Seni",Ilmu Komunikasi,2022.0,TRX003188,BK01358,6/7/2025,6/21/2025,6/16/2025,Dikembalikan
1114,USR00120,Virman Sirait,Mahasiswa,"Fakultas Sosial, Humaniora, & Seni",Ilmu Komunikasi,2022.0,TRX003299,BK01243,12/9/2023,12/23/2023,12/21/2023,Dikembalikan
1115,USR00120,Virman Sirait,Mahasiswa,"Fakultas Sosial, Humaniora, & Seni",Ilmu Komunikasi,2022.0,TRX003471,BK01273,12/18/2025,1/1/2026,,Dipinjam
1116,USR00121,"Cut Ratih Widiastuti, S.Psi",Mahasiswa,"Fakultas Sosial, Humaniora, & Seni",Desain Komunikasi Visual,2020.0,TRX000225,BK00944,4/29/2024,5/13/2024,5/19/2024,Terlambat
1117,USR00121,"Cut Ratih Widiastuti, S.Psi",Mahasiswa,"Fakultas Sosial, Humaniora, & Seni",Desain Komunikasi Visual,2020.0,TRX000334,BK00901,10/25/2024,11/8/2024,10/30/2024,Dikembalikan
1118,USR00121,"Cut Ratih Widiastuti, S.Psi",Mahasiswa,"Fakultas Sosial, Humaniora, & Seni",Desain Komunikasi Visual,2020.0,TRX000548,BK00918,7/19/2025,8/2/2025,7/25/2025,Dikembalikan
1119,USR00121,"Cut Ratih Widiastuti, S.Psi",Mahasiswa,"Fakultas Sosial, Humaniora, & Seni",Desain Komunikasi Visual,2020.0,TRX001181,BK01318,12/9/2025,12/23/2025,12/24/2025,Terlambat
1120,USR00121,"Cut Ratih Widiastuti, S.Psi",Mahasiswa,"Fakultas Sosial, Humaniora, & Seni",Desain Komunikasi Visual,2020.0,TRX001232,BK00914,3/8/2023,3/22/2023,3/29/2023,Terlambat
1121,USR00121,"Cut Ratih Widiastuti, S.Psi",Mahasiswa,"Fakultas Sosial, Humaniora, & Seni",Desain Komunikasi Visual,2020.0,TRX001645,BK00876,6/2/2025,6/16/2025,6/13/2025,Dikembalikan
1122,USR00121,"Cut Ratih Widiastuti, S.Psi",Mahasiswa,"Fakultas Sosial, Humaniora, & Seni",Desain Komunikasi Visual,2020.0,TRX001928,BK00933,7/14/2024,7/28/2024,8/4/2024,Terlambat
1123,USR00121,"Cut Ratih Widiastuti, S.Psi",Mahasiswa,"Fakultas Sosial, Humaniora, & Seni",Desain Komunikasi Visual,2020.0,TRX002809,BK00887,5/22/2023,6/5/2023,5/29/2023,Dikembalikan
1124,USR00121,"Cut Ratih Widiastuti, S.Psi",Mahasiswa,"Fakultas Sosial, Humaniora, & Seni",Desain Komunikasi Visual,2020.0,TRX003317,BK00863,10/10/2023,10/24/2023,10/21/2023,Dikembalikan
1125,USR00122,Cakrawala Riyanti,Mahasiswa,"Fakultas Sosial, Humaniora, & Seni",Psikologi,2025.0,TRX000183,BK01174,3/20/2025,4/3/2025,4/1/2025,Dikembalikan
1126,USR00122,Cakrawala Riyanti,Mahasiswa,"Fakultas Sosial, Humaniora, & Seni",Psikologi,2025.0,TRX000211,BK01201,12/16/2024,12/30/2024,1/5/2025,Terlambat
1127,USR00122,Cakrawala Riyanti,Mahasiswa,"Fakultas Sosial, Humaniora, & Seni",Psikologi,2025.0,TRX000893,BK00332,12/6/2025,12/20/2025,12/21/2025,Terlambat
1128,USR00122,Cakrawala Riyanti,Mahasiswa,"Fakultas Sosial, Humaniora, & Seni",Psikologi,2025.0,TRX000916,BK01201,4/10/2025,4/24/2025,4/28/2025,Terlambat
1129,USR00122,Cakrawala Riyanti,Mahasiswa,"Fakultas Sosial, Humaniora, & Seni",Psikologi,2025.0,TRX000974,BK01223,12/13/2025,12/27/2025,1/2/2026,Terlambat
1130,USR00122,Cakrawala Riyanti,Mahasiswa,"Fakultas Sosial, Humaniora, & Seni",Psikologi,2025.0,TRX001179,BK01148,3/15/2023,3/29/2023,3/22/2023,Dikembalikan
1131,USR00122,Cakrawala Riyanti,Mahasiswa,"Fakultas Sosial, Humaniora, & Seni",Psikologi,2025.0,TRX002417,BK01227,1/18/2023,2/1/2023,1/31/2023,Dikembalikan
1132,USR00122,Cakrawala Riyanti,Mahasiswa,"Fakultas Sosial, Humaniora, & Seni",Psikologi,2025.0,TRX002808,BK01179,2/11/2023,2/25/2023,2/22/2023,Dikembalikan
1133,USR00122,Cakrawala Riyanti,Mahasiswa,"Fakultas Sosial, Humaniora, & Seni",Psikologi,2025.0,TRX003243,BK00810,4/18/2025,5/2/2025,5/1/2025,Dikembalikan
1134,USR00122,Cakrawala Riyanti,Mahasiswa,"Fakultas Sosial, Humaniora, & Seni",Psikologi,2025.0,TRX003311,BK00837,11/10/2024,11/24/2024,11/15/2024,Dikembalikan
1135,USR00123,Keisha Mahendra,Mahasiswa,"Fakultas Sains, Teknologi, & Kesehatan",Keperawatan,2020.0,TRX000731,BK00486,11/27/2025,12/11/2025,12/11/2025,Dikembalikan
1136,USR00123,Keisha Mahendra,Mahasiswa,"Fakultas Sains, Teknologi, & Kesehatan",Keperawatan,2020.0,TRX001298,BK00514,6/29/2024,7/13/2024,7/14/2024,Terlambat
1137,USR00123,Keisha Mahendra,Mahasiswa,"Fakultas Sains, Teknologi, & Kesehatan",Keperawatan,2020.0,TRX001652,BK00522,8/30/2023,9/13/2023,9/6/2023,Dikembalikan
1138,USR00123,Keisha Mahendra,Mahasiswa,"Fakultas Sains, Teknologi, & Kesehatan",Keperawatan,2020.0,TRX001893,BK00308,6/15/2025,6/29/2025,6/20/2025,Dikembalikan
1139,USR00123,Keisha Mahendra,Mahasiswa,"Fakultas Sains, Teknologi, & Kesehatan",Keperawatan,2020.0,TRX002091,BK00537,8/31/2024,9/14/2024,9/19/2024,Terlambat
1140,USR00123,Keisha Mahendra,Mahasiswa,"Fakultas Sains, Teknologi, & Kesehatan",Keperawatan,2020.0,TRX002778,BK00153,12/22/2023,1/5/2024,1/4/2024,Dikembalikan
1141,USR00123,Keisha Mahendra,Mahasiswa,"Fakultas Sains, Teknologi, & Kesehatan",Keperawatan,2020.0,TRX002936,BK00212,1/26/2025,2/9/2025,2/3/2025,Dikembalikan
1142,USR00123,Keisha Mahendra,Mahasiswa,"Fakultas Sains, Teknologi, & Kesehatan",Keperawatan,2020.0,TRX003177,BK00442,12/27/2025,1/10/2026,,Dipinjam
1143,USR00123,Keisha Mahendra,Mahasiswa,"Fakultas Sains, Teknologi, & Kesehatan",Keperawatan,2020.0,TRX003193,BK00553,6/26/2025,7/10/2025,7/5/2025,Dikembalikan
1144,USR00123,Keisha Mahendra,Mahasiswa,"Fakultas Sains, Teknologi, & Kesehatan",Keperawatan,2020.0,TRX003376,BK00547,5/4/2024,5/18/2024,5/21/2024,Terlambat
1145,USR00124,Saadat Rahayu,Mahasiswa,"Fakultas Sosial, Humaniora, & Seni",Ilmu Komunikasi,2021.0,TRX000053,BK01233,9/9/2024,9/23/2024,9/20/2024,Dikembalikan
1146,USR00124,Saadat Rahayu,Mahasiswa,"Fakultas Sosial, Humaniora, & Seni",Ilmu Komunikasi,2021.0,TRX000167,BK01307,8/30/2023,9/13/2023,9/17/2023,Terlambat
1147,USR00124,Saadat Rahayu,Mahasiswa,"Fakultas Sosial, Humaniora, & Seni",Ilmu Komunikasi,2021.0,TRX000508,BK01286,4/13/2025,4/27/2025,4/26/2025,Dikembalikan
1148,USR00124,Saadat Rahayu,Mahasiswa,"Fakultas Sosial, Humaniora, & Seni",Ilmu Komunikasi,2021.0,TRX000987,BK01245,4/29/2025,5/13/2025,5/13/2025,Dikembalikan
1149,USR00124,Saadat Rahayu,Mahasiswa,"Fakultas Sosial, Humaniora, & Seni",Ilmu Komunikasi,2021.0,TRX001092,BK01323,10/25/2025,11/8/2025,10/31/2025,Dikembalikan
1150,USR00124,Saadat Rahayu,Mahasiswa,"Fakultas Sosial, Humaniora, & Seni",Ilmu Komunikasi,2021.0,TRX001305,BK00985,1/31/2025,2/14/2025,2/17/2025,Terlambat
1151,USR00124,Saadat Rahayu,Mahasiswa,"Fakultas Sosial, Humaniora, & Seni",Ilmu Komunikasi,2021.0,TRX001424,BK01281,5/8/2023,5/22/2023,5/21/2023,Dikembalikan
1152,USR00124,Saadat Rahayu,Mahasiswa,"Fakultas Sosial, Humaniora, & Seni",Ilmu Komunikasi,2021.0,TRX001593,BK00815,10/6/2025,10/20/2025,10/18/2025,Dikembalikan
1153,USR00125,Naradi Utama,Mahasiswa,"Fakultas Sosial, Humaniora, & Seni",Administrasi Bisnis,2023.0,TRX000580,BK01066,6/8/2024,6/22/2024,6/15/2024,Dikembalikan
1154,USR00125,Naradi Utama,Mahasiswa,"Fakultas Sosial, Humaniora, & Seni",Administrasi Bisnis,2023.0,TRX000636,BK01064,7/11/2025,7/25/2025,7/30/2025,Terlambat
1155,USR00125,Naradi Utama,Mahasiswa,"Fakultas Sosial, Humaniora, & Seni",Administrasi Bisnis,2023.0,TRX001045,BK01032,3/6/2025,3/20/2025,3/27/2025,Terlambat
1156,USR00125,Naradi Utama,Mahasiswa,"Fakultas Sosial, Humaniora, & Seni",Administrasi Bisnis,2023.0,TRX001258,BK00953,2/12/2023,2/26/2023,2/27/2023,Terlambat
1157,USR00125,Naradi Utama,Mahasiswa,"Fakultas Sosial, Humaniora, & Seni",Administrasi Bisnis,2023.0,TRX002211,BK01070,8/29/2023,9/12/2023,9/6/2023,Dikembalikan
1158,USR00126,Tantri Wibowo,Mahasiswa,"Fakultas Sosial, Humaniora, & Seni",Desain Komunikasi Visual,2021.0,TRX001490,BK00873,10/17/2024,10/31/2024,10/24/2024,Dikembalikan
1159,USR00126,Tantri Wibowo,Mahasiswa,"Fakultas Sosial, Humaniora, & Seni",Desain Komunikasi Visual,2021.0,TRX001938,BK00853,11/12/2025,11/26/2025,11/26/2025,Dikembalikan
1160,USR00126,Tantri Wibowo,Mahasiswa,"Fakultas Sosial, Humaniora, & Seni",Desain Komunikasi Visual,2021.0,TRX003185,BK00950,3/5/2025,3/19/2025,3/20/2025,Terlambat
1161,USR00127,"Puti Yessi Yolanda, S.Ked",Mahasiswa,"Fakultas Sains, Teknologi, & Kesehatan",Farmasi,2021.0,TRX000032,BK00260,1/23/2025,2/6/2025,2/8/2025,Terlambat
1162,USR00127,"Puti Yessi Yolanda, S.Ked",Mahasiswa,"Fakultas Sains, Teknologi, & Kesehatan",Farmasi,2021.0,TRX000764,BK00604,5/9/2023,5/23/2023,5/15/2023,Dikembalikan
1163,USR00127,"Puti Yessi Yolanda, S.Ked",Mahasiswa,"Fakultas Sains, Teknologi, & Kesehatan",Farmasi,2021.0,TRX001172,BK00651,2/15/2024,2/29/2024,2/29/2024,Dikembalikan
1164,USR00127,"Puti Yessi Yolanda, S.Ked",Mahasiswa,"Fakultas Sains, Teknologi, & Kesehatan",Farmasi,2021.0,TRX001809,BK00690,6/12/2023,6/26/2023,6/29/2023,Terlambat
1165,USR00127,"Puti Yessi Yolanda, S.Ked",Mahasiswa,"Fakultas Sains, Teknologi, & Kesehatan",Farmasi,2021.0,TRX002019,BK00580,4/5/2024,4/19/2024,4/23/2024,Terlambat
1166,USR00127,"Puti Yessi Yolanda, S.Ked",Mahasiswa,"Fakultas Sains, Teknologi, & Kesehatan",Farmasi,2021.0,TRX002071,BK00658,5/7/2025,5/21/2025,5/24/2025,Terlambat
1167,USR00127,"Puti Yessi Yolanda, S.Ked",Mahasiswa,"Fakultas Sains, Teknologi, & Kesehatan",Farmasi,2021.0,TRX002893,BK00673,11/3/2024,11/17/2024,11/15/2024,Dikembalikan
1168,USR00127,"Puti Yessi Yolanda, S.Ked",Mahasiswa,"Fakultas Sains, Teknologi, & Kesehatan",Farmasi,2021.0,TRX002977,BK00626,5/24/2024,6/7/2024,5/28/2024,Dikembalikan
1169,USR00127,"Puti Yessi Yolanda, S.Ked",Mahasiswa,"Fakultas Sains, Teknologi, & Kesehatan",Farmasi,2021.0,TRX003320,BK00256,12/7/2023,12/21/2023,12/16/2023,Dikembalikan
1170,USR00127,"Puti Yessi Yolanda, S.Ked",Mahasiswa,"Fakultas Sains, Teknologi, & Kesehatan",Farmasi,2021.0,TRX003458,BK00581,6/6/2025,6/20/2025,6/11/2025,Dikembalikan
1171,USR00128,"Sutan Nasrullah Widiastuti, M.Farm",Mahasiswa,"Fakultas Sosial, Humaniora, & Seni",Psikologi,2025.0,TRX000060,BK01269,2/26/2023,3/12/2023,3/8/2023,Dikembalikan
1172,USR00128,"Sutan Nasrullah Widiastuti, M.Farm",Mahasiswa,"Fakultas Sosial, Humaniora, & Seni",Psikologi,2025.0,TRX000170,BK01233,4/13/2023,4/27/2023,5/4/2023,Terlambat
1173,USR00128,"Sutan Nasrullah Widiastuti, M.Farm",Mahasiswa,"Fakultas Sosial, Humaniora, & Seni",Psikologi,2025.0,TRX000319,BK01190,3/9/2023,3/23/2023,3/24/2023,Terlambat
1174,USR00128,"Sutan Nasrullah Widiastuti, M.Farm",Mahasiswa,"Fakultas Sosial, Humaniora, & Seni",Psikologi,2025.0,TRX000614,BK01170,10/27/2024,11/10/2024,11/2/2024,Dikembalikan
1175,USR00128,"Sutan Nasrullah Widiastuti, M.Farm",Mahasiswa,"Fakultas Sosial, Humaniora, & Seni",Psikologi,2025.0,TRX000630,BK01173,9/26/2024,10/10/2024,10/7/2024,Dikembalikan
1176,USR00128,"Sutan Nasrullah Widiastuti, M.Farm",Mahasiswa,"Fakultas Sosial, Humaniora, & Seni",Psikologi,2025.0,TRX000672,BK01207,2/22/2025,3/8/2025,3/2/2025,Dikembalikan
1177,USR00128,"Sutan Nasrullah Widiastuti, M.Farm",Mahasiswa,"Fakultas Sosial, Humaniora, & Seni",Psikologi,2025.0,TRX000746,BK01181,11/19/2024,12/3/2024,12/9/2024,Terlambat
1178,USR00128,"Sutan Nasrullah Widiastuti, M.Farm",Mahasiswa,"Fakultas Sosial, Humaniora, & Seni",Psikologi,2025.0,TRX000755,BK01173,11/10/2023,11/24/2023,11/21/2023,Dikembalikan
1179,USR00128,"Sutan Nasrullah Widiastuti, M.Farm",Mahasiswa,"Fakultas Sosial, Humaniora, & Seni",Psikologi,2025.0,TRX000938,BK00893,4/5/2024,4/19/2024,4/13/2024,Dikembalikan
1180,USR00128,"Sutan Nasrullah Widiastuti, M.Farm",Mahasiswa,"Fakultas Sosial, Humaniora, & Seni",Psikologi,2025.0,TRX001062,BK01315,11/11/2024,11/25/2024,11/30/2024,Terlambat
1181,USR00128,"Sutan Nasrullah Widiastuti, M.Farm",Mahasiswa,"Fakultas Sosial, Humaniora, & Seni",Psikologi,2025.0,TRX001220,BK01221,6/18/2024,7/2/2024,6/29/2024,Dikembalikan
1182,USR00128,"Sutan Nasrullah Widiastuti, M.Farm",Mahasiswa,"Fakultas Sosial, Humaniora, & Seni",Psikologi,2025.0,TRX001963,BK01223,11/4/2025,11/18/2025,11/13/2025,Dikembalikan
1183,USR00128,"Sutan Nasrullah Widiastuti, M.Farm",Mahasiswa,"Fakultas Sosial, Humaniora, & Seni",Psikologi,2025.0,TRX002031,BK01221,2/18/2023,3/4/2023,2/25/2023,Dikembalikan
1184,USR00128,"Sutan Nasrullah Widiastuti, M.Farm",Mahasiswa,"Fakultas Sosial, Humaniora, & Seni",Psikologi,2025.0,TRX002152,BK01235,5/14/2024,5/28/2024,5/17/2024,Dikembalikan
1185,USR00128,"Sutan Nasrullah Widiastuti, M.Farm",Mahasiswa,"Fakultas Sosial, Humaniora, & Seni",Psikologi,2025.0,TRX002818,BK01198,1/14/2023,1/28/2023,1/22/2023,Dikembalikan
1186,USR00128,"Sutan Nasrullah Widiastuti, M.Farm",Mahasiswa,"Fakultas Sosial, Humaniora, & Seni",Psikologi,2025.0,TRX003322,BK01195,12/20/2024,1/3/2025,1/4/2025,Terlambat
1187,USR00128,"Sutan Nasrullah Widiastuti, M.Farm",Mahasiswa,"Fakultas Sosial, Humaniora, & Seni",Psikologi,2025.0,TRX003379,BK01210,9/10/2025,9/24/2025,9/27/2025,Terlambat
1188,USR00129,dr. Dian Padmasari,Mahasiswa,"Fakultas Sosial, Humaniora, & Seni",Desain Interior,2024.0,TRX000094,BK00871,4/12/2025,4/26/2025,4/28/2025,Terlambat
1189,USR00129,dr. Dian Padmasari,Mahasiswa,"Fakultas Sosial, Humaniora, & Seni",Desain Interior,2024.0,TRX000364,BK00982,9/18/2024,10/2/2024,9/27/2024,Dikembalikan
1190,USR00129,dr. Dian Padmasari,Mahasiswa,"Fakultas Sosial, Humaniora, & Seni",Desain Interior,2024.0,TRX000393,BK00975,7/2/2024,7/16/2024,7/23/2024,Terlambat
1191,USR00129,dr. Dian Padmasari,Mahasiswa,"Fakultas Sosial, Humaniora, & Seni",Desain Interior,2024.0,TRX000782,BK01000,7/8/2025,7/22/2025,7/28/2025,Terlambat
1192,USR00129,dr. Dian Padmasari,Mahasiswa,"Fakultas Sosial, Humaniora, & Seni",Desain Interior,2024.0,TRX000978,BK01099,3/3/2023,3/17/2023,3/10/2023,Dikembalikan
1193,USR00129,dr. Dian Padmasari,Mahasiswa,"Fakultas Sosial, Humaniora, & Seni",Desain Interior,2024.0,TRX002470,BK00946,11/19/2024,12/3/2024,12/5/2024,Terlambat
1194,USR00129,dr. Dian Padmasari,Mahasiswa,"Fakultas Sosial, Humaniora, & Seni",Desain Interior,2024.0,TRX003337,BK01014,10/6/2024,10/20/2024,10/24/2024,Terlambat
1195,USR00130,Yuni Budiyanto,Mahasiswa,"Fakultas Sains, Teknologi, & Kesehatan",Keperawatan,2025.0,TRX000203,BK00641,9/3/2024,9/17/2024,9/9/2024,Dikembalikan
1196,USR00130,Yuni Budiyanto,Mahasiswa,"Fakultas Sains, Teknologi, & Kesehatan",Keperawatan,2025.0,TRX000734,BK00454,3/31/2024,4/14/2024,4/8/2024,Dikembalikan
1197,USR00130,Yuni Budiyanto,Mahasiswa,"Fakultas Sains, Teknologi, & Kesehatan",Keperawatan,2025.0,TRX000918,BK00558,8/25/2025,9/8/2025,8/31/2025,Dikembalikan
1198,USR00130,Yuni Budiyanto,Mahasiswa,"Fakultas Sains, Teknologi, & Kesehatan",Keperawatan,2025.0,TRX000940,BK00171,4/25/2024,5/9/2024,5/6/2024,Dikembalikan
1199,USR00130,Yuni Budiyanto,Mahasiswa,"Fakultas Sains, Teknologi, & Kesehatan",Keperawatan,2025.0,TRX001233,BK00263,12/10/2024,12/24/2024,12/22/2024,Dikembalikan
1200,USR00130,Yuni Budiyanto,Mahasiswa,"Fakultas Sains, Teknologi, & Kesehatan",Keperawatan,2025.0,TRX001435,BK00507,8/27/2025,9/10/2025,9/16/2025,Terlambat
1201,USR00130,Yuni Budiyanto,Mahasiswa,"Fakultas Sains, Teknologi, & Kesehatan",Keperawatan,2025.0,TRX001600,BK00391,9/26/2023,10/10/2023,10/16/2023,Terlambat
1202,USR00130,Yuni Budiyanto,Mahasiswa,"Fakultas Sains, Teknologi, & Kesehatan",Keperawatan,2025.0,TRX001685,BK00813,4/6/2023,4/20/2023,4/26/2023,Terlambat
1203,USR00130,Yuni Budiyanto,Mahasiswa,"Fakultas Sains, Teknologi, & Kesehatan",Keperawatan,2025.0,TRX002390,BK00492,8/3/2023,8/17/2023,8/12/2023,Dikembalikan
1204,USR00130,Yuni Budiyanto,Mahasiswa,"Fakultas Sains, Teknologi, & Kesehatan",Keperawatan,2025.0,TRX003199,BK00537,10/18/2023,11/1/2023,11/2/2023,Terlambat
1205,USR00130,Yuni Budiyanto,Mahasiswa,"Fakultas Sains, Teknologi, & Kesehatan",Keperawatan,2025.0,TRX003284,BK00550,6/6/2024,6/20/2024,6/27/2024,Terlambat
1206,USR00130,Yuni Budiyanto,Mahasiswa,"Fakultas Sains, Teknologi, & Kesehatan",Keperawatan,2025.0,TRX003494,BK00418,8/9/2025,8/23/2025,8/27/2025,Terlambat
1207,USR00131,"R. Dartono Hasanah, S.IP",Mahasiswa,"Fakultas Sains, Teknologi, & Kesehatan",Profesi Ners,2023.0,TRX000116,BK00724,10/16/2024,10/30/2024,11/2/2024,Terlambat
1208,USR00131,"R. Dartono Hasanah, S.IP",Mahasiswa,"Fakultas Sains, Teknologi, & Kesehatan",Profesi Ners,2023.0,TRX000318,BK00778,9/17/2024,10/1/2024,9/22/2024,Dikembalikan
1209,USR00131,"R. Dartono Hasanah, S.IP",Mahasiswa,"Fakultas Sains, Teknologi, & Kesehatan",Profesi Ners,2023.0,TRX000599,BK00771,7/22/2025,8/5/2025,8/8/2025,Terlambat
1210,USR00131,"R. Dartono Hasanah, S.IP",Mahasiswa,"Fakultas Sains, Teknologi, & Kesehatan",Profesi Ners,2023.0,TRX000688,BK00409,4/19/2023,5/3/2023,5/5/2023,Terlambat
1211,USR00131,"R. Dartono Hasanah, S.IP",Mahasiswa,"Fakultas Sains, Teknologi, & Kesehatan",Profesi Ners,2023.0,TRX000757,BK00766,5/24/2023,6/7/2023,6/7/2023,Dikembalikan
1212,USR00131,"R. Dartono Hasanah, S.IP",Mahasiswa,"Fakultas Sains, Teknologi, & Kesehatan",Profesi Ners,2023.0,TRX000807,BK00744,2/9/2024,2/23/2024,2/22/2024,Dikembalikan
1213,USR00131,"R. Dartono Hasanah, S.IP",Mahasiswa,"Fakultas Sains, Teknologi, & Kesehatan",Profesi Ners,2023.0,TRX000815,BK00450,8/9/2024,8/23/2024,8/14/2024,Dikembalikan
1214,USR00131,"R. Dartono Hasanah, S.IP",Mahasiswa,"Fakultas Sains, Teknologi, & Kesehatan",Profesi Ners,2023.0,TRX001107,BK00753,1/7/2025,1/21/2025,1/16/2025,Dikembalikan
1215,USR00131,"R. Dartono Hasanah, S.IP",Mahasiswa,"Fakultas Sains, Teknologi, & Kesehatan",Profesi Ners,2023.0,TRX001567,BK00751,3/6/2023,3/20/2023,3/14/2023,Dikembalikan
1216,USR00131,"R. Dartono Hasanah, S.IP",Mahasiswa,"Fakultas Sains, Teknologi, & Kesehatan",Profesi Ners,2023.0,TRX002026,BK01162,5/2/2024,5/16/2024,5/21/2024,Terlambat
1217,USR00131,"R. Dartono Hasanah, S.IP",Mahasiswa,"Fakultas Sains, Teknologi, & Kesehatan",Profesi Ners,2023.0,TRX002312,BK00624,7/22/2024,8/5/2024,7/28/2024,Dikembalikan
1218,USR00131,"R. Dartono Hasanah, S.IP",Mahasiswa,"Fakultas Sains, Teknologi, & Kesehatan",Profesi Ners,2023.0,TRX002449,BK00771,4/5/2023,4/19/2023,4/22/2023,Terlambat
1219,USR00131,"R. Dartono Hasanah, S.IP",Mahasiswa,"Fakultas Sains, Teknologi, & Kesehatan",Profesi Ners,2023.0,TRX002912,BK00746,10/2/2024,10/16/2024,10/22/2024,Terlambat
1220,USR00132,Enteng Nainggolan,Mahasiswa,"Fakultas Sains, Teknologi, & Kesehatan",Keperawatan,2025.0,TRX000005,BK00478,7/1/2024,7/15/2024,7/9/2024,Dikembalikan
1221,USR00132,Enteng Nainggolan,Mahasiswa,"Fakultas Sains, Teknologi, & Kesehatan",Keperawatan,2025.0,TRX000096,BK00488,1/18/2023,2/1/2023,1/25/2023,Dikembalikan
1222,USR00132,Enteng Nainggolan,Mahasiswa,"Fakultas Sains, Teknologi, & Kesehatan",Keperawatan,2025.0,TRX000151,BK00503,9/16/2023,9/30/2023,10/1/2023,Terlambat
1223,USR00132,Enteng Nainggolan,Mahasiswa,"Fakultas Sains, Teknologi, & Kesehatan",Keperawatan,2025.0,TRX000191,BK00500,9/11/2025,9/25/2025,9/24/2025,Dikembalikan
1224,USR00132,Enteng Nainggolan,Mahasiswa,"Fakultas Sains, Teknologi, & Kesehatan",Keperawatan,2025.0,TRX000376,BK00540,7/3/2024,7/17/2024,7/7/2024,Dikembalikan
1225,USR00132,Enteng Nainggolan,Mahasiswa,"Fakultas Sains, Teknologi, & Kesehatan",Keperawatan,2025.0,TRX000523,BK00493,2/20/2023,3/6/2023,3/7/2023,Terlambat
1226,USR00132,Enteng Nainggolan,Mahasiswa,"Fakultas Sains, Teknologi, & Kesehatan",Keperawatan,2025.0,TRX000645,BK00539,9/24/2023,10/8/2023,10/14/2023,Terlambat
1227,USR00132,Enteng Nainggolan,Mahasiswa,"Fakultas Sains, Teknologi, & Kesehatan",Keperawatan,2025.0,TRX001709,BK01319,9/19/2024,10/3/2024,10/7/2024,Terlambat
1228,USR00132,Enteng Nainggolan,Mahasiswa,"Fakultas Sains, Teknologi, & Kesehatan",Keperawatan,2025.0,TRX001833,BK00511,10/13/2025,10/27/2025,11/1/2025,Terlambat
1229,USR00132,Enteng Nainggolan,Mahasiswa,"Fakultas Sains, Teknologi, & Kesehatan",Keperawatan,2025.0,TRX002111,BK00600,3/17/2024,3/31/2024,4/4/2024,Terlambat
1230,USR00132,Enteng Nainggolan,Mahasiswa,"Fakultas Sains, Teknologi, & Kesehatan",Keperawatan,2025.0,TRX002719,BK00484,1/12/2023,1/26/2023,1/16/2023,Dikembalikan
1231,USR00132,Enteng Nainggolan,Mahasiswa,"Fakultas Sains, Teknologi, & Kesehatan",Keperawatan,2025.0,TRX002815,BK00597,3/24/2024,4/7/2024,4/11/2024,Terlambat
1232,USR00132,Enteng Nainggolan,Mahasiswa,"Fakultas Sains, Teknologi, & Kesehatan",Keperawatan,2025.0,TRX003250,BK00391,7/27/2025,8/10/2025,7/31/2025,Dikembalikan
1233,USR00132,Enteng Nainggolan,Mahasiswa,"Fakultas Sains, Teknologi, & Kesehatan",Keperawatan,2025.0,TRX003403,BK00277,7/5/2025,7/19/2025,7/20/2025,Terlambat
1234,USR00132,Enteng Nainggolan,Mahasiswa,"Fakultas Sains, Teknologi, & Kesehatan",Keperawatan,2025.0,TRX003457,BK00498,5/28/2023,6/11/2023,6/12/2023,Terlambat
1235,USR00132,Enteng Nainggolan,Mahasiswa,"Fakultas Sains, Teknologi, & Kesehatan",Keperawatan,2025.0,TRX003490,BK00482,6/12/2024,6/26/2024,7/2/2024,Terlambat
1236,USR00133,Kani Pudjiastuti,Mahasiswa,"Fakultas Sosial, Humaniora, & Seni",Desain Interior,2020.0,TRX000105,BK00814,4/24/2023,5/8/2023,5/3/2023,Dikembalikan
1237,USR00133,Kani Pudjiastuti,Mahasiswa,"Fakultas Sosial, Humaniora, & Seni",Desain Interior,2020.0,TRX000493,BK00904,4/4/2023,4/18/2023,4/18/2023,Dikembalikan
1238,USR00133,Kani Pudjiastuti,Mahasiswa,"Fakultas Sosial, Humaniora, & Seni",Desain Interior,2020.0,TRX000715,BK01008,9/25/2024,10/9/2024,10/6/2024,Dikembalikan
1239,USR00133,Kani Pudjiastuti,Mahasiswa,"Fakultas Sosial, Humaniora, & Seni",Desain Interior,2020.0,TRX001536,BK01015,7/13/2024,7/27/2024,7/20/2024,Dikembalikan
1240,USR00133,Kani Pudjiastuti,Mahasiswa,"Fakultas Sosial, Humaniora, & Seni",Desain Interior,2020.0,TRX001680,BK01028,3/10/2025,3/24/2025,3/13/2025,Dikembalikan
1241,USR00133,Kani Pudjiastuti,Mahasiswa,"Fakultas Sosial, Humaniora, & Seni",Desain Interior,2020.0,TRX001880,BK01007,2/6/2025,2/20/2025,2/27/2025,Terlambat
1242,USR00133,Kani Pudjiastuti,Mahasiswa,"Fakultas Sosial, Humaniora, & Seni",Desain Interior,2020.0,TRX002334,BK00996,11/4/2023,11/18/2023,11/17/2023,Dikembalikan
1243,USR00133,Kani Pudjiastuti,Mahasiswa,"Fakultas Sosial, Humaniora, & Seni",Desain Interior,2020.0,TRX002580,BK00998,4/9/2024,4/23/2024,4/23/2024,Dikembalikan
1244,USR00133,Kani Pudjiastuti,Mahasiswa,"Fakultas Sosial, Humaniora, & Seni",Desain Interior,2020.0,TRX002801,BK00794,12/14/2025,12/28/2025,1/4/2026,Terlambat
1245,USR00133,Kani Pudjiastuti,Mahasiswa,"Fakultas Sosial, Humaniora, & Seni",Desain Interior,2020.0,TRX003118,BK00961,8/27/2025,9/10/2025,8/31/2025,Dikembalikan
1246,USR00134,Puput Utama,Mahasiswa,"Fakultas Sains, Teknologi, & Kesehatan",Profesi Ners,2020.0,TRX000769,BK00757,11/24/2024,12/8/2024,12/1/2024,Dikembalikan
1247,USR00134,Puput Utama,Mahasiswa,"Fakultas Sains, Teknologi, & Kesehatan",Profesi Ners,2020.0,TRX000772,BK00761,12/26/2023,1/9/2024,1/15/2024,Terlambat
1248,USR00134,Puput Utama,Mahasiswa,"Fakultas Sains, Teknologi, & Kesehatan",Profesi Ners,2020.0,TRX000792,BK00737,7/10/2025,7/24/2025,7/27/2025,Terlambat
1249,USR00134,Puput Utama,Mahasiswa,"Fakultas Sains, Teknologi, & Kesehatan",Profesi Ners,2020.0,TRX000830,BK00555,12/25/2024,1/8/2025,1/12/2025,Terlambat
1250,USR00134,Puput Utama,Mahasiswa,"Fakultas Sains, Teknologi, & Kesehatan",Profesi Ners,2020.0,TRX001653,BK00556,5/29/2023,6/12/2023,6/5/2023,Dikembalikan
1251,USR00134,Puput Utama,Mahasiswa,"Fakultas Sains, Teknologi, & Kesehatan",Profesi Ners,2020.0,TRX001857,BK00756,4/27/2024,5/11/2024,5/11/2024,Dikembalikan
1252,USR00134,Puput Utama,Mahasiswa,"Fakultas Sains, Teknologi, & Kesehatan",Profesi Ners,2020.0,TRX001898,BK00743,5/4/2023,5/18/2023,5/24/2023,Terlambat
1253,USR00134,Puput Utama,Mahasiswa,"Fakultas Sains, Teknologi, & Kesehatan",Profesi Ners,2020.0,TRX002110,BK01147,5/28/2024,6/11/2024,6/15/2024,Terlambat
1254,USR00134,Puput Utama,Mahasiswa,"Fakultas Sains, Teknologi, & Kesehatan",Profesi Ners,2020.0,TRX003101,BK00727,11/25/2023,12/9/2023,12/11/2023,Terlambat
1255,USR00135,Ina Mustofa,Mahasiswa,"Fakultas Sosial, Humaniora, & Seni",Psikologi,2025.0,TRX000220,BK01189,2/22/2023,3/8/2023,3/3/2023,Dikembalikan
1256,USR00135,Ina Mustofa,Mahasiswa,"Fakultas Sosial, Humaniora, & Seni",Psikologi,2025.0,TRX000396,BK01222,2/10/2024,2/24/2024,2/20/2024,Dikembalikan
1257,USR00135,Ina Mustofa,Mahasiswa,"Fakultas Sosial, Humaniora, & Seni",Psikologi,2025.0,TRX000479,BK01196,10/1/2024,10/15/2024,10/4/2024,Dikembalikan
1258,USR00135,Ina Mustofa,Mahasiswa,"Fakultas Sosial, Humaniora, & Seni",Psikologi,2025.0,TRX000506,BK01216,7/2/2024,7/16/2024,7/14/2024,Dikembalikan
1259,USR00135,Ina Mustofa,Mahasiswa,"Fakultas Sosial, Humaniora, & Seni",Psikologi,2025.0,TRX001194,BK01217,6/25/2024,7/9/2024,7/1/2024,Dikembalikan
1260,USR00135,Ina Mustofa,Mahasiswa,"Fakultas Sosial, Humaniora, & Seni",Psikologi,2025.0,TRX002277,BK01270,11/6/2024,11/20/2024,11/25/2024,Terlambat
1261,USR00135,Ina Mustofa,Mahasiswa,"Fakultas Sosial, Humaniora, & Seni",Psikologi,2025.0,TRX002962,BK01224,12/24/2023,1/7/2024,1/1/2024,Dikembalikan
1262,USR00136,Slamet Dongoran,Mahasiswa,"Fakultas Sosial, Humaniora, & Seni",Desain Komunikasi Visual,2021.0,TRX000195,BK00909,12/31/2023,1/14/2024,1/19/2024,Terlambat
1263,USR00136,Slamet Dongoran,Mahasiswa,"Fakultas Sosial, Humaniora, & Seni",Desain Komunikasi Visual,2021.0,TRX000445,BK00938,5/1/2025,5/15/2025,5/7/2025,Dikembalikan
1264,USR00136,Slamet Dongoran,Mahasiswa,"Fakultas Sosial, Humaniora, & Seni",Desain Komunikasi Visual,2021.0,TRX000892,BK00919,11/8/2023,11/22/2023,11/26/2023,Terlambat
1265,USR00136,Slamet Dongoran,Mahasiswa,"Fakultas Sosial, Humaniora, & Seni",Desain Komunikasi Visual,2021.0,TRX001144,BK00880,4/21/2025,5/5/2025,5/4/2025,Dikembalikan
1266,USR00136,Slamet Dongoran,Mahasiswa,"Fakultas Sosial, Humaniora, & Seni",Desain Komunikasi Visual,2021.0,TRX001627,BK00467,4/7/2023,4/21/2023,4/24/2023,Terlambat
1267,USR00136,Slamet Dongoran,Mahasiswa,"Fakultas Sosial, Humaniora, & Seni",Desain Komunikasi Visual,2021.0,TRX002223,BK00898,9/17/2024,10/1/2024,9/24/2024,Dikembalikan
1268,USR00136,Slamet Dongoran,Mahasiswa,"Fakultas Sosial, Humaniora, & Seni",Desain Komunikasi Visual,2021.0,TRX002590,BK00950,4/5/2023,4/19/2023,4/18/2023,Dikembalikan
1269,USR00136,Slamet Dongoran,Mahasiswa,"Fakultas Sosial, Humaniora, & Seni",Desain Komunikasi Visual,2021.0,TRX002752,BK00867,7/7/2025,7/21/2025,7/23/2025,Terlambat
1270,USR00136,Slamet Dongoran,Mahasiswa,"Fakultas Sosial, Humaniora, & Seni",Desain Komunikasi Visual,2021.0,TRX002787,BK00937,8/4/2025,8/18/2025,8/10/2025,Dikembalikan
1271,USR00136,Slamet Dongoran,Mahasiswa,"Fakultas Sosial, Humaniora, & Seni",Desain Komunikasi Visual,2021.0,TRX002901,BK00944,12/22/2025,1/5/2026,,Dipinjam
1272,USR00136,Slamet Dongoran,Mahasiswa,"Fakultas Sosial, Humaniora, & Seni",Desain Komunikasi Visual,2021.0,TRX003035,BK00795,10/8/2025,10/22/2025,10/14/2025,Dikembalikan
1273,USR00137,Citra Mangunsong,Mahasiswa,"Fakultas Sains, Teknologi, & Kesehatan",Teknik Industri,2022.0,TRX000010,BK00356,11/1/2023,11/15/2023,11/13/2023,Dikembalikan
1274,USR00137,Citra Mangunsong,Mahasiswa,"Fakultas Sains, Teknologi, & Kesehatan",Teknik Industri,2022.0,TRX000436,BK00361,8/3/2025,8/17/2025,8/8/2025,Dikembalikan
1275,USR00137,Citra Mangunsong,Mahasiswa,"Fakultas Sains, Teknologi, & Kesehatan",Teknik Industri,2022.0,TRX000799,BK00362,6/15/2025,6/29/2025,6/18/2025,Dikembalikan
1276,USR00137,Citra Mangunsong,Mahasiswa,"Fakultas Sains, Teknologi, & Kesehatan",Teknik Industri,2022.0,TRX001471,BK00475,1/27/2024,2/10/2024,2/9/2024,Dikembalikan
1277,USR00137,Citra Mangunsong,Mahasiswa,"Fakultas Sains, Teknologi, & Kesehatan",Teknik Industri,2022.0,TRX001549,BK00781,2/15/2025,3/1/2025,3/1/2025,Dikembalikan
1278,USR00137,Citra Mangunsong,Mahasiswa,"Fakultas Sains, Teknologi, & Kesehatan",Teknik Industri,2022.0,TRX001660,BK00467,4/10/2025,4/24/2025,4/23/2025,Dikembalikan
1279,USR00137,Citra Mangunsong,Mahasiswa,"Fakultas Sains, Teknologi, & Kesehatan",Teknik Industri,2022.0,TRX001812,BK00428,11/11/2025,11/25/2025,11/29/2025,Terlambat
1280,USR00137,Citra Mangunsong,Mahasiswa,"Fakultas Sains, Teknologi, & Kesehatan",Teknik Industri,2022.0,TRX001841,BK00381,5/12/2023,5/26/2023,5/17/2023,Dikembalikan
1281,USR00137,Citra Mangunsong,Mahasiswa,"Fakultas Sains, Teknologi, & Kesehatan",Teknik Industri,2022.0,TRX002004,BK00346,5/13/2023,5/27/2023,5/16/2023,Dikembalikan
1282,USR00137,Citra Mangunsong,Mahasiswa,"Fakultas Sains, Teknologi, & Kesehatan",Teknik Industri,2022.0,TRX002341,BK00455,6/28/2023,7/12/2023,7/9/2023,Dikembalikan
1283,USR00137,Citra Mangunsong,Mahasiswa,"Fakultas Sains, Teknologi, & Kesehatan",Teknik Industri,2022.0,TRX002762,BK00383,3/19/2024,4/2/2024,4/6/2024,Terlambat
1284,USR00137,Citra Mangunsong,Mahasiswa,"Fakultas Sains, Teknologi, & Kesehatan",Teknik Industri,2022.0,TRX002872,BK00340,12/21/2024,1/4/2025,12/27/2024,Dikembalikan
1285,USR00138,Caket Laksmiwati,Mahasiswa,"Fakultas Sosial, Humaniora, & Seni",Psikologi,2024.0,TRX000136,BK01338,11/29/2024,12/13/2024,12/3/2024,Dikembalikan
1286,USR00138,Caket Laksmiwati,Mahasiswa,"Fakultas Sosial, Humaniora, & Seni",Psikologi,2024.0,TRX000981,BK01257,12/25/2025,1/8/2026,,Dipinjam
1287,USR00138,Caket Laksmiwati,Mahasiswa,"Fakultas Sosial, Humaniora, & Seni",Psikologi,2024.0,TRX001421,BK00241,9/10/2023,9/24/2023,9/20/2023,Dikembalikan
1288,USR00138,Caket Laksmiwati,Mahasiswa,"Fakultas Sosial, Humaniora, & Seni",Psikologi,2024.0,TRX001433,BK01208,11/4/2024,11/18/2024,11/20/2024,Terlambat
1289,USR00138,Caket Laksmiwati,Mahasiswa,"Fakultas Sosial, Humaniora, & Seni",Psikologi,2024.0,TRX001913,BK01105,5/8/2025,5/22/2025,5/17/2025,Dikembalikan
1290,USR00139,Indra Maheswara,Mahasiswa,"Fakultas Sains, Teknologi, & Kesehatan",Keperawatan,2022.0,TRX000138,BK01056,6/15/2024,6/29/2024,6/24/2024,Dikembalikan
1291,USR00139,Indra Maheswara,Mahasiswa,"Fakultas Sains, Teknologi, & Kesehatan",Keperawatan,2022.0,TRX000294,BK00556,9/13/2024,9/27/2024,9/30/2024,Terlambat
1292,USR00139,Indra Maheswara,Mahasiswa,"Fakultas Sains, Teknologi, & Kesehatan",Keperawatan,2022.0,TRX000361,BK00478,5/24/2023,6/7/2023,6/1/2023,Dikembalikan
1293,USR00139,Indra Maheswara,Mahasiswa,"Fakultas Sains, Teknologi, & Kesehatan",Keperawatan,2022.0,TRX000666,BK00776,10/19/2023,11/2/2023,11/4/2023,Terlambat
1294,USR00139,Indra Maheswara,Mahasiswa,"Fakultas Sains, Teknologi, & Kesehatan",Keperawatan,2022.0,TRX001295,BK00759,7/3/2024,7/17/2024,7/24/2024,Terlambat
1295,USR00139,Indra Maheswara,Mahasiswa,"Fakultas Sains, Teknologi, & Kesehatan",Keperawatan,2022.0,TRX001315,BK00160,1/16/2024,1/30/2024,1/24/2024,Dikembalikan
1296,USR00139,Indra Maheswara,Mahasiswa,"Fakultas Sains, Teknologi, & Kesehatan",Keperawatan,2022.0,TRX001799,BK00543,1/5/2023,1/19/2023,1/10/2023,Dikembalikan
1297,USR00139,Indra Maheswara,Mahasiswa,"Fakultas Sains, Teknologi, & Kesehatan",Keperawatan,2022.0,TRX002134,BK00537,10/20/2025,11/3/2025,11/1/2025,Dikembalikan
1298,USR00139,Indra Maheswara,Mahasiswa,"Fakultas Sains, Teknologi, & Kesehatan",Keperawatan,2022.0,TRX002528,BK00543,1/28/2023,2/11/2023,2/14/2023,Terlambat
1299,USR00140,Raisa Marpaung,Mahasiswa,"Fakultas Sosial, Humaniora, & Seni",Ilmu Komunikasi,2023.0,TRX000994,BK01280,9/11/2023,9/25/2023,9/15/2023,Dikembalikan
1300,USR00140,Raisa Marpaung,Mahasiswa,"Fakultas Sosial, Humaniora, & Seni",Ilmu Komunikasi,2023.0,TRX001347,BK01257,5/22/2024,6/5/2024,6/1/2024,Dikembalikan
1301,USR00140,Raisa Marpaung,Mahasiswa,"Fakultas Sosial, Humaniora, & Seni",Ilmu Komunikasi,2023.0,TRX003417,BK01301,5/30/2023,6/13/2023,6/9/2023,Dikembalikan
1302,USR00141,Gina Puspita,Mahasiswa,"Fakultas Sains, Teknologi, & Kesehatan",Keperawatan,2020.0,TRX000537,BK00545,6/24/2024,7/8/2024,7/5/2024,Dikembalikan
1303,USR00141,Gina Puspita,Mahasiswa,"Fakultas Sains, Teknologi, & Kesehatan",Keperawatan,2020.0,TRX001017,BK00515,6/15/2024,6/29/2024,7/2/2024,Terlambat
1304,USR00141,Gina Puspita,Mahasiswa,"Fakultas Sains, Teknologi, & Kesehatan",Keperawatan,2020.0,TRX001338,BK00626,2/19/2024,3/4/2024,2/27/2024,Dikembalikan
1305,USR00141,Gina Puspita,Mahasiswa,"Fakultas Sains, Teknologi, & Kesehatan",Keperawatan,2020.0,TRX002220,BK00677,3/16/2023,3/30/2023,4/2/2023,Terlambat
1306,USR00141,Gina Puspita,Mahasiswa,"Fakultas Sains, Teknologi, & Kesehatan",Keperawatan,2020.0,TRX002244,BK00660,2/25/2025,3/11/2025,3/14/2025,Terlambat
1307,USR00141,Gina Puspita,Mahasiswa,"Fakultas Sains, Teknologi, & Kesehatan",Keperawatan,2020.0,TRX002376,BK00537,10/14/2024,10/28/2024,10/19/2024,Dikembalikan
1308,USR00141,Gina Puspita,Mahasiswa,"Fakultas Sains, Teknologi, & Kesehatan",Keperawatan,2020.0,TRX003318,BK00551,5/31/2023,6/14/2023,6/20/2023,Terlambat
1309,USR00142,Indah Halim,Mahasiswa,"Fakultas Sosial, Humaniora, & Seni",Desain Komunikasi Visual,2023.0,TRX000575,BK01196,8/27/2024,9/10/2024,9/3/2024,Dikembalikan
1310,USR00142,Indah Halim,Mahasiswa,"Fakultas Sosial, Humaniora, & Seni",Desain Komunikasi Visual,2023.0,TRX000866,BK00839,12/17/2023,12/31/2023,12/27/2023,Dikembalikan
1311,USR00142,Indah Halim,Mahasiswa,"Fakultas Sosial, Humaniora, & Seni",Desain Komunikasi Visual,2023.0,TRX001188,BK00792,6/11/2024,6/25/2024,6/14/2024,Dikembalikan
1312,USR00142,Indah Halim,Mahasiswa,"Fakultas Sosial, Humaniora, & Seni",Desain Komunikasi Visual,2023.0,TRX002065,BK00829,12/18/2024,1/1/2025,12/30/2024,Dikembalikan
1313,USR00142,Indah Halim,Mahasiswa,"Fakultas Sosial, Humaniora, & Seni",Desain Komunikasi Visual,2023.0,TRX002088,BK00801,4/9/2025,4/23/2025,4/21/2025,Dikembalikan
1314,USR00142,Indah Halim,Mahasiswa,"Fakultas Sosial, Humaniora, & Seni",Desain Komunikasi Visual,2023.0,TRX002498,BK00816,4/15/2023,4/29/2023,5/6/2023,Terlambat
1315,USR00142,Indah Halim,Mahasiswa,"Fakultas Sosial, Humaniora, & Seni",Desain Komunikasi Visual,2023.0,TRX003499,BK01181,12/29/2025,1/12/2026,,Dipinjam
1316,USR00143,Liman Safitri,Mahasiswa,"Fakultas Sains, Teknologi, & Kesehatan",Teknik Industri,2021.0,TRX000157,BK00353,6/13/2025,6/27/2025,7/2/2025,Terlambat
1317,USR00143,Liman Safitri,Mahasiswa,"Fakultas Sains, Teknologi, & Kesehatan",Teknik Industri,2021.0,TRX000539,BK00334,10/11/2024,10/25/2024,10/27/2024,Terlambat
1318,USR00143,Liman Safitri,Mahasiswa,"Fakultas Sains, Teknologi, & Kesehatan",Teknik Industri,2021.0,TRX001616,BK00355,11/24/2023,12/8/2023,12/11/2023,Terlambat
1319,USR00143,Liman Safitri,Mahasiswa,"Fakultas Sains, Teknologi, & Kesehatan",Teknik Industri,2021.0,TRX001836,BK00346,1/16/2023,1/30/2023,1/21/2023,Dikembalikan
1320,USR00143,Liman Safitri,Mahasiswa,"Fakultas Sains, Teknologi, & Kesehatan",Teknik Industri,2021.0,TRX002458,BK00371,10/18/2023,11/1/2023,11/3/2023,Terlambat
1321,USR00144,Ilyas Hutasoit,Mahasiswa,"Fakultas Sains, Teknologi, & Kesehatan",Informatika,2022.0,TRX000207,BK00226,9/17/2025,10/1/2025,9/24/2025,Dikembalikan
1322,USR00144,Ilyas Hutasoit,Mahasiswa,"Fakultas Sains, Teknologi, & Kesehatan",Informatika,2022.0,TRX000831,BK00098,8/1/2024,8/15/2024,8/19/2024,Terlambat
1323,USR00144,Ilyas Hutasoit,Mahasiswa,"Fakultas Sains, Teknologi, & Kesehatan",Informatika,2022.0,TRX002849,BK00086,4/1/2023,4/15/2023,4/17/2023,Terlambat
1324,USR00144,Ilyas Hutasoit,Mahasiswa,"Fakultas Sains, Teknologi, & Kesehatan",Informatika,2022.0,TRX002922,BK00090,8/1/2023,8/15/2023,8/22/2023,Terlambat
1325,USR00144,Ilyas Hutasoit,Mahasiswa,"Fakultas Sains, Teknologi, & Kesehatan",Informatika,2022.0,TRX003095,BK00256,4/27/2024,5/11/2024,5/15/2024,Terlambat
1326,USR00144,Ilyas Hutasoit,Mahasiswa,"Fakultas Sains, Teknologi, & Kesehatan",Informatika,2022.0,TRX003136,BK00282,3/21/2024,4/4/2024,4/5/2024,Terlambat
1327,USR00145,Maria Rahayu,Mahasiswa,"Fakultas Sosial, Humaniora, & Seni",Ilmu Komunikasi,2025.0,TRX000137,BK01346,10/26/2025,11/9/2025,11/16/2025,Terlambat
1328,USR00145,Maria Rahayu,Mahasiswa,"Fakultas Sosial, Humaniora, & Seni",Ilmu Komunikasi,2025.0,TRX001740,BK01334,3/30/2023,4/13/2023,4/9/2023,Dikembalikan
1329,USR00145,Maria Rahayu,Mahasiswa,"Fakultas Sosial, Humaniora, & Seni",Ilmu Komunikasi,2025.0,TRX002542,BK00799,2/27/2024,3/12/2024,3/4/2024,Dikembalikan
1330,USR00145,Maria Rahayu,Mahasiswa,"Fakultas Sosial, Humaniora, & Seni",Ilmu Komunikasi,2025.0,TRX002733,BK01029,11/17/2023,12/1/2023,11/27/2023,Dikembalikan
1331,USR00145,Maria Rahayu,Mahasiswa,"Fakultas Sosial, Humaniora, & Seni",Ilmu Komunikasi,2025.0,TRX002941,BK01277,6/13/2024,6/27/2024,6/24/2024,Dikembalikan
1332,USR00145,Maria Rahayu,Mahasiswa,"Fakultas Sosial, Humaniora, & Seni",Ilmu Komunikasi,2025.0,TRX002999,BK01237,4/10/2024,4/24/2024,4/20/2024,Dikembalikan
1333,USR00146,Hendri Pradana,Mahasiswa,"Fakultas Sains, Teknologi, & Kesehatan",Teknik Industri,2021.0,TRX000178,BK00328,6/17/2025,7/1/2025,6/27/2025,Dikembalikan
1334,USR00146,Hendri Pradana,Mahasiswa,"Fakultas Sains, Teknologi, & Kesehatan",Teknik Industri,2021.0,TRX000262,BK00468,4/12/2023,4/26/2023,4/24/2023,Dikembalikan
1335,USR00146,Hendri Pradana,Mahasiswa,"Fakultas Sains, Teknologi, & Kesehatan",Teknik Industri,2021.0,TRX000415,BK00421,10/2/2023,10/16/2023,10/7/2023,Dikembalikan
1336,USR00146,Hendri Pradana,Mahasiswa,"Fakultas Sains, Teknologi, & Kesehatan",Teknik Industri,2021.0,TRX000812,BK00471,2/22/2023,3/8/2023,3/7/2023,Dikembalikan
1337,USR00146,Hendri Pradana,Mahasiswa,"Fakultas Sains, Teknologi, & Kesehatan",Teknik Industri,2021.0,TRX001096,BK00650,12/11/2024,12/25/2024,12/18/2024,Dikembalikan
1338,USR00146,Hendri Pradana,Mahasiswa,"Fakultas Sains, Teknologi, & Kesehatan",Teknik Industri,2021.0,TRX001152,BK00461,1/2/2024,1/16/2024,1/18/2024,Terlambat
1339,USR00146,Hendri Pradana,Mahasiswa,"Fakultas Sains, Teknologi, & Kesehatan",Teknik Industri,2021.0,TRX001766,BK00316,3/24/2024,4/7/2024,4/10/2024,Terlambat
1340,USR00146,Hendri Pradana,Mahasiswa,"Fakultas Sains, Teknologi, & Kesehatan",Teknik Industri,2021.0,TRX002133,BK00764,9/30/2024,10/14/2024,10/4/2024,Dikembalikan
1341,USR00146,Hendri Pradana,Mahasiswa,"Fakultas Sains, Teknologi, & Kesehatan",Teknik Industri,2021.0,TRX002270,BK00404,7/9/2025,7/23/2025,7/13/2025,Dikembalikan
1342,USR00146,Hendri Pradana,Mahasiswa,"Fakultas Sains, Teknologi, & Kesehatan",Teknik Industri,2021.0,TRX002380,BK00370,7/1/2025,7/15/2025,7/20/2025,Terlambat
1343,USR00146,Hendri Pradana,Mahasiswa,"Fakultas Sains, Teknologi, & Kesehatan",Teknik Industri,2021.0,TRX002592,BK00457,4/25/2025,5/9/2025,5/12/2025,Terlambat
1344,USR00146,Hendri Pradana,Mahasiswa,"Fakultas Sains, Teknologi, & Kesehatan",Teknik Industri,2021.0,TRX002810,BK00363,7/23/2025,8/6/2025,7/27/2025,Dikembalikan
1345,USR00146,Hendri Pradana,Mahasiswa,"Fakultas Sains, Teknologi, & Kesehatan",Teknik Industri,2021.0,TRX002898,BK00171,8/28/2023,9/11/2023,9/6/2023,Dikembalikan
1346,USR00146,Hendri Pradana,Mahasiswa,"Fakultas Sains, Teknologi, & Kesehatan",Teknik Industri,2021.0,TRX003038,BK00396,7/14/2023,7/28/2023,7/31/2023,Terlambat
1347,USR00146,Hendri Pradana,Mahasiswa,"Fakultas Sains, Teknologi, & Kesehatan",Teknik Industri,2021.0,TRX003135,BK00423,11/19/2023,12/3/2023,12/3/2023,Dikembalikan
1348,USR00147,Budi Suryono,Mahasiswa,"Fakultas Sosial, Humaniora, & Seni",Desain Interior,2025.0,TRX000914,BK00830,12/22/2023,1/5/2024,1/1/2024,Dikembalikan
1349,USR00147,Budi Suryono,Mahasiswa,"Fakultas Sosial, Humaniora, & Seni",Desain Interior,2025.0,TRX000935,BK01009,7/4/2025,7/18/2025,7/8/2025,Dikembalikan
1350,USR00147,Budi Suryono,Mahasiswa,"Fakultas Sosial, Humaniora, & Seni",Desain Interior,2025.0,TRX001065,BK01021,10/21/2023,11/4/2023,10/24/2023,Dikembalikan
1351,USR00147,Budi Suryono,Mahasiswa,"Fakultas Sosial, Humaniora, & Seni",Desain Interior,2025.0,TRX001651,BK00872,3/27/2024,4/10/2024,4/4/2024,Dikembalikan
1352,USR00147,Budi Suryono,Mahasiswa,"Fakultas Sosial, Humaniora, & Seni",Desain Interior,2025.0,TRX001670,BK01001,9/7/2023,9/21/2023,9/26/2023,Terlambat
1353,USR00147,Budi Suryono,Mahasiswa,"Fakultas Sosial, Humaniora, & Seni",Desain Interior,2025.0,TRX002172,BK00944,11/16/2024,11/30/2024,12/7/2024,Terlambat
1354,USR00147,Budi Suryono,Mahasiswa,"Fakultas Sosial, Humaniora, & Seni",Desain Interior,2025.0,TRX002179,BK01023,1/11/2023,1/25/2023,1/28/2023,Terlambat
1355,USR00147,Budi Suryono,Mahasiswa,"Fakultas Sosial, Humaniora, & Seni",Desain Interior,2025.0,TRX002633,BK00995,4/4/2023,4/18/2023,4/22/2023,Terlambat
1356,USR00147,Budi Suryono,Mahasiswa,"Fakultas Sosial, Humaniora, & Seni",Desain Interior,2025.0,TRX002927,BK00956,2/1/2024,2/15/2024,2/20/2024,Terlambat
1357,USR00147,Budi Suryono,Mahasiswa,"Fakultas Sosial, Humaniora, & Seni",Desain Interior,2025.0,TRX002965,BK01007,11/24/2025,12/8/2025,12/2/2025,Dikembalikan
1358,USR00147,Budi Suryono,Mahasiswa,"Fakultas Sosial, Humaniora, & Seni",Desain Interior,2025.0,TRX003395,BK01014,12/27/2024,1/10/2025,1/11/2025,Terlambat
1359,USR00148,Ir. Warsa Kurniawan,Mahasiswa,"Fakultas Sains, Teknologi, & Kesehatan",Profesi Ners,2025.0,TRX000389,BK00758,9/8/2024,9/22/2024,9/15/2024,Dikembalikan
1360,USR00148,Ir. Warsa Kurniawan,Mahasiswa,"Fakultas Sains, Teknologi, & Kesehatan",Profesi Ners,2025.0,TRX001848,BK00488,11/17/2024,12/1/2024,12/3/2024,Terlambat
1361,USR00148,Ir. Warsa Kurniawan,Mahasiswa,"Fakultas Sains, Teknologi, & Kesehatan",Profesi Ners,2025.0,TRX002052,BK00629,10/11/2025,10/25/2025,10/21/2025,Dikembalikan
1362,USR00148,Ir. Warsa Kurniawan,Mahasiswa,"Fakultas Sains, Teknologi, & Kesehatan",Profesi Ners,2025.0,TRX002459,BK00366,3/10/2023,3/24/2023,3/27/2023,Terlambat
1363,USR00149,Jamalia Rajata,Mahasiswa,"Fakultas Sosial, Humaniora, & Seni",Administrasi Bisnis,2020.0,TRX000045,BK01047,1/4/2023,1/18/2023,1/16/2023,Dikembalikan
1364,USR00149,Jamalia Rajata,Mahasiswa,"Fakultas Sosial, Humaniora, & Seni",Administrasi Bisnis,2020.0,TRX000450,BK01073,4/30/2024,5/14/2024,5/19/2024,Terlambat
1365,USR00149,Jamalia Rajata,Mahasiswa,"Fakultas Sosial, Humaniora, & Seni",Administrasi Bisnis,2020.0,TRX000476,BK01048,9/14/2024,9/28/2024,10/2/2024,Terlambat
1366,USR00149,Jamalia Rajata,Mahasiswa,"Fakultas Sosial, Humaniora, & Seni",Administrasi Bisnis,2020.0,TRX000477,BK01379,8/15/2024,8/29/2024,8/20/2024,Dikembalikan
1367,USR00149,Jamalia Rajata,Mahasiswa,"Fakultas Sosial, Humaniora, & Seni",Administrasi Bisnis,2020.0,TRX000667,BK01037,1/12/2024,1/26/2024,1/19/2024,Dikembalikan
1368,USR00149,Jamalia Rajata,Mahasiswa,"Fakultas Sosial, Humaniora, & Seni",Administrasi Bisnis,2020.0,TRX001417,BK01061,10/26/2025,11/9/2025,10/31/2025,Dikembalikan
1369,USR00149,Jamalia Rajata,Mahasiswa,"Fakultas Sosial, Humaniora, & Seni",Administrasi Bisnis,2020.0,TRX002747,BK01063,12/19/2024,1/2/2025,12/25/2024,Dikembalikan
1370,USR00149,Jamalia Rajata,Mahasiswa,"Fakultas Sosial, Humaniora, & Seni",Administrasi Bisnis,2020.0,TRX003067,BK01082,11/22/2024,12/6/2024,11/25/2024,Dikembalikan
1371,USR00149,Jamalia Rajata,Mahasiswa,"Fakultas Sosial, Humaniora, & Seni",Administrasi Bisnis,2020.0,TRX003447,BK01083,11/3/2024,11/17/2024,11/7/2024,Dikembalikan
1372,USR00149,Jamalia Rajata,Mahasiswa,"Fakultas Sosial, Humaniora, & Seni",Administrasi Bisnis,2020.0,TRX003467,BK01038,8/30/2024,9/13/2024,9/6/2024,Dikembalikan
1373,USR00150,"R. Yunita Usamah, S.Ked",Mahasiswa,"Fakultas Sosial, Humaniora, & Seni",Psikologi,2023.0,TRX000482,BK01202,7/16/2024,7/30/2024,7/20/2024,Dikembalikan
1374,USR00150,"R. Yunita Usamah, S.Ked",Mahasiswa,"Fakultas Sosial, Humaniora, & Seni",Psikologi,2023.0,TRX000828,BK01224,2/15/2023,3/1/2023,3/8/2023,Terlambat
1375,USR00150,"R. Yunita Usamah, S.Ked",Mahasiswa,"Fakultas Sosial, Humaniora, & Seni",Psikologi,2023.0,TRX000863,BK01223,5/15/2023,5/29/2023,5/26/2023,Dikembalikan
1376,USR00150,"R. Yunita Usamah, S.Ked",Mahasiswa,"Fakultas Sosial, Humaniora, & Seni",Psikologi,2023.0,TRX001162,BK01183,3/16/2023,3/30/2023,4/6/2023,Terlambat
1377,USR00150,"R. Yunita Usamah, S.Ked",Mahasiswa,"Fakultas Sosial, Humaniora, & Seni",Psikologi,2023.0,TRX002509,BK01115,7/3/2023,7/17/2023,7/16/2023,Dikembalikan
1378,USR00150,"R. Yunita Usamah, S.Ked",Mahasiswa,"Fakultas Sosial, Humaniora, & Seni",Psikologi,2023.0,TRX002903,BK01208,1/7/2023,1/21/2023,1/25/2023,Terlambat
1379,USR00150,"R. Yunita Usamah, S.Ked",Mahasiswa,"Fakultas Sosial, Humaniora, & Seni",Psikologi,2023.0,TRX002906,BK01201,10/25/2023,11/8/2023,11/9/2023,Terlambat
1380,USR00150,"R. Yunita Usamah, S.Ked",Mahasiswa,"Fakultas Sosial, Humaniora, & Seni",Psikologi,2023.0,TRX003249,BK01199,9/9/2023,9/23/2023,9/12/2023,Dikembalikan
1381,USR00150,"R. Yunita Usamah, S.Ked",Mahasiswa,"Fakultas Sosial, Humaniora, & Seni",Psikologi,2023.0,TRX003374,BK01203,7/21/2024,8/4/2024,7/25/2024,Dikembalikan
1382,USR00150,"R. Yunita Usamah, S.Ked",Mahasiswa,"Fakultas Sosial, Humaniora, & Seni",Psikologi,2023.0,TRX003380,BK01186,1/27/2024,2/10/2024,2/17/2024,Terlambat
1383,USR00151,Nardi Suwarno,Mahasiswa,"Fakultas Sosial, Humaniora, & Seni",Desain Komunikasi Visual,2023.0,TRX000085,BK01273,12/31/2025,1/14/2026,,Dipinjam
1384,USR00151,Nardi Suwarno,Mahasiswa,"Fakultas Sosial, Humaniora, & Seni",Desain Komunikasi Visual,2023.0,TRX000833,BK00842,8/22/2023,9/5/2023,8/31/2023,Dikembalikan
1385,USR00151,Nardi Suwarno,Mahasiswa,"Fakultas Sosial, Humaniora, & Seni",Desain Komunikasi Visual,2023.0,TRX001351,BK00790,7/8/2025,7/22/2025,7/12/2025,Dikembalikan
1386,USR00151,Nardi Suwarno,Mahasiswa,"Fakultas Sosial, Humaniora, & Seni",Desain Komunikasi Visual,2023.0,TRX003063,BK00794,6/16/2023,6/30/2023,6/19/2023,Dikembalikan
1387,USR00152,Drajat Halim,Mahasiswa,"Fakultas Sains, Teknologi, & Kesehatan",Farmasi,2025.0,TRX000089,BK00701,6/2/2024,6/16/2024,6/19/2024,Terlambat
1388,USR00152,Drajat Halim,Mahasiswa,"Fakultas Sains, Teknologi, & Kesehatan",Farmasi,2025.0,TRX001793,BK00569,2/8/2023,2/22/2023,2/18/2023,Dikembalikan
1389,USR00152,Drajat Halim,Mahasiswa,"Fakultas Sains, Teknologi, & Kesehatan",Farmasi,2025.0,TRX001823,BK00682,12/9/2023,12/23/2023,12/24/2023,Terlambat
1390,USR00152,Drajat Halim,Mahasiswa,"Fakultas Sains, Teknologi, & Kesehatan",Farmasi,2025.0,TRX002260,BK00254,8/15/2024,8/29/2024,8/20/2024,Dikembalikan
1391,USR00152,Drajat Halim,Mahasiswa,"Fakultas Sains, Teknologi, & Kesehatan",Farmasi,2025.0,TRX002466,BK00199,12/16/2023,12/30/2023,12/28/2023,Dikembalikan
1392,USR00152,Drajat Halim,Mahasiswa,"Fakultas Sains, Teknologi, & Kesehatan",Farmasi,2025.0,TRX002918,BK00452,8/9/2023,8/23/2023,8/29/2023,Terlambat
1393,USR00153,Agus Susanti,Mahasiswa,"Fakultas Sains, Teknologi, & Kesehatan",Teknik Industri,2024.0,TRX000065,BK00458,4/6/2023,4/20/2023,4/27/2023,Terlambat
1394,USR00153,Agus Susanti,Mahasiswa,"Fakultas Sains, Teknologi, & Kesehatan",Teknik Industri,2024.0,TRX000111,BK00467,6/30/2023,7/14/2023,7/9/2023,Dikembalikan
1395,USR00153,Agus Susanti,Mahasiswa,"Fakultas Sains, Teknologi, & Kesehatan",Teknik Industri,2024.0,TRX001296,BK00159,11/29/2025,12/13/2025,12/4/2025,Dikembalikan
1396,USR00153,Agus Susanti,Mahasiswa,"Fakultas Sains, Teknologi, & Kesehatan",Teknik Industri,2024.0,TRX001720,BK00195,12/23/2024,1/6/2025,12/27/2024,Dikembalikan
1397,USR00153,Agus Susanti,Mahasiswa,"Fakultas Sains, Teknologi, & Kesehatan",Teknik Industri,2024.0,TRX001889,BK00467,3/8/2025,3/22/2025,3/14/2025,Dikembalikan
1398,USR00153,Agus Susanti,Mahasiswa,"Fakultas Sains, Teknologi, & Kesehatan",Teknik Industri,2024.0,TRX002304,BK00404,4/28/2024,5/12/2024,5/3/2024,Dikembalikan
1399,USR00153,Agus Susanti,Mahasiswa,"Fakultas Sains, Teknologi, & Kesehatan",Teknik Industri,2024.0,TRX003129,BK00323,10/29/2024,11/12/2024,11/14/2024,Terlambat
1400,USR00153,Agus Susanti,Mahasiswa,"Fakultas Sains, Teknologi, & Kesehatan",Teknik Industri,2024.0,TRX003422,BK00466,2/17/2023,3/3/2023,3/5/2023,Terlambat
1401,USR00153,Agus Susanti,Mahasiswa,"Fakultas Sains, Teknologi, & Kesehatan",Teknik Industri,2024.0,TRX003445,BK00171,2/11/2025,2/25/2025,2/28/2025,Terlambat
1402,USR00154,Latika Mandasari,Mahasiswa,"Fakultas Sosial, Humaniora, & Seni",Desain Interior,2020.0,TRX001154,BK00988,4/11/2025,4/25/2025,4/17/2025,Dikembalikan
1403,USR00154,Latika Mandasari,Mahasiswa,"Fakultas Sosial, Humaniora, & Seni",Desain Interior,2020.0,TRX001527,BK01021,3/24/2024,4/7/2024,4/6/2024,Dikembalikan
1404,USR00154,Latika Mandasari,Mahasiswa,"Fakultas Sosial, Humaniora, & Seni",Desain Interior,2020.0,TRX001719,BK01006,3/20/2024,4/3/2024,3/30/2024,Dikembalikan
1405,USR00154,Latika Mandasari,Mahasiswa,"Fakultas Sosial, Humaniora, & Seni",Desain Interior,2020.0,TRX002812,BK01025,3/30/2024,4/13/2024,4/13/2024,Dikembalikan
1406,USR00155,Hj. Mila Uwais,Mahasiswa,"Fakultas Sains, Teknologi, & Kesehatan",Informatika,2021.0,TRX000488,BK00105,7/10/2025,7/24/2025,7/21/2025,Dikembalikan
1407,USR00155,Hj. Mila Uwais,Mahasiswa,"Fakultas Sains, Teknologi, & Kesehatan",Informatika,2021.0,TRX000702,BK00355,3/30/2025,4/13/2025,4/17/2025,Terlambat
1408,USR00155,Hj. Mila Uwais,Mahasiswa,"Fakultas Sains, Teknologi, & Kesehatan",Informatika,2021.0,TRX000783,BK00719,1/15/2023,1/29/2023,1/31/2023,Terlambat
1409,USR00155,Hj. Mila Uwais,Mahasiswa,"Fakultas Sains, Teknologi, & Kesehatan",Informatika,2021.0,TRX001792,BK00100,12/13/2023,12/27/2023,12/24/2023,Dikembalikan
1410,USR00155,Hj. Mila Uwais,Mahasiswa,"Fakultas Sains, Teknologi, & Kesehatan",Informatika,2021.0,TRX002634,BK00099,10/19/2024,11/2/2024,11/5/2024,Terlambat
1411,USR00155,Hj. Mila Uwais,Mahasiswa,"Fakultas Sains, Teknologi, & Kesehatan",Informatika,2021.0,TRX002677,BK00116,12/14/2025,12/28/2025,12/28/2025,Dikembalikan
1412,USR00155,Hj. Mila Uwais,Mahasiswa,"Fakultas Sains, Teknologi, & Kesehatan",Informatika,2021.0,TRX003096,BK00116,8/30/2023,9/13/2023,9/4/2023,Dikembalikan
1413,USR00155,Hj. Mila Uwais,Mahasiswa,"Fakultas Sains, Teknologi, & Kesehatan",Informatika,2021.0,TRX003251,BK00092,8/23/2024,9/6/2024,9/4/2024,Dikembalikan
1414,USR00155,Hj. Mila Uwais,Mahasiswa,"Fakultas Sains, Teknologi, & Kesehatan",Informatika,2021.0,TRX003363,BK00126,7/13/2025,7/27/2025,8/3/2025,Terlambat
1415,USR00156,Winda Samosir,Mahasiswa,"Fakultas Sains, Teknologi, & Kesehatan",Informatika,2020.0,TRX000009,BK00303,2/3/2023,2/17/2023,2/13/2023,Dikembalikan
1416,USR00156,Winda Samosir,Mahasiswa,"Fakultas Sains, Teknologi, & Kesehatan",Informatika,2020.0,TRX000016,BK00282,12/12/2024,12/26/2024,12/20/2024,Dikembalikan
1417,USR00156,Winda Samosir,Mahasiswa,"Fakultas Sains, Teknologi, & Kesehatan",Informatika,2020.0,TRX000035,BK00313,9/19/2025,10/3/2025,10/2/2025,Dikembalikan
1418,USR00156,Winda Samosir,Mahasiswa,"Fakultas Sains, Teknologi, & Kesehatan",Informatika,2020.0,TRX000038,BK00276,9/24/2023,10/8/2023,10/7/2023,Dikembalikan
1419,USR00156,Winda Samosir,Mahasiswa,"Fakultas Sains, Teknologi, & Kesehatan",Informatika,2020.0,TRX000900,BK00268,1/22/2024,2/5/2024,2/9/2024,Terlambat
1420,USR00156,Winda Samosir,Mahasiswa,"Fakultas Sains, Teknologi, & Kesehatan",Informatika,2020.0,TRX001074,BK00315,7/7/2024,7/21/2024,7/22/2024,Terlambat
1421,USR00156,Winda Samosir,Mahasiswa,"Fakultas Sains, Teknologi, & Kesehatan",Informatika,2020.0,TRX001283,BK00102,1/16/2024,1/30/2024,1/28/2024,Dikembalikan
1422,USR00156,Winda Samosir,Mahasiswa,"Fakultas Sains, Teknologi, & Kesehatan",Informatika,2020.0,TRX001495,BK00338,11/15/2024,11/29/2024,12/6/2024,Terlambat
1423,USR00156,Winda Samosir,Mahasiswa,"Fakultas Sains, Teknologi, & Kesehatan",Informatika,2020.0,TRX002259,BK00232,3/15/2023,3/29/2023,4/4/2023,Terlambat
1424,USR00156,Winda Samosir,Mahasiswa,"Fakultas Sains, Teknologi, & Kesehatan",Informatika,2020.0,TRX002575,BK00231,7/6/2024,7/20/2024,7/22/2024,Terlambat
1425,USR00156,Winda Samosir,Mahasiswa,"Fakultas Sains, Teknologi, & Kesehatan",Informatika,2020.0,TRX002707,BK00272,9/3/2023,9/17/2023,9/10/2023,Dikembalikan
1426,USR00156,Winda Samosir,Mahasiswa,"Fakultas Sains, Teknologi, & Kesehatan",Informatika,2020.0,TRX002761,BK00244,3/15/2023,3/29/2023,4/4/2023,Terlambat
1427,USR00156,Winda Samosir,Mahasiswa,"Fakultas Sains, Teknologi, & Kesehatan",Informatika,2020.0,TRX002772,BK00531,6/10/2025,6/24/2025,6/22/2025,Dikembalikan
1428,USR00156,Winda Samosir,Mahasiswa,"Fakultas Sains, Teknologi, & Kesehatan",Informatika,2020.0,TRX003105,BK00295,9/3/2025,9/17/2025,9/20/2025,Terlambat
1429,USR00157,Puti Kartika Handayani,Mahasiswa,"Fakultas Sosial, Humaniora, & Seni",Ilmu Komunikasi,2022.0,TRX000124,BK01292,11/8/2023,11/22/2023,11/13/2023,Dikembalikan
1430,USR00157,Puti Kartika Handayani,Mahasiswa,"Fakultas Sosial, Humaniora, & Seni",Ilmu Komunikasi,2022.0,TRX000586,BK01080,3/22/2025,4/5/2025,4/1/2025,Dikembalikan
1431,USR00157,Puti Kartika Handayani,Mahasiswa,"Fakultas Sosial, Humaniora, & Seni",Ilmu Komunikasi,2022.0,TRX000868,BK01230,10/17/2023,10/31/2023,10/31/2023,Dikembalikan
1432,USR00157,Puti Kartika Handayani,Mahasiswa,"Fakultas Sosial, Humaniora, & Seni",Ilmu Komunikasi,2022.0,TRX001072,BK00676,6/23/2023,7/7/2023,6/29/2023,Dikembalikan
1433,USR00157,Puti Kartika Handayani,Mahasiswa,"Fakultas Sosial, Humaniora, & Seni",Ilmu Komunikasi,2022.0,TRX001125,BK01250,2/28/2024,3/13/2024,3/5/2024,Dikembalikan
1434,USR00157,Puti Kartika Handayani,Mahasiswa,"Fakultas Sosial, Humaniora, & Seni",Ilmu Komunikasi,2022.0,TRX001200,BK01261,7/4/2025,7/18/2025,7/18/2025,Dikembalikan
1435,USR00157,Puti Kartika Handayani,Mahasiswa,"Fakultas Sosial, Humaniora, & Seni",Ilmu Komunikasi,2022.0,TRX001209,BK01278,10/31/2025,11/14/2025,11/3/2025,Dikembalikan
1436,USR00157,Puti Kartika Handayani,Mahasiswa,"Fakultas Sosial, Humaniora, & Seni",Ilmu Komunikasi,2022.0,TRX001286,BK01376,12/7/2023,12/21/2023,12/25/2023,Terlambat
1437,USR00157,Puti Kartika Handayani,Mahasiswa,"Fakultas Sosial, Humaniora, & Seni",Ilmu Komunikasi,2022.0,TRX001728,BK00683,2/19/2024,3/4/2024,2/24/2024,Dikembalikan
1438,USR00157,Puti Kartika Handayani,Mahasiswa,"Fakultas Sosial, Humaniora, & Seni",Ilmu Komunikasi,2022.0,TRX001785,BK01237,9/14/2024,9/28/2024,9/30/2024,Terlambat
1439,USR00157,Puti Kartika Handayani,Mahasiswa,"Fakultas Sosial, Humaniora, & Seni",Ilmu Komunikasi,2022.0,TRX001953,BK01241,2/25/2024,3/10/2024,3/6/2024,Dikembalikan
1440,USR00157,Puti Kartika Handayani,Mahasiswa,"Fakultas Sosial, Humaniora, & Seni",Ilmu Komunikasi,2022.0,TRX002102,BK01287,5/15/2024,5/29/2024,5/27/2024,Dikembalikan
1441,USR00157,Puti Kartika Handayani,Mahasiswa,"Fakultas Sosial, Humaniora, & Seni",Ilmu Komunikasi,2022.0,TRX002227,BK01252,5/13/2024,5/27/2024,5/31/2024,Terlambat
1442,USR00157,Puti Kartika Handayani,Mahasiswa,"Fakultas Sosial, Humaniora, & Seni",Ilmu Komunikasi,2022.0,TRX002804,BK01284,6/20/2023,7/4/2023,6/24/2023,Dikembalikan
1443,USR00157,Puti Kartika Handayani,Mahasiswa,"Fakultas Sosial, Humaniora, & Seni",Ilmu Komunikasi,2022.0,TRX002816,BK01312,5/15/2023,5/29/2023,6/1/2023,Terlambat
1444,USR00157,Puti Kartika Handayani,Mahasiswa,"Fakultas Sosial, Humaniora, & Seni",Ilmu Komunikasi,2022.0,TRX003256,BK01260,3/23/2024,4/6/2024,3/31/2024,Dikembalikan
1445,USR00157,Puti Kartika Handayani,Mahasiswa,"Fakultas Sosial, Humaniora, & Seni",Ilmu Komunikasi,2022.0,TRX003390,BK00845,6/9/2024,6/23/2024,6/30/2024,Terlambat
1446,USR00157,Puti Kartika Handayani,Mahasiswa,"Fakultas Sosial, Humaniora, & Seni",Ilmu Komunikasi,2022.0,TRX003427,BK01278,3/7/2024,3/21/2024,3/13/2024,Dikembalikan
1447,USR00158,Hj. Victoria Tampubolon,Mahasiswa,"Fakultas Sains, Teknologi, & Kesehatan",Farmasi,2022.0,TRX000008,BK00652,5/27/2024,6/10/2024,6/1/2024,Dikembalikan
1448,USR00158,Hj. Victoria Tampubolon,Mahasiswa,"Fakultas Sains, Teknologi, & Kesehatan",Farmasi,2022.0,TRX000362,BK01109,8/20/2025,9/3/2025,9/6/2025,Terlambat
1449,USR00158,Hj. Victoria Tampubolon,Mahasiswa,"Fakultas Sains, Teknologi, & Kesehatan",Farmasi,2022.0,TRX001411,BK00590,4/11/2024,4/25/2024,5/2/2024,Terlambat
1450,USR00158,Hj. Victoria Tampubolon,Mahasiswa,"Fakultas Sains, Teknologi, & Kesehatan",Farmasi,2022.0,TRX001548,BK00682,5/21/2024,6/4/2024,5/26/2024,Dikembalikan
1451,USR00158,Hj. Victoria Tampubolon,Mahasiswa,"Fakultas Sains, Teknologi, & Kesehatan",Farmasi,2022.0,TRX002397,BK00560,2/22/2023,3/8/2023,3/10/2023,Terlambat
1452,USR00158,Hj. Victoria Tampubolon,Mahasiswa,"Fakultas Sains, Teknologi, & Kesehatan",Farmasi,2022.0,TRX002545,BK00711,11/19/2023,12/3/2023,11/29/2023,Dikembalikan
1453,USR00158,Hj. Victoria Tampubolon,Mahasiswa,"Fakultas Sains, Teknologi, & Kesehatan",Farmasi,2022.0,TRX002891,BK00623,8/21/2023,9/4/2023,8/30/2023,Dikembalikan
1454,USR00158,Hj. Victoria Tampubolon,Mahasiswa,"Fakultas Sains, Teknologi, & Kesehatan",Farmasi,2022.0,TRX003084,BK01080,3/13/2025,3/27/2025,4/2/2025,Terlambat
1455,USR00159,Intan Anggraini,Mahasiswa,"Fakultas Sains, Teknologi, & Kesehatan",Teknik Industri,2021.0,TRX000395,BK00317,12/11/2024,12/25/2024,12/19/2024,Dikembalikan
1456,USR00159,Intan Anggraini,Mahasiswa,"Fakultas Sains, Teknologi, & Kesehatan",Teknik Industri,2021.0,TRX000574,BK00353,1/14/2023,1/28/2023,1/19/2023,Dikembalikan
1457,USR00159,Intan Anggraini,Mahasiswa,"Fakultas Sains, Teknologi, & Kesehatan",Teknik Industri,2021.0,TRX000589,BK00381,3/8/2025,3/22/2025,3/14/2025,Dikembalikan
1458,USR00159,Intan Anggraini,Mahasiswa,"Fakultas Sains, Teknologi, & Kesehatan",Teknik Industri,2021.0,TRX001425,BK00317,4/14/2023,4/28/2023,4/30/2023,Terlambat
1459,USR00159,Intan Anggraini,Mahasiswa,"Fakultas Sains, Teknologi, & Kesehatan",Teknik Industri,2021.0,TRX001665,BK00339,7/22/2024,8/5/2024,8/12/2024,Terlambat
1460,USR00159,Intan Anggraini,Mahasiswa,"Fakultas Sains, Teknologi, & Kesehatan",Teknik Industri,2021.0,TRX002652,BK00012,11/4/2023,11/18/2023,11/10/2023,Dikembalikan
1461,USR00159,Intan Anggraini,Mahasiswa,"Fakultas Sains, Teknologi, & Kesehatan",Teknik Industri,2021.0,TRX002799,BK00218,5/18/2024,6/1/2024,6/4/2024,Terlambat
1462,USR00159,Intan Anggraini,Mahasiswa,"Fakultas Sains, Teknologi, & Kesehatan",Teknik Industri,2021.0,TRX003009,BK00456,8/20/2025,9/3/2025,8/24/2025,Dikembalikan
1463,USR00159,Intan Anggraini,Mahasiswa,"Fakultas Sains, Teknologi, & Kesehatan",Teknik Industri,2021.0,TRX003069,BK00566,5/22/2025,6/5/2025,5/30/2025,Dikembalikan
1464,USR00159,Intan Anggraini,Mahasiswa,"Fakultas Sains, Teknologi, & Kesehatan",Teknik Industri,2021.0,TRX003120,BK00020,1/8/2025,1/22/2025,1/22/2025,Dikembalikan
1465,USR00159,Intan Anggraini,Mahasiswa,"Fakultas Sains, Teknologi, & Kesehatan",Teknik Industri,2021.0,TRX003262,BK00450,6/27/2023,7/11/2023,7/18/2023,Terlambat
1466,USR00159,Intan Anggraini,Mahasiswa,"Fakultas Sains, Teknologi, & Kesehatan",Teknik Industri,2021.0,TRX003455,BK00293,1/1/2023,1/15/2023,1/7/2023,Dikembalikan
1467,USR00160,"R. Hilda Ramadan, M.Kom.",Mahasiswa,"Fakultas Sosial, Humaniora, & Seni",Psikologi,2025.0,TRX000348,BK01224,4/1/2025,4/15/2025,4/19/2025,Terlambat
1468,USR00160,"R. Hilda Ramadan, M.Kom.",Mahasiswa,"Fakultas Sosial, Humaniora, & Seni",Psikologi,2025.0,TRX000956,BK01074,3/29/2025,4/12/2025,4/14/2025,Terlambat
1469,USR00160,"R. Hilda Ramadan, M.Kom.",Mahasiswa,"Fakultas Sosial, Humaniora, & Seni",Psikologi,2025.0,TRX001103,BK01194,12/26/2025,1/9/2026,,Dipinjam
1470,USR00160,"R. Hilda Ramadan, M.Kom.",Mahasiswa,"Fakultas Sosial, Humaniora, & Seni",Psikologi,2025.0,TRX001413,BK01222,6/17/2024,7/1/2024,6/26/2024,Dikembalikan
1471,USR00160,"R. Hilda Ramadan, M.Kom.",Mahasiswa,"Fakultas Sosial, Humaniora, & Seni",Psikologi,2025.0,TRX001816,BK01259,11/30/2025,12/14/2025,12/3/2025,Dikembalikan
1472,USR00160,"R. Hilda Ramadan, M.Kom.",Mahasiswa,"Fakultas Sosial, Humaniora, & Seni",Psikologi,2025.0,TRX002315,BK01203,5/24/2025,6/7/2025,6/10/2025,Terlambat
1473,USR00161,"Puti Dina Ramadan, M.M.",Mahasiswa,"Fakultas Sosial, Humaniora, & Seni",Desain Komunikasi Visual,2024.0,TRX000028,BK00816,7/6/2025,7/20/2025,7/12/2025,Dikembalikan
1474,USR00161,"Puti Dina Ramadan, M.M.",Mahasiswa,"Fakultas Sosial, Humaniora, & Seni",Desain Komunikasi Visual,2024.0,TRX001003,BK00894,10/28/2024,11/11/2024,11/4/2024,Dikembalikan
1475,USR00161,"Puti Dina Ramadan, M.M.",Mahasiswa,"Fakultas Sosial, Humaniora, & Seni",Desain Komunikasi Visual,2024.0,TRX001520,BK00819,10/15/2024,10/29/2024,11/3/2024,Terlambat
1476,USR00161,"Puti Dina Ramadan, M.M.",Mahasiswa,"Fakultas Sosial, Humaniora, & Seni",Desain Komunikasi Visual,2024.0,TRX002000,BK01060,12/9/2025,12/23/2025,12/23/2025,Dikembalikan
1477,USR00161,"Puti Dina Ramadan, M.M.",Mahasiswa,"Fakultas Sosial, Humaniora, & Seni",Desain Komunikasi Visual,2024.0,TRX002034,BK01237,6/13/2025,6/27/2025,6/26/2025,Dikembalikan
1478,USR00161,"Puti Dina Ramadan, M.M.",Mahasiswa,"Fakultas Sosial, Humaniora, & Seni",Desain Komunikasi Visual,2024.0,TRX003102,BK00796,2/13/2023,2/27/2023,3/4/2023,Terlambat
1479,USR00162,Ade Kusumo,Mahasiswa,"Fakultas Sains, Teknologi, & Kesehatan",Profesi Ners,2024.0,TRX000910,BK00727,7/6/2023,7/20/2023,7/10/2023,Dikembalikan
1480,USR00162,Ade Kusumo,Mahasiswa,"Fakultas Sains, Teknologi, & Kesehatan",Profesi Ners,2024.0,TRX001267,BK00156,12/30/2024,1/13/2025,1/2/2025,Dikembalikan
1481,USR00162,Ade Kusumo,Mahasiswa,"Fakultas Sains, Teknologi, & Kesehatan",Profesi Ners,2024.0,TRX001839,BK00721,6/7/2024,6/21/2024,6/10/2024,Dikembalikan
1482,USR00162,Ade Kusumo,Mahasiswa,"Fakultas Sains, Teknologi, & Kesehatan",Profesi Ners,2024.0,TRX002147,BK00745,6/5/2023,6/19/2023,6/21/2023,Terlambat
1483,USR00162,Ade Kusumo,Mahasiswa,"Fakultas Sains, Teknologi, & Kesehatan",Profesi Ners,2024.0,TRX002190,BK01063,5/7/2024,5/21/2024,5/21/2024,Dikembalikan
1484,USR00162,Ade Kusumo,Mahasiswa,"Fakultas Sains, Teknologi, & Kesehatan",Profesi Ners,2024.0,TRX002649,BK00520,2/19/2025,3/5/2025,2/27/2025,Dikembalikan
1485,USR00162,Ade Kusumo,Mahasiswa,"Fakultas Sains, Teknologi, & Kesehatan",Profesi Ners,2024.0,TRX002726,BK00744,12/23/2024,1/6/2025,12/31/2024,Dikembalikan
1486,USR00162,Ade Kusumo,Mahasiswa,"Fakultas Sains, Teknologi, & Kesehatan",Profesi Ners,2024.0,TRX002926,BK00720,5/23/2025,6/6/2025,6/1/2025,Dikembalikan
1487,USR00163,Kala Halim,Mahasiswa,"Fakultas Sosial, Humaniora, & Seni",Psikologi,2025.0,TRX000279,BK01228,12/7/2024,12/21/2024,12/13/2024,Dikembalikan
1488,USR00163,Kala Halim,Mahasiswa,"Fakultas Sosial, Humaniora, & Seni",Psikologi,2025.0,TRX000423,BK00914,7/16/2023,7/30/2023,7/20/2023,Dikembalikan
1489,USR00163,Kala Halim,Mahasiswa,"Fakultas Sosial, Humaniora, & Seni",Psikologi,2025.0,TRX001854,BK01230,6/20/2025,7/4/2025,7/7/2025,Terlambat
1490,USR00163,Kala Halim,Mahasiswa,"Fakultas Sosial, Humaniora, & Seni",Psikologi,2025.0,TRX001967,BK01198,9/3/2024,9/17/2024,9/19/2024,Terlambat
1491,USR00163,Kala Halim,Mahasiswa,"Fakultas Sosial, Humaniora, & Seni",Psikologi,2025.0,TRX002059,BK01091,3/13/2023,3/27/2023,3/30/2023,Terlambat
1492,USR00164,"R. Raditya Mulyani, S.IP",Mahasiswa,"Fakultas Sains, Teknologi, & Kesehatan",Teknik Industri,2023.0,TRX000601,BK00061,2/11/2024,2/25/2024,2/25/2024,Dikembalikan
1493,USR00164,"R. Raditya Mulyani, S.IP",Mahasiswa,"Fakultas Sains, Teknologi, & Kesehatan",Teknik Industri,2023.0,TRX001119,BK00421,9/2/2025,9/16/2025,9/21/2025,Terlambat
1494,USR00164,"R. Raditya Mulyani, S.IP",Mahasiswa,"Fakultas Sains, Teknologi, & Kesehatan",Teknik Industri,2023.0,TRX001937,BK00457,9/25/2023,10/9/2023,10/11/2023,Terlambat
1495,USR00164,"R. Raditya Mulyani, S.IP",Mahasiswa,"Fakultas Sains, Teknologi, & Kesehatan",Teknik Industri,2023.0,TRX002053,BK00415,11/25/2025,12/9/2025,12/14/2025,Terlambat
1496,USR00164,"R. Raditya Mulyani, S.IP",Mahasiswa,"Fakultas Sains, Teknologi, & Kesehatan",Teknik Industri,2023.0,TRX002623,BK00413,4/13/2024,4/27/2024,4/17/2024,Dikembalikan
1497,USR00164,"R. Raditya Mulyani, S.IP",Mahasiswa,"Fakultas Sains, Teknologi, & Kesehatan",Teknik Industri,2023.0,TRX003004,BK00171,11/10/2025,11/24/2025,11/19/2025,Dikembalikan
1498,USR00165,Daniswara Dongoran,Mahasiswa,"Fakultas Sains, Teknologi, & Kesehatan",Keperawatan,2025.0,TRX000321,BK00476,12/1/2025,12/15/2025,12/4/2025,Dikembalikan
1499,USR00165,Daniswara Dongoran,Mahasiswa,"Fakultas Sains, Teknologi, & Kesehatan",Keperawatan,2025.0,TRX000390,BK00748,10/27/2024,11/10/2024,11/9/2024,Dikembalikan
1500,USR00165,Daniswara Dongoran,Mahasiswa,"Fakultas Sains, Teknologi, & Kesehatan",Keperawatan,2025.0,TRX000417,BK00666,1/2/2023,1/16/2023,1/19/2023,Terlambat
1501,USR00165,Daniswara Dongoran,Mahasiswa,"Fakultas Sains, Teknologi, & Kesehatan",Keperawatan,2025.0,TRX001302,BK00566,10/31/2024,11/14/2024,11/18/2024,Terlambat
1502,USR00165,Daniswara Dongoran,Mahasiswa,"Fakultas Sains, Teknologi, & Kesehatan",Keperawatan,2025.0,TRX001859,BK00619,2/2/2023,2/16/2023,2/10/2023,Dikembalikan
1503,USR00165,Daniswara Dongoran,Mahasiswa,"Fakultas Sains, Teknologi, & Kesehatan",Keperawatan,2025.0,TRX002715,BK00502,5/12/2024,5/26/2024,5/16/2024,Dikembalikan
1504,USR00165,Daniswara Dongoran,Mahasiswa,"Fakultas Sains, Teknologi, & Kesehatan",Keperawatan,2025.0,TRX003037,BK00554,9/3/2024,9/17/2024,9/21/2024,Terlambat
1505,USR00166,"H. Prima Zulkarnain, M.Pd",Mahasiswa,"Fakultas Sosial, Humaniora, & Seni",Ilmu Komunikasi,2022.0,TRX000177,BK01313,1/11/2023,1/25/2023,1/16/2023,Dikembalikan
1506,USR00166,"H. Prima Zulkarnain, M.Pd",Mahasiswa,"Fakultas Sosial, Humaniora, & Seni",Ilmu Komunikasi,2022.0,TRX000460,BK01344,1/13/2024,1/27/2024,1/27/2024,Dikembalikan
1507,USR00166,"H. Prima Zulkarnain, M.Pd",Mahasiswa,"Fakultas Sosial, Humaniora, & Seni",Ilmu Komunikasi,2022.0,TRX000610,BK01315,4/13/2025,4/27/2025,4/30/2025,Terlambat
1508,USR00166,"H. Prima Zulkarnain, M.Pd",Mahasiswa,"Fakultas Sosial, Humaniora, & Seni",Ilmu Komunikasi,2022.0,TRX000818,BK01360,12/20/2025,1/3/2026,,Dipinjam
1509,USR00166,"H. Prima Zulkarnain, M.Pd",Mahasiswa,"Fakultas Sosial, Humaniora, & Seni",Ilmu Komunikasi,2022.0,TRX001221,BK01349,3/17/2024,3/31/2024,3/20/2024,Dikembalikan
1510,USR00166,"H. Prima Zulkarnain, M.Pd",Mahasiswa,"Fakultas Sosial, Humaniora, & Seni",Ilmu Komunikasi,2022.0,TRX002030,BK01350,10/2/2023,10/16/2023,10/17/2023,Terlambat
1511,USR00166,"H. Prima Zulkarnain, M.Pd",Mahasiswa,"Fakultas Sosial, Humaniora, & Seni",Ilmu Komunikasi,2022.0,TRX002132,BK01364,11/18/2025,12/2/2025,11/21/2025,Dikembalikan
1512,USR00166,"H. Prima Zulkarnain, M.Pd",Mahasiswa,"Fakultas Sosial, Humaniora, & Seni",Ilmu Komunikasi,2022.0,TRX002182,BK01312,9/29/2023,10/13/2023,10/19/2023,Terlambat
1513,USR00166,"H. Prima Zulkarnain, M.Pd",Mahasiswa,"Fakultas Sosial, Humaniora, & Seni",Ilmu Komunikasi,2022.0,TRX002500,BK01313,12/28/2025,1/11/2026,,Dipinjam
1514,USR00166,"H. Prima Zulkarnain, M.Pd",Mahasiswa,"Fakultas Sosial, Humaniora, & Seni",Ilmu Komunikasi,2022.0,TRX002697,BK00204,11/11/2024,11/25/2024,11/24/2024,Dikembalikan
1515,USR00166,"H. Prima Zulkarnain, M.Pd",Mahasiswa,"Fakultas Sosial, Humaniora, & Seni",Ilmu Komunikasi,2022.0,TRX002699,BK01363,6/7/2024,6/21/2024,6/11/2024,Dikembalikan
1516,USR00166,"H. Prima Zulkarnain, M.Pd",Mahasiswa,"Fakultas Sosial, Humaniora, & Seni",Ilmu Komunikasi,2022.0,TRX003173,BK01350,9/25/2024,10/9/2024,10/10/2024,Terlambat
1517,USR00166,"H. Prima Zulkarnain, M.Pd",Mahasiswa,"Fakultas Sosial, Humaniora, & Seni",Ilmu Komunikasi,2022.0,TRX003428,BK01312,10/13/2025,10/27/2025,10/23/2025,Dikembalikan
1518,USR00167,Baktianto Hartati,Mahasiswa,"Fakultas Sosial, Humaniora, & Seni",Ilmu Komunikasi,2021.0,TRX000109,BK00985,7/28/2023,8/11/2023,8/5/2023,Dikembalikan
1519,USR00167,Baktianto Hartati,Mahasiswa,"Fakultas Sosial, Humaniora, & Seni",Ilmu Komunikasi,2021.0,TRX000703,BK01366,3/22/2023,4/5/2023,4/9/2023,Terlambat
1520,USR00167,Baktianto Hartati,Mahasiswa,"Fakultas Sosial, Humaniora, & Seni",Ilmu Komunikasi,2021.0,TRX001067,BK01240,12/28/2025,1/11/2026,,Dipinjam
1521,USR00167,Baktianto Hartati,Mahasiswa,"Fakultas Sosial, Humaniora, & Seni",Ilmu Komunikasi,2021.0,TRX001442,BK01326,9/21/2024,10/5/2024,10/7/2024,Terlambat
1522,USR00167,Baktianto Hartati,Mahasiswa,"Fakultas Sosial, Humaniora, & Seni",Ilmu Komunikasi,2021.0,TRX001565,BK00189,10/10/2024,10/24/2024,10/30/2024,Terlambat
1523,USR00167,Baktianto Hartati,Mahasiswa,"Fakultas Sosial, Humaniora, & Seni",Ilmu Komunikasi,2021.0,TRX001584,BK01356,10/17/2023,10/31/2023,10/28/2023,Dikembalikan
1524,USR00167,Baktianto Hartati,Mahasiswa,"Fakultas Sosial, Humaniora, & Seni",Ilmu Komunikasi,2021.0,TRX002101,BK01351,12/5/2024,12/19/2024,12/20/2024,Terlambat
1525,USR00167,Baktianto Hartati,Mahasiswa,"Fakultas Sosial, Humaniora, & Seni",Ilmu Komunikasi,2021.0,TRX002164,BK01265,12/12/2023,12/26/2023,12/26/2023,Dikembalikan
1526,USR00168,Ika Iswahyudi,Mahasiswa,"Fakultas Sains, Teknologi, & Kesehatan",Profesi Ners,2022.0,TRX000576,BK00406,6/13/2025,6/27/2025,6/21/2025,Dikembalikan
1527,USR00168,Ika Iswahyudi,Mahasiswa,"Fakultas Sains, Teknologi, & Kesehatan",Profesi Ners,2022.0,TRX000889,BK00159,10/6/2024,10/20/2024,10/17/2024,Dikembalikan
1528,USR00168,Ika Iswahyudi,Mahasiswa,"Fakultas Sains, Teknologi, & Kesehatan",Profesi Ners,2022.0,TRX000895,BK00313,6/30/2025,7/14/2025,7/9/2025,Dikembalikan
1529,USR00168,Ika Iswahyudi,Mahasiswa,"Fakultas Sains, Teknologi, & Kesehatan",Profesi Ners,2022.0,TRX001560,BK00342,1/18/2025,2/1/2025,1/27/2025,Dikembalikan
1530,USR00168,Ika Iswahyudi,Mahasiswa,"Fakultas Sains, Teknologi, & Kesehatan",Profesi Ners,2022.0,TRX002067,BK00738,2/7/2024,2/21/2024,2/21/2024,Dikembalikan
1531,USR00168,Ika Iswahyudi,Mahasiswa,"Fakultas Sains, Teknologi, & Kesehatan",Profesi Ners,2022.0,TRX003137,BK00772,10/6/2023,10/20/2023,10/22/2023,Terlambat
1532,USR00168,Ika Iswahyudi,Mahasiswa,"Fakultas Sains, Teknologi, & Kesehatan",Profesi Ners,2022.0,TRX003221,BK00351,5/19/2025,6/2/2025,5/30/2025,Dikembalikan
1533,USR00169,Elisa Anggraini,Mahasiswa,"Fakultas Sosial, Humaniora, & Seni",Administrasi Bisnis,2024.0,TRX000135,BK01142,9/4/2025,9/18/2025,9/15/2025,Dikembalikan
1534,USR00169,Elisa Anggraini,Mahasiswa,"Fakultas Sosial, Humaniora, & Seni",Administrasi Bisnis,2024.0,TRX000244,BK00913,6/19/2023,7/3/2023,6/25/2023,Dikembalikan
1535,USR00169,Elisa Anggraini,Mahasiswa,"Fakultas Sosial, Humaniora, & Seni",Administrasi Bisnis,2024.0,TRX001164,BK01121,4/28/2023,5/12/2023,5/12/2023,Dikembalikan
1536,USR00169,Elisa Anggraini,Mahasiswa,"Fakultas Sosial, Humaniora, & Seni",Administrasi Bisnis,2024.0,TRX001245,BK01095,10/28/2024,11/11/2024,10/31/2024,Dikembalikan
1537,USR00169,Elisa Anggraini,Mahasiswa,"Fakultas Sosial, Humaniora, & Seni",Administrasi Bisnis,2024.0,TRX001285,BK01129,3/3/2023,3/17/2023,3/14/2023,Dikembalikan
1538,USR00169,Elisa Anggraini,Mahasiswa,"Fakultas Sosial, Humaniora, & Seni",Administrasi Bisnis,2024.0,TRX002042,BK00648,4/2/2024,4/16/2024,4/11/2024,Dikembalikan
1539,USR00169,Elisa Anggraini,Mahasiswa,"Fakultas Sosial, Humaniora, & Seni",Administrasi Bisnis,2024.0,TRX002375,BK01158,11/14/2024,11/28/2024,11/29/2024,Terlambat
1540,USR00169,Elisa Anggraini,Mahasiswa,"Fakultas Sosial, Humaniora, & Seni",Administrasi Bisnis,2024.0,TRX002519,BK01126,1/5/2023,1/19/2023,1/23/2023,Terlambat
1541,USR00169,Elisa Anggraini,Mahasiswa,"Fakultas Sosial, Humaniora, & Seni",Administrasi Bisnis,2024.0,TRX002877,BK01042,10/31/2023,11/14/2023,11/8/2023,Dikembalikan
1542,USR00169,Elisa Anggraini,Mahasiswa,"Fakultas Sosial, Humaniora, & Seni",Administrasi Bisnis,2024.0,TRX003058,BK01067,1/28/2024,2/11/2024,2/2/2024,Dikembalikan
1543,USR00170,Dt. Kenari Budiman,Mahasiswa,"Fakultas Sains, Teknologi, & Kesehatan",Informatika,2021.0,TRX000062,BK00104,5/12/2025,5/26/2025,5/29/2025,Terlambat
1544,USR00170,Dt. Kenari Budiman,Mahasiswa,"Fakultas Sains, Teknologi, & Kesehatan",Informatika,2021.0,TRX000467,BK00727,7/31/2024,8/14/2024,8/12/2024,Dikembalikan
1545,USR00170,Dt. Kenari Budiman,Mahasiswa,"Fakultas Sains, Teknologi, & Kesehatan",Informatika,2021.0,TRX000483,BK01293,7/17/2025,7/31/2025,7/23/2025,Dikembalikan
1546,USR00170,Dt. Kenari Budiman,Mahasiswa,"Fakultas Sains, Teknologi, & Kesehatan",Informatika,2021.0,TRX000854,BK00472,11/8/2023,11/22/2023,11/18/2023,Dikembalikan
1547,USR00170,Dt. Kenari Budiman,Mahasiswa,"Fakultas Sains, Teknologi, & Kesehatan",Informatika,2021.0,TRX002361,BK00024,5/23/2023,6/6/2023,5/26/2023,Dikembalikan
1548,USR00170,Dt. Kenari Budiman,Mahasiswa,"Fakultas Sains, Teknologi, & Kesehatan",Informatika,2021.0,TRX003031,BK00170,4/4/2024,4/18/2024,4/23/2024,Terlambat
1549,USR00170,Dt. Kenari Budiman,Mahasiswa,"Fakultas Sains, Teknologi, & Kesehatan",Informatika,2021.0,TRX003354,BK00289,6/23/2023,7/7/2023,7/2/2023,Dikembalikan
1550,USR00170,Dt. Kenari Budiman,Mahasiswa,"Fakultas Sains, Teknologi, & Kesehatan",Informatika,2021.0,TRX003435,BK00431,6/25/2025,7/9/2025,7/15/2025,Terlambat
1551,USR00171,R. Rosman Winarsih,Mahasiswa,"Fakultas Sains, Teknologi, & Kesehatan",Keperawatan,2024.0,TRX001120,BK00798,9/25/2023,10/9/2023,10/1/2023,Dikembalikan
1552,USR00171,R. Rosman Winarsih,Mahasiswa,"Fakultas Sains, Teknologi, & Kesehatan",Keperawatan,2024.0,TRX001500,BK00508,5/9/2023,5/23/2023,5/25/2023,Terlambat
1553,USR00171,R. Rosman Winarsih,Mahasiswa,"Fakultas Sains, Teknologi, & Kesehatan",Keperawatan,2024.0,TRX001513,BK00520,3/21/2024,4/4/2024,4/9/2024,Terlambat
1554,USR00171,R. Rosman Winarsih,Mahasiswa,"Fakultas Sains, Teknologi, & Kesehatan",Keperawatan,2024.0,TRX001825,BK00764,8/17/2025,8/31/2025,9/6/2025,Terlambat
1555,USR00171,R. Rosman Winarsih,Mahasiswa,"Fakultas Sains, Teknologi, & Kesehatan",Keperawatan,2024.0,TRX002364,BK00506,9/12/2025,9/26/2025,9/23/2025,Dikembalikan
1556,USR00171,R. Rosman Winarsih,Mahasiswa,"Fakultas Sains, Teknologi, & Kesehatan",Keperawatan,2024.0,TRX002834,BK00483,3/31/2025,4/14/2025,4/11/2025,Dikembalikan
1557,USR00171,R. Rosman Winarsih,Mahasiswa,"Fakultas Sains, Teknologi, & Kesehatan",Keperawatan,2024.0,TRX003223,BK00510,12/2/2025,12/16/2025,12/10/2025,Dikembalikan
1558,USR00172,Melinda Kurniawan,Mahasiswa,"Fakultas Sosial, Humaniora, & Seni",Desain Komunikasi Visual,2024.0,TRX000041,BK01296,5/25/2024,6/8/2024,6/13/2024,Terlambat
1559,USR00172,Melinda Kurniawan,Mahasiswa,"Fakultas Sosial, Humaniora, & Seni",Desain Komunikasi Visual,2024.0,TRX000260,BK00859,5/12/2025,5/26/2025,5/30/2025,Terlambat
1560,USR00172,Melinda Kurniawan,Mahasiswa,"Fakultas Sosial, Humaniora, & Seni",Desain Komunikasi Visual,2024.0,TRX001227,BK00840,7/17/2024,7/31/2024,7/21/2024,Dikembalikan
1561,USR00172,Melinda Kurniawan,Mahasiswa,"Fakultas Sosial, Humaniora, & Seni",Desain Komunikasi Visual,2024.0,TRX002036,BK01156,11/21/2025,12/5/2025,11/30/2025,Dikembalikan
1562,USR00172,Melinda Kurniawan,Mahasiswa,"Fakultas Sosial, Humaniora, & Seni",Desain Komunikasi Visual,2024.0,TRX002391,BK00859,8/22/2025,9/5/2025,9/2/2025,Dikembalikan
1563,USR00172,Melinda Kurniawan,Mahasiswa,"Fakultas Sosial, Humaniora, & Seni",Desain Komunikasi Visual,2024.0,TRX003219,BK01269,4/12/2023,4/26/2023,4/19/2023,Dikembalikan
1564,USR00173,Lega Dabukke,Mahasiswa,"Fakultas Sains, Teknologi, & Kesehatan",Keperawatan,2020.0,TRX000112,BK00482,2/5/2024,2/19/2024,2/9/2024,Dikembalikan
1565,USR00173,Lega Dabukke,Mahasiswa,"Fakultas Sains, Teknologi, & Kesehatan",Keperawatan,2020.0,TRX000243,BK00551,12/7/2023,12/21/2023,12/20/2023,Dikembalikan
1566,USR00173,Lega Dabukke,Mahasiswa,"Fakultas Sains, Teknologi, & Kesehatan",Keperawatan,2020.0,TRX001093,BK00297,2/23/2025,3/9/2025,3/2/2025,Dikembalikan
1567,USR00173,Lega Dabukke,Mahasiswa,"Fakultas Sains, Teknologi, & Kesehatan",Keperawatan,2020.0,TRX001583,BK00512,6/10/2025,6/24/2025,6/14/2025,Dikembalikan
1568,USR00173,Lega Dabukke,Mahasiswa,"Fakultas Sains, Teknologi, & Kesehatan",Keperawatan,2020.0,TRX001702,BK00554,5/30/2023,6/13/2023,6/16/2023,Terlambat
1569,USR00173,Lega Dabukke,Mahasiswa,"Fakultas Sains, Teknologi, & Kesehatan",Keperawatan,2020.0,TRX001949,BK00522,12/1/2024,12/15/2024,12/18/2024,Terlambat
1570,USR00173,Lega Dabukke,Mahasiswa,"Fakultas Sains, Teknologi, & Kesehatan",Keperawatan,2020.0,TRX002095,BK00512,5/26/2025,6/9/2025,6/7/2025,Dikembalikan
1571,USR00173,Lega Dabukke,Mahasiswa,"Fakultas Sains, Teknologi, & Kesehatan",Keperawatan,2020.0,TRX002974,BK00517,6/7/2025,6/21/2025,6/12/2025,Dikembalikan
1572,USR00173,Lega Dabukke,Mahasiswa,"Fakultas Sains, Teknologi, & Kesehatan",Keperawatan,2020.0,TRX003217,BK00431,8/28/2024,9/11/2024,9/10/2024,Dikembalikan
1573,USR00173,Lega Dabukke,Mahasiswa,"Fakultas Sains, Teknologi, & Kesehatan",Keperawatan,2020.0,TRX003345,BK00496,7/3/2024,7/17/2024,7/11/2024,Dikembalikan
1574,USR00174,"Puti Jasmin Halim, M.M.",Mahasiswa,"Fakultas Sains, Teknologi, & Kesehatan",Informatika,2020.0,TRX000018,BK00519,9/9/2025,9/23/2025,9/12/2025,Dikembalikan
1575,USR00174,"Puti Jasmin Halim, M.M.",Mahasiswa,"Fakultas Sains, Teknologi, & Kesehatan",Informatika,2020.0,TRX000465,BK00186,9/22/2025,10/6/2025,9/26/2025,Dikembalikan
1576,USR00174,"Puti Jasmin Halim, M.M.",Mahasiswa,"Fakultas Sains, Teknologi, & Kesehatan",Informatika,2020.0,TRX000929,BK00127,4/11/2025,4/25/2025,4/29/2025,Terlambat
1577,USR00174,"Puti Jasmin Halim, M.M.",Mahasiswa,"Fakultas Sains, Teknologi, & Kesehatan",Informatika,2020.0,TRX000985,BK01039,4/11/2024,4/25/2024,4/22/2024,Dikembalikan
1578,USR00174,"Puti Jasmin Halim, M.M.",Mahasiswa,"Fakultas Sains, Teknologi, & Kesehatan",Informatika,2020.0,TRX001323,BK00153,7/15/2023,7/29/2023,7/21/2023,Dikembalikan
1579,USR00174,"Puti Jasmin Halim, M.M.",Mahasiswa,"Fakultas Sains, Teknologi, & Kesehatan",Informatika,2020.0,TRX001345,BK00127,5/13/2023,5/27/2023,5/26/2023,Dikembalikan
1580,USR00174,"Puti Jasmin Halim, M.M.",Mahasiswa,"Fakultas Sains, Teknologi, & Kesehatan",Informatika,2020.0,TRX001409,BK00101,7/25/2023,8/8/2023,8/10/2023,Terlambat
1581,USR00174,"Puti Jasmin Halim, M.M.",Mahasiswa,"Fakultas Sains, Teknologi, & Kesehatan",Informatika,2020.0,TRX001434,BK00259,8/27/2023,9/10/2023,9/13/2023,Terlambat
1582,USR00174,"Puti Jasmin Halim, M.M.",Mahasiswa,"Fakultas Sains, Teknologi, & Kesehatan",Informatika,2020.0,TRX002346,BK00072,7/19/2023,8/2/2023,7/30/2023,Dikembalikan
1583,USR00174,"Puti Jasmin Halim, M.M.",Mahasiswa,"Fakultas Sains, Teknologi, & Kesehatan",Informatika,2020.0,TRX002553,BK00107,10/21/2023,11/4/2023,11/2/2023,Dikembalikan
1584,USR00174,"Puti Jasmin Halim, M.M.",Mahasiswa,"Fakultas Sains, Teknologi, & Kesehatan",Informatika,2020.0,TRX002605,BK00170,9/17/2024,10/1/2024,10/3/2024,Terlambat
1585,USR00174,"Puti Jasmin Halim, M.M.",Mahasiswa,"Fakultas Sains, Teknologi, & Kesehatan",Informatika,2020.0,TRX002654,BK00220,10/17/2025,10/31/2025,10/24/2025,Dikembalikan
1586,USR00174,"Puti Jasmin Halim, M.M.",Mahasiswa,"Fakultas Sains, Teknologi, & Kesehatan",Informatika,2020.0,TRX002696,BK00708,6/1/2025,6/15/2025,6/6/2025,Dikembalikan
1587,USR00175,Daliman Melani,Mahasiswa,"Fakultas Sosial, Humaniora, & Seni",Administrasi Bisnis,2023.0,TRX000432,BK01011,8/18/2023,9/1/2023,8/30/2023,Dikembalikan
1588,USR00175,Daliman Melani,Mahasiswa,"Fakultas Sosial, Humaniora, & Seni",Administrasi Bisnis,2023.0,TRX000442,BK01247,5/27/2025,6/10/2025,6/9/2025,Dikembalikan
1589,USR00175,Daliman Melani,Mahasiswa,"Fakultas Sosial, Humaniora, & Seni",Administrasi Bisnis,2023.0,TRX000944,BK01079,1/8/2025,1/22/2025,1/19/2025,Dikembalikan
1590,USR00175,Daliman Melani,Mahasiswa,"Fakultas Sosial, Humaniora, & Seni",Administrasi Bisnis,2023.0,TRX002145,BK01047,5/2/2025,5/16/2025,5/17/2025,Terlambat
1591,USR00175,Daliman Melani,Mahasiswa,"Fakultas Sosial, Humaniora, & Seni",Administrasi Bisnis,2023.0,TRX002183,BK01057,1/10/2023,1/24/2023,1/22/2023,Dikembalikan
1592,USR00175,Daliman Melani,Mahasiswa,"Fakultas Sosial, Humaniora, & Seni",Administrasi Bisnis,2023.0,TRX002261,BK00615,6/7/2025,6/21/2025,6/15/2025,Dikembalikan
1593,USR00175,Daliman Melani,Mahasiswa,"Fakultas Sosial, Humaniora, & Seni",Administrasi Bisnis,2023.0,TRX002704,BK01036,9/18/2023,10/2/2023,9/30/2023,Dikembalikan
1594,USR00175,Daliman Melani,Mahasiswa,"Fakultas Sosial, Humaniora, & Seni",Administrasi Bisnis,2023.0,TRX003088,BK01049,2/2/2023,2/16/2023,2/8/2023,Dikembalikan
1595,USR00175,Daliman Melani,Mahasiswa,"Fakultas Sosial, Humaniora, & Seni",Administrasi Bisnis,2023.0,TRX003189,BK00849,12/19/2024,1/2/2025,12/29/2024,Dikembalikan
1596,USR00176,Hasan Hartati,Mahasiswa,"Fakultas Sains, Teknologi, & Kesehatan",Farmasi,2022.0,TRX000251,BK00673,3/19/2024,4/2/2024,4/5/2024,Terlambat
1597,USR00176,Hasan Hartati,Mahasiswa,"Fakultas Sains, Teknologi, & Kesehatan",Farmasi,2022.0,TRX000616,BK00706,8/12/2023,8/26/2023,8/26/2023,Dikembalikan
1598,USR00176,Hasan Hartati,Mahasiswa,"Fakultas Sains, Teknologi, & Kesehatan",Farmasi,2022.0,TRX001254,BK00620,9/27/2024,10/11/2024,10/18/2024,Terlambat
1599,USR00176,Hasan Hartati,Mahasiswa,"Fakultas Sains, Teknologi, & Kesehatan",Farmasi,2022.0,TRX001488,BK00635,6/22/2025,7/6/2025,6/27/2025,Dikembalikan
1600,USR00176,Hasan Hartati,Mahasiswa,"Fakultas Sains, Teknologi, & Kesehatan",Farmasi,2022.0,TRX002491,BK00367,9/19/2025,10/3/2025,9/23/2025,Dikembalikan
1601,USR00176,Hasan Hartati,Mahasiswa,"Fakultas Sains, Teknologi, & Kesehatan",Farmasi,2022.0,TRX003392,BK00709,6/6/2023,6/20/2023,6/14/2023,Dikembalikan
1602,USR00176,Hasan Hartati,Mahasiswa,"Fakultas Sains, Teknologi, & Kesehatan",Farmasi,2022.0,TRX003416,BK00543,11/3/2025,11/17/2025,11/15/2025,Dikembalikan
1603,USR00177,Dirja Habibi,Mahasiswa,"Fakultas Sains, Teknologi, & Kesehatan",Profesi Ners,2020.0,TRX000144,BK00776,7/4/2025,7/18/2025,7/9/2025,Dikembalikan
1604,USR00177,Dirja Habibi,Mahasiswa,"Fakultas Sains, Teknologi, & Kesehatan",Profesi Ners,2020.0,TRX000595,BK01260,4/15/2025,4/29/2025,5/6/2025,Terlambat
1605,USR00177,Dirja Habibi,Mahasiswa,"Fakultas Sains, Teknologi, & Kesehatan",Profesi Ners,2020.0,TRX001187,BK01095,7/16/2024,7/30/2024,7/21/2024,Dikembalikan
1606,USR00177,Dirja Habibi,Mahasiswa,"Fakultas Sains, Teknologi, & Kesehatan",Profesi Ners,2020.0,TRX001876,BK00611,6/2/2023,6/16/2023,6/10/2023,Dikembalikan
1607,USR00177,Dirja Habibi,Mahasiswa,"Fakultas Sains, Teknologi, & Kesehatan",Profesi Ners,2020.0,TRX001933,BK00774,12/2/2024,12/16/2024,12/23/2024,Terlambat
1608,USR00177,Dirja Habibi,Mahasiswa,"Fakultas Sains, Teknologi, & Kesehatan",Profesi Ners,2020.0,TRX001981,BK00784,12/3/2025,12/17/2025,12/22/2025,Terlambat
1609,USR00177,Dirja Habibi,Mahasiswa,"Fakultas Sains, Teknologi, & Kesehatan",Profesi Ners,2020.0,TRX002276,BK00738,10/24/2024,11/7/2024,11/12/2024,Terlambat
1610,USR00177,Dirja Habibi,Mahasiswa,"Fakultas Sains, Teknologi, & Kesehatan",Profesi Ners,2020.0,TRX002691,BK00477,11/28/2024,12/12/2024,12/17/2024,Terlambat
1611,USR00177,Dirja Habibi,Mahasiswa,"Fakultas Sains, Teknologi, & Kesehatan",Profesi Ners,2020.0,TRX002793,BK00774,5/9/2024,5/23/2024,5/21/2024,Dikembalikan
1612,USR00177,Dirja Habibi,Mahasiswa,"Fakultas Sains, Teknologi, & Kesehatan",Profesi Ners,2020.0,TRX003085,BK00302,7/4/2025,7/18/2025,7/15/2025,Dikembalikan
1613,USR00177,Dirja Habibi,Mahasiswa,"Fakultas Sains, Teknologi, & Kesehatan",Profesi Ners,2020.0,TRX003165,BK00224,10/12/2025,10/26/2025,10/28/2025,Terlambat
1614,USR00177,Dirja Habibi,Mahasiswa,"Fakultas Sains, Teknologi, & Kesehatan",Profesi Ners,2020.0,TRX003255,BK00322,12/1/2023,12/15/2023,12/22/2023,Terlambat
1615,USR00177,Dirja Habibi,Mahasiswa,"Fakultas Sains, Teknologi, & Kesehatan",Profesi Ners,2020.0,TRX003382,BK00739,9/15/2024,9/29/2024,9/30/2024,Terlambat
1616,USR00178,Tania Pradana,Mahasiswa,"Fakultas Sains, Teknologi, & Kesehatan",Profesi Ners,2025.0,TRX000121,BK00251,2/22/2025,3/8/2025,3/9/2025,Terlambat
1617,USR00178,Tania Pradana,Mahasiswa,"Fakultas Sains, Teknologi, & Kesehatan",Profesi Ners,2025.0,TRX001372,BK00711,4/11/2023,4/25/2023,4/15/2023,Dikembalikan
1618,USR00178,Tania Pradana,Mahasiswa,"Fakultas Sains, Teknologi, & Kesehatan",Profesi Ners,2025.0,TRX001487,BK00778,2/11/2024,2/25/2024,2/19/2024,Dikembalikan
1619,USR00178,Tania Pradana,Mahasiswa,"Fakultas Sains, Teknologi, & Kesehatan",Profesi Ners,2025.0,TRX001832,BK00768,12/2/2023,12/16/2023,12/22/2023,Terlambat
1620,USR00178,Tania Pradana,Mahasiswa,"Fakultas Sains, Teknologi, & Kesehatan",Profesi Ners,2025.0,TRX002003,BK00752,10/1/2025,10/15/2025,10/18/2025,Terlambat
1621,USR00178,Tania Pradana,Mahasiswa,"Fakultas Sains, Teknologi, & Kesehatan",Profesi Ners,2025.0,TRX002212,BK00687,12/29/2025,1/12/2026,,Dipinjam
1622,USR00178,Tania Pradana,Mahasiswa,"Fakultas Sains, Teknologi, & Kesehatan",Profesi Ners,2025.0,TRX002419,BK00628,5/24/2025,6/7/2025,6/1/2025,Dikembalikan
1623,USR00178,Tania Pradana,Mahasiswa,"Fakultas Sains, Teknologi, & Kesehatan",Profesi Ners,2025.0,TRX002821,BK00735,4/27/2025,5/11/2025,5/5/2025,Dikembalikan
1624,USR00178,Tania Pradana,Mahasiswa,"Fakultas Sains, Teknologi, & Kesehatan",Profesi Ners,2025.0,TRX002875,BK00423,1/30/2024,2/13/2024,2/14/2024,Terlambat
1625,USR00179,Cindy Hardiansyah,Mahasiswa,"Fakultas Sains, Teknologi, & Kesehatan",Keperawatan,2022.0,TRX000230,BK00555,8/7/2023,8/21/2023,8/16/2023,Dikembalikan
1626,USR00179,Cindy Hardiansyah,Mahasiswa,"Fakultas Sains, Teknologi, & Kesehatan",Keperawatan,2022.0,TRX001111,BK00553,12/29/2024,1/12/2025,1/5/2025,Dikembalikan
1627,USR00179,Cindy Hardiansyah,Mahasiswa,"Fakultas Sains, Teknologi, & Kesehatan",Keperawatan,2022.0,TRX001325,BK00550,9/8/2025,9/22/2025,9/22/2025,Dikembalikan
1628,USR00179,Cindy Hardiansyah,Mahasiswa,"Fakultas Sains, Teknologi, & Kesehatan",Keperawatan,2022.0,TRX001775,BK00532,9/17/2024,10/1/2024,10/8/2024,Terlambat
1629,USR00179,Cindy Hardiansyah,Mahasiswa,"Fakultas Sains, Teknologi, & Kesehatan",Keperawatan,2022.0,TRX002278,BK00521,8/1/2024,8/15/2024,8/4/2024,Dikembalikan
1630,USR00179,Cindy Hardiansyah,Mahasiswa,"Fakultas Sains, Teknologi, & Kesehatan",Keperawatan,2022.0,TRX002798,BK00538,7/23/2024,8/6/2024,8/4/2024,Dikembalikan
1631,USR00179,Cindy Hardiansyah,Mahasiswa,"Fakultas Sains, Teknologi, & Kesehatan",Keperawatan,2022.0,TRX003122,BK00512,9/4/2025,9/18/2025,9/19/2025,Terlambat
1632,USR00179,Cindy Hardiansyah,Mahasiswa,"Fakultas Sains, Teknologi, & Kesehatan",Keperawatan,2022.0,TRX003305,BK00525,6/15/2025,6/29/2025,6/21/2025,Dikembalikan
1633,USR00180,"Tgk. Karen Nuraini, S.T.",Mahasiswa,"Fakultas Sains, Teknologi, & Kesehatan",Informatika,2022.0,TRX000532,BK00006,7/30/2025,8/13/2025,8/8/2025,Dikembalikan
1634,USR00180,"Tgk. Karen Nuraini, S.T.",Mahasiswa,"Fakultas Sains, Teknologi, & Kesehatan",Informatika,2022.0,TRX001082,BK00013,4/11/2024,4/25/2024,4/24/2024,Dikembalikan
1635,USR00180,"Tgk. Karen Nuraini, S.T.",Mahasiswa,"Fakultas Sains, Teknologi, & Kesehatan",Informatika,2022.0,TRX001677,BK00043,8/15/2024,8/29/2024,8/26/2024,Dikembalikan
1636,USR00180,"Tgk. Karen Nuraini, S.T.",Mahasiswa,"Fakultas Sains, Teknologi, & Kesehatan",Informatika,2022.0,TRX001717,BK00054,12/18/2023,1/1/2024,12/30/2023,Dikembalikan
1637,USR00180,"Tgk. Karen Nuraini, S.T.",Mahasiswa,"Fakultas Sains, Teknologi, & Kesehatan",Informatika,2022.0,TRX002189,BK00036,3/26/2024,4/9/2024,3/29/2024,Dikembalikan
1638,USR00180,"Tgk. Karen Nuraini, S.T.",Mahasiswa,"Fakultas Sains, Teknologi, & Kesehatan",Informatika,2022.0,TRX002432,BK00250,3/28/2024,4/11/2024,4/4/2024,Dikembalikan
1639,USR00181,Ifa Pangestu,Mahasiswa,"Fakultas Sains, Teknologi, & Kesehatan",Keperawatan,2021.0,TRX000172,BK00532,8/31/2025,9/14/2025,9/7/2025,Dikembalikan
1640,USR00181,Ifa Pangestu,Mahasiswa,"Fakultas Sains, Teknologi, & Kesehatan",Keperawatan,2021.0,TRX000747,BK00256,1/6/2024,1/20/2024,1/22/2024,Terlambat
1641,USR00181,Ifa Pangestu,Mahasiswa,"Fakultas Sains, Teknologi, & Kesehatan",Keperawatan,2021.0,TRX000813,BK00139,3/3/2025,3/17/2025,3/10/2025,Dikembalikan
1642,USR00181,Ifa Pangestu,Mahasiswa,"Fakultas Sains, Teknologi, & Kesehatan",Keperawatan,2021.0,TRX000927,BK00554,10/29/2023,11/12/2023,11/11/2023,Dikembalikan
1643,USR00181,Ifa Pangestu,Mahasiswa,"Fakultas Sains, Teknologi, & Kesehatan",Keperawatan,2021.0,TRX001240,BK00476,5/7/2025,5/21/2025,5/26/2025,Terlambat
1644,USR00181,Ifa Pangestu,Mahasiswa,"Fakultas Sains, Teknologi, & Kesehatan",Keperawatan,2021.0,TRX001942,BK00556,5/16/2023,5/30/2023,6/3/2023,Terlambat
1645,USR00181,Ifa Pangestu,Mahasiswa,"Fakultas Sains, Teknologi, & Kesehatan",Keperawatan,2021.0,TRX002379,BK00484,4/21/2023,5/5/2023,5/5/2023,Dikembalikan
1646,USR00181,Ifa Pangestu,Mahasiswa,"Fakultas Sains, Teknologi, & Kesehatan",Keperawatan,2021.0,TRX002557,BK00544,12/20/2025,1/3/2026,,Dipinjam
1647,USR00181,Ifa Pangestu,Mahasiswa,"Fakultas Sains, Teknologi, & Kesehatan",Keperawatan,2021.0,TRX002718,BK00502,6/5/2024,6/19/2024,6/16/2024,Dikembalikan
1648,USR00181,Ifa Pangestu,Mahasiswa,"Fakultas Sains, Teknologi, & Kesehatan",Keperawatan,2021.0,TRX003104,BK00526,5/28/2025,6/11/2025,6/13/2025,Terlambat
1649,USR00181,Ifa Pangestu,Mahasiswa,"Fakultas Sains, Teknologi, & Kesehatan",Keperawatan,2021.0,TRX003310,BK00546,7/29/2025,8/12/2025,8/14/2025,Terlambat
1650,USR00182,"dr. Cayadi Latupono, S.Kom",Mahasiswa,"Fakultas Sains, Teknologi, & Kesehatan",Keperawatan,2023.0,TRX000102,BK00504,8/15/2023,8/29/2023,8/30/2023,Terlambat
1651,USR00182,"dr. Cayadi Latupono, S.Kom",Mahasiswa,"Fakultas Sains, Teknologi, & Kesehatan",Keperawatan,2023.0,TRX000267,BK00474,3/9/2023,3/23/2023,3/30/2023,Terlambat
1652,USR00182,"dr. Cayadi Latupono, S.Kom",Mahasiswa,"Fakultas Sains, Teknologi, & Kesehatan",Keperawatan,2023.0,TRX000511,BK00294,4/24/2023,5/8/2023,5/6/2023,Dikembalikan
1653,USR00182,"dr. Cayadi Latupono, S.Kom",Mahasiswa,"Fakultas Sains, Teknologi, & Kesehatan",Keperawatan,2023.0,TRX000535,BK00481,2/7/2025,2/21/2025,2/28/2025,Terlambat
1654,USR00182,"dr. Cayadi Latupono, S.Kom",Mahasiswa,"Fakultas Sains, Teknologi, & Kesehatan",Keperawatan,2023.0,TRX000545,BK00509,4/27/2025,5/11/2025,5/14/2025,Terlambat
1655,USR00182,"dr. Cayadi Latupono, S.Kom",Mahasiswa,"Fakultas Sains, Teknologi, & Kesehatan",Keperawatan,2023.0,TRX001004,BK00630,3/7/2025,3/21/2025,3/23/2025,Terlambat
1656,USR00182,"dr. Cayadi Latupono, S.Kom",Mahasiswa,"Fakultas Sains, Teknologi, & Kesehatan",Keperawatan,2023.0,TRX001129,BK00582,12/24/2024,1/7/2025,1/8/2025,Terlambat
1657,USR00182,"dr. Cayadi Latupono, S.Kom",Mahasiswa,"Fakultas Sains, Teknologi, & Kesehatan",Keperawatan,2023.0,TRX001735,BK00545,9/19/2023,10/3/2023,9/30/2023,Dikembalikan
1658,USR00182,"dr. Cayadi Latupono, S.Kom",Mahasiswa,"Fakultas Sains, Teknologi, & Kesehatan",Keperawatan,2023.0,TRX001916,BK00484,10/8/2023,10/22/2023,10/23/2023,Terlambat
1659,USR00182,"dr. Cayadi Latupono, S.Kom",Mahasiswa,"Fakultas Sains, Teknologi, & Kesehatan",Keperawatan,2023.0,TRX002077,BK00501,7/5/2025,7/19/2025,7/8/2025,Dikembalikan
1660,USR00182,"dr. Cayadi Latupono, S.Kom",Mahasiswa,"Fakultas Sains, Teknologi, & Kesehatan",Keperawatan,2023.0,TRX002335,BK00510,8/16/2024,8/30/2024,9/1/2024,Terlambat
1661,USR00182,"dr. Cayadi Latupono, S.Kom",Mahasiswa,"Fakultas Sains, Teknologi, & Kesehatan",Keperawatan,2023.0,TRX002954,BK00514,5/31/2024,6/14/2024,6/10/2024,Dikembalikan
1662,USR00182,"dr. Cayadi Latupono, S.Kom",Mahasiswa,"Fakultas Sains, Teknologi, & Kesehatan",Keperawatan,2023.0,TRX002992,BK00510,12/22/2024,1/5/2025,12/31/2024,Dikembalikan
1663,USR00183,Agus Pratiwi,Mahasiswa,"Fakultas Sosial, Humaniora, & Seni",Ilmu Komunikasi,2022.0,TRX000039,BK00867,10/24/2024,11/7/2024,11/11/2024,Terlambat
1664,USR00183,Agus Pratiwi,Mahasiswa,"Fakultas Sosial, Humaniora, & Seni",Ilmu Komunikasi,2022.0,TRX000147,BK01374,12/12/2023,12/26/2023,1/2/2024,Terlambat
1665,USR00183,Agus Pratiwi,Mahasiswa,"Fakultas Sosial, Humaniora, & Seni",Ilmu Komunikasi,2022.0,TRX001086,BK01055,7/8/2024,7/22/2024,7/19/2024,Dikembalikan
1666,USR00183,Agus Pratiwi,Mahasiswa,"Fakultas Sosial, Humaniora, & Seni",Ilmu Komunikasi,2022.0,TRX001269,BK01338,6/12/2023,6/26/2023,6/30/2023,Terlambat
1667,USR00183,Agus Pratiwi,Mahasiswa,"Fakultas Sosial, Humaniora, & Seni",Ilmu Komunikasi,2022.0,TRX001312,BK00870,10/9/2023,10/23/2023,10/13/2023,Dikembalikan
1668,USR00183,Agus Pratiwi,Mahasiswa,"Fakultas Sosial, Humaniora, & Seni",Ilmu Komunikasi,2022.0,TRX001573,BK01305,1/3/2025,1/17/2025,1/11/2025,Dikembalikan
1669,USR00183,Agus Pratiwi,Mahasiswa,"Fakultas Sosial, Humaniora, & Seni",Ilmu Komunikasi,2022.0,TRX001902,BK01277,1/29/2023,2/12/2023,2/16/2023,Terlambat
1670,USR00183,Agus Pratiwi,Mahasiswa,"Fakultas Sosial, Humaniora, & Seni",Ilmu Komunikasi,2022.0,TRX002431,BK00824,8/18/2025,9/1/2025,8/31/2025,Dikembalikan
1671,USR00183,Agus Pratiwi,Mahasiswa,"Fakultas Sosial, Humaniora, & Seni",Ilmu Komunikasi,2022.0,TRX002939,BK01250,6/25/2025,7/9/2025,6/28/2025,Dikembalikan
1672,USR00183,Agus Pratiwi,Mahasiswa,"Fakultas Sosial, Humaniora, & Seni",Ilmu Komunikasi,2022.0,TRX002983,BK00986,8/6/2023,8/20/2023,8/10/2023,Dikembalikan
1673,USR00184,Elvina Tampubolon,Mahasiswa,"Fakultas Sains, Teknologi, & Kesehatan",Teknik Industri,2022.0,TRX000638,BK00336,9/3/2025,9/17/2025,9/22/2025,Terlambat
1674,USR00184,Elvina Tampubolon,Mahasiswa,"Fakultas Sains, Teknologi, & Kesehatan",Teknik Industri,2022.0,TRX000677,BK00382,9/15/2023,9/29/2023,9/22/2023,Dikembalikan
1675,USR00184,Elvina Tampubolon,Mahasiswa,"Fakultas Sains, Teknologi, & Kesehatan",Teknik Industri,2022.0,TRX001024,BK00103,5/1/2025,5/15/2025,5/16/2025,Terlambat
1676,USR00184,Elvina Tampubolon,Mahasiswa,"Fakultas Sains, Teknologi, & Kesehatan",Teknik Industri,2022.0,TRX001319,BK00358,3/30/2023,4/13/2023,4/3/2023,Dikembalikan
1677,USR00184,Elvina Tampubolon,Mahasiswa,"Fakultas Sains, Teknologi, & Kesehatan",Teknik Industri,2022.0,TRX001363,BK00999,11/15/2024,11/29/2024,12/6/2024,Terlambat
1678,USR00184,Elvina Tampubolon,Mahasiswa,"Fakultas Sains, Teknologi, & Kesehatan",Teknik Industri,2022.0,TRX001701,BK00382,12/10/2024,12/24/2024,12/27/2024,Terlambat
1679,USR00184,Elvina Tampubolon,Mahasiswa,"Fakultas Sains, Teknologi, & Kesehatan",Teknik Industri,2022.0,TRX002644,BK00428,12/26/2024,1/9/2025,12/30/2024,Dikembalikan
1680,USR00184,Elvina Tampubolon,Mahasiswa,"Fakultas Sains, Teknologi, & Kesehatan",Teknik Industri,2022.0,TRX003024,BK00097,2/10/2023,2/24/2023,2/25/2023,Terlambat
1681,USR00184,Elvina Tampubolon,Mahasiswa,"Fakultas Sains, Teknologi, & Kesehatan",Teknik Industri,2022.0,TRX003074,BK00392,2/12/2025,2/26/2025,2/18/2025,Dikembalikan
1682,USR00184,Elvina Tampubolon,Mahasiswa,"Fakultas Sains, Teknologi, & Kesehatan",Teknik Industri,2022.0,TRX003275,BK00220,4/8/2025,4/22/2025,4/22/2025,Dikembalikan
1683,USR00184,Elvina Tampubolon,Mahasiswa,"Fakultas Sains, Teknologi, & Kesehatan",Teknik Industri,2022.0,TRX003460,BK00389,3/1/2023,3/15/2023,3/19/2023,Terlambat
1684,USR00185,Dr. Murti Thamrin,Mahasiswa,"Fakultas Sains, Teknologi, & Kesehatan",Profesi Ners,2025.0,TRX000114,BK00773,6/22/2025,7/6/2025,7/12/2025,Terlambat
1685,USR00185,Dr. Murti Thamrin,Mahasiswa,"Fakultas Sains, Teknologi, & Kesehatan",Profesi Ners,2025.0,TRX000413,BK00500,3/14/2025,3/28/2025,3/30/2025,Terlambat
1686,USR00185,Dr. Murti Thamrin,Mahasiswa,"Fakultas Sains, Teknologi, & Kesehatan",Profesi Ners,2025.0,TRX000637,BK00546,10/14/2025,10/28/2025,10/27/2025,Dikembalikan
1687,USR00185,Dr. Murti Thamrin,Mahasiswa,"Fakultas Sains, Teknologi, & Kesehatan",Profesi Ners,2025.0,TRX000659,BK00764,5/23/2024,6/6/2024,5/26/2024,Dikembalikan
1688,USR00185,Dr. Murti Thamrin,Mahasiswa,"Fakultas Sains, Teknologi, & Kesehatan",Profesi Ners,2025.0,TRX001334,BK00724,10/22/2023,11/5/2023,11/8/2023,Terlambat
1689,USR00185,Dr. Murti Thamrin,Mahasiswa,"Fakultas Sains, Teknologi, & Kesehatan",Profesi Ners,2025.0,TRX001676,BK00785,9/9/2023,9/23/2023,9/18/2023,Dikembalikan
1690,USR00185,Dr. Murti Thamrin,Mahasiswa,"Fakultas Sains, Teknologi, & Kesehatan",Profesi Ners,2025.0,TRX001918,BK00748,12/8/2024,12/22/2024,12/29/2024,Terlambat
1691,USR00185,Dr. Murti Thamrin,Mahasiswa,"Fakultas Sains, Teknologi, & Kesehatan",Profesi Ners,2025.0,TRX002476,BK00757,10/17/2024,10/31/2024,10/30/2024,Dikembalikan
1692,USR00185,Dr. Murti Thamrin,Mahasiswa,"Fakultas Sains, Teknologi, & Kesehatan",Profesi Ners,2025.0,TRX002693,BK00558,4/25/2024,5/9/2024,5/4/2024,Dikembalikan
1693,USR00185,Dr. Murti Thamrin,Mahasiswa,"Fakultas Sains, Teknologi, & Kesehatan",Profesi Ners,2025.0,TRX002899,BK00756,11/10/2025,11/24/2025,11/28/2025,Terlambat
1694,USR00185,Dr. Murti Thamrin,Mahasiswa,"Fakultas Sains, Teknologi, & Kesehatan",Profesi Ners,2025.0,TRX003289,BK00773,3/25/2025,4/8/2025,4/12/2025,Terlambat
1695,USR00186,Maria Aryani,Mahasiswa,"Fakultas Sains, Teknologi, & Kesehatan",Keperawatan,2024.0,TRX000231,BK00513,4/7/2023,4/21/2023,4/24/2023,Terlambat
1696,USR00186,Maria Aryani,Mahasiswa,"Fakultas Sains, Teknologi, & Kesehatan",Keperawatan,2024.0,TRX000398,BK00514,5/24/2024,6/7/2024,6/2/2024,Dikembalikan
1697,USR00186,Maria Aryani,Mahasiswa,"Fakultas Sains, Teknologi, & Kesehatan",Keperawatan,2024.0,TRX000414,BK00521,7/22/2024,8/5/2024,8/7/2024,Terlambat
1698,USR00186,Maria Aryani,Mahasiswa,"Fakultas Sains, Teknologi, & Kesehatan",Keperawatan,2024.0,TRX000743,BK00498,9/16/2024,9/30/2024,10/1/2024,Terlambat
1699,USR00186,Maria Aryani,Mahasiswa,"Fakultas Sains, Teknologi, & Kesehatan",Keperawatan,2024.0,TRX001201,BK00541,11/30/2024,12/14/2024,12/3/2024,Dikembalikan
1700,USR00186,Maria Aryani,Mahasiswa,"Fakultas Sains, Teknologi, & Kesehatan",Keperawatan,2024.0,TRX001601,BK00481,8/20/2024,9/3/2024,9/2/2024,Dikembalikan
1701,USR00186,Maria Aryani,Mahasiswa,"Fakultas Sains, Teknologi, & Kesehatan",Keperawatan,2024.0,TRX001780,BK00903,2/11/2025,2/25/2025,2/23/2025,Dikembalikan
1702,USR00186,Maria Aryani,Mahasiswa,"Fakultas Sains, Teknologi, & Kesehatan",Keperawatan,2024.0,TRX002867,BK00528,12/5/2023,12/19/2023,12/18/2023,Dikembalikan
1703,USR00187,Tgk. Najwa Dabukke,Mahasiswa,"Fakultas Sains, Teknologi, & Kesehatan",Farmasi,2022.0,TRX000266,BK00680,4/17/2024,5/1/2024,4/20/2024,Dikembalikan
1704,USR00187,Tgk. Najwa Dabukke,Mahasiswa,"Fakultas Sains, Teknologi, & Kesehatan",Farmasi,2022.0,TRX000678,BK00615,1/8/2024,1/22/2024,1/25/2024,Terlambat
1705,USR00187,Tgk. Najwa Dabukke,Mahasiswa,"Fakultas Sains, Teknologi, & Kesehatan",Farmasi,2022.0,TRX000991,BK00569,12/19/2024,1/2/2025,1/3/2025,Terlambat
1706,USR00187,Tgk. Najwa Dabukke,Mahasiswa,"Fakultas Sains, Teknologi, & Kesehatan",Farmasi,2022.0,TRX001542,BK00786,5/16/2025,5/30/2025,6/4/2025,Terlambat
1707,USR00187,Tgk. Najwa Dabukke,Mahasiswa,"Fakultas Sains, Teknologi, & Kesehatan",Farmasi,2022.0,TRX002162,BK00863,10/6/2023,10/20/2023,10/17/2023,Dikembalikan
1708,USR00187,Tgk. Najwa Dabukke,Mahasiswa,"Fakultas Sains, Teknologi, & Kesehatan",Farmasi,2022.0,TRX002203,BK00596,10/14/2025,10/28/2025,10/27/2025,Dikembalikan
1709,USR00187,Tgk. Najwa Dabukke,Mahasiswa,"Fakultas Sains, Teknologi, & Kesehatan",Farmasi,2022.0,TRX003479,BK00626,9/28/2025,10/12/2025,10/3/2025,Dikembalikan
1710,USR00188,Banawa Purwanti,Mahasiswa,"Fakultas Sosial, Humaniora, & Seni",Administrasi Bisnis,2022.0,TRX000261,BK01128,1/15/2024,1/29/2024,1/21/2024,Dikembalikan
1711,USR00188,Banawa Purwanti,Mahasiswa,"Fakultas Sosial, Humaniora, & Seni",Administrasi Bisnis,2022.0,TRX000443,BK01167,9/3/2025,9/17/2025,9/21/2025,Terlambat
1712,USR00188,Banawa Purwanti,Mahasiswa,"Fakultas Sosial, Humaniora, & Seni",Administrasi Bisnis,2022.0,TRX000612,BK00016,4/2/2024,4/16/2024,4/5/2024,Dikembalikan
1713,USR00188,Banawa Purwanti,Mahasiswa,"Fakultas Sosial, Humaniora, & Seni",Administrasi Bisnis,2022.0,TRX001217,BK01150,11/2/2025,11/16/2025,11/12/2025,Dikembalikan
1714,USR00188,Banawa Purwanti,Mahasiswa,"Fakultas Sosial, Humaniora, & Seni",Administrasi Bisnis,2022.0,TRX001244,BK01098,1/31/2023,2/14/2023,2/12/2023,Dikembalikan
1715,USR00188,Banawa Purwanti,Mahasiswa,"Fakultas Sosial, Humaniora, & Seni",Administrasi Bisnis,2022.0,TRX002487,BK01044,11/11/2024,11/25/2024,11/27/2024,Terlambat
1716,USR00188,Banawa Purwanti,Mahasiswa,"Fakultas Sosial, Humaniora, & Seni",Administrasi Bisnis,2022.0,TRX002768,BK01043,8/30/2025,9/13/2025,9/14/2025,Terlambat
1717,USR00188,Banawa Purwanti,Mahasiswa,"Fakultas Sosial, Humaniora, & Seni",Administrasi Bisnis,2022.0,TRX002909,BK01133,4/15/2023,4/29/2023,4/29/2023,Dikembalikan
1718,USR00188,Banawa Purwanti,Mahasiswa,"Fakultas Sosial, Humaniora, & Seni",Administrasi Bisnis,2022.0,TRX002972,BK01153,1/9/2023,1/23/2023,1/24/2023,Terlambat
1719,USR00189,Ganda Napitupulu,Mahasiswa,"Fakultas Sains, Teknologi, & Kesehatan",Teknik Industri,2020.0,TRX000283,BK00351,10/6/2025,10/20/2025,10/24/2025,Terlambat
1720,USR00189,Ganda Napitupulu,Mahasiswa,"Fakultas Sains, Teknologi, & Kesehatan",Teknik Industri,2020.0,TRX000344,BK00360,2/18/2024,3/3/2024,2/21/2024,Dikembalikan
1721,USR00189,Ganda Napitupulu,Mahasiswa,"Fakultas Sains, Teknologi, & Kesehatan",Teknik Industri,2020.0,TRX000507,BK00688,11/15/2024,11/29/2024,12/6/2024,Terlambat
1722,USR00189,Ganda Napitupulu,Mahasiswa,"Fakultas Sains, Teknologi, & Kesehatan",Teknik Industri,2020.0,TRX000517,BK00503,2/9/2025,2/23/2025,2/22/2025,Dikembalikan
1723,USR00189,Ganda Napitupulu,Mahasiswa,"Fakultas Sains, Teknologi, & Kesehatan",Teknik Industri,2020.0,TRX000562,BK00350,12/6/2024,12/20/2024,12/27/2024,Terlambat
1724,USR00189,Ganda Napitupulu,Mahasiswa,"Fakultas Sains, Teknologi, & Kesehatan",Teknik Industri,2020.0,TRX000624,BK00768,3/27/2024,4/10/2024,4/5/2024,Dikembalikan
1725,USR00189,Ganda Napitupulu,Mahasiswa,"Fakultas Sains, Teknologi, & Kesehatan",Teknik Industri,2020.0,TRX000926,BK00316,10/11/2025,10/25/2025,10/28/2025,Terlambat
1726,USR00189,Ganda Napitupulu,Mahasiswa,"Fakultas Sains, Teknologi, & Kesehatan",Teknik Industri,2020.0,TRX001116,BK00332,2/21/2023,3/7/2023,2/25/2023,Dikembalikan
1727,USR00189,Ganda Napitupulu,Mahasiswa,"Fakultas Sains, Teknologi, & Kesehatan",Teknik Industri,2020.0,TRX001384,BK00333,9/25/2023,10/9/2023,10/1/2023,Dikembalikan
1728,USR00189,Ganda Napitupulu,Mahasiswa,"Fakultas Sains, Teknologi, & Kesehatan",Teknik Industri,2020.0,TRX001619,BK00393,11/17/2023,12/1/2023,11/23/2023,Dikembalikan
1729,USR00189,Ganda Napitupulu,Mahasiswa,"Fakultas Sains, Teknologi, & Kesehatan",Teknik Industri,2020.0,TRX001923,BK00335,9/22/2025,10/6/2025,10/3/2025,Dikembalikan
1730,USR00189,Ganda Napitupulu,Mahasiswa,"Fakultas Sains, Teknologi, & Kesehatan",Teknik Industri,2020.0,TRX003159,BK00378,11/19/2025,12/3/2025,12/8/2025,Terlambat
1731,USR00189,Ganda Napitupulu,Mahasiswa,"Fakultas Sains, Teknologi, & Kesehatan",Teknik Industri,2020.0,TRX003166,BK00191,5/29/2023,6/12/2023,6/19/2023,Terlambat
1732,USR00189,Ganda Napitupulu,Mahasiswa,"Fakultas Sains, Teknologi, & Kesehatan",Teknik Industri,2020.0,TRX003239,BK00576,11/14/2023,11/28/2023,11/28/2023,Dikembalikan
1733,USR00189,Ganda Napitupulu,Mahasiswa,"Fakultas Sains, Teknologi, & Kesehatan",Teknik Industri,2020.0,TRX003375,BK00311,5/18/2024,6/1/2024,5/24/2024,Dikembalikan
1734,USR00189,Ganda Napitupulu,Mahasiswa,"Fakultas Sains, Teknologi, & Kesehatan",Teknik Industri,2020.0,TRX003398,BK01117,10/3/2024,10/17/2024,10/20/2024,Terlambat
1735,USR00190,"Rangga Pangestu, M.Ak",Mahasiswa,"Fakultas Sains, Teknologi, & Kesehatan",Informatika,2023.0,TRX000055,BK00028,6/29/2025,7/13/2025,7/19/2025,Terlambat
1736,USR00190,"Rangga Pangestu, M.Ak",Mahasiswa,"Fakultas Sains, Teknologi, & Kesehatan",Informatika,2023.0,TRX000275,BK00168,11/10/2025,11/24/2025,11/27/2025,Terlambat
1737,USR00190,"Rangga Pangestu, M.Ak",Mahasiswa,"Fakultas Sains, Teknologi, & Kesehatan",Informatika,2023.0,TRX000337,BK00680,1/8/2023,1/22/2023,1/13/2023,Dikembalikan
1738,USR00190,"Rangga Pangestu, M.Ak",Mahasiswa,"Fakultas Sains, Teknologi, & Kesehatan",Informatika,2023.0,TRX000405,BK00566,9/4/2024,9/18/2024,9/17/2024,Dikembalikan
1739,USR00190,"Rangga Pangestu, M.Ak",Mahasiswa,"Fakultas Sains, Teknologi, & Kesehatan",Informatika,2023.0,TRX000784,BK00290,6/28/2024,7/12/2024,7/12/2024,Dikembalikan
1740,USR00190,"Rangga Pangestu, M.Ak",Mahasiswa,"Fakultas Sains, Teknologi, & Kesehatan",Informatika,2023.0,TRX000922,BK00055,4/1/2025,4/15/2025,4/12/2025,Dikembalikan
1741,USR00190,"Rangga Pangestu, M.Ak",Mahasiswa,"Fakultas Sains, Teknologi, & Kesehatan",Informatika,2023.0,TRX001088,BK00238,9/21/2025,10/5/2025,10/10/2025,Terlambat
1742,USR00190,"Rangga Pangestu, M.Ak",Mahasiswa,"Fakultas Sains, Teknologi, & Kesehatan",Informatika,2023.0,TRX001436,BK00059,1/1/2024,1/15/2024,1/9/2024,Dikembalikan
1743,USR00190,"Rangga Pangestu, M.Ak",Mahasiswa,"Fakultas Sains, Teknologi, & Kesehatan",Informatika,2023.0,TRX001602,BK01146,12/13/2025,12/27/2025,12/20/2025,Dikembalikan
1744,USR00190,"Rangga Pangestu, M.Ak",Mahasiswa,"Fakultas Sains, Teknologi, & Kesehatan",Informatika,2023.0,TRX002204,BK00494,3/6/2023,3/20/2023,3/24/2023,Terlambat
1745,USR00190,"Rangga Pangestu, M.Ak",Mahasiswa,"Fakultas Sains, Teknologi, & Kesehatan",Informatika,2023.0,TRX002330,BK00693,8/7/2024,8/21/2024,8/24/2024,Terlambat
1746,USR00190,"Rangga Pangestu, M.Ak",Mahasiswa,"Fakultas Sains, Teknologi, & Kesehatan",Informatika,2023.0,TRX002493,BK00220,4/13/2025,4/27/2025,4/28/2025,Terlambat
1747,USR00191,Endah Farida,Mahasiswa,"Fakultas Sosial, Humaniora, & Seni",Psikologi,2022.0,TRX000201,BK01235,1/6/2023,1/20/2023,1/27/2023,Terlambat
1748,USR00191,Endah Farida,Mahasiswa,"Fakultas Sosial, Humaniora, & Seni",Psikologi,2022.0,TRX000222,BK00981,3/22/2023,4/5/2023,3/28/2023,Dikembalikan
1749,USR00191,Endah Farida,Mahasiswa,"Fakultas Sosial, Humaniora, & Seni",Psikologi,2022.0,TRX000963,BK01177,5/29/2024,6/12/2024,6/2/2024,Dikembalikan
1750,USR00191,Endah Farida,Mahasiswa,"Fakultas Sosial, Humaniora, & Seni",Psikologi,2022.0,TRX001354,BK01231,7/9/2023,7/23/2023,7/26/2023,Terlambat
1751,USR00191,Endah Farida,Mahasiswa,"Fakultas Sosial, Humaniora, & Seni",Psikologi,2022.0,TRX001370,BK01128,3/27/2024,4/10/2024,4/12/2024,Terlambat
1752,USR00191,Endah Farida,Mahasiswa,"Fakultas Sosial, Humaniora, & Seni",Psikologi,2022.0,TRX001509,BK00170,10/28/2023,11/11/2023,11/4/2023,Dikembalikan
1753,USR00191,Endah Farida,Mahasiswa,"Fakultas Sosial, Humaniora, & Seni",Psikologi,2022.0,TRX001807,BK01213,3/27/2025,4/10/2025,4/17/2025,Terlambat
1754,USR00191,Endah Farida,Mahasiswa,"Fakultas Sosial, Humaniora, & Seni",Psikologi,2022.0,TRX001996,BK01204,7/30/2024,8/13/2024,8/14/2024,Terlambat
1755,USR00191,Endah Farida,Mahasiswa,"Fakultas Sosial, Humaniora, & Seni",Psikologi,2022.0,TRX003021,BK00309,11/12/2025,11/26/2025,11/17/2025,Dikembalikan
1756,USR00191,Endah Farida,Mahasiswa,"Fakultas Sosial, Humaniora, & Seni",Psikologi,2022.0,TRX003070,BK01184,7/20/2023,8/3/2023,8/4/2023,Terlambat
1757,USR00191,Endah Farida,Mahasiswa,"Fakultas Sosial, Humaniora, & Seni",Psikologi,2022.0,TRX003126,BK01203,10/16/2024,10/30/2024,10/24/2024,Dikembalikan
1758,USR00191,Endah Farida,Mahasiswa,"Fakultas Sosial, Humaniora, & Seni",Psikologi,2022.0,TRX003139,BK01223,5/11/2023,5/25/2023,5/16/2023,Dikembalikan
1759,USR00192,Zalindra Fujiati,Mahasiswa,"Fakultas Sosial, Humaniora, & Seni",Desain Komunikasi Visual,2023.0,TRX000101,BK00805,11/7/2024,11/21/2024,11/21/2024,Dikembalikan
1760,USR00192,Zalindra Fujiati,Mahasiswa,"Fakultas Sosial, Humaniora, & Seni",Desain Komunikasi Visual,2023.0,TRX000371,BK00823,4/13/2023,4/27/2023,5/4/2023,Terlambat
1761,USR00192,Zalindra Fujiati,Mahasiswa,"Fakultas Sosial, Humaniora, & Seni",Desain Komunikasi Visual,2023.0,TRX000498,BK01021,2/14/2025,2/28/2025,3/7/2025,Terlambat
1762,USR00192,Zalindra Fujiati,Mahasiswa,"Fakultas Sosial, Humaniora, & Seni",Desain Komunikasi Visual,2023.0,TRX000805,BK00859,10/18/2024,11/1/2024,11/7/2024,Terlambat
1763,USR00192,Zalindra Fujiati,Mahasiswa,"Fakultas Sosial, Humaniora, & Seni",Desain Komunikasi Visual,2023.0,TRX000966,BK00834,9/19/2023,10/3/2023,10/3/2023,Dikembalikan
1764,USR00192,Zalindra Fujiati,Mahasiswa,"Fakultas Sosial, Humaniora, & Seni",Desain Komunikasi Visual,2023.0,TRX001477,BK00830,10/28/2024,11/11/2024,11/18/2024,Terlambat
1765,USR00192,Zalindra Fujiati,Mahasiswa,"Fakultas Sosial, Humaniora, & Seni",Desain Komunikasi Visual,2023.0,TRX002024,BK01235,11/6/2024,11/20/2024,11/13/2024,Dikembalikan
1766,USR00192,Zalindra Fujiati,Mahasiswa,"Fakultas Sosial, Humaniora, & Seni",Desain Komunikasi Visual,2023.0,TRX002284,BK00853,7/6/2025,7/20/2025,7/22/2025,Terlambat
1767,USR00192,Zalindra Fujiati,Mahasiswa,"Fakultas Sosial, Humaniora, & Seni",Desain Komunikasi Visual,2023.0,TRX002501,BK00798,4/15/2024,4/29/2024,5/5/2024,Terlambat
1768,USR00192,Zalindra Fujiati,Mahasiswa,"Fakultas Sosial, Humaniora, & Seni",Desain Komunikasi Visual,2023.0,TRX002731,BK00986,3/4/2025,3/18/2025,3/13/2025,Dikembalikan
1769,USR00192,Zalindra Fujiati,Mahasiswa,"Fakultas Sosial, Humaniora, & Seni",Desain Komunikasi Visual,2023.0,TRX003475,BK00984,7/9/2024,7/23/2024,7/26/2024,Terlambat
1770,USR00193,Maya Maryadi,Mahasiswa,"Fakultas Sosial, Humaniora, & Seni",Ilmu Komunikasi,2022.0,TRX000061,BK01277,2/21/2023,3/7/2023,3/4/2023,Dikembalikan
1771,USR00193,Maya Maryadi,Mahasiswa,"Fakultas Sosial, Humaniora, & Seni",Ilmu Komunikasi,2022.0,TRX000082,BK01242,4/21/2024,5/5/2024,5/1/2024,Dikembalikan
1772,USR00193,Maya Maryadi,Mahasiswa,"Fakultas Sosial, Humaniora, & Seni",Ilmu Komunikasi,2022.0,TRX000290,BK00727,7/20/2025,8/3/2025,7/30/2025,Dikembalikan
1773,USR00193,Maya Maryadi,Mahasiswa,"Fakultas Sosial, Humaniora, & Seni",Ilmu Komunikasi,2022.0,TRX001094,BK01267,12/5/2024,12/19/2024,12/22/2024,Terlambat
1774,USR00193,Maya Maryadi,Mahasiswa,"Fakultas Sosial, Humaniora, & Seni",Ilmu Komunikasi,2022.0,TRX002109,BK00895,2/12/2025,2/26/2025,3/5/2025,Terlambat
1775,USR00193,Maya Maryadi,Mahasiswa,"Fakultas Sosial, Humaniora, & Seni",Ilmu Komunikasi,2022.0,TRX003142,BK01296,3/9/2024,3/23/2024,3/27/2024,Terlambat
1776,USR00193,Maya Maryadi,Mahasiswa,"Fakultas Sosial, Humaniora, & Seni",Ilmu Komunikasi,2022.0,TRX003495,BK01254,11/23/2025,12/7/2025,11/29/2025,Dikembalikan
1777,USR00194,Garan Padmasari,Mahasiswa,"Fakultas Sains, Teknologi, & Kesehatan",Informatika,2024.0,TRX000745,BK00565,8/29/2025,9/12/2025,9/6/2025,Dikembalikan
1778,USR00194,Garan Padmasari,Mahasiswa,"Fakultas Sains, Teknologi, & Kesehatan",Informatika,2024.0,TRX000923,BK00049,10/30/2025,11/13/2025,11/9/2025,Dikembalikan
1779,USR00194,Garan Padmasari,Mahasiswa,"Fakultas Sains, Teknologi, & Kesehatan",Informatika,2024.0,TRX000960,BK00485,3/24/2024,4/7/2024,4/11/2024,Terlambat
1780,USR00194,Garan Padmasari,Mahasiswa,"Fakultas Sains, Teknologi, & Kesehatan",Informatika,2024.0,TRX002121,BK00664,10/31/2025,11/14/2025,11/7/2025,Dikembalikan
1781,USR00194,Garan Padmasari,Mahasiswa,"Fakultas Sains, Teknologi, & Kesehatan",Informatika,2024.0,TRX002427,BK00019,1/6/2024,1/20/2024,1/19/2024,Dikembalikan
1782,USR00195,Karna Permadi,Mahasiswa,"Fakultas Sains, Teknologi, & Kesehatan",Teknik Industri,2023.0,TRX000098,BK00334,12/10/2023,12/24/2023,12/16/2023,Dikembalikan
1783,USR00195,Karna Permadi,Mahasiswa,"Fakultas Sains, Teknologi, & Kesehatan",Teknik Industri,2023.0,TRX000658,BK00322,2/24/2023,3/10/2023,3/10/2023,Dikembalikan
1784,USR00195,Karna Permadi,Mahasiswa,"Fakultas Sains, Teknologi, & Kesehatan",Teknik Industri,2023.0,TRX001335,BK00337,12/30/2024,1/13/2025,1/15/2025,Terlambat
1785,USR00195,Karna Permadi,Mahasiswa,"Fakultas Sains, Teknologi, & Kesehatan",Teknik Industri,2023.0,TRX001564,BK00594,11/5/2024,11/19/2024,11/18/2024,Dikembalikan
1786,USR00195,Karna Permadi,Mahasiswa,"Fakultas Sains, Teknologi, & Kesehatan",Teknik Industri,2023.0,TRX001798,BK00393,10/8/2025,10/22/2025,10/26/2025,Terlambat
1787,USR00195,Karna Permadi,Mahasiswa,"Fakultas Sains, Teknologi, & Kesehatan",Teknik Industri,2023.0,TRX001891,BK00362,5/11/2023,5/25/2023,5/30/2023,Terlambat
1788,USR00195,Karna Permadi,Mahasiswa,"Fakultas Sains, Teknologi, & Kesehatan",Teknik Industri,2023.0,TRX002214,BK00335,2/22/2023,3/8/2023,3/13/2023,Terlambat
1789,USR00195,Karna Permadi,Mahasiswa,"Fakultas Sains, Teknologi, & Kesehatan",Teknik Industri,2023.0,TRX003385,BK00331,4/8/2024,4/22/2024,4/28/2024,Terlambat
1790,USR00196,"R. Tira Kusmawati, S.Ked",Mahasiswa,"Fakultas Sains, Teknologi, & Kesehatan",Farmasi,2024.0,TRX000254,BK00598,6/18/2024,7/2/2024,7/7/2024,Terlambat
1791,USR00196,"R. Tira Kusmawati, S.Ked",Mahasiswa,"Fakultas Sains, Teknologi, & Kesehatan",Farmasi,2024.0,TRX001239,BK00074,12/28/2024,1/11/2025,1/3/2025,Dikembalikan
1792,USR00196,"R. Tira Kusmawati, S.Ked",Mahasiswa,"Fakultas Sains, Teknologi, & Kesehatan",Farmasi,2024.0,TRX001624,BK00500,12/12/2025,12/26/2025,1/1/2026,Terlambat
1793,USR00196,"R. Tira Kusmawati, S.Ked",Mahasiswa,"Fakultas Sains, Teknologi, & Kesehatan",Farmasi,2024.0,TRX002885,BK00498,1/3/2023,1/17/2023,1/23/2023,Terlambat
1794,USR00196,"R. Tira Kusmawati, S.Ked",Mahasiswa,"Fakultas Sains, Teknologi, & Kesehatan",Farmasi,2024.0,TRX002923,BK00616,10/12/2025,10/26/2025,10/15/2025,Dikembalikan
1795,USR00196,"R. Tira Kusmawati, S.Ked",Mahasiswa,"Fakultas Sains, Teknologi, & Kesehatan",Farmasi,2024.0,TRX002931,BK00211,1/11/2025,1/25/2025,1/17/2025,Dikembalikan
1796,USR00196,"R. Tira Kusmawati, S.Ked",Mahasiswa,"Fakultas Sains, Teknologi, & Kesehatan",Farmasi,2024.0,TRX002960,BK00612,5/25/2025,6/8/2025,6/7/2025,Dikembalikan
1797,USR00196,"R. Tira Kusmawati, S.Ked",Mahasiswa,"Fakultas Sains, Teknologi, & Kesehatan",Farmasi,2024.0,TRX003196,BK00615,5/4/2024,5/18/2024,5/14/2024,Dikembalikan
1798,USR00196,"R. Tira Kusmawati, S.Ked",Mahasiswa,"Fakultas Sains, Teknologi, & Kesehatan",Farmasi,2024.0,TRX003207,BK00569,8/18/2023,9/1/2023,9/5/2023,Terlambat
1799,USR00197,Asmianto Santoso,Mahasiswa,"Fakultas Sains, Teknologi, & Kesehatan",Farmasi,2025.0,TRX000276,BK00613,2/12/2024,2/26/2024,2/26/2024,Dikembalikan
1800,USR00197,Asmianto Santoso,Mahasiswa,"Fakultas Sains, Teknologi, & Kesehatan",Farmasi,2025.0,TRX000577,BK00528,3/4/2024,3/18/2024,3/19/2024,Terlambat
1801,USR00197,Asmianto Santoso,Mahasiswa,"Fakultas Sains, Teknologi, & Kesehatan",Farmasi,2025.0,TRX001071,BK00628,10/3/2023,10/17/2023,10/18/2023,Terlambat
1802,USR00197,Asmianto Santoso,Mahasiswa,"Fakultas Sains, Teknologi, & Kesehatan",Farmasi,2025.0,TRX002208,BK00579,5/24/2023,6/7/2023,5/30/2023,Dikembalikan
1803,USR00197,Asmianto Santoso,Mahasiswa,"Fakultas Sains, Teknologi, & Kesehatan",Farmasi,2025.0,TRX002469,BK00615,11/22/2025,12/6/2025,11/28/2025,Dikembalikan
1804,USR00197,Asmianto Santoso,Mahasiswa,"Fakultas Sains, Teknologi, & Kesehatan",Farmasi,2025.0,TRX002757,BK00569,9/4/2025,9/18/2025,9/22/2025,Terlambat
1805,USR00197,Asmianto Santoso,Mahasiswa,"Fakultas Sains, Teknologi, & Kesehatan",Farmasi,2025.0,TRX002786,BK00602,5/11/2025,5/25/2025,5/22/2025,Dikembalikan
1806,USR00197,Asmianto Santoso,Mahasiswa,"Fakultas Sains, Teknologi, & Kesehatan",Farmasi,2025.0,TRX002925,BK00382,11/9/2023,11/23/2023,11/24/2023,Terlambat
1807,USR00197,Asmianto Santoso,Mahasiswa,"Fakultas Sains, Teknologi, & Kesehatan",Farmasi,2025.0,TRX003039,BK00587,2/11/2023,2/25/2023,2/15/2023,Dikembalikan
1808,USR00197,Asmianto Santoso,Mahasiswa,"Fakultas Sains, Teknologi, & Kesehatan",Farmasi,2025.0,TRX003418,BK00631,8/6/2025,8/20/2025,8/17/2025,Dikembalikan
1809,USR00198,Lidya Anggraini,Mahasiswa,"Fakultas Sains, Teknologi, & Kesehatan",Farmasi,2020.0,TRX000106,BK00714,2/27/2025,3/13/2025,3/8/2025,Dikembalikan
1810,USR00198,Lidya Anggraini,Mahasiswa,"Fakultas Sains, Teknologi, & Kesehatan",Farmasi,2020.0,TRX000384,BK00222,9/12/2025,9/26/2025,9/30/2025,Terlambat
1811,USR00198,Lidya Anggraini,Mahasiswa,"Fakultas Sains, Teknologi, & Kesehatan",Farmasi,2020.0,TRX000741,BK00582,10/16/2023,10/30/2023,10/21/2023,Dikembalikan
1812,USR00198,Lidya Anggraini,Mahasiswa,"Fakultas Sains, Teknologi, & Kesehatan",Farmasi,2020.0,TRX001557,BK00642,2/22/2024,3/7/2024,2/26/2024,Dikembalikan
1813,USR00198,Lidya Anggraini,Mahasiswa,"Fakultas Sains, Teknologi, & Kesehatan",Farmasi,2020.0,TRX001723,BK00684,5/15/2023,5/29/2023,5/26/2023,Dikembalikan
1814,USR00198,Lidya Anggraini,Mahasiswa,"Fakultas Sains, Teknologi, & Kesehatan",Farmasi,2020.0,TRX001858,BK00701,12/18/2023,1/1/2024,12/27/2023,Dikembalikan
1815,USR00198,Lidya Anggraini,Mahasiswa,"Fakultas Sains, Teknologi, & Kesehatan",Farmasi,2020.0,TRX002099,BK00443,4/2/2024,4/16/2024,4/13/2024,Dikembalikan
1816,USR00198,Lidya Anggraini,Mahasiswa,"Fakultas Sains, Teknologi, & Kesehatan",Farmasi,2020.0,TRX002286,BK00624,4/16/2023,4/30/2023,5/3/2023,Terlambat
1817,USR00198,Lidya Anggraini,Mahasiswa,"Fakultas Sains, Teknologi, & Kesehatan",Farmasi,2020.0,TRX002856,BK00599,11/4/2025,11/18/2025,11/16/2025,Dikembalikan
1818,USR00199,Galang Sitompul,Mahasiswa,"Fakultas Sains, Teknologi, & Kesehatan",Keperawatan,2024.0,TRX001141,BK00511,3/7/2025,3/21/2025,3/17/2025,Dikembalikan
1819,USR00199,Galang Sitompul,Mahasiswa,"Fakultas Sains, Teknologi, & Kesehatan",Keperawatan,2024.0,TRX001145,BK00330,2/1/2025,2/15/2025,2/22/2025,Terlambat
1820,USR00199,Galang Sitompul,Mahasiswa,"Fakultas Sains, Teknologi, & Kesehatan",Keperawatan,2024.0,TRX001523,BK00506,6/16/2023,6/30/2023,7/7/2023,Terlambat
1821,USR00199,Galang Sitompul,Mahasiswa,"Fakultas Sains, Teknologi, & Kesehatan",Keperawatan,2024.0,TRX001753,BK00555,1/21/2024,2/4/2024,2/10/2024,Terlambat
1822,USR00199,Galang Sitompul,Mahasiswa,"Fakultas Sains, Teknologi, & Kesehatan",Keperawatan,2024.0,TRX002073,BK00520,5/26/2023,6/9/2023,6/4/2023,Dikembalikan
1823,USR00199,Galang Sitompul,Mahasiswa,"Fakultas Sains, Teknologi, & Kesehatan",Keperawatan,2024.0,TRX002160,BK00525,12/7/2023,12/21/2023,12/20/2023,Dikembalikan
1824,USR00199,Galang Sitompul,Mahasiswa,"Fakultas Sains, Teknologi, & Kesehatan",Keperawatan,2024.0,TRX002327,BK00536,1/24/2024,2/7/2024,2/12/2024,Terlambat
1825,USR00199,Galang Sitompul,Mahasiswa,"Fakultas Sains, Teknologi, & Kesehatan",Keperawatan,2024.0,TRX002671,BK00413,12/31/2023,1/14/2024,1/11/2024,Dikembalikan
1826,USR00199,Galang Sitompul,Mahasiswa,"Fakultas Sains, Teknologi, & Kesehatan",Keperawatan,2024.0,TRX002967,BK00554,12/10/2025,12/24/2025,12/25/2025,Terlambat
1827,USR00199,Galang Sitompul,Mahasiswa,"Fakultas Sains, Teknologi, & Kesehatan",Keperawatan,2024.0,TRX003147,BK00090,9/23/2025,10/7/2025,10/8/2025,Terlambat
1828,USR00199,Galang Sitompul,Mahasiswa,"Fakultas Sains, Teknologi, & Kesehatan",Keperawatan,2024.0,TRX003442,BK00515,1/10/2025,1/24/2025,1/31/2025,Terlambat
1829,USR00200,"Lanjar Dongoran, S.Pt",Mahasiswa,"Fakultas Sosial, Humaniora, & Seni",Psikologi,2024.0,TRX000547,BK01354,12/4/2024,12/18/2024,12/11/2024,Dikembalikan
1830,USR00200,"Lanjar Dongoran, S.Pt",Mahasiswa,"Fakultas Sosial, Humaniora, & Seni",Psikologi,2024.0,TRX000617,BK00621,1/7/2024,1/21/2024,1/13/2024,Dikembalikan
1831,USR00200,"Lanjar Dongoran, S.Pt",Mahasiswa,"Fakultas Sosial, Humaniora, & Seni",Psikologi,2024.0,TRX001224,BK01228,9/24/2023,10/8/2023,10/9/2023,Terlambat
1832,USR00200,"Lanjar Dongoran, S.Pt",Mahasiswa,"Fakultas Sosial, Humaniora, & Seni",Psikologi,2024.0,TRX001396,BK01186,4/5/2025,4/19/2025,4/26/2025,Terlambat
1833,USR00200,"Lanjar Dongoran, S.Pt",Mahasiswa,"Fakultas Sosial, Humaniora, & Seni",Psikologi,2024.0,TRX001650,BK00823,10/13/2023,10/27/2023,10/17/2023,Dikembalikan
1834,USR00200,"Lanjar Dongoran, S.Pt",Mahasiswa,"Fakultas Sosial, Humaniora, & Seni",Psikologi,2024.0,TRX001674,BK01220,11/26/2023,12/10/2023,12/3/2023,Dikembalikan
1835,USR00200,"Lanjar Dongoran, S.Pt",Mahasiswa,"Fakultas Sosial, Humaniora, & Seni",Psikologi,2024.0,TRX001689,BK01207,10/22/2023,11/5/2023,11/8/2023,Terlambat
1836,USR00200,"Lanjar Dongoran, S.Pt",Mahasiswa,"Fakultas Sosial, Humaniora, & Seni",Psikologi,2024.0,TRX001847,BK01195,5/8/2023,5/22/2023,5/14/2023,Dikembalikan
1837,USR00200,"Lanjar Dongoran, S.Pt",Mahasiswa,"Fakultas Sosial, Humaniora, & Seni",Psikologi,2024.0,TRX002569,BK01074,12/18/2023,1/1/2024,12/23/2023,Dikembalikan
1838,USR00200,"Lanjar Dongoran, S.Pt",Mahasiswa,"Fakultas Sosial, Humaniora, & Seni",Psikologi,2024.0,TRX002886,BK01059,10/13/2025,10/27/2025,10/17/2025,Dikembalikan
1839,USR00201,"R. Asirwanda Hassanah, M.Farm",Mahasiswa,"Fakultas Sosial, Humaniora, & Seni",Desain Komunikasi Visual,2020.0,TRX000295,BK00844,7/9/2023,7/23/2023,7/23/2023,Dikembalikan
1840,USR00201,"R. Asirwanda Hassanah, M.Farm",Mahasiswa,"Fakultas Sosial, Humaniora, & Seni",Desain Komunikasi Visual,2020.0,TRX000530,BK00850,1/15/2023,1/29/2023,1/19/2023,Dikembalikan
1841,USR00201,"R. Asirwanda Hassanah, M.Farm",Mahasiswa,"Fakultas Sosial, Humaniora, & Seni",Desain Komunikasi Visual,2020.0,TRX000775,BK00794,7/31/2025,8/14/2025,8/5/2025,Dikembalikan
1842,USR00201,"R. Asirwanda Hassanah, M.Farm",Mahasiswa,"Fakultas Sosial, Humaniora, & Seni",Desain Komunikasi Visual,2020.0,TRX002020,BK01197,8/9/2023,8/23/2023,8/18/2023,Dikembalikan
1843,USR00201,"R. Asirwanda Hassanah, M.Farm",Mahasiswa,"Fakultas Sosial, Humaniora, & Seni",Desain Komunikasi Visual,2020.0,TRX002228,BK00151,10/22/2024,11/5/2024,10/31/2024,Dikembalikan
1844,USR00201,"R. Asirwanda Hassanah, M.Farm",Mahasiswa,"Fakultas Sosial, Humaniora, & Seni",Desain Komunikasi Visual,2020.0,TRX002328,BK00953,12/30/2025,1/13/2026,,Dipinjam
1845,USR00201,"R. Asirwanda Hassanah, M.Farm",Mahasiswa,"Fakultas Sosial, Humaniora, & Seni",Desain Komunikasi Visual,2020.0,TRX002353,BK00911,3/18/2025,4/1/2025,4/3/2025,Terlambat
1846,USR00201,"R. Asirwanda Hassanah, M.Farm",Mahasiswa,"Fakultas Sosial, Humaniora, & Seni",Desain Komunikasi Visual,2020.0,TRX002656,BK01134,5/28/2025,6/11/2025,6/3/2025,Dikembalikan
1847,USR00201,"R. Asirwanda Hassanah, M.Farm",Mahasiswa,"Fakultas Sosial, Humaniora, & Seni",Desain Komunikasi Visual,2020.0,TRX002711,BK01286,6/12/2023,6/26/2023,6/29/2023,Terlambat
1848,USR00201,"R. Asirwanda Hassanah, M.Farm",Mahasiswa,"Fakultas Sosial, Humaniora, & Seni",Desain Komunikasi Visual,2020.0,TRX003270,BK00820,5/5/2025,5/19/2025,5/17/2025,Dikembalikan
1849,USR00202,Salwa Hastuti,Mahasiswa,"Fakultas Sosial, Humaniora, & Seni",Psikologi,2023.0,TRX000084,BK01216,10/8/2024,10/22/2024,10/19/2024,Dikembalikan
1850,USR00202,Salwa Hastuti,Mahasiswa,"Fakultas Sosial, Humaniora, & Seni",Psikologi,2023.0,TRX000489,BK01183,1/8/2023,1/22/2023,1/18/2023,Dikembalikan
1851,USR00202,Salwa Hastuti,Mahasiswa,"Fakultas Sosial, Humaniora, & Seni",Psikologi,2023.0,TRX000501,BK01232,1/9/2023,1/23/2023,1/14/2023,Dikembalikan
1852,USR00202,Salwa Hastuti,Mahasiswa,"Fakultas Sosial, Humaniora, & Seni",Psikologi,2023.0,TRX000531,BK01277,8/16/2023,8/30/2023,8/20/2023,Dikembalikan
1853,USR00202,Salwa Hastuti,Mahasiswa,"Fakultas Sosial, Humaniora, & Seni",Psikologi,2023.0,TRX000593,BK01106,11/22/2025,12/6/2025,11/25/2025,Dikembalikan
1854,USR00202,Salwa Hastuti,Mahasiswa,"Fakultas Sosial, Humaniora, & Seni",Psikologi,2023.0,TRX000729,BK01194,3/4/2024,3/18/2024,3/12/2024,Dikembalikan
1855,USR00202,Salwa Hastuti,Mahasiswa,"Fakultas Sosial, Humaniora, & Seni",Psikologi,2023.0,TRX000850,BK00865,2/16/2023,3/2/2023,2/26/2023,Dikembalikan
1856,USR00202,Salwa Hastuti,Mahasiswa,"Fakultas Sosial, Humaniora, & Seni",Psikologi,2023.0,TRX001909,BK01182,10/10/2024,10/24/2024,10/13/2024,Dikembalikan
1857,USR00202,Salwa Hastuti,Mahasiswa,"Fakultas Sosial, Humaniora, & Seni",Psikologi,2023.0,TRX002342,BK01199,4/1/2025,4/15/2025,4/10/2025,Dikembalikan
1858,USR00202,Salwa Hastuti,Mahasiswa,"Fakultas Sosial, Humaniora, & Seni",Psikologi,2023.0,TRX002945,BK01234,5/14/2025,5/28/2025,5/30/2025,Terlambat
1859,USR00202,Salwa Hastuti,Mahasiswa,"Fakultas Sosial, Humaniora, & Seni",Psikologi,2023.0,TRX003426,BK01277,2/3/2023,2/17/2023,2/16/2023,Dikembalikan
1860,USR00203,Vino Ramadan,Mahasiswa,"Fakultas Sosial, Humaniora, & Seni",Ilmu Komunikasi,2025.0,TRX000012,BK00987,4/16/2024,4/30/2024,4/26/2024,Dikembalikan
1861,USR00203,Vino Ramadan,Mahasiswa,"Fakultas Sosial, Humaniora, & Seni",Ilmu Komunikasi,2025.0,TRX000709,BK01251,2/27/2023,3/13/2023,3/7/2023,Dikembalikan
1862,USR00203,Vino Ramadan,Mahasiswa,"Fakultas Sosial, Humaniora, & Seni",Ilmu Komunikasi,2025.0,TRX001100,BK00794,2/21/2023,3/7/2023,3/6/2023,Dikembalikan
1863,USR00203,Vino Ramadan,Mahasiswa,"Fakultas Sosial, Humaniora, & Seni",Ilmu Komunikasi,2025.0,TRX001150,BK01357,9/24/2024,10/8/2024,9/29/2024,Dikembalikan
1864,USR00203,Vino Ramadan,Mahasiswa,"Fakultas Sosial, Humaniora, & Seni",Ilmu Komunikasi,2025.0,TRX001814,BK01343,7/15/2025,7/29/2025,7/18/2025,Dikembalikan
1865,USR00203,Vino Ramadan,Mahasiswa,"Fakultas Sosial, Humaniora, & Seni",Ilmu Komunikasi,2025.0,TRX001844,BK01284,11/10/2025,11/24/2025,11/30/2025,Terlambat
1866,USR00203,Vino Ramadan,Mahasiswa,"Fakultas Sosial, Humaniora, & Seni",Ilmu Komunikasi,2025.0,TRX001961,BK01247,7/17/2025,7/31/2025,7/27/2025,Dikembalikan
1867,USR00203,Vino Ramadan,Mahasiswa,"Fakultas Sosial, Humaniora, & Seni",Ilmu Komunikasi,2025.0,TRX002062,BK00980,4/20/2024,5/4/2024,5/11/2024,Terlambat
1868,USR00203,Vino Ramadan,Mahasiswa,"Fakultas Sosial, Humaniora, & Seni",Ilmu Komunikasi,2025.0,TRX002591,BK01250,3/1/2023,3/15/2023,3/21/2023,Terlambat
1869,USR00203,Vino Ramadan,Mahasiswa,"Fakultas Sosial, Humaniora, & Seni",Ilmu Komunikasi,2025.0,TRX002905,BK01002,3/11/2024,3/25/2024,3/20/2024,Dikembalikan
1870,USR00204,Ajimat Yolanda,Mahasiswa,"Fakultas Sains, Teknologi, & Kesehatan",Teknik Industri,2021.0,TRX000115,BK00061,4/14/2025,4/28/2025,4/28/2025,Dikembalikan
1871,USR00204,Ajimat Yolanda,Mahasiswa,"Fakultas Sains, Teknologi, & Kesehatan",Teknik Industri,2021.0,TRX000158,BK00058,5/15/2025,5/29/2025,6/2/2025,Terlambat
1872,USR00204,Ajimat Yolanda,Mahasiswa,"Fakultas Sains, Teknologi, & Kesehatan",Teknik Industri,2021.0,TRX002505,BK00426,3/19/2025,4/2/2025,3/27/2025,Dikembalikan
1873,USR00204,Ajimat Yolanda,Mahasiswa,"Fakultas Sains, Teknologi, & Kesehatan",Teknik Industri,2021.0,TRX002579,BK00463,1/21/2024,2/4/2024,1/27/2024,Dikembalikan
1874,USR00204,Ajimat Yolanda,Mahasiswa,"Fakultas Sains, Teknologi, & Kesehatan",Teknik Industri,2021.0,TRX003235,BK01057,8/6/2024,8/20/2024,8/21/2024,Terlambat
1875,USR00205,Restu Prakasa,Mahasiswa,"Fakultas Sosial, Humaniora, & Seni",Desain Komunikasi Visual,2023.0,TRX000069,BK01044,9/24/2023,10/8/2023,10/10/2023,Terlambat
1876,USR00205,Restu Prakasa,Mahasiswa,"Fakultas Sosial, Humaniora, & Seni",Desain Komunikasi Visual,2023.0,TRX000853,BK00803,11/11/2023,11/25/2023,11/25/2023,Dikembalikan
1877,USR00205,Restu Prakasa,Mahasiswa,"Fakultas Sosial, Humaniora, & Seni",Desain Komunikasi Visual,2023.0,TRX001410,BK00951,1/10/2023,1/24/2023,1/29/2023,Terlambat
1878,USR00205,Restu Prakasa,Mahasiswa,"Fakultas Sosial, Humaniora, & Seni",Desain Komunikasi Visual,2023.0,TRX001884,BK00818,8/11/2025,8/25/2025,8/31/2025,Terlambat
1879,USR00205,Restu Prakasa,Mahasiswa,"Fakultas Sosial, Humaniora, & Seni",Desain Komunikasi Visual,2023.0,TRX002599,BK00877,3/31/2023,4/14/2023,4/14/2023,Dikembalikan
1880,USR00205,Restu Prakasa,Mahasiswa,"Fakultas Sosial, Humaniora, & Seni",Desain Komunikasi Visual,2023.0,TRX002604,BK00957,8/26/2023,9/9/2023,9/3/2023,Dikembalikan
1881,USR00205,Restu Prakasa,Mahasiswa,"Fakultas Sosial, Humaniora, & Seni",Desain Komunikasi Visual,2023.0,TRX002622,BK00768,10/23/2023,11/6/2023,11/3/2023,Dikembalikan
1882,USR00205,Restu Prakasa,Mahasiswa,"Fakultas Sosial, Humaniora, & Seni",Desain Komunikasi Visual,2023.0,TRX002660,BK00808,11/6/2023,11/20/2023,11/9/2023,Dikembalikan
1883,USR00205,Restu Prakasa,Mahasiswa,"Fakultas Sosial, Humaniora, & Seni",Desain Komunikasi Visual,2023.0,TRX003025,BK00899,1/15/2024,1/29/2024,2/1/2024,Terlambat
1884,USR00205,Restu Prakasa,Mahasiswa,"Fakultas Sosial, Humaniora, & Seni",Desain Komunikasi Visual,2023.0,TRX003190,BK00853,1/19/2024,2/2/2024,2/4/2024,Terlambat
1885,USR00205,Restu Prakasa,Mahasiswa,"Fakultas Sosial, Humaniora, & Seni",Desain Komunikasi Visual,2023.0,TRX003360,BK00828,9/23/2025,10/7/2025,10/7/2025,Dikembalikan
1886,USR00206,KH. Wardaya Puspasari,Mahasiswa,"Fakultas Sains, Teknologi, & Kesehatan",Keperawatan,2020.0,TRX000420,BK00476,8/1/2025,8/15/2025,8/6/2025,Dikembalikan
1887,USR00206,KH. Wardaya Puspasari,Mahasiswa,"Fakultas Sains, Teknologi, & Kesehatan",Keperawatan,2020.0,TRX001156,BK00533,1/11/2024,1/25/2024,1/20/2024,Dikembalikan
1888,USR00206,KH. Wardaya Puspasari,Mahasiswa,"Fakultas Sains, Teknologi, & Kesehatan",Keperawatan,2020.0,TRX001199,BK00527,4/28/2024,5/12/2024,5/1/2024,Dikembalikan
1889,USR00206,KH. Wardaya Puspasari,Mahasiswa,"Fakultas Sains, Teknologi, & Kesehatan",Keperawatan,2020.0,TRX001493,BK00063,5/3/2024,5/17/2024,5/9/2024,Dikembalikan
1890,USR00206,KH. Wardaya Puspasari,Mahasiswa,"Fakultas Sains, Teknologi, & Kesehatan",Keperawatan,2020.0,TRX001919,BK00060,4/24/2024,5/8/2024,5/7/2024,Dikembalikan
1891,USR00206,KH. Wardaya Puspasari,Mahasiswa,"Fakultas Sains, Teknologi, & Kesehatan",Keperawatan,2020.0,TRX002082,BK00405,10/4/2023,10/18/2023,10/8/2023,Dikembalikan
1892,USR00206,KH. Wardaya Puspasari,Mahasiswa,"Fakultas Sains, Teknologi, & Kesehatan",Keperawatan,2020.0,TRX002225,BK00562,9/10/2025,9/24/2025,9/19/2025,Dikembalikan
1893,USR00206,KH. Wardaya Puspasari,Mahasiswa,"Fakultas Sains, Teknologi, & Kesehatan",Keperawatan,2020.0,TRX002701,BK00557,7/19/2023,8/2/2023,8/8/2023,Terlambat
1894,USR00206,KH. Wardaya Puspasari,Mahasiswa,"Fakultas Sains, Teknologi, & Kesehatan",Keperawatan,2020.0,TRX002721,BK00513,2/27/2025,3/13/2025,3/18/2025,Terlambat
1895,USR00206,KH. Wardaya Puspasari,Mahasiswa,"Fakultas Sains, Teknologi, & Kesehatan",Keperawatan,2020.0,TRX002823,BK00512,11/16/2024,11/30/2024,11/27/2024,Dikembalikan
1896,USR00206,KH. Wardaya Puspasari,Mahasiswa,"Fakultas Sains, Teknologi, & Kesehatan",Keperawatan,2020.0,TRX002994,BK00501,1/19/2024,2/2/2024,1/23/2024,Dikembalikan
1897,USR00206,KH. Wardaya Puspasari,Mahasiswa,"Fakultas Sains, Teknologi, & Kesehatan",Keperawatan,2020.0,TRX003393,BK00491,11/5/2025,11/19/2025,11/13/2025,Dikembalikan
1898,USR00207,Rizki Pratiwi,Mahasiswa,"Fakultas Sosial, Humaniora, & Seni",Ilmu Komunikasi,2021.0,TRX000123,BK01276,9/10/2023,9/24/2023,9/25/2023,Terlambat
1899,USR00207,Rizki Pratiwi,Mahasiswa,"Fakultas Sosial, Humaniora, & Seni",Ilmu Komunikasi,2021.0,TRX000473,BK01252,1/14/2023,1/28/2023,1/29/2023,Terlambat
1900,USR00207,Rizki Pratiwi,Mahasiswa,"Fakultas Sosial, Humaniora, & Seni",Ilmu Komunikasi,2021.0,TRX000643,BK01257,3/5/2025,3/19/2025,3/26/2025,Terlambat
1901,USR00207,Rizki Pratiwi,Mahasiswa,"Fakultas Sosial, Humaniora, & Seni",Ilmu Komunikasi,2021.0,TRX000649,BK01283,1/21/2024,2/4/2024,1/28/2024,Dikembalikan
1902,USR00207,Rizki Pratiwi,Mahasiswa,"Fakultas Sosial, Humaniora, & Seni",Ilmu Komunikasi,2021.0,TRX000774,BK01258,11/3/2024,11/17/2024,11/10/2024,Dikembalikan
1903,USR00207,Rizki Pratiwi,Mahasiswa,"Fakultas Sosial, Humaniora, & Seni",Ilmu Komunikasi,2021.0,TRX001486,BK01175,9/24/2025,10/8/2025,10/13/2025,Terlambat
1904,USR00207,Rizki Pratiwi,Mahasiswa,"Fakultas Sosial, Humaniora, & Seni",Ilmu Komunikasi,2021.0,TRX001705,BK01340,6/3/2025,6/17/2025,6/13/2025,Dikembalikan
1905,USR00207,Rizki Pratiwi,Mahasiswa,"Fakultas Sosial, Humaniora, & Seni",Ilmu Komunikasi,2021.0,TRX002273,BK01280,5/29/2024,6/12/2024,6/8/2024,Dikembalikan
1906,USR00207,Rizki Pratiwi,Mahasiswa,"Fakultas Sosial, Humaniora, & Seni",Ilmu Komunikasi,2021.0,TRX002613,BK01252,7/14/2025,7/28/2025,7/23/2025,Dikembalikan
1907,USR00207,Rizki Pratiwi,Mahasiswa,"Fakultas Sosial, Humaniora, & Seni",Ilmu Komunikasi,2021.0,TRX003272,BK01270,8/27/2025,9/10/2025,8/30/2025,Dikembalikan
1908,USR00207,Rizki Pratiwi,Mahasiswa,"Fakultas Sosial, Humaniora, & Seni",Ilmu Komunikasi,2021.0,TRX003377,BK00521,3/5/2023,3/19/2023,3/15/2023,Dikembalikan
1909,USR00207,Rizki Pratiwi,Mahasiswa,"Fakultas Sosial, Humaniora, & Seni",Ilmu Komunikasi,2021.0,TRX003466,BK01286,7/2/2024,7/16/2024,7/11/2024,Dikembalikan
1910,USR00208,"H. Sidiq Usamah, S.T.",Mahasiswa,"Fakultas Sosial, Humaniora, & Seni",Desain Interior,2022.0,TRX000607,BK00999,8/30/2023,9/13/2023,9/19/2023,Terlambat
1911,USR00208,"H. Sidiq Usamah, S.T.",Mahasiswa,"Fakultas Sosial, Humaniora, & Seni",Desain Interior,2022.0,TRX000933,BK00995,12/20/2025,1/3/2026,,Dipinjam
1912,USR00208,"H. Sidiq Usamah, S.T.",Mahasiswa,"Fakultas Sosial, Humaniora, & Seni",Desain Interior,2022.0,TRX001005,BK00947,9/12/2024,9/26/2024,9/29/2024,Terlambat
1913,USR00208,"H. Sidiq Usamah, S.T.",Mahasiswa,"Fakultas Sosial, Humaniora, & Seni",Desain Interior,2022.0,TRX001303,BK00972,11/2/2024,11/16/2024,11/23/2024,Terlambat
1914,USR00208,"H. Sidiq Usamah, S.T.",Mahasiswa,"Fakultas Sosial, Humaniora, & Seni",Desain Interior,2022.0,TRX001856,BK00955,12/25/2025,1/8/2026,,Dipinjam
1915,USR00208,"H. Sidiq Usamah, S.T.",Mahasiswa,"Fakultas Sosial, Humaniora, & Seni",Desain Interior,2022.0,TRX001903,BK01024,5/19/2023,6/2/2023,6/2/2023,Dikembalikan
1916,USR00209,Cut Iriana Prayoga,Mahasiswa,"Fakultas Sosial, Humaniora, & Seni",Ilmu Komunikasi,2020.0,TRX001282,BK01313,10/4/2023,10/18/2023,10/7/2023,Dikembalikan
1917,USR00209,Cut Iriana Prayoga,Mahasiswa,"Fakultas Sosial, Humaniora, & Seni",Ilmu Komunikasi,2020.0,TRX001767,BK01278,7/11/2024,7/25/2024,7/30/2024,Terlambat
1918,USR00209,Cut Iriana Prayoga,Mahasiswa,"Fakultas Sosial, Humaniora, & Seni",Ilmu Komunikasi,2020.0,TRX002653,BK01365,11/25/2023,12/9/2023,12/4/2023,Dikembalikan
1919,USR00209,Cut Iriana Prayoga,Mahasiswa,"Fakultas Sosial, Humaniora, & Seni",Ilmu Komunikasi,2020.0,TRX003109,BK01291,9/19/2025,10/3/2025,10/10/2025,Terlambat
1920,USR00209,Cut Iriana Prayoga,Mahasiswa,"Fakultas Sosial, Humaniora, & Seni",Ilmu Komunikasi,2020.0,TRX003228,BK01367,2/27/2023,3/13/2023,3/20/2023,Terlambat
1921,USR00210,"Nugraha Haryanto, S.Psi",Mahasiswa,"Fakultas Sosial, Humaniora, & Seni",Psikologi,2022.0,TRX000304,BK01036,1/24/2023,2/7/2023,2/9/2023,Terlambat
1922,USR00210,"Nugraha Haryanto, S.Psi",Mahasiswa,"Fakultas Sosial, Humaniora, & Seni",Psikologi,2022.0,TRX000823,BK00827,8/6/2025,8/20/2025,8/15/2025,Dikembalikan
1923,USR00210,"Nugraha Haryanto, S.Psi",Mahasiswa,"Fakultas Sosial, Humaniora, & Seni",Psikologi,2022.0,TRX000873,BK01367,1/30/2024,2/13/2024,2/6/2024,Dikembalikan
1924,USR00210,"Nugraha Haryanto, S.Psi",Mahasiswa,"Fakultas Sosial, Humaniora, & Seni",Psikologi,2022.0,TRX001021,BK01218,10/26/2025,11/9/2025,10/31/2025,Dikembalikan
1925,USR00210,"Nugraha Haryanto, S.Psi",Mahasiswa,"Fakultas Sosial, Humaniora, & Seni",Psikologi,2022.0,TRX001449,BK01248,3/21/2024,4/4/2024,3/27/2024,Dikembalikan
1926,USR00210,"Nugraha Haryanto, S.Psi",Mahasiswa,"Fakultas Sosial, Humaniora, & Seni",Psikologi,2022.0,TRX001835,BK01196,3/24/2023,4/7/2023,4/6/2023,Dikembalikan
1927,USR00210,"Nugraha Haryanto, S.Psi",Mahasiswa,"Fakultas Sosial, Humaniora, & Seni",Psikologi,2022.0,TRX001993,BK01173,10/10/2025,10/24/2025,10/14/2025,Dikembalikan
1928,USR00210,"Nugraha Haryanto, S.Psi",Mahasiswa,"Fakultas Sosial, Humaniora, & Seni",Psikologi,2022.0,TRX002846,BK01037,6/28/2025,7/12/2025,7/2/2025,Dikembalikan
1929,USR00210,"Nugraha Haryanto, S.Psi",Mahasiswa,"Fakultas Sosial, Humaniora, & Seni",Psikologi,2022.0,TRX003429,BK01012,2/25/2023,3/11/2023,3/1/2023,Dikembalikan
1930,USR00210,"Nugraha Haryanto, S.Psi",Mahasiswa,"Fakultas Sosial, Humaniora, & Seni",Psikologi,2022.0,TRX003482,BK00947,2/1/2024,2/15/2024,2/12/2024,Dikembalikan
1931,USR00210,"Nugraha Haryanto, S.Psi",Mahasiswa,"Fakultas Sosial, Humaniora, & Seni",Psikologi,2022.0,TRX003486,BK01222,11/30/2024,12/14/2024,12/5/2024,Dikembalikan
1932,USR00211,"R.M. Artanto Rajasa, M.Ak",Mahasiswa,"Fakultas Sosial, Humaniora, & Seni",Desain Interior,2024.0,TRX000197,BK01008,6/30/2025,7/14/2025,7/16/2025,Terlambat
1933,USR00211,"R.M. Artanto Rajasa, M.Ak",Mahasiswa,"Fakultas Sosial, Humaniora, & Seni",Desain Interior,2024.0,TRX000704,BK01324,8/23/2025,9/6/2025,9/4/2025,Dikembalikan
1934,USR00211,"R.M. Artanto Rajasa, M.Ak",Mahasiswa,"Fakultas Sosial, Humaniora, & Seni",Desain Interior,2024.0,TRX000808,BK01023,10/2/2025,10/16/2025,10/10/2025,Dikembalikan
1935,USR00211,"R.M. Artanto Rajasa, M.Ak",Mahasiswa,"Fakultas Sosial, Humaniora, & Seni",Desain Interior,2024.0,TRX001068,BK00985,6/25/2023,7/9/2023,7/9/2023,Dikembalikan
1936,USR00211,"R.M. Artanto Rajasa, M.Ak",Mahasiswa,"Fakultas Sosial, Humaniora, & Seni",Desain Interior,2024.0,TRX001329,BK01004,5/24/2024,6/7/2024,5/29/2024,Dikembalikan
1937,USR00211,"R.M. Artanto Rajasa, M.Ak",Mahasiswa,"Fakultas Sosial, Humaniora, & Seni",Desain Interior,2024.0,TRX001668,BK01007,1/2/2025,1/16/2025,1/20/2025,Terlambat
1938,USR00211,"R.M. Artanto Rajasa, M.Ak",Mahasiswa,"Fakultas Sosial, Humaniora, & Seni",Desain Interior,2024.0,TRX002221,BK00962,4/15/2023,4/29/2023,5/1/2023,Terlambat
1939,USR00211,"R.M. Artanto Rajasa, M.Ak",Mahasiswa,"Fakultas Sosial, Humaniora, & Seni",Desain Interior,2024.0,TRX003423,BK00832,12/15/2024,12/29/2024,1/5/2025,Terlambat
1940,USR00212,Drs. Ani Rahmawati,Mahasiswa,"Fakultas Sosial, Humaniora, & Seni",Desain Interior,2022.0,TRX000026,BK00958,4/16/2023,4/30/2023,4/21/2023,Dikembalikan
1941,USR00212,Drs. Ani Rahmawati,Mahasiswa,"Fakultas Sosial, Humaniora, & Seni",Desain Interior,2022.0,TRX000127,BK01007,1/8/2023,1/22/2023,1/11/2023,Dikembalikan
1942,USR00212,Drs. Ani Rahmawati,Mahasiswa,"Fakultas Sosial, Humaniora, & Seni",Desain Interior,2022.0,TRX001052,BK01148,11/29/2024,12/13/2024,12/15/2024,Terlambat
1943,USR00212,Drs. Ani Rahmawati,Mahasiswa,"Fakultas Sosial, Humaniora, & Seni",Desain Interior,2022.0,TRX001386,BK00973,9/20/2024,10/4/2024,9/29/2024,Dikembalikan
1944,USR00212,Drs. Ani Rahmawati,Mahasiswa,"Fakultas Sosial, Humaniora, & Seni",Desain Interior,2022.0,TRX001999,BK01059,5/14/2024,5/28/2024,5/31/2024,Terlambat
1945,USR00212,Drs. Ani Rahmawati,Mahasiswa,"Fakultas Sosial, Humaniora, & Seni",Desain Interior,2022.0,TRX002618,BK01076,4/28/2023,5/12/2023,5/15/2023,Terlambat
1946,USR00213,Septi Rahimah,Mahasiswa,"Fakultas Sains, Teknologi, & Kesehatan",Teknik Industri,2024.0,TRX000052,BK00415,7/7/2025,7/21/2025,7/17/2025,Dikembalikan
1947,USR00213,Septi Rahimah,Mahasiswa,"Fakultas Sains, Teknologi, & Kesehatan",Teknik Industri,2024.0,TRX000227,BK00059,5/27/2025,6/10/2025,6/14/2025,Terlambat
1948,USR00213,Septi Rahimah,Mahasiswa,"Fakultas Sains, Teknologi, & Kesehatan",Teknik Industri,2024.0,TRX000550,BK00364,6/10/2024,6/24/2024,6/21/2024,Dikembalikan
1949,USR00213,Septi Rahimah,Mahasiswa,"Fakultas Sains, Teknologi, & Kesehatan",Teknik Industri,2024.0,TRX000723,BK00164,7/5/2025,7/19/2025,7/20/2025,Terlambat
1950,USR00213,Septi Rahimah,Mahasiswa,"Fakultas Sains, Teknologi, & Kesehatan",Teknik Industri,2024.0,TRX001873,BK00428,8/4/2023,8/18/2023,8/21/2023,Terlambat
1951,USR00213,Septi Rahimah,Mahasiswa,"Fakultas Sains, Teknologi, & Kesehatan",Teknik Industri,2024.0,TRX001974,BK00444,4/28/2023,5/12/2023,5/10/2023,Dikembalikan
1952,USR00213,Septi Rahimah,Mahasiswa,"Fakultas Sains, Teknologi, & Kesehatan",Teknik Industri,2024.0,TRX002055,BK00398,5/15/2025,5/29/2025,5/31/2025,Terlambat
1953,USR00213,Septi Rahimah,Mahasiswa,"Fakultas Sains, Teknologi, & Kesehatan",Teknik Industri,2024.0,TRX002783,BK00398,6/4/2025,6/18/2025,6/25/2025,Terlambat
1954,USR00213,Septi Rahimah,Mahasiswa,"Fakultas Sains, Teknologi, & Kesehatan",Teknik Industri,2024.0,TRX002826,BK00613,8/22/2025,9/5/2025,8/27/2025,Dikembalikan
1955,USR00213,Septi Rahimah,Mahasiswa,"Fakultas Sains, Teknologi, & Kesehatan",Teknik Industri,2024.0,TRX003240,BK00463,11/19/2025,12/3/2025,12/5/2025,Terlambat
1956,USR00213,Septi Rahimah,Mahasiswa,"Fakultas Sains, Teknologi, & Kesehatan",Teknik Industri,2024.0,TRX003269,BK00405,12/5/2024,12/19/2024,12/17/2024,Dikembalikan
1957,USR00214,"Dr. Lala Sudiati, M.TI.",Mahasiswa,"Fakultas Sains, Teknologi, & Kesehatan",Keperawatan,2021.0,TRX000293,BK00033,6/24/2024,7/8/2024,7/7/2024,Dikembalikan
1958,USR00214,"Dr. Lala Sudiati, M.TI.",Mahasiswa,"Fakultas Sains, Teknologi, & Kesehatan",Keperawatan,2021.0,TRX000301,BK00760,11/7/2023,11/21/2023,11/15/2023,Dikembalikan
1959,USR00214,"Dr. Lala Sudiati, M.TI.",Mahasiswa,"Fakultas Sains, Teknologi, & Kesehatan",Keperawatan,2021.0,TRX001013,BK00547,1/18/2024,2/1/2024,1/24/2024,Dikembalikan
1960,USR00214,"Dr. Lala Sudiati, M.TI.",Mahasiswa,"Fakultas Sains, Teknologi, & Kesehatan",Keperawatan,2021.0,TRX001609,BK00455,5/19/2023,6/2/2023,5/30/2023,Dikembalikan
1961,USR00214,"Dr. Lala Sudiati, M.TI.",Mahasiswa,"Fakultas Sains, Teknologi, & Kesehatan",Keperawatan,2021.0,TRX001791,BK00483,12/12/2023,12/26/2023,12/31/2023,Terlambat
1962,USR00214,"Dr. Lala Sudiati, M.TI.",Mahasiswa,"Fakultas Sains, Teknologi, & Kesehatan",Keperawatan,2021.0,TRX002038,BK00526,8/28/2023,9/11/2023,9/18/2023,Terlambat
1963,USR00214,"Dr. Lala Sudiati, M.TI.",Mahasiswa,"Fakultas Sains, Teknologi, & Kesehatan",Keperawatan,2021.0,TRX002507,BK00527,3/18/2023,4/1/2023,4/7/2023,Terlambat
1964,USR00214,"Dr. Lala Sudiati, M.TI.",Mahasiswa,"Fakultas Sains, Teknologi, & Kesehatan",Keperawatan,2021.0,TRX002676,BK00769,9/15/2024,9/29/2024,9/24/2024,Dikembalikan
1965,USR00214,"Dr. Lala Sudiati, M.TI.",Mahasiswa,"Fakultas Sains, Teknologi, & Kesehatan",Keperawatan,2021.0,TRX003485,BK00504,8/18/2024,9/1/2024,8/23/2024,Dikembalikan
1966,USR00215,Suci Prasetyo,Mahasiswa,"Fakultas Sosial, Humaniora, & Seni",Psikologi,2025.0,TRX000011,BK01170,7/7/2024,7/21/2024,7/23/2024,Terlambat
1967,USR00215,Suci Prasetyo,Mahasiswa,"Fakultas Sosial, Humaniora, & Seni",Psikologi,2025.0,TRX000336,BK01175,10/29/2023,11/12/2023,11/6/2023,Dikembalikan
1968,USR00215,Suci Prasetyo,Mahasiswa,"Fakultas Sosial, Humaniora, & Seni",Psikologi,2025.0,TRX000913,BK00051,9/9/2024,9/23/2024,9/29/2024,Terlambat
1969,USR00215,Suci Prasetyo,Mahasiswa,"Fakultas Sosial, Humaniora, & Seni",Psikologi,2025.0,TRX001622,BK00900,11/22/2025,12/6/2025,12/9/2025,Terlambat
1970,USR00215,Suci Prasetyo,Mahasiswa,"Fakultas Sosial, Humaniora, & Seni",Psikologi,2025.0,TRX001853,BK01180,5/30/2024,6/13/2024,6/13/2024,Dikembalikan
1971,USR00215,Suci Prasetyo,Mahasiswa,"Fakultas Sosial, Humaniora, & Seni",Psikologi,2025.0,TRX002255,BK01178,4/2/2024,4/16/2024,4/17/2024,Terlambat
1972,USR00215,Suci Prasetyo,Mahasiswa,"Fakultas Sosial, Humaniora, & Seni",Psikologi,2025.0,TRX002440,BK01217,8/25/2025,9/8/2025,9/7/2025,Dikembalikan
1973,USR00215,Suci Prasetyo,Mahasiswa,"Fakultas Sosial, Humaniora, & Seni",Psikologi,2025.0,TRX002583,BK01176,10/1/2024,10/15/2024,10/16/2024,Terlambat
1974,USR00215,Suci Prasetyo,Mahasiswa,"Fakultas Sosial, Humaniora, & Seni",Psikologi,2025.0,TRX003077,BK01232,6/26/2025,7/10/2025,7/12/2025,Terlambat
1975,USR00216,"Atmaja Napitupulu, M.M.",Mahasiswa,"Fakultas Sains, Teknologi, & Kesehatan",Informatika,2023.0,TRX001729,BK00036,12/23/2023,1/6/2024,1/2/2024,Dikembalikan
1976,USR00216,"Atmaja Napitupulu, M.M.",Mahasiswa,"Fakultas Sains, Teknologi, & Kesehatan",Informatika,2023.0,TRX001877,BK00058,7/13/2024,7/27/2024,7/31/2024,Terlambat
1977,USR00216,"Atmaja Napitupulu, M.M.",Mahasiswa,"Fakultas Sains, Teknologi, & Kesehatan",Informatika,2023.0,TRX001970,BK00016,5/22/2023,6/5/2023,6/10/2023,Terlambat
1978,USR00216,"Atmaja Napitupulu, M.M.",Mahasiswa,"Fakultas Sains, Teknologi, & Kesehatan",Informatika,2023.0,TRX002339,BK00055,5/13/2023,5/27/2023,5/19/2023,Dikembalikan
1979,USR00216,"Atmaja Napitupulu, M.M.",Mahasiswa,"Fakultas Sains, Teknologi, & Kesehatan",Informatika,2023.0,TRX002349,BK00055,3/29/2023,4/12/2023,4/19/2023,Terlambat
1980,USR00216,"Atmaja Napitupulu, M.M.",Mahasiswa,"Fakultas Sains, Teknologi, & Kesehatan",Informatika,2023.0,TRX002398,BK00005,12/30/2023,1/13/2024,1/9/2024,Dikembalikan
1981,USR00216,"Atmaja Napitupulu, M.M.",Mahasiswa,"Fakultas Sains, Teknologi, & Kesehatan",Informatika,2023.0,TRX002428,BK00036,6/17/2025,7/1/2025,6/25/2025,Dikembalikan
1982,USR00216,"Atmaja Napitupulu, M.M.",Mahasiswa,"Fakultas Sains, Teknologi, & Kesehatan",Informatika,2023.0,TRX002479,BK00006,6/25/2023,7/9/2023,7/9/2023,Dikembalikan
1983,USR00216,"Atmaja Napitupulu, M.M.",Mahasiswa,"Fakultas Sains, Teknologi, & Kesehatan",Informatika,2023.0,TRX002539,BK00688,1/10/2023,1/24/2023,1/23/2023,Dikembalikan
1984,USR00216,"Atmaja Napitupulu, M.M.",Mahasiswa,"Fakultas Sains, Teknologi, & Kesehatan",Informatika,2023.0,TRX003161,BK00001,12/24/2023,1/7/2024,1/2/2024,Dikembalikan
1985,USR00216,"Atmaja Napitupulu, M.M.",Mahasiswa,"Fakultas Sains, Teknologi, & Kesehatan",Informatika,2023.0,TRX003440,BK00219,11/27/2024,12/11/2024,12/15/2024,Terlambat
1986,USR00217,Dr. Silvia Lazuardi,Mahasiswa,"Fakultas Sosial, Humaniora, & Seni",Administrasi Bisnis,2024.0,TRX000265,BK01141,3/17/2023,3/31/2023,3/30/2023,Dikembalikan
1987,USR00217,Dr. Silvia Lazuardi,Mahasiswa,"Fakultas Sosial, Humaniora, & Seni",Administrasi Bisnis,2024.0,TRX000959,BK00969,4/17/2024,5/1/2024,5/4/2024,Terlambat
1988,USR00217,Dr. Silvia Lazuardi,Mahasiswa,"Fakultas Sosial, Humaniora, & Seni",Administrasi Bisnis,2024.0,TRX001291,BK01109,5/25/2024,6/8/2024,5/30/2024,Dikembalikan
1989,USR00217,Dr. Silvia Lazuardi,Mahasiswa,"Fakultas Sosial, Humaniora, & Seni",Administrasi Bisnis,2024.0,TRX001570,BK01129,10/9/2024,10/23/2024,10/13/2024,Dikembalikan
1990,USR00217,Dr. Silvia Lazuardi,Mahasiswa,"Fakultas Sosial, Humaniora, & Seni",Administrasi Bisnis,2024.0,TRX001736,BK01356,5/22/2023,6/5/2023,6/5/2023,Dikembalikan
1991,USR00217,Dr. Silvia Lazuardi,Mahasiswa,"Fakultas Sosial, Humaniora, & Seni",Administrasi Bisnis,2024.0,TRX002489,BK01096,3/8/2024,3/22/2024,3/28/2024,Terlambat
1992,USR00217,Dr. Silvia Lazuardi,Mahasiswa,"Fakultas Sosial, Humaniora, & Seni",Administrasi Bisnis,2024.0,TRX002915,BK01116,10/7/2024,10/21/2024,10/18/2024,Dikembalikan
1993,USR00217,Dr. Silvia Lazuardi,Mahasiswa,"Fakultas Sosial, Humaniora, & Seni",Administrasi Bisnis,2024.0,TRX003357,BK00833,12/14/2024,12/28/2024,12/31/2024,Terlambat
1994,USR00218,"drg. Kezia Suartini, M.Pd",Mahasiswa,"Fakultas Sains, Teknologi, & Kesehatan",Informatika,2025.0,TRX000377,BK00227,10/31/2023,11/14/2023,11/17/2023,Terlambat
1995,USR00218,"drg. Kezia Suartini, M.Pd",Mahasiswa,"Fakultas Sains, Teknologi, & Kesehatan",Informatika,2025.0,TRX000538,BK00024,8/12/2025,8/26/2025,8/22/2025,Dikembalikan
1996,USR00218,"drg. Kezia Suartini, M.Pd",Mahasiswa,"Fakultas Sains, Teknologi, & Kesehatan",Informatika,2025.0,TRX000626,BK00279,11/14/2025,11/28/2025,11/29/2025,Terlambat
1997,USR00218,"drg. Kezia Suartini, M.Pd",Mahasiswa,"Fakultas Sains, Teknologi, & Kesehatan",Informatika,2025.0,TRX000700,BK01118,6/19/2024,7/3/2024,7/9/2024,Terlambat
1998,USR00218,"drg. Kezia Suartini, M.Pd",Mahasiswa,"Fakultas Sains, Teknologi, & Kesehatan",Informatika,2025.0,TRX000819,BK00206,3/18/2025,4/1/2025,3/31/2025,Dikembalikan
1999,USR00218,"drg. Kezia Suartini, M.Pd",Mahasiswa,"Fakultas Sains, Teknologi, & Kesehatan",Informatika,2025.0,TRX001337,BK00635,6/20/2023,7/4/2023,7/9/2023,Terlambat
2000,USR00218,"drg. Kezia Suartini, M.Pd",Mahasiswa,"Fakultas Sains, Teknologi, & Kesehatan",Informatika,2025.0,TRX001423,BK00742,6/20/2023,7/4/2023,7/7/2023,Terlambat
2001,USR00218,"drg. Kezia Suartini, M.Pd",Mahasiswa,"Fakultas Sains, Teknologi, & Kesehatan",Informatika,2025.0,TRX001672,BK00153,5/11/2023,5/25/2023,5/22/2023,Dikembalikan
2002,USR00218,"drg. Kezia Suartini, M.Pd",Mahasiswa,"Fakultas Sains, Teknologi, & Kesehatan",Informatika,2025.0,TRX002475,BK00166,12/27/2025,1/10/2026,,Dipinjam
2003,USR00218,"drg. Kezia Suartini, M.Pd",Mahasiswa,"Fakultas Sains, Teknologi, & Kesehatan",Informatika,2025.0,TRX002584,BK00786,3/3/2024,3/17/2024,3/16/2024,Dikembalikan
2004,USR00218,"drg. Kezia Suartini, M.Pd",Mahasiswa,"Fakultas Sains, Teknologi, & Kesehatan",Informatika,2025.0,TRX003397,BK00102,9/30/2023,10/14/2023,10/12/2023,Dikembalikan
2005,USR00219,"Icha Jailani, S.Farm",Mahasiswa,"Fakultas Sosial, Humaniora, & Seni",Ilmu Komunikasi,2022.0,TRX000312,BK01364,12/10/2023,12/24/2023,12/22/2023,Dikembalikan
2006,USR00219,"Icha Jailani, S.Farm",Mahasiswa,"Fakultas Sosial, Humaniora, & Seni",Ilmu Komunikasi,2022.0,TRX000534,BK01353,11/14/2025,11/28/2025,11/21/2025,Dikembalikan
2007,USR00219,"Icha Jailani, S.Farm",Mahasiswa,"Fakultas Sosial, Humaniora, & Seni",Ilmu Komunikasi,2022.0,TRX001035,BK01344,2/22/2024,3/7/2024,3/1/2024,Dikembalikan
2008,USR00219,"Icha Jailani, S.Farm",Mahasiswa,"Fakultas Sosial, Humaniora, & Seni",Ilmu Komunikasi,2022.0,TRX001079,BK00967,3/11/2023,3/25/2023,3/14/2023,Dikembalikan
2009,USR00219,"Icha Jailani, S.Farm",Mahasiswa,"Fakultas Sosial, Humaniora, & Seni",Ilmu Komunikasi,2022.0,TRX001080,BK01371,3/10/2025,3/24/2025,3/15/2025,Dikembalikan
2010,USR00219,"Icha Jailani, S.Farm",Mahasiswa,"Fakultas Sosial, Humaniora, & Seni",Ilmu Komunikasi,2022.0,TRX001620,BK00698,12/12/2024,12/26/2024,12/20/2024,Dikembalikan
2011,USR00219,"Icha Jailani, S.Farm",Mahasiswa,"Fakultas Sosial, Humaniora, & Seni",Ilmu Komunikasi,2022.0,TRX001738,BK01356,10/29/2025,11/12/2025,11/6/2025,Dikembalikan
2012,USR00219,"Icha Jailani, S.Farm",Mahasiswa,"Fakultas Sosial, Humaniora, & Seni",Ilmu Komunikasi,2022.0,TRX001863,BK01294,12/11/2024,12/25/2024,12/18/2024,Dikembalikan
2013,USR00219,"Icha Jailani, S.Farm",Mahasiswa,"Fakultas Sosial, Humaniora, & Seni",Ilmu Komunikasi,2022.0,TRX001955,BK01310,5/24/2023,6/7/2023,6/5/2023,Dikembalikan
2014,USR00219,"Icha Jailani, S.Farm",Mahasiswa,"Fakultas Sosial, Humaniora, & Seni",Ilmu Komunikasi,2022.0,TRX002396,BK01356,1/10/2025,1/24/2025,1/17/2025,Dikembalikan
2015,USR00219,"Icha Jailani, S.Farm",Mahasiswa,"Fakultas Sosial, Humaniora, & Seni",Ilmu Komunikasi,2022.0,TRX002775,BK01369,12/12/2025,12/26/2025,12/23/2025,Dikembalikan
2016,USR00219,"Icha Jailani, S.Farm",Mahasiswa,"Fakultas Sosial, Humaniora, & Seni",Ilmu Komunikasi,2022.0,TRX003434,BK01310,1/30/2025,2/13/2025,2/14/2025,Terlambat
2017,USR00220,Cinthia Maryadi,Mahasiswa,"Fakultas Sosial, Humaniora, & Seni",Psikologi,2024.0,TRX000058,BK00982,8/7/2024,8/21/2024,8/26/2024,Terlambat
2018,USR00220,Cinthia Maryadi,Mahasiswa,"Fakultas Sosial, Humaniora, & Seni",Psikologi,2024.0,TRX000411,BK00871,8/21/2025,9/4/2025,8/27/2025,Dikembalikan
2019,USR00220,Cinthia Maryadi,Mahasiswa,"Fakultas Sosial, Humaniora, & Seni",Psikologi,2024.0,TRX000644,BK01200,10/23/2025,11/6/2025,11/5/2025,Dikembalikan
2020,USR00220,Cinthia Maryadi,Mahasiswa,"Fakultas Sosial, Humaniora, & Seni",Psikologi,2024.0,TRX000713,BK01133,8/27/2025,9/10/2025,9/7/2025,Dikembalikan
2021,USR00220,Cinthia Maryadi,Mahasiswa,"Fakultas Sosial, Humaniora, & Seni",Psikologi,2024.0,TRX000821,BK01218,8/28/2024,9/11/2024,9/10/2024,Dikembalikan
2022,USR00220,Cinthia Maryadi,Mahasiswa,"Fakultas Sosial, Humaniora, & Seni",Psikologi,2024.0,TRX001175,BK01207,5/18/2025,6/1/2025,6/1/2025,Dikembalikan
2023,USR00220,Cinthia Maryadi,Mahasiswa,"Fakultas Sosial, Humaniora, & Seni",Psikologi,2024.0,TRX001412,BK01188,5/4/2023,5/18/2023,5/9/2023,Dikembalikan
2024,USR00220,Cinthia Maryadi,Mahasiswa,"Fakultas Sosial, Humaniora, & Seni",Psikologi,2024.0,TRX001959,BK01197,8/8/2023,8/22/2023,8/24/2023,Terlambat
2025,USR00220,Cinthia Maryadi,Mahasiswa,"Fakultas Sosial, Humaniora, & Seni",Psikologi,2024.0,TRX002064,BK00430,2/13/2025,2/27/2025,3/3/2025,Terlambat
2026,USR00220,Cinthia Maryadi,Mahasiswa,"Fakultas Sosial, Humaniora, & Seni",Psikologi,2024.0,TRX003203,BK01075,8/17/2024,8/31/2024,9/1/2024,Terlambat
2027,USR00221,Jayeng Suwarno,Mahasiswa,"Fakultas Sosial, Humaniora, & Seni",Ilmu Komunikasi,2021.0,TRX000133,BK01354,10/29/2023,11/12/2023,11/17/2023,Terlambat
2028,USR00221,Jayeng Suwarno,Mahasiswa,"Fakultas Sosial, Humaniora, & Seni",Ilmu Komunikasi,2021.0,TRX000693,BK00979,3/10/2023,3/24/2023,3/23/2023,Dikembalikan
2029,USR00221,Jayeng Suwarno,Mahasiswa,"Fakultas Sosial, Humaniora, & Seni",Ilmu Komunikasi,2021.0,TRX000698,BK01358,7/7/2024,7/21/2024,7/12/2024,Dikembalikan
2030,USR00221,Jayeng Suwarno,Mahasiswa,"Fakultas Sosial, Humaniora, & Seni",Ilmu Komunikasi,2021.0,TRX001391,BK01367,3/11/2024,3/25/2024,3/16/2024,Dikembalikan
2031,USR00221,Jayeng Suwarno,Mahasiswa,"Fakultas Sosial, Humaniora, & Seni",Ilmu Komunikasi,2021.0,TRX001529,BK01305,7/22/2025,8/5/2025,8/8/2025,Terlambat
2032,USR00221,Jayeng Suwarno,Mahasiswa,"Fakultas Sosial, Humaniora, & Seni",Ilmu Komunikasi,2021.0,TRX001710,BK01340,8/4/2024,8/18/2024,8/11/2024,Dikembalikan
2033,USR00221,Jayeng Suwarno,Mahasiswa,"Fakultas Sosial, Humaniora, & Seni",Ilmu Komunikasi,2021.0,TRX002442,BK01353,4/6/2025,4/20/2025,4/9/2025,Dikembalikan
2034,USR00221,Jayeng Suwarno,Mahasiswa,"Fakultas Sosial, Humaniora, & Seni",Ilmu Komunikasi,2021.0,TRX002506,BK01363,10/17/2025,10/31/2025,11/7/2025,Terlambat
2035,USR00221,Jayeng Suwarno,Mahasiswa,"Fakultas Sosial, Humaniora, & Seni",Ilmu Komunikasi,2021.0,TRX002675,BK01097,8/29/2025,9/12/2025,9/2/2025,Dikembalikan
2036,USR00221,Jayeng Suwarno,Mahasiswa,"Fakultas Sosial, Humaniora, & Seni",Ilmu Komunikasi,2021.0,TRX002784,BK01334,7/30/2024,8/13/2024,8/5/2024,Dikembalikan
2037,USR00222,Jayeng Kuswandari,Mahasiswa,"Fakultas Sains, Teknologi, & Kesehatan",Teknik Industri,2020.0,TRX000099,BK00447,12/6/2025,12/20/2025,12/18/2025,Dikembalikan
2038,USR00222,Jayeng Kuswandari,Mahasiswa,"Fakultas Sains, Teknologi, & Kesehatan",Teknik Industri,2020.0,TRX000810,BK00130,1/23/2025,2/6/2025,2/9/2025,Terlambat
2039,USR00222,Jayeng Kuswandari,Mahasiswa,"Fakultas Sains, Teknologi, & Kesehatan",Teknik Industri,2020.0,TRX001842,BK00414,8/30/2025,9/13/2025,9/4/2025,Dikembalikan
2040,USR00222,Jayeng Kuswandari,Mahasiswa,"Fakultas Sains, Teknologi, & Kesehatan",Teknik Industri,2020.0,TRX001917,BK00739,12/14/2025,12/28/2025,12/17/2025,Dikembalikan
2041,USR00222,Jayeng Kuswandari,Mahasiswa,"Fakultas Sains, Teknologi, & Kesehatan",Teknik Industri,2020.0,TRX002035,BK00442,7/5/2023,7/19/2023,7/19/2023,Dikembalikan
2042,USR00222,Jayeng Kuswandari,Mahasiswa,"Fakultas Sains, Teknologi, & Kesehatan",Teknik Industri,2020.0,TRX002712,BK00413,6/17/2024,7/1/2024,6/21/2024,Dikembalikan
2043,USR00222,Jayeng Kuswandari,Mahasiswa,"Fakultas Sains, Teknologi, & Kesehatan",Teknik Industri,2020.0,TRX003053,BK00707,7/23/2024,8/6/2024,7/26/2024,Dikembalikan
2044,USR00223,Tgk. Hilda Pradipta,Mahasiswa,"Fakultas Sains, Teknologi, & Kesehatan",Profesi Ners,2022.0,TRX000014,BK00781,8/12/2024,8/26/2024,8/20/2024,Dikembalikan
2045,USR00223,Tgk. Hilda Pradipta,Mahasiswa,"Fakultas Sains, Teknologi, & Kesehatan",Profesi Ners,2022.0,TRX000100,BK00626,6/5/2023,6/19/2023,6/13/2023,Dikembalikan
2046,USR00223,Tgk. Hilda Pradipta,Mahasiswa,"Fakultas Sains, Teknologi, & Kesehatan",Profesi Ners,2022.0,TRX000303,BK00743,2/17/2025,3/3/2025,3/8/2025,Terlambat
2047,USR00223,Tgk. Hilda Pradipta,Mahasiswa,"Fakultas Sains, Teknologi, & Kesehatan",Profesi Ners,2022.0,TRX001047,BK00723,4/9/2023,4/23/2023,4/14/2023,Dikembalikan
2048,USR00223,Tgk. Hilda Pradipta,Mahasiswa,"Fakultas Sains, Teknologi, & Kesehatan",Profesi Ners,2022.0,TRX001373,BK00171,10/20/2025,11/3/2025,11/4/2025,Terlambat
2049,USR00223,Tgk. Hilda Pradipta,Mahasiswa,"Fakultas Sains, Teknologi, & Kesehatan",Profesi Ners,2022.0,TRX001506,BK00775,8/25/2024,9/8/2024,9/9/2024,Terlambat
2050,USR00223,Tgk. Hilda Pradipta,Mahasiswa,"Fakultas Sains, Teknologi, & Kesehatan",Profesi Ners,2022.0,TRX002217,BK00762,1/24/2025,2/7/2025,2/14/2025,Terlambat
2051,USR00223,Tgk. Hilda Pradipta,Mahasiswa,"Fakultas Sains, Teknologi, & Kesehatan",Profesi Ners,2022.0,TRX002914,BK00782,5/25/2025,6/8/2025,6/8/2025,Dikembalikan
2052,USR00223,Tgk. Hilda Pradipta,Mahasiswa,"Fakultas Sains, Teknologi, & Kesehatan",Profesi Ners,2022.0,TRX002991,BK00664,6/23/2024,7/7/2024,6/28/2024,Dikembalikan
2053,USR00223,Tgk. Hilda Pradipta,Mahasiswa,"Fakultas Sains, Teknologi, & Kesehatan",Profesi Ners,2022.0,TRX003212,BK00382,6/2/2025,6/16/2025,6/16/2025,Dikembalikan
2054,USR00224,"R. Vanesa Sinaga, S.Farm",Mahasiswa,"Fakultas Sains, Teknologi, & Kesehatan",Teknik Industri,2023.0,TRX000590,BK00413,8/11/2024,8/25/2024,8/23/2024,Dikembalikan
2055,USR00224,"R. Vanesa Sinaga, S.Farm",Mahasiswa,"Fakultas Sains, Teknologi, & Kesehatan",Teknik Industri,2023.0,TRX001376,BK00441,11/3/2025,11/17/2025,11/10/2025,Dikembalikan
2056,USR00224,"R. Vanesa Sinaga, S.Farm",Mahasiswa,"Fakultas Sains, Teknologi, & Kesehatan",Teknik Industri,2023.0,TRX002103,BK00778,10/11/2023,10/25/2023,10/22/2023,Dikembalikan
2057,USR00224,"R. Vanesa Sinaga, S.Farm",Mahasiswa,"Fakultas Sains, Teknologi, & Kesehatan",Teknik Industri,2023.0,TRX002140,BK00410,11/8/2023,11/22/2023,11/16/2023,Dikembalikan
2058,USR00224,"R. Vanesa Sinaga, S.Farm",Mahasiswa,"Fakultas Sains, Teknologi, & Kesehatan",Teknik Industri,2023.0,TRX002411,BK00415,11/7/2024,11/21/2024,11/17/2024,Dikembalikan
2059,USR00224,"R. Vanesa Sinaga, S.Farm",Mahasiswa,"Fakultas Sains, Teknologi, & Kesehatan",Teknik Industri,2023.0,TRX003211,BK00336,11/21/2025,12/5/2025,12/3/2025,Dikembalikan
2060,USR00225,Danu Mulyani,Mahasiswa,"Fakultas Sains, Teknologi, & Kesehatan",Farmasi,2023.0,TRX000013,BK00692,6/12/2025,6/26/2025,6/23/2025,Dikembalikan
2061,USR00225,Danu Mulyani,Mahasiswa,"Fakultas Sains, Teknologi, & Kesehatan",Farmasi,2023.0,TRX000710,BK00694,8/27/2025,9/10/2025,9/4/2025,Dikembalikan
2062,USR00225,Danu Mulyani,Mahasiswa,"Fakultas Sains, Teknologi, & Kesehatan",Farmasi,2023.0,TRX001538,BK00676,6/18/2023,7/2/2023,6/24/2023,Dikembalikan
2063,USR00225,Danu Mulyani,Mahasiswa,"Fakultas Sains, Teknologi, & Kesehatan",Farmasi,2023.0,TRX001978,BK00633,9/26/2025,10/10/2025,10/10/2025,Dikembalikan
2064,USR00225,Danu Mulyani,Mahasiswa,"Fakultas Sains, Teknologi, & Kesehatan",Farmasi,2023.0,TRX002048,BK00660,2/1/2024,2/15/2024,2/22/2024,Terlambat
2065,USR00225,Danu Mulyani,Mahasiswa,"Fakultas Sains, Teknologi, & Kesehatan",Farmasi,2023.0,TRX002069,BK00708,10/4/2024,10/18/2024,10/25/2024,Terlambat
2066,USR00225,Danu Mulyani,Mahasiswa,"Fakultas Sains, Teknologi, & Kesehatan",Farmasi,2023.0,TRX002725,BK00708,7/2/2023,7/16/2023,7/21/2023,Terlambat
2067,USR00226,"Lantar Riyanti, S.Pd",Mahasiswa,"Fakultas Sosial, Humaniora, & Seni",Ilmu Komunikasi,2024.0,TRX000571,BK01272,4/2/2024,4/16/2024,4/10/2024,Dikembalikan
2068,USR00226,"Lantar Riyanti, S.Pd",Mahasiswa,"Fakultas Sosial, Humaniora, & Seni",Ilmu Komunikasi,2024.0,TRX000661,BK01294,5/27/2025,6/10/2025,5/30/2025,Dikembalikan
2069,USR00226,"Lantar Riyanti, S.Pd",Mahasiswa,"Fakultas Sosial, Humaniora, & Seni",Ilmu Komunikasi,2024.0,TRX001831,BK01220,2/26/2023,3/12/2023,3/15/2023,Terlambat
2070,USR00226,"Lantar Riyanti, S.Pd",Mahasiswa,"Fakultas Sosial, Humaniora, & Seni",Ilmu Komunikasi,2024.0,TRX002272,BK01287,5/29/2023,6/12/2023,6/18/2023,Terlambat
2071,USR00226,"Lantar Riyanti, S.Pd",Mahasiswa,"Fakultas Sosial, Humaniora, & Seni",Ilmu Komunikasi,2024.0,TRX003391,BK01237,8/12/2023,8/26/2023,8/29/2023,Terlambat
2072,USR00227,Ir. Calista Suryatmi,Mahasiswa,"Fakultas Sains, Teknologi, & Kesehatan",Keperawatan,2022.0,TRX001226,BK00534,5/16/2024,5/30/2024,5/19/2024,Dikembalikan
2073,USR00227,Ir. Calista Suryatmi,Mahasiswa,"Fakultas Sains, Teknologi, & Kesehatan",Keperawatan,2022.0,TRX001320,BK00527,12/16/2024,12/30/2024,1/2/2025,Terlambat
2074,USR00227,Ir. Calista Suryatmi,Mahasiswa,"Fakultas Sains, Teknologi, & Kesehatan",Keperawatan,2022.0,TRX002322,BK01301,9/23/2023,10/7/2023,9/30/2023,Dikembalikan
2075,USR00227,Ir. Calista Suryatmi,Mahasiswa,"Fakultas Sains, Teknologi, & Kesehatan",Keperawatan,2022.0,TRX002628,BK00519,6/10/2024,6/24/2024,6/23/2024,Dikembalikan
2076,USR00227,Ir. Calista Suryatmi,Mahasiswa,"Fakultas Sains, Teknologi, & Kesehatan",Keperawatan,2022.0,TRX003091,BK00543,7/21/2024,8/4/2024,7/24/2024,Dikembalikan
2077,USR00227,Ir. Calista Suryatmi,Mahasiswa,"Fakultas Sains, Teknologi, & Kesehatan",Keperawatan,2022.0,TRX003246,BK00361,3/29/2023,4/12/2023,4/11/2023,Dikembalikan
2078,USR00228,Yani Budiman,Mahasiswa,"Fakultas Sains, Teknologi, & Kesehatan",Keperawatan,2025.0,TRX001197,BK00299,11/2/2024,11/16/2024,11/8/2024,Dikembalikan
2079,USR00228,Yani Budiman,Mahasiswa,"Fakultas Sains, Teknologi, & Kesehatan",Keperawatan,2025.0,TRX001350,BK00547,9/2/2023,9/16/2023,9/17/2023,Terlambat
2080,USR00228,Yani Budiman,Mahasiswa,"Fakultas Sains, Teknologi, & Kesehatan",Keperawatan,2025.0,TRX001395,BK00254,10/2/2025,10/16/2025,10/13/2025,Dikembalikan
2081,USR00228,Yani Budiman,Mahasiswa,"Fakultas Sains, Teknologi, & Kesehatan",Keperawatan,2025.0,TRX001956,BK00534,2/28/2023,3/14/2023,3/17/2023,Terlambat
2082,USR00228,Yani Budiman,Mahasiswa,"Fakultas Sains, Teknologi, & Kesehatan",Keperawatan,2025.0,TRX002571,BK00538,12/24/2023,1/7/2024,1/6/2024,Dikembalikan
2083,USR00228,Yani Budiman,Mahasiswa,"Fakultas Sains, Teknologi, & Kesehatan",Keperawatan,2025.0,TRX002572,BK00500,8/28/2024,9/11/2024,9/15/2024,Terlambat
2084,USR00228,Yani Budiman,Mahasiswa,"Fakultas Sains, Teknologi, & Kesehatan",Keperawatan,2025.0,TRX002705,BK00514,1/7/2025,1/21/2025,1/20/2025,Dikembalikan
2085,USR00228,Yani Budiman,Mahasiswa,"Fakultas Sains, Teknologi, & Kesehatan",Keperawatan,2025.0,TRX003264,BK00486,8/5/2025,8/19/2025,8/15/2025,Dikembalikan
2086,USR00228,Yani Budiman,Mahasiswa,"Fakultas Sains, Teknologi, & Kesehatan",Keperawatan,2025.0,TRX003358,BK01010,6/24/2025,7/8/2025,6/29/2025,Dikembalikan
2087,USR00229,Narji Saptono,Mahasiswa,"Fakultas Sains, Teknologi, & Kesehatan",Teknik Industri,2022.0,TRX000455,BK00395,10/5/2024,10/19/2024,10/16/2024,Dikembalikan
2088,USR00229,Narji Saptono,Mahasiswa,"Fakultas Sains, Teknologi, & Kesehatan",Teknik Industri,2022.0,TRX000883,BK00242,6/5/2023,6/19/2023,6/10/2023,Dikembalikan
2089,USR00229,Narji Saptono,Mahasiswa,"Fakultas Sains, Teknologi, & Kesehatan",Teknik Industri,2022.0,TRX001011,BK00145,12/5/2023,12/19/2023,12/16/2023,Dikembalikan
2090,USR00229,Narji Saptono,Mahasiswa,"Fakultas Sains, Teknologi, & Kesehatan",Teknik Industri,2022.0,TRX001262,BK00433,4/25/2023,5/9/2023,5/8/2023,Dikembalikan
2091,USR00229,Narji Saptono,Mahasiswa,"Fakultas Sains, Teknologi, & Kesehatan",Teknik Industri,2022.0,TRX001906,BK00464,4/15/2024,4/29/2024,4/18/2024,Dikembalikan
2092,USR00229,Narji Saptono,Mahasiswa,"Fakultas Sains, Teknologi, & Kesehatan",Teknik Industri,2022.0,TRX001921,BK00568,11/8/2024,11/22/2024,11/12/2024,Dikembalikan
2093,USR00229,Narji Saptono,Mahasiswa,"Fakultas Sains, Teknologi, & Kesehatan",Teknik Industri,2022.0,TRX003182,BK00451,12/14/2023,12/28/2023,12/21/2023,Dikembalikan
2094,USR00229,Narji Saptono,Mahasiswa,"Fakultas Sains, Teknologi, & Kesehatan",Teknik Industri,2022.0,TRX003470,BK00036,5/6/2023,5/20/2023,5/22/2023,Terlambat
2095,USR00230,Tasdik Astuti,Mahasiswa,"Fakultas Sains, Teknologi, & Kesehatan",Profesi Ners,2022.0,TRX000188,BK00728,10/17/2024,10/31/2024,11/6/2024,Terlambat
2096,USR00230,Tasdik Astuti,Mahasiswa,"Fakultas Sains, Teknologi, & Kesehatan",Profesi Ners,2022.0,TRX000381,BK00328,3/21/2024,4/4/2024,4/3/2024,Dikembalikan
2097,USR00230,Tasdik Astuti,Mahasiswa,"Fakultas Sains, Teknologi, & Kesehatan",Profesi Ners,2022.0,TRX000655,BK00728,7/10/2023,7/24/2023,7/17/2023,Dikembalikan
2098,USR00230,Tasdik Astuti,Mahasiswa,"Fakultas Sains, Teknologi, & Kesehatan",Profesi Ners,2022.0,TRX000920,BK00842,3/18/2023,4/1/2023,4/6/2023,Terlambat
2099,USR00230,Tasdik Astuti,Mahasiswa,"Fakultas Sains, Teknologi, & Kesehatan",Profesi Ners,2022.0,TRX001455,BK00730,8/28/2025,9/11/2025,9/12/2025,Terlambat
2100,USR00230,Tasdik Astuti,Mahasiswa,"Fakultas Sains, Teknologi, & Kesehatan",Profesi Ners,2022.0,TRX001861,BK00736,2/25/2025,3/11/2025,3/9/2025,Dikembalikan
2101,USR00230,Tasdik Astuti,Mahasiswa,"Fakultas Sains, Teknologi, & Kesehatan",Profesi Ners,2022.0,TRX002564,BK00724,2/9/2024,2/23/2024,3/1/2024,Terlambat
2102,USR00230,Tasdik Astuti,Mahasiswa,"Fakultas Sains, Teknologi, & Kesehatan",Profesi Ners,2022.0,TRX002883,BK00785,4/18/2024,5/2/2024,4/21/2024,Dikembalikan
2103,USR00230,Tasdik Astuti,Mahasiswa,"Fakultas Sains, Teknologi, & Kesehatan",Profesi Ners,2022.0,TRX003048,BK00762,10/2/2023,10/16/2023,10/5/2023,Dikembalikan
2104,USR00230,Tasdik Astuti,Mahasiswa,"Fakultas Sains, Teknologi, & Kesehatan",Profesi Ners,2022.0,TRX003160,BK00237,12/11/2025,12/25/2025,12/16/2025,Dikembalikan
2105,USR00230,Tasdik Astuti,Mahasiswa,"Fakultas Sains, Teknologi, & Kesehatan",Profesi Ners,2022.0,TRX003341,BK00761,2/12/2023,2/26/2023,2/20/2023,Dikembalikan
2106,USR00230,Tasdik Astuti,Mahasiswa,"Fakultas Sains, Teknologi, & Kesehatan",Profesi Ners,2022.0,TRX003399,BK00478,10/25/2023,11/8/2023,11/11/2023,Terlambat
2107,USR00231,"Hj. Dina Dongoran, S.Kom",Mahasiswa,"Fakultas Sosial, Humaniora, & Seni",Psikologi,2020.0,TRX000311,BK01176,4/13/2025,4/27/2025,5/3/2025,Terlambat
2108,USR00231,"Hj. Dina Dongoran, S.Kom",Mahasiswa,"Fakultas Sosial, Humaniora, & Seni",Psikologi,2020.0,TRX000383,BK01172,10/23/2024,11/6/2024,11/8/2024,Terlambat
2109,USR00231,"Hj. Dina Dongoran, S.Kom",Mahasiswa,"Fakultas Sosial, Humaniora, & Seni",Psikologi,2020.0,TRX000625,BK01233,10/26/2023,11/9/2023,11/14/2023,Terlambat
2110,USR00231,"Hj. Dina Dongoran, S.Kom",Mahasiswa,"Fakultas Sosial, Humaniora, & Seni",Psikologi,2020.0,TRX000785,BK01310,1/24/2025,2/7/2025,2/11/2025,Terlambat
2111,USR00231,"Hj. Dina Dongoran, S.Kom",Mahasiswa,"Fakultas Sosial, Humaniora, & Seni",Psikologi,2020.0,TRX001191,BK00666,8/14/2025,8/28/2025,8/25/2025,Dikembalikan
2112,USR00231,"Hj. Dina Dongoran, S.Kom",Mahasiswa,"Fakultas Sosial, Humaniora, & Seni",Psikologi,2020.0,TRX001236,BK01193,4/29/2024,5/13/2024,5/18/2024,Terlambat
2113,USR00231,"Hj. Dina Dongoran, S.Kom",Mahasiswa,"Fakultas Sosial, Humaniora, & Seni",Psikologi,2020.0,TRX002372,BK01112,9/1/2024,9/15/2024,9/18/2024,Terlambat
2114,USR00231,"Hj. Dina Dongoran, S.Kom",Mahasiswa,"Fakultas Sosial, Humaniora, & Seni",Psikologi,2020.0,TRX002806,BK01112,2/19/2025,3/5/2025,3/4/2025,Dikembalikan
2115,USR00231,"Hj. Dina Dongoran, S.Kom",Mahasiswa,"Fakultas Sosial, Humaniora, & Seni",Psikologi,2020.0,TRX002855,BK01201,1/12/2023,1/26/2023,1/29/2023,Terlambat
2116,USR00231,"Hj. Dina Dongoran, S.Kom",Mahasiswa,"Fakultas Sosial, Humaniora, & Seni",Psikologi,2020.0,TRX003115,BK00936,3/9/2024,3/23/2024,3/17/2024,Dikembalikan
2117,USR00231,"Hj. Dina Dongoran, S.Kom",Mahasiswa,"Fakultas Sosial, Humaniora, & Seni",Psikologi,2020.0,TRX003176,BK01050,10/8/2025,10/22/2025,10/21/2025,Dikembalikan
2118,USR00232,Anastasia Mulyani,Mahasiswa,"Fakultas Sains, Teknologi, & Kesehatan",Informatika,2024.0,TRX000499,BK00229,11/24/2025,12/8/2025,11/29/2025,Dikembalikan
2119,USR00232,Anastasia Mulyani,Mahasiswa,"Fakultas Sains, Teknologi, & Kesehatan",Informatika,2024.0,TRX000505,BK00264,3/16/2023,3/30/2023,3/27/2023,Dikembalikan
2120,USR00232,Anastasia Mulyani,Mahasiswa,"Fakultas Sains, Teknologi, & Kesehatan",Informatika,2024.0,TRX000740,BK00301,11/24/2025,12/8/2025,12/12/2025,Terlambat
2121,USR00232,Anastasia Mulyani,Mahasiswa,"Fakultas Sains, Teknologi, & Kesehatan",Informatika,2024.0,TRX001049,BK00241,2/5/2024,2/19/2024,2/9/2024,Dikembalikan
2122,USR00232,Anastasia Mulyani,Mahasiswa,"Fakultas Sains, Teknologi, & Kesehatan",Informatika,2024.0,TRX001250,BK00191,10/14/2025,10/28/2025,11/1/2025,Terlambat
2123,USR00232,Anastasia Mulyani,Mahasiswa,"Fakultas Sains, Teknologi, & Kesehatan",Informatika,2024.0,TRX001314,BK00144,10/16/2024,10/30/2024,10/20/2024,Dikembalikan
2124,USR00232,Anastasia Mulyani,Mahasiswa,"Fakultas Sains, Teknologi, & Kesehatan",Informatika,2024.0,TRX001474,BK00151,8/1/2024,8/15/2024,8/22/2024,Terlambat
2125,USR00232,Anastasia Mulyani,Mahasiswa,"Fakultas Sains, Teknologi, & Kesehatan",Informatika,2024.0,TRX001571,BK00243,11/7/2025,11/21/2025,11/12/2025,Dikembalikan
2126,USR00232,Anastasia Mulyani,Mahasiswa,"Fakultas Sains, Teknologi, & Kesehatan",Informatika,2024.0,TRX001647,BK00313,7/7/2024,7/21/2024,7/24/2024,Terlambat
2127,USR00232,Anastasia Mulyani,Mahasiswa,"Fakultas Sains, Teknologi, & Kesehatan",Informatika,2024.0,TRX001697,BK00458,8/11/2023,8/25/2023,8/17/2023,Dikembalikan
2128,USR00232,Anastasia Mulyani,Mahasiswa,"Fakultas Sains, Teknologi, & Kesehatan",Informatika,2024.0,TRX001776,BK00199,6/4/2025,6/18/2025,6/25/2025,Terlambat
2129,USR00232,Anastasia Mulyani,Mahasiswa,"Fakultas Sains, Teknologi, & Kesehatan",Informatika,2024.0,TRX002878,BK00266,3/4/2025,3/18/2025,3/15/2025,Dikembalikan
2130,USR00232,Anastasia Mulyani,Mahasiswa,"Fakultas Sains, Teknologi, & Kesehatan",Informatika,2024.0,TRX002896,BK00164,10/6/2024,10/20/2024,10/16/2024,Dikembalikan
2131,USR00232,Anastasia Mulyani,Mahasiswa,"Fakultas Sains, Teknologi, & Kesehatan",Informatika,2024.0,TRX003051,BK00142,10/8/2024,10/22/2024,10/29/2024,Terlambat
2132,USR00232,Anastasia Mulyani,Mahasiswa,"Fakultas Sains, Teknologi, & Kesehatan",Informatika,2024.0,TRX003209,BK00145,8/27/2025,9/10/2025,9/10/2025,Dikembalikan
2133,USR00232,Anastasia Mulyani,Mahasiswa,"Fakultas Sains, Teknologi, & Kesehatan",Informatika,2024.0,TRX003234,BK00237,10/7/2023,10/21/2023,10/11/2023,Dikembalikan
2134,USR00233,Yuliana Namaga,Mahasiswa,"Fakultas Sosial, Humaniora, & Seni",Desain Interior,2020.0,TRX001039,BK00584,3/28/2023,4/11/2023,4/18/2023,Terlambat
2135,USR00233,Yuliana Namaga,Mahasiswa,"Fakultas Sosial, Humaniora, & Seni",Desain Interior,2020.0,TRX001085,BK01026,9/11/2023,9/25/2023,9/14/2023,Dikembalikan
2136,USR00233,Yuliana Namaga,Mahasiswa,"Fakultas Sosial, Humaniora, & Seni",Desain Interior,2020.0,TRX001242,BK00958,4/20/2023,5/4/2023,5/9/2023,Terlambat
2137,USR00233,Yuliana Namaga,Mahasiswa,"Fakultas Sosial, Humaniora, & Seni",Desain Interior,2020.0,TRX001249,BK00979,11/9/2023,11/23/2023,11/26/2023,Terlambat
2138,USR00233,Yuliana Namaga,Mahasiswa,"Fakultas Sosial, Humaniora, & Seni",Desain Interior,2020.0,TRX001273,BK00961,2/20/2023,3/6/2023,2/25/2023,Dikembalikan
2139,USR00233,Yuliana Namaga,Mahasiswa,"Fakultas Sosial, Humaniora, & Seni",Desain Interior,2020.0,TRX001932,BK01179,11/26/2024,12/10/2024,12/7/2024,Dikembalikan
2140,USR00233,Yuliana Namaga,Mahasiswa,"Fakultas Sosial, Humaniora, & Seni",Desain Interior,2020.0,TRX003316,BK01008,3/29/2024,4/12/2024,4/11/2024,Dikembalikan
2141,USR00233,Yuliana Namaga,Mahasiswa,"Fakultas Sosial, Humaniora, & Seni",Desain Interior,2020.0,TRX003361,BK01343,2/18/2024,3/3/2024,2/25/2024,Dikembalikan
2142,USR00234,"R. Cici Irawan, S.Farm",Mahasiswa,"Fakultas Sosial, Humaniora, & Seni",Desain Interior,2025.0,TRX000153,BK01139,11/10/2024,11/24/2024,11/25/2024,Terlambat
2143,USR00234,"R. Cici Irawan, S.Farm",Mahasiswa,"Fakultas Sosial, Humaniora, & Seni",Desain Interior,2025.0,TRX000490,BK00954,7/2/2023,7/16/2023,7/10/2023,Dikembalikan
2144,USR00234,"R. Cici Irawan, S.Farm",Mahasiswa,"Fakultas Sosial, Humaniora, & Seni",Desain Interior,2025.0,TRX001122,BK00959,8/13/2024,8/27/2024,9/3/2024,Terlambat
2145,USR00234,"R. Cici Irawan, S.Farm",Mahasiswa,"Fakultas Sosial, Humaniora, & Seni",Desain Interior,2025.0,TRX001159,BK00985,5/27/2024,6/10/2024,6/13/2024,Terlambat
2146,USR00234,"R. Cici Irawan, S.Farm",Mahasiswa,"Fakultas Sosial, Humaniora, & Seni",Desain Interior,2025.0,TRX001318,BK01015,3/25/2023,4/8/2023,4/13/2023,Terlambat
2147,USR00234,"R. Cici Irawan, S.Farm",Mahasiswa,"Fakultas Sosial, Humaniora, & Seni",Desain Interior,2025.0,TRX002310,BK00800,10/1/2023,10/15/2023,10/16/2023,Terlambat
2148,USR00234,"R. Cici Irawan, S.Farm",Mahasiswa,"Fakultas Sosial, Humaniora, & Seni",Desain Interior,2025.0,TRX002845,BK00961,12/29/2023,1/12/2024,1/14/2024,Terlambat
2149,USR00234,"R. Cici Irawan, S.Farm",Mahasiswa,"Fakultas Sosial, Humaniora, & Seni",Desain Interior,2025.0,TRX002932,BK00992,11/4/2025,11/18/2025,11/20/2025,Terlambat
2150,USR00235,Saadat Manullang,Mahasiswa,"Fakultas Sains, Teknologi, & Kesehatan",Farmasi,2021.0,TRX000119,BK00851,6/30/2024,7/14/2024,7/13/2024,Dikembalikan
2151,USR00235,Saadat Manullang,Mahasiswa,"Fakultas Sains, Teknologi, & Kesehatan",Farmasi,2021.0,TRX000397,BK00132,7/21/2023,8/4/2023,7/31/2023,Dikembalikan
2152,USR00235,Saadat Manullang,Mahasiswa,"Fakultas Sains, Teknologi, & Kesehatan",Farmasi,2021.0,TRX000461,BK00617,6/21/2024,7/5/2024,6/27/2024,Dikembalikan
2153,USR00235,Saadat Manullang,Mahasiswa,"Fakultas Sains, Teknologi, & Kesehatan",Farmasi,2021.0,TRX000968,BK00584,8/21/2023,9/4/2023,9/8/2023,Terlambat
2154,USR00235,Saadat Manullang,Mahasiswa,"Fakultas Sains, Teknologi, & Kesehatan",Farmasi,2021.0,TRX001193,BK00640,9/21/2025,10/5/2025,9/30/2025,Dikembalikan
2155,USR00235,Saadat Manullang,Mahasiswa,"Fakultas Sains, Teknologi, & Kesehatan",Farmasi,2021.0,TRX002039,BK00572,3/4/2023,3/18/2023,3/20/2023,Terlambat
2156,USR00235,Saadat Manullang,Mahasiswa,"Fakultas Sains, Teknologi, & Kesehatan",Farmasi,2021.0,TRX002504,BK00619,3/24/2024,4/7/2024,4/9/2024,Terlambat
2157,USR00235,Saadat Manullang,Mahasiswa,"Fakultas Sains, Teknologi, & Kesehatan",Farmasi,2021.0,TRX002682,BK00605,1/7/2023,1/21/2023,1/16/2023,Dikembalikan
2158,USR00235,Saadat Manullang,Mahasiswa,"Fakultas Sains, Teknologi, & Kesehatan",Farmasi,2021.0,TRX002773,BK00762,8/7/2024,8/21/2024,8/16/2024,Dikembalikan
2159,USR00235,Saadat Manullang,Mahasiswa,"Fakultas Sains, Teknologi, & Kesehatan",Farmasi,2021.0,TRX002825,BK00595,7/8/2024,7/22/2024,7/18/2024,Dikembalikan
2160,USR00235,Saadat Manullang,Mahasiswa,"Fakultas Sains, Teknologi, & Kesehatan",Farmasi,2021.0,TRX003330,BK00585,1/7/2023,1/21/2023,1/25/2023,Terlambat
2161,USR00236,"Mulya Wahyuni, S.Ked",Mahasiswa,"Fakultas Sains, Teknologi, & Kesehatan",Farmasi,2023.0,TRX000268,BK00467,2/1/2023,2/15/2023,2/11/2023,Dikembalikan
2162,USR00236,"Mulya Wahyuni, S.Ked",Mahasiswa,"Fakultas Sains, Teknologi, & Kesehatan",Farmasi,2023.0,TRX000848,BK00633,8/24/2023,9/7/2023,9/12/2023,Terlambat
2163,USR00236,"Mulya Wahyuni, S.Ked",Mahasiswa,"Fakultas Sains, Teknologi, & Kesehatan",Farmasi,2023.0,TRX000860,BK00076,3/23/2025,4/6/2025,4/7/2025,Terlambat
2164,USR00236,"Mulya Wahyuni, S.Ked",Mahasiswa,"Fakultas Sains, Teknologi, & Kesehatan",Farmasi,2023.0,TRX001075,BK00675,9/16/2025,9/30/2025,9/20/2025,Dikembalikan
2165,USR00236,"Mulya Wahyuni, S.Ked",Mahasiswa,"Fakultas Sains, Teknologi, & Kesehatan",Farmasi,2023.0,TRX001108,BK00586,3/22/2025,4/5/2025,3/29/2025,Dikembalikan
2166,USR00236,"Mulya Wahyuni, S.Ked",Mahasiswa,"Fakultas Sains, Teknologi, & Kesehatan",Farmasi,2023.0,TRX001261,BK00481,2/18/2024,3/3/2024,2/29/2024,Dikembalikan
2167,USR00236,"Mulya Wahyuni, S.Ked",Mahasiswa,"Fakultas Sains, Teknologi, & Kesehatan",Farmasi,2023.0,TRX001927,BK00511,12/14/2023,12/28/2023,12/22/2023,Dikembalikan
2168,USR00236,"Mulya Wahyuni, S.Ked",Mahasiswa,"Fakultas Sains, Teknologi, & Kesehatan",Farmasi,2023.0,TRX002485,BK00677,9/24/2023,10/8/2023,10/12/2023,Terlambat
2169,USR00236,"Mulya Wahyuni, S.Ked",Mahasiswa,"Fakultas Sains, Teknologi, & Kesehatan",Farmasi,2023.0,TRX002780,BK00658,11/9/2025,11/23/2025,11/16/2025,Dikembalikan
2170,USR00236,"Mulya Wahyuni, S.Ked",Mahasiswa,"Fakultas Sains, Teknologi, & Kesehatan",Farmasi,2023.0,TRX002868,BK00158,5/5/2023,5/19/2023,5/25/2023,Terlambat
2171,USR00236,"Mulya Wahyuni, S.Ked",Mahasiswa,"Fakultas Sains, Teknologi, & Kesehatan",Farmasi,2023.0,TRX003378,BK00642,2/8/2023,2/22/2023,2/28/2023,Terlambat
2172,USR00237,"Rangga Wijayanti, S.T.",Mahasiswa,"Fakultas Sosial, Humaniora, & Seni",Psikologi,2025.0,TRX001539,BK00100,10/25/2025,11/8/2025,11/11/2025,Terlambat
2173,USR00237,"Rangga Wijayanti, S.T.",Mahasiswa,"Fakultas Sosial, Humaniora, & Seni",Psikologi,2025.0,TRX002195,BK01171,7/11/2024,7/25/2024,7/29/2024,Terlambat
2174,USR00237,"Rangga Wijayanti, S.T.",Mahasiswa,"Fakultas Sosial, Humaniora, & Seni",Psikologi,2025.0,TRX003222,BK01224,2/21/2024,3/6/2024,3/8/2024,Terlambat
2175,USR00237,"Rangga Wijayanti, S.T.",Mahasiswa,"Fakultas Sosial, Humaniora, & Seni",Psikologi,2025.0,TRX003325,BK01183,4/24/2024,5/8/2024,5/11/2024,Terlambat
2176,USR00238,Soleh Palastri,Mahasiswa,"Fakultas Sains, Teknologi, & Kesehatan",Informatika,2024.0,TRX000770,BK00494,2/19/2025,3/5/2025,3/7/2025,Terlambat
2177,USR00238,Soleh Palastri,Mahasiswa,"Fakultas Sains, Teknologi, & Kesehatan",Informatika,2024.0,TRX000949,BK00276,12/8/2024,12/22/2024,12/16/2024,Dikembalikan
2178,USR00238,Soleh Palastri,Mahasiswa,"Fakultas Sains, Teknologi, & Kesehatan",Informatika,2024.0,TRX001151,BK00125,3/26/2024,4/9/2024,4/15/2024,Terlambat
2179,USR00238,Soleh Palastri,Mahasiswa,"Fakultas Sains, Teknologi, & Kesehatan",Informatika,2024.0,TRX002045,BK00105,2/13/2024,2/27/2024,3/1/2024,Terlambat
2180,USR00238,Soleh Palastri,Mahasiswa,"Fakultas Sains, Teknologi, & Kesehatan",Informatika,2024.0,TRX002421,BK00129,8/24/2023,9/7/2023,9/13/2023,Terlambat
2181,USR00238,Soleh Palastri,Mahasiswa,"Fakultas Sains, Teknologi, & Kesehatan",Informatika,2024.0,TRX002665,BK00235,10/3/2025,10/17/2025,10/21/2025,Terlambat
2182,USR00238,Soleh Palastri,Mahasiswa,"Fakultas Sains, Teknologi, & Kesehatan",Informatika,2024.0,TRX002769,BK00076,10/16/2025,10/30/2025,10/20/2025,Dikembalikan
2183,USR00239,"R. Daryani Uwais, M.Ak",Mahasiswa,"Fakultas Sosial, Humaniora, & Seni",Desain Interior,2022.0,TRX000081,BK00978,2/6/2025,2/20/2025,2/9/2025,Dikembalikan
2184,USR00239,"R. Daryani Uwais, M.Ak",Mahasiswa,"Fakultas Sosial, Humaniora, & Seni",Desain Interior,2022.0,TRX000129,BK01026,2/17/2024,3/2/2024,2/25/2024,Dikembalikan
2185,USR00239,"R. Daryani Uwais, M.Ak",Mahasiswa,"Fakultas Sosial, Humaniora, & Seni",Desain Interior,2022.0,TRX000492,BK00966,5/23/2025,6/6/2025,6/9/2025,Terlambat
2186,USR00239,"R. Daryani Uwais, M.Ak",Mahasiswa,"Fakultas Sosial, Humaniora, & Seni",Desain Interior,2022.0,TRX000565,BK01064,6/5/2024,6/19/2024,6/22/2024,Terlambat
2187,USR00239,"R. Daryani Uwais, M.Ak",Mahasiswa,"Fakultas Sosial, Humaniora, & Seni",Desain Interior,2022.0,TRX000611,BK00990,8/8/2023,8/22/2023,8/17/2023,Dikembalikan
2188,USR00239,"R. Daryani Uwais, M.Ak",Mahasiswa,"Fakultas Sosial, Humaniora, & Seni",Desain Interior,2022.0,TRX001153,BK01092,1/29/2024,2/12/2024,2/7/2024,Dikembalikan
2189,USR00239,"R. Daryani Uwais, M.Ak",Mahasiswa,"Fakultas Sosial, Humaniora, & Seni",Desain Interior,2022.0,TRX002689,BK00956,4/29/2023,5/13/2023,5/6/2023,Dikembalikan
2190,USR00239,"R. Daryani Uwais, M.Ak",Mahasiswa,"Fakultas Sosial, Humaniora, & Seni",Desain Interior,2022.0,TRX002895,BK00957,10/23/2025,11/6/2025,11/5/2025,Dikembalikan
2191,USR00239,"R. Daryani Uwais, M.Ak",Mahasiswa,"Fakultas Sosial, Humaniora, & Seni",Desain Interior,2022.0,TRX002951,BK00913,11/14/2024,11/28/2024,11/27/2024,Dikembalikan
2192,USR00239,"R. Daryani Uwais, M.Ak",Mahasiswa,"Fakultas Sosial, Humaniora, & Seni",Desain Interior,2022.0,TRX002982,BK00973,3/23/2025,4/6/2025,4/6/2025,Dikembalikan
2193,USR00240,Drs. Rina Mayasari,Mahasiswa,"Fakultas Sains, Teknologi, & Kesehatan",Farmasi,2025.0,TRX000044,BK00638,11/13/2024,11/27/2024,11/18/2024,Dikembalikan
2194,USR00240,Drs. Rina Mayasari,Mahasiswa,"Fakultas Sains, Teknologi, & Kesehatan",Farmasi,2025.0,TRX001462,BK00708,10/6/2025,10/20/2025,10/13/2025,Dikembalikan
2195,USR00240,Drs. Rina Mayasari,Mahasiswa,"Fakultas Sains, Teknologi, & Kesehatan",Farmasi,2025.0,TRX001695,BK00596,4/24/2023,5/8/2023,5/3/2023,Dikembalikan
2196,USR00240,Drs. Rina Mayasari,Mahasiswa,"Fakultas Sains, Teknologi, & Kesehatan",Farmasi,2025.0,TRX001869,BK00666,3/9/2024,3/23/2024,3/24/2024,Terlambat
2197,USR00240,Drs. Rina Mayasari,Mahasiswa,"Fakultas Sains, Teknologi, & Kesehatan",Farmasi,2025.0,TRX001958,BK00561,8/31/2024,9/14/2024,9/12/2024,Dikembalikan
2198,USR00240,Drs. Rina Mayasari,Mahasiswa,"Fakultas Sains, Teknologi, & Kesehatan",Farmasi,2025.0,TRX001990,BK00667,9/30/2024,10/14/2024,10/20/2024,Terlambat
2199,USR00240,Drs. Rina Mayasari,Mahasiswa,"Fakultas Sains, Teknologi, & Kesehatan",Farmasi,2025.0,TRX002424,BK00695,1/11/2025,1/25/2025,1/28/2025,Terlambat
2200,USR00240,Drs. Rina Mayasari,Mahasiswa,"Fakultas Sains, Teknologi, & Kesehatan",Farmasi,2025.0,TRX003086,BK00588,1/26/2023,2/9/2023,1/30/2023,Dikembalikan
2201,USR00240,Drs. Rina Mayasari,Mahasiswa,"Fakultas Sains, Teknologi, & Kesehatan",Farmasi,2025.0,TRX003148,BK00660,2/24/2025,3/10/2025,3/3/2025,Dikembalikan
2202,USR00240,Drs. Rina Mayasari,Mahasiswa,"Fakultas Sains, Teknologi, & Kesehatan",Farmasi,2025.0,TRX003326,BK00618,8/20/2024,9/3/2024,8/23/2024,Dikembalikan
2203,USR00240,Drs. Rina Mayasari,Mahasiswa,"Fakultas Sains, Teknologi, & Kesehatan",Farmasi,2025.0,TRX003441,BK00660,11/27/2025,12/11/2025,12/6/2025,Dikembalikan
2204,USR00241,"Drs. Ikin Maulana, S.IP",Mahasiswa,"Fakultas Sosial, Humaniora, & Seni",Desain Interior,2020.0,TRX000199,BK00996,9/18/2024,10/2/2024,9/28/2024,Dikembalikan
2205,USR00241,"Drs. Ikin Maulana, S.IP",Mahasiswa,"Fakultas Sosial, Humaniora, & Seni",Desain Interior,2020.0,TRX000333,BK00962,2/3/2024,2/17/2024,2/11/2024,Dikembalikan
2206,USR00241,"Drs. Ikin Maulana, S.IP",Mahasiswa,"Fakultas Sosial, Humaniora, & Seni",Desain Interior,2020.0,TRX000346,BK01020,5/22/2025,6/5/2025,5/26/2025,Dikembalikan
2207,USR00241,"Drs. Ikin Maulana, S.IP",Mahasiswa,"Fakultas Sosial, Humaniora, & Seni",Desain Interior,2020.0,TRX000973,BK00614,5/27/2025,6/10/2025,6/15/2025,Terlambat
2208,USR00241,"Drs. Ikin Maulana, S.IP",Mahasiswa,"Fakultas Sosial, Humaniora, & Seni",Desain Interior,2020.0,TRX001703,BK00945,2/14/2024,2/28/2024,3/4/2024,Terlambat
2209,USR00241,"Drs. Ikin Maulana, S.IP",Mahasiswa,"Fakultas Sosial, Humaniora, & Seni",Desain Interior,2020.0,TRX002215,BK00961,1/23/2025,2/6/2025,2/1/2025,Dikembalikan
2210,USR00241,"Drs. Ikin Maulana, S.IP",Mahasiswa,"Fakultas Sosial, Humaniora, & Seni",Desain Interior,2020.0,TRX002231,BK00859,1/5/2023,1/19/2023,1/11/2023,Dikembalikan
2211,USR00241,"Drs. Ikin Maulana, S.IP",Mahasiswa,"Fakultas Sosial, Humaniora, & Seni",Desain Interior,2020.0,TRX002299,BK00922,3/16/2023,3/30/2023,4/4/2023,Terlambat
2212,USR00241,"Drs. Ikin Maulana, S.IP",Mahasiswa,"Fakultas Sosial, Humaniora, & Seni",Desain Interior,2020.0,TRX002472,BK01116,10/31/2024,11/14/2024,11/12/2024,Dikembalikan
2213,USR00241,"Drs. Ikin Maulana, S.IP",Mahasiswa,"Fakultas Sosial, Humaniora, & Seni",Desain Interior,2020.0,TRX002694,BK00978,2/19/2025,3/5/2025,3/7/2025,Terlambat
2214,USR00242,Ibun Damanik,Mahasiswa,"Fakultas Sains, Teknologi, & Kesehatan",Informatika,2023.0,TRX000181,BK00306,9/19/2025,10/3/2025,9/30/2025,Dikembalikan
2215,USR00242,Ibun Damanik,Mahasiswa,"Fakultas Sains, Teknologi, & Kesehatan",Informatika,2023.0,TRX000332,BK00087,8/28/2025,9/11/2025,9/18/2025,Terlambat
2216,USR00242,Ibun Damanik,Mahasiswa,"Fakultas Sains, Teknologi, & Kesehatan",Informatika,2023.0,TRX000760,BK00243,4/20/2024,5/4/2024,4/26/2024,Dikembalikan
2217,USR00242,Ibun Damanik,Mahasiswa,"Fakultas Sains, Teknologi, & Kesehatan",Informatika,2023.0,TRX001203,BK00269,12/17/2025,12/31/2025,,Dipinjam
2218,USR00242,Ibun Damanik,Mahasiswa,"Fakultas Sains, Teknologi, & Kesehatan",Informatika,2023.0,TRX001507,BK00068,9/7/2023,9/21/2023,9/17/2023,Dikembalikan
2219,USR00242,Ibun Damanik,Mahasiswa,"Fakultas Sains, Teknologi, & Kesehatan",Informatika,2023.0,TRX001688,BK00232,12/19/2025,1/2/2026,,Dipinjam
2220,USR00242,Ibun Damanik,Mahasiswa,"Fakultas Sains, Teknologi, & Kesehatan",Informatika,2023.0,TRX001924,BK00546,11/13/2023,11/27/2023,11/26/2023,Dikembalikan
2221,USR00242,Ibun Damanik,Mahasiswa,"Fakultas Sains, Teknologi, & Kesehatan",Informatika,2023.0,TRX002240,BK00305,8/3/2025,8/17/2025,8/18/2025,Terlambat
2222,USR00242,Ibun Damanik,Mahasiswa,"Fakultas Sains, Teknologi, & Kesehatan",Informatika,2023.0,TRX002581,BK00065,1/5/2023,1/19/2023,1/17/2023,Dikembalikan
2223,USR00242,Ibun Damanik,Mahasiswa,"Fakultas Sains, Teknologi, & Kesehatan",Informatika,2023.0,TRX003281,BK00097,7/13/2025,7/27/2025,7/20/2025,Dikembalikan
2224,USR00243,"Zalindra Nasyiah, M.TI.",Mahasiswa,"Fakultas Sains, Teknologi, & Kesehatan",Teknik Industri,2020.0,TRX000104,BK00991,7/7/2023,7/21/2023,7/27/2023,Terlambat
2225,USR00243,"Zalindra Nasyiah, M.TI.",Mahasiswa,"Fakultas Sains, Teknologi, & Kesehatan",Teknik Industri,2020.0,TRX000608,BK00202,9/25/2024,10/9/2024,10/2/2024,Dikembalikan
2226,USR00243,"Zalindra Nasyiah, M.TI.",Mahasiswa,"Fakultas Sains, Teknologi, & Kesehatan",Teknik Industri,2020.0,TRX001438,BK00357,8/17/2024,8/31/2024,8/23/2024,Dikembalikan
2227,USR00243,"Zalindra Nasyiah, M.TI.",Mahasiswa,"Fakultas Sains, Teknologi, & Kesehatan",Teknik Industri,2020.0,TRX001556,BK01196,10/9/2023,10/23/2023,10/12/2023,Dikembalikan
2228,USR00243,"Zalindra Nasyiah, M.TI.",Mahasiswa,"Fakultas Sains, Teknologi, & Kesehatan",Teknik Industri,2020.0,TRX001626,BK00115,7/26/2024,8/9/2024,8/1/2024,Dikembalikan
2229,USR00243,"Zalindra Nasyiah, M.TI.",Mahasiswa,"Fakultas Sains, Teknologi, & Kesehatan",Teknik Industri,2020.0,TRX001663,BK00636,5/22/2025,6/5/2025,5/26/2025,Dikembalikan
2230,USR00243,"Zalindra Nasyiah, M.TI.",Mahasiswa,"Fakultas Sains, Teknologi, & Kesehatan",Teknik Industri,2020.0,TRX001896,BK00350,12/5/2023,12/19/2023,12/25/2023,Terlambat
2231,USR00243,"Zalindra Nasyiah, M.TI.",Mahasiswa,"Fakultas Sains, Teknologi, & Kesehatan",Teknik Industri,2020.0,TRX001971,BK00351,4/3/2023,4/17/2023,4/9/2023,Dikembalikan
2232,USR00243,"Zalindra Nasyiah, M.TI.",Mahasiswa,"Fakultas Sains, Teknologi, & Kesehatan",Teknik Industri,2020.0,TRX002060,BK00333,6/22/2025,7/6/2025,7/2/2025,Dikembalikan
2233,USR00243,"Zalindra Nasyiah, M.TI.",Mahasiswa,"Fakultas Sains, Teknologi, & Kesehatan",Teknik Industri,2020.0,TRX003279,BK00350,3/11/2023,3/25/2023,3/31/2023,Terlambat
2234,USR00244,"Langgeng Siregar, M.TI.",Mahasiswa,"Fakultas Sains, Teknologi, & Kesehatan",Teknik Industri,2025.0,TRX000150,BK00381,4/17/2025,5/1/2025,5/5/2025,Terlambat
2235,USR00244,"Langgeng Siregar, M.TI.",Mahasiswa,"Fakultas Sains, Teknologi, & Kesehatan",Teknik Industri,2025.0,TRX000198,BK00387,9/12/2025,9/26/2025,9/15/2025,Dikembalikan
2236,USR00244,"Langgeng Siregar, M.TI.",Mahasiswa,"Fakultas Sains, Teknologi, & Kesehatan",Teknik Industri,2025.0,TRX000844,BK00334,5/24/2023,6/7/2023,6/2/2023,Dikembalikan
2237,USR00244,"Langgeng Siregar, M.TI.",Mahasiswa,"Fakultas Sains, Teknologi, & Kesehatan",Teknik Industri,2025.0,TRX001007,BK00389,12/27/2024,1/10/2025,12/31/2024,Dikembalikan
2238,USR00244,"Langgeng Siregar, M.TI.",Mahasiswa,"Fakultas Sains, Teknologi, & Kesehatan",Teknik Industri,2025.0,TRX001686,BK00252,12/1/2024,12/15/2024,12/8/2024,Dikembalikan
2239,USR00244,"Langgeng Siregar, M.TI.",Mahasiswa,"Fakultas Sains, Teknologi, & Kesehatan",Teknik Industri,2025.0,TRX001759,BK00359,1/12/2024,1/26/2024,1/24/2024,Dikembalikan
2240,USR00244,"Langgeng Siregar, M.TI.",Mahasiswa,"Fakultas Sains, Teknologi, & Kesehatan",Teknik Industri,2025.0,TRX001910,BK00530,4/15/2024,4/29/2024,5/6/2024,Terlambat
2241,USR00244,"Langgeng Siregar, M.TI.",Mahasiswa,"Fakultas Sains, Teknologi, & Kesehatan",Teknik Industri,2025.0,TRX002884,BK00329,4/6/2024,4/20/2024,4/19/2024,Dikembalikan
2242,USR00244,"Langgeng Siregar, M.TI.",Mahasiswa,"Fakultas Sains, Teknologi, & Kesehatan",Teknik Industri,2025.0,TRX002988,BK00379,11/24/2024,12/8/2024,12/1/2024,Dikembalikan
2243,USR00245,Rahman Hidayanto,Mahasiswa,"Fakultas Sosial, Humaniora, & Seni",Desain Interior,2021.0,TRX000076,BK00973,7/10/2023,7/24/2023,7/29/2023,Terlambat
2244,USR00245,Rahman Hidayanto,Mahasiswa,"Fakultas Sosial, Humaniora, & Seni",Desain Interior,2021.0,TRX000226,BK00218,5/18/2025,6/1/2025,6/4/2025,Terlambat
2245,USR00245,Rahman Hidayanto,Mahasiswa,"Fakultas Sosial, Humaniora, & Seni",Desain Interior,2021.0,TRX000282,BK01327,1/25/2023,2/8/2023,2/4/2023,Dikembalikan
2246,USR00245,Rahman Hidayanto,Mahasiswa,"Fakultas Sosial, Humaniora, & Seni",Desain Interior,2021.0,TRX000370,BK00949,8/23/2024,9/6/2024,9/10/2024,Terlambat
2247,USR00245,Rahman Hidayanto,Mahasiswa,"Fakultas Sosial, Humaniora, & Seni",Desain Interior,2021.0,TRX000665,BK01210,3/30/2025,4/13/2025,4/20/2025,Terlambat
2248,USR00245,Rahman Hidayanto,Mahasiswa,"Fakultas Sosial, Humaniora, & Seni",Desain Interior,2021.0,TRX000683,BK00955,10/9/2023,10/23/2023,10/20/2023,Dikembalikan
2249,USR00245,Rahman Hidayanto,Mahasiswa,"Fakultas Sosial, Humaniora, & Seni",Desain Interior,2021.0,TRX001247,BK00948,1/9/2025,1/23/2025,1/23/2025,Dikembalikan
2250,USR00245,Rahman Hidayanto,Mahasiswa,"Fakultas Sosial, Humaniora, & Seni",Desain Interior,2021.0,TRX001408,BK00986,5/5/2025,5/19/2025,5/13/2025,Dikembalikan
2251,USR00245,Rahman Hidayanto,Mahasiswa,"Fakultas Sosial, Humaniora, & Seni",Desain Interior,2021.0,TRX001667,BK01110,2/20/2025,3/6/2025,3/2/2025,Dikembalikan
2252,USR00245,Rahman Hidayanto,Mahasiswa,"Fakultas Sosial, Humaniora, & Seni",Desain Interior,2021.0,TRX001739,BK00845,8/27/2025,9/10/2025,9/5/2025,Dikembalikan
2253,USR00245,Rahman Hidayanto,Mahasiswa,"Fakultas Sosial, Humaniora, & Seni",Desain Interior,2021.0,TRX002096,BK00976,1/24/2025,2/7/2025,1/28/2025,Dikembalikan
2254,USR00245,Rahman Hidayanto,Mahasiswa,"Fakultas Sosial, Humaniora, & Seni",Desain Interior,2021.0,TRX002173,BK01007,8/13/2025,8/27/2025,8/31/2025,Terlambat
2255,USR00245,Rahman Hidayanto,Mahasiswa,"Fakultas Sosial, Humaniora, & Seni",Desain Interior,2021.0,TRX002495,BK00995,2/7/2023,2/21/2023,2/18/2023,Dikembalikan
2256,USR00245,Rahman Hidayanto,Mahasiswa,"Fakultas Sosial, Humaniora, & Seni",Desain Interior,2021.0,TRX002549,BK01010,6/16/2024,6/30/2024,6/21/2024,Dikembalikan
2257,USR00245,Rahman Hidayanto,Mahasiswa,"Fakultas Sosial, Humaniora, & Seni",Desain Interior,2021.0,TRX003158,BK00961,5/31/2023,6/14/2023,6/7/2023,Dikembalikan
2258,USR00245,Rahman Hidayanto,Mahasiswa,"Fakultas Sosial, Humaniora, & Seni",Desain Interior,2021.0,TRX003245,BK00955,1/16/2024,1/30/2024,2/4/2024,Terlambat
2259,USR00245,Rahman Hidayanto,Mahasiswa,"Fakultas Sosial, Humaniora, & Seni",Desain Interior,2021.0,TRX003263,BK00991,1/17/2024,1/31/2024,1/27/2024,Dikembalikan
2260,USR00246,dr. Tugiman Rajata,Mahasiswa,"Fakultas Sosial, Humaniora, & Seni",Administrasi Bisnis,2023.0,TRX000738,BK01046,6/26/2024,7/10/2024,7/3/2024,Dikembalikan
2261,USR00246,dr. Tugiman Rajata,Mahasiswa,"Fakultas Sosial, Humaniora, & Seni",Administrasi Bisnis,2023.0,TRX000749,BK01084,11/5/2024,11/19/2024,11/24/2024,Terlambat
2262,USR00246,dr. Tugiman Rajata,Mahasiswa,"Fakultas Sosial, Humaniora, & Seni",Administrasi Bisnis,2023.0,TRX000967,BK00840,1/26/2023,2/9/2023,2/6/2023,Dikembalikan
2263,USR00246,dr. Tugiman Rajata,Mahasiswa,"Fakultas Sosial, Humaniora, & Seni",Administrasi Bisnis,2023.0,TRX001352,BK01039,1/22/2023,2/5/2023,2/2/2023,Dikembalikan
2264,USR00246,dr. Tugiman Rajata,Mahasiswa,"Fakultas Sosial, Humaniora, & Seni",Administrasi Bisnis,2023.0,TRX001614,BK01065,4/11/2024,4/25/2024,4/17/2024,Dikembalikan
2265,USR00246,dr. Tugiman Rajata,Mahasiswa,"Fakultas Sosial, Humaniora, & Seni",Administrasi Bisnis,2023.0,TRX001640,BK01031,4/22/2023,5/6/2023,5/7/2023,Terlambat
2266,USR00246,dr. Tugiman Rajata,Mahasiswa,"Fakultas Sosial, Humaniora, & Seni",Administrasi Bisnis,2023.0,TRX002403,BK00296,9/9/2023,9/23/2023,9/29/2023,Terlambat
2267,USR00246,dr. Tugiman Rajata,Mahasiswa,"Fakultas Sosial, Humaniora, & Seni",Administrasi Bisnis,2023.0,TRX002851,BK01058,3/12/2025,3/26/2025,3/28/2025,Terlambat
2268,USR00246,dr. Tugiman Rajata,Mahasiswa,"Fakultas Sosial, Humaniora, & Seni",Administrasi Bisnis,2023.0,TRX003011,BK01077,8/19/2025,9/2/2025,9/9/2025,Terlambat
2269,USR00246,dr. Tugiman Rajata,Mahasiswa,"Fakultas Sosial, Humaniora, & Seni",Administrasi Bisnis,2023.0,TRX003119,BK00838,12/5/2023,12/19/2023,12/21/2023,Terlambat
2270,USR00247,Patricia Mandala,Mahasiswa,"Fakultas Sains, Teknologi, & Kesehatan",Informatika,2022.0,TRX000209,BK00198,9/24/2024,10/8/2024,9/30/2024,Dikembalikan
2271,USR00247,Patricia Mandala,Mahasiswa,"Fakultas Sains, Teknologi, & Kesehatan",Informatika,2022.0,TRX000218,BK00196,10/16/2024,10/30/2024,11/6/2024,Terlambat
2272,USR00247,Patricia Mandala,Mahasiswa,"Fakultas Sains, Teknologi, & Kesehatan",Informatika,2022.0,TRX000635,BK00100,8/4/2025,8/18/2025,8/25/2025,Terlambat
2273,USR00247,Patricia Mandala,Mahasiswa,"Fakultas Sains, Teknologi, & Kesehatan",Informatika,2022.0,TRX001050,BK00418,11/6/2025,11/20/2025,11/24/2025,Terlambat
2274,USR00247,Patricia Mandala,Mahasiswa,"Fakultas Sains, Teknologi, & Kesehatan",Informatika,2022.0,TRX001192,BK00177,6/3/2025,6/17/2025,6/7/2025,Dikembalikan
2275,USR00247,Patricia Mandala,Mahasiswa,"Fakultas Sains, Teknologi, & Kesehatan",Informatika,2022.0,TRX001196,BK00184,6/12/2025,6/26/2025,6/16/2025,Dikembalikan
2276,USR00247,Patricia Mandala,Mahasiswa,"Fakultas Sains, Teknologi, & Kesehatan",Informatika,2022.0,TRX001439,BK00185,3/23/2025,4/6/2025,4/13/2025,Terlambat
2277,USR00247,Patricia Mandala,Mahasiswa,"Fakultas Sains, Teknologi, & Kesehatan",Informatika,2022.0,TRX001489,BK00360,4/16/2024,4/30/2024,4/30/2024,Dikembalikan
2278,USR00247,Patricia Mandala,Mahasiswa,"Fakultas Sains, Teknologi, & Kesehatan",Informatika,2022.0,TRX001562,BK00167,9/29/2024,10/13/2024,10/10/2024,Dikembalikan
2279,USR00247,Patricia Mandala,Mahasiswa,"Fakultas Sains, Teknologi, & Kesehatan",Informatika,2022.0,TRX001850,BK00211,3/1/2023,3/15/2023,3/7/2023,Dikembalikan
2280,USR00247,Patricia Mandala,Mahasiswa,"Fakultas Sains, Teknologi, & Kesehatan",Informatika,2022.0,TRX003123,BK00770,1/29/2025,2/12/2025,2/4/2025,Dikembalikan
2281,USR00247,Patricia Mandala,Mahasiswa,"Fakultas Sains, Teknologi, & Kesehatan",Informatika,2022.0,TRX003413,BK00924,11/26/2024,12/10/2024,12/7/2024,Dikembalikan
2282,USR00247,Patricia Mandala,Mahasiswa,"Fakultas Sains, Teknologi, & Kesehatan",Informatika,2022.0,TRX003459,BK00367,3/14/2025,3/28/2025,3/30/2025,Terlambat
2283,USR00248,Prabu Lazuardi,Mahasiswa,"Fakultas Sosial, Humaniora, & Seni",Psikologi,2023.0,TRX000298,BK01231,4/26/2025,5/10/2025,5/2/2025,Dikembalikan
2284,USR00248,Prabu Lazuardi,Mahasiswa,"Fakultas Sosial, Humaniora, & Seni",Psikologi,2023.0,TRX000449,BK01227,3/3/2024,3/17/2024,3/24/2024,Terlambat
2285,USR00248,Prabu Lazuardi,Mahasiswa,"Fakultas Sosial, Humaniora, & Seni",Psikologi,2023.0,TRX000730,BK01223,8/12/2023,8/26/2023,8/18/2023,Dikembalikan
2286,USR00248,Prabu Lazuardi,Mahasiswa,"Fakultas Sosial, Humaniora, & Seni",Psikologi,2023.0,TRX001596,BK01173,3/18/2025,4/1/2025,3/25/2025,Dikembalikan
2287,USR00248,Prabu Lazuardi,Mahasiswa,"Fakultas Sosial, Humaniora, & Seni",Psikologi,2023.0,TRX001754,BK01207,3/31/2023,4/14/2023,4/21/2023,Terlambat
2288,USR00248,Prabu Lazuardi,Mahasiswa,"Fakultas Sosial, Humaniora, & Seni",Psikologi,2023.0,TRX001772,BK01176,3/27/2024,4/10/2024,4/14/2024,Terlambat
2289,USR00248,Prabu Lazuardi,Mahasiswa,"Fakultas Sosial, Humaniora, & Seni",Psikologi,2023.0,TRX001879,BK01180,12/22/2023,1/5/2024,1/2/2024,Dikembalikan
2290,USR00248,Prabu Lazuardi,Mahasiswa,"Fakultas Sosial, Humaniora, & Seni",Psikologi,2023.0,TRX001991,BK01003,3/5/2025,3/19/2025,3/26/2025,Terlambat
2291,USR00248,Prabu Lazuardi,Mahasiswa,"Fakultas Sosial, Humaniora, & Seni",Psikologi,2023.0,TRX002163,BK01216,8/27/2024,9/10/2024,9/6/2024,Dikembalikan
2292,USR00248,Prabu Lazuardi,Mahasiswa,"Fakultas Sosial, Humaniora, & Seni",Psikologi,2023.0,TRX002532,BK01207,4/18/2025,5/2/2025,4/25/2025,Dikembalikan
2293,USR00248,Prabu Lazuardi,Mahasiswa,"Fakultas Sosial, Humaniora, & Seni",Psikologi,2023.0,TRX002874,BK01194,12/12/2024,12/26/2024,1/1/2025,Terlambat
2294,USR00248,Prabu Lazuardi,Mahasiswa,"Fakultas Sosial, Humaniora, & Seni",Psikologi,2023.0,TRX003432,BK01253,1/23/2025,2/6/2025,2/6/2025,Dikembalikan
2295,USR00248,Prabu Lazuardi,Mahasiswa,"Fakultas Sosial, Humaniora, & Seni",Psikologi,2023.0,TRX003498,BK01176,8/23/2023,9/6/2023,8/28/2023,Dikembalikan
2296,USR00249,Kani Nurdiyanti,Mahasiswa,"Fakultas Sains, Teknologi, & Kesehatan",Profesi Ners,2025.0,TRX000675,BK00166,10/28/2023,11/11/2023,11/3/2023,Dikembalikan
2297,USR00249,Kani Nurdiyanti,Mahasiswa,"Fakultas Sains, Teknologi, & Kesehatan",Profesi Ners,2025.0,TRX000767,BK00179,12/11/2024,12/25/2024,12/30/2024,Terlambat
2298,USR00249,Kani Nurdiyanti,Mahasiswa,"Fakultas Sains, Teknologi, & Kesehatan",Profesi Ners,2025.0,TRX001002,BK00775,3/13/2024,3/27/2024,3/23/2024,Dikembalikan
2299,USR00249,Kani Nurdiyanti,Mahasiswa,"Fakultas Sains, Teknologi, & Kesehatan",Profesi Ners,2025.0,TRX001216,BK00777,1/14/2024,1/28/2024,2/2/2024,Terlambat
2300,USR00249,Kani Nurdiyanti,Mahasiswa,"Fakultas Sains, Teknologi, & Kesehatan",Profesi Ners,2025.0,TRX001263,BK00768,12/24/2024,1/7/2025,1/7/2025,Dikembalikan
2301,USR00249,Kani Nurdiyanti,Mahasiswa,"Fakultas Sains, Teknologi, & Kesehatan",Profesi Ners,2025.0,TRX001865,BK00782,4/7/2024,4/21/2024,4/17/2024,Dikembalikan
2302,USR00249,Kani Nurdiyanti,Mahasiswa,"Fakultas Sains, Teknologi, & Kesehatan",Profesi Ners,2025.0,TRX002113,BK00676,1/15/2024,1/29/2024,1/31/2024,Terlambat
2303,USR00249,Kani Nurdiyanti,Mahasiswa,"Fakultas Sains, Teknologi, & Kesehatan",Profesi Ners,2025.0,TRX002115,BK00743,4/1/2024,4/15/2024,4/8/2024,Dikembalikan
2304,USR00249,Kani Nurdiyanti,Mahasiswa,"Fakultas Sains, Teknologi, & Kesehatan",Profesi Ners,2025.0,TRX002453,BK00346,12/20/2024,1/3/2025,1/5/2025,Terlambat
2305,USR00249,Kani Nurdiyanti,Mahasiswa,"Fakultas Sains, Teknologi, & Kesehatan",Profesi Ners,2025.0,TRX003014,BK00327,4/1/2024,4/15/2024,4/13/2024,Dikembalikan
2306,USR00249,Kani Nurdiyanti,Mahasiswa,"Fakultas Sains, Teknologi, & Kesehatan",Profesi Ners,2025.0,TRX003027,BK00777,12/11/2025,12/25/2025,12/15/2025,Dikembalikan
2307,USR00250,H. Wira Pradipta,Mahasiswa,"Fakultas Sosial, Humaniora, & Seni",Desain Komunikasi Visual,2025.0,TRX000894,BK00871,9/15/2023,9/29/2023,9/21/2023,Dikembalikan
2308,USR00250,H. Wira Pradipta,Mahasiswa,"Fakultas Sosial, Humaniora, & Seni",Desain Komunikasi Visual,2025.0,TRX001212,BK00911,6/22/2025,7/6/2025,7/11/2025,Terlambat
2309,USR00250,H. Wira Pradipta,Mahasiswa,"Fakultas Sosial, Humaniora, & Seni",Desain Komunikasi Visual,2025.0,TRX001935,BK00876,3/29/2024,4/12/2024,4/18/2024,Terlambat
2310,USR00250,H. Wira Pradipta,Mahasiswa,"Fakultas Sosial, Humaniora, & Seni",Desain Komunikasi Visual,2025.0,TRX002170,BK00833,4/6/2023,4/20/2023,4/25/2023,Terlambat
2311,USR00250,H. Wira Pradipta,Mahasiswa,"Fakultas Sosial, Humaniora, & Seni",Desain Komunikasi Visual,2025.0,TRX002595,BK00921,6/24/2024,7/8/2024,6/30/2024,Dikembalikan
2312,USR00250,H. Wira Pradipta,Mahasiswa,"Fakultas Sosial, Humaniora, & Seni",Desain Komunikasi Visual,2025.0,TRX002949,BK00247,11/15/2024,11/29/2024,11/25/2024,Dikembalikan
2313,USR00250,H. Wira Pradipta,Mahasiswa,"Fakultas Sosial, Humaniora, & Seni",Desain Komunikasi Visual,2025.0,TRX003022,BK00905,8/9/2025,8/23/2025,8/26/2025,Terlambat
2314,USR00250,H. Wira Pradipta,Mahasiswa,"Fakultas Sosial, Humaniora, & Seni",Desain Komunikasi Visual,2025.0,TRX003130,BK00897,2/4/2025,2/18/2025,2/7/2025,Dikembalikan
2315,USR00251,Dr. Ophelia Wahyudin,Mahasiswa,"Fakultas Sosial, Humaniora, & Seni",Desain Komunikasi Visual,2023.0,TRX000736,BK01280,2/11/2024,2/25/2024,2/22/2024,Dikembalikan
2316,USR00251,Dr. Ophelia Wahyudin,Mahasiswa,"Fakultas Sosial, Humaniora, & Seni",Desain Komunikasi Visual,2023.0,TRX001098,BK00796,8/28/2024,9/11/2024,9/5/2024,Dikembalikan
2317,USR00251,Dr. Ophelia Wahyudin,Mahasiswa,"Fakultas Sosial, Humaniora, & Seni",Desain Komunikasi Visual,2023.0,TRX001130,BK00936,11/28/2023,12/12/2023,12/18/2023,Terlambat
2318,USR00251,Dr. Ophelia Wahyudin,Mahasiswa,"Fakultas Sosial, Humaniora, & Seni",Desain Komunikasi Visual,2023.0,TRX001339,BK00876,4/15/2024,4/29/2024,4/25/2024,Dikembalikan
2319,USR00251,Dr. Ophelia Wahyudin,Mahasiswa,"Fakultas Sosial, Humaniora, & Seni",Desain Komunikasi Visual,2023.0,TRX001360,BK00872,2/8/2025,2/22/2025,2/20/2025,Dikembalikan
2320,USR00251,Dr. Ophelia Wahyudin,Mahasiswa,"Fakultas Sosial, Humaniora, & Seni",Desain Komunikasi Visual,2023.0,TRX001519,BK00831,9/30/2024,10/14/2024,10/4/2024,Dikembalikan
2321,USR00251,Dr. Ophelia Wahyudin,Mahasiswa,"Fakultas Sosial, Humaniora, & Seni",Desain Komunikasi Visual,2023.0,TRX001761,BK00412,5/14/2023,5/28/2023,5/27/2023,Dikembalikan
2322,USR00251,Dr. Ophelia Wahyudin,Mahasiswa,"Fakultas Sosial, Humaniora, & Seni",Desain Komunikasi Visual,2023.0,TRX001779,BK00832,11/1/2025,11/15/2025,11/8/2025,Dikembalikan
2323,USR00251,Dr. Ophelia Wahyudin,Mahasiswa,"Fakultas Sosial, Humaniora, & Seni",Desain Komunikasi Visual,2023.0,TRX002076,BK00901,2/13/2023,2/27/2023,3/4/2023,Terlambat
2324,USR00251,Dr. Ophelia Wahyudin,Mahasiswa,"Fakultas Sosial, Humaniora, & Seni",Desain Komunikasi Visual,2023.0,TRX002098,BK00672,2/19/2024,3/4/2024,3/9/2024,Terlambat
2325,USR00251,Dr. Ophelia Wahyudin,Mahasiswa,"Fakultas Sosial, Humaniora, & Seni",Desain Komunikasi Visual,2023.0,TRX003116,BK00917,6/19/2023,7/3/2023,6/22/2023,Dikembalikan
2326,USR00252,Ajeng Namaga,Mahasiswa,"Fakultas Sosial, Humaniora, & Seni",Ilmu Komunikasi,2023.0,TRX000584,BK01326,7/24/2025,8/7/2025,8/6/2025,Dikembalikan
2327,USR00252,Ajeng Namaga,Mahasiswa,"Fakultas Sosial, Humaniora, & Seni",Ilmu Komunikasi,2023.0,TRX000921,BK01318,9/25/2025,10/9/2025,10/16/2025,Terlambat
2328,USR00252,Ajeng Namaga,Mahasiswa,"Fakultas Sosial, Humaniora, & Seni",Ilmu Komunikasi,2023.0,TRX001057,BK01364,4/9/2025,4/23/2025,4/20/2025,Dikembalikan
2329,USR00252,Ajeng Namaga,Mahasiswa,"Fakultas Sosial, Humaniora, & Seni",Ilmu Komunikasi,2023.0,TRX001204,BK01238,5/4/2023,5/18/2023,5/22/2023,Terlambat
2330,USR00252,Ajeng Namaga,Mahasiswa,"Fakultas Sosial, Humaniora, & Seni",Ilmu Komunikasi,2023.0,TRX001390,BK01305,5/10/2025,5/24/2025,5/31/2025,Terlambat
2331,USR00252,Ajeng Namaga,Mahasiswa,"Fakultas Sosial, Humaniora, & Seni",Ilmu Komunikasi,2023.0,TRX001770,BK01276,4/3/2023,4/17/2023,4/14/2023,Dikembalikan
2332,USR00252,Ajeng Namaga,Mahasiswa,"Fakultas Sosial, Humaniora, & Seni",Ilmu Komunikasi,2023.0,TRX001822,BK01339,7/22/2023,8/5/2023,8/7/2023,Terlambat
2333,USR00252,Ajeng Namaga,Mahasiswa,"Fakultas Sosial, Humaniora, & Seni",Ilmu Komunikasi,2023.0,TRX002345,BK01334,10/4/2023,10/18/2023,10/7/2023,Dikembalikan
2334,USR00252,Ajeng Namaga,Mahasiswa,"Fakultas Sosial, Humaniora, & Seni",Ilmu Komunikasi,2023.0,TRX003075,BK01376,6/3/2025,6/17/2025,6/18/2025,Terlambat
2335,USR00252,Ajeng Namaga,Mahasiswa,"Fakultas Sosial, Humaniora, & Seni",Ilmu Komunikasi,2023.0,TRX003334,BK00940,4/6/2025,4/20/2025,4/20/2025,Dikembalikan
2336,USR00253,Aswani Dongoran,Mahasiswa,"Fakultas Sosial, Humaniora, & Seni",Psikologi,2023.0,TRX000993,BK01187,5/14/2023,5/28/2023,5/30/2023,Terlambat
2337,USR00253,Aswani Dongoran,Mahasiswa,"Fakultas Sosial, Humaniora, & Seni",Psikologi,2023.0,TRX001058,BK01313,1/28/2023,2/11/2023,2/8/2023,Dikembalikan
2338,USR00253,Aswani Dongoran,Mahasiswa,"Fakultas Sosial, Humaniora, & Seni",Psikologi,2023.0,TRX001170,BK01221,4/12/2025,4/26/2025,5/1/2025,Terlambat
2339,USR00253,Aswani Dongoran,Mahasiswa,"Fakultas Sosial, Humaniora, & Seni",Psikologi,2023.0,TRX001465,BK01197,4/24/2024,5/8/2024,5/15/2024,Terlambat
2340,USR00253,Aswani Dongoran,Mahasiswa,"Fakultas Sosial, Humaniora, & Seni",Psikologi,2023.0,TRX001475,BK00849,3/29/2025,4/12/2025,4/7/2025,Dikembalikan
2341,USR00253,Aswani Dongoran,Mahasiswa,"Fakultas Sosial, Humaniora, & Seni",Psikologi,2023.0,TRX001586,BK01219,3/18/2025,4/1/2025,3/22/2025,Dikembalikan
2342,USR00253,Aswani Dongoran,Mahasiswa,"Fakultas Sosial, Humaniora, & Seni",Psikologi,2023.0,TRX001641,BK00864,7/26/2025,8/9/2025,8/2/2025,Dikembalikan
2343,USR00253,Aswani Dongoran,Mahasiswa,"Fakultas Sosial, Humaniora, & Seni",Psikologi,2023.0,TRX001803,BK01037,3/19/2025,4/2/2025,3/28/2025,Dikembalikan
2344,USR00253,Aswani Dongoran,Mahasiswa,"Fakultas Sosial, Humaniora, & Seni",Psikologi,2023.0,TRX002573,BK01172,6/24/2023,7/8/2023,7/13/2023,Terlambat
2345,USR00253,Aswani Dongoran,Mahasiswa,"Fakultas Sosial, Humaniora, & Seni",Psikologi,2023.0,TRX003463,BK00531,1/30/2024,2/13/2024,2/2/2024,Dikembalikan
2346,USR00254,Puput Gunawan,Mahasiswa,"Fakultas Sosial, Humaniora, & Seni",Psikologi,2022.0,TRX000656,BK00839,5/7/2025,5/21/2025,5/20/2025,Dikembalikan
2347,USR00254,Puput Gunawan,Mahasiswa,"Fakultas Sosial, Humaniora, & Seni",Psikologi,2022.0,TRX001535,BK00126,9/28/2024,10/12/2024,10/18/2024,Terlambat
2348,USR00254,Puput Gunawan,Mahasiswa,"Fakultas Sosial, Humaniora, & Seni",Psikologi,2022.0,TRX002218,BK01209,6/10/2025,6/24/2025,6/21/2025,Dikembalikan
2349,USR00254,Puput Gunawan,Mahasiswa,"Fakultas Sosial, Humaniora, & Seni",Psikologi,2022.0,TRX002340,BK01222,12/21/2023,1/4/2024,12/31/2023,Dikembalikan
2350,USR00254,Puput Gunawan,Mahasiswa,"Fakultas Sosial, Humaniora, & Seni",Psikologi,2022.0,TRX002425,BK01174,6/21/2024,7/5/2024,7/2/2024,Dikembalikan
2351,USR00254,Puput Gunawan,Mahasiswa,"Fakultas Sosial, Humaniora, & Seni",Psikologi,2022.0,TRX002745,BK00970,9/4/2025,9/18/2025,9/20/2025,Terlambat
2352,USR00254,Puput Gunawan,Mahasiswa,"Fakultas Sosial, Humaniora, & Seni",Psikologi,2022.0,TRX002832,BK01190,6/9/2024,6/23/2024,6/28/2024,Terlambat
2353,USR00254,Puput Gunawan,Mahasiswa,"Fakultas Sosial, Humaniora, & Seni",Psikologi,2022.0,TRX003351,BK01172,9/5/2023,9/19/2023,9/26/2023,Terlambat
2354,USR00255,Nabila Simanjuntak,Mahasiswa,"Fakultas Sains, Teknologi, & Kesehatan",Profesi Ners,2024.0,TRX000289,BK00106,1/20/2023,2/3/2023,2/4/2023,Terlambat
2355,USR00255,Nabila Simanjuntak,Mahasiswa,"Fakultas Sains, Teknologi, & Kesehatan",Profesi Ners,2024.0,TRX000339,BK00784,5/20/2023,6/3/2023,5/24/2023,Dikembalikan
2356,USR00255,Nabila Simanjuntak,Mahasiswa,"Fakultas Sains, Teknologi, & Kesehatan",Profesi Ners,2024.0,TRX000486,BK00567,7/26/2025,8/9/2025,8/8/2025,Dikembalikan
2357,USR00255,Nabila Simanjuntak,Mahasiswa,"Fakultas Sains, Teknologi, & Kesehatan",Profesi Ners,2024.0,TRX000587,BK00475,2/28/2025,3/14/2025,3/20/2025,Terlambat
2358,USR00255,Nabila Simanjuntak,Mahasiswa,"Fakultas Sains, Teknologi, & Kesehatan",Profesi Ners,2024.0,TRX000758,BK00765,5/6/2024,5/20/2024,5/10/2024,Dikembalikan
2359,USR00255,Nabila Simanjuntak,Mahasiswa,"Fakultas Sains, Teknologi, & Kesehatan",Profesi Ners,2024.0,TRX000954,BK00760,2/14/2024,2/28/2024,3/3/2024,Terlambat
2360,USR00255,Nabila Simanjuntak,Mahasiswa,"Fakultas Sains, Teknologi, & Kesehatan",Profesi Ners,2024.0,TRX001257,BK00745,12/12/2023,12/26/2023,12/29/2023,Terlambat
2361,USR00255,Nabila Simanjuntak,Mahasiswa,"Fakultas Sains, Teknologi, & Kesehatan",Profesi Ners,2024.0,TRX001479,BK00712,11/12/2024,11/26/2024,11/25/2024,Dikembalikan
2362,USR00255,Nabila Simanjuntak,Mahasiswa,"Fakultas Sains, Teknologi, & Kesehatan",Profesi Ners,2024.0,TRX001522,BK00781,9/18/2024,10/2/2024,9/27/2024,Dikembalikan
2363,USR00255,Nabila Simanjuntak,Mahasiswa,"Fakultas Sains, Teknologi, & Kesehatan",Profesi Ners,2024.0,TRX001973,BK00785,4/2/2023,4/16/2023,4/9/2023,Dikembalikan
2364,USR00255,Nabila Simanjuntak,Mahasiswa,"Fakultas Sains, Teknologi, & Kesehatan",Profesi Ners,2024.0,TRX002002,BK00724,4/26/2025,5/10/2025,5/5/2025,Dikembalikan
2365,USR00255,Nabila Simanjuntak,Mahasiswa,"Fakultas Sains, Teknologi, & Kesehatan",Profesi Ners,2024.0,TRX002213,BK00784,6/12/2024,6/26/2024,7/3/2024,Terlambat
2366,USR00255,Nabila Simanjuntak,Mahasiswa,"Fakultas Sains, Teknologi, & Kesehatan",Profesi Ners,2024.0,TRX002496,BK00197,5/4/2025,5/18/2025,5/22/2025,Terlambat
2367,USR00255,Nabila Simanjuntak,Mahasiswa,"Fakultas Sains, Teknologi, & Kesehatan",Profesi Ners,2024.0,TRX002924,BK00757,2/16/2025,3/2/2025,3/4/2025,Terlambat
2368,USR00255,Nabila Simanjuntak,Mahasiswa,"Fakultas Sains, Teknologi, & Kesehatan",Profesi Ners,2024.0,TRX003057,BK00577,11/16/2023,11/30/2023,11/30/2023,Dikembalikan
2369,USR00255,Nabila Simanjuntak,Mahasiswa,"Fakultas Sains, Teknologi, & Kesehatan",Profesi Ners,2024.0,TRX003476,BK00615,11/8/2024,11/22/2024,11/28/2024,Terlambat
2370,USR00256,Salwa Iswahyudi,Mahasiswa,"Fakultas Sosial, Humaniora, & Seni",Ilmu Komunikasi,2021.0,TRX000378,BK01358,1/13/2024,1/27/2024,1/21/2024,Dikembalikan
2371,USR00256,Salwa Iswahyudi,Mahasiswa,"Fakultas Sosial, Humaniora, & Seni",Ilmu Komunikasi,2021.0,TRX000437,BK01361,2/15/2025,3/1/2025,3/6/2025,Terlambat
2372,USR00256,Salwa Iswahyudi,Mahasiswa,"Fakultas Sosial, Humaniora, & Seni",Ilmu Komunikasi,2021.0,TRX001476,BK01361,4/29/2025,5/13/2025,5/6/2025,Dikembalikan
2373,USR00256,Salwa Iswahyudi,Mahasiswa,"Fakultas Sosial, Humaniora, & Seni",Ilmu Komunikasi,2021.0,TRX001751,BK01315,8/3/2025,8/17/2025,8/22/2025,Terlambat
2374,USR00256,Salwa Iswahyudi,Mahasiswa,"Fakultas Sosial, Humaniora, & Seni",Ilmu Komunikasi,2021.0,TRX002256,BK01322,8/30/2024,9/13/2024,9/13/2024,Dikembalikan
2375,USR00256,Salwa Iswahyudi,Mahasiswa,"Fakultas Sosial, Humaniora, & Seni",Ilmu Komunikasi,2021.0,TRX002457,BK01333,1/5/2023,1/19/2023,1/19/2023,Dikembalikan
2376,USR00256,Salwa Iswahyudi,Mahasiswa,"Fakultas Sosial, Humaniora, & Seni",Ilmu Komunikasi,2021.0,TRX002865,BK01359,8/9/2024,8/23/2024,8/26/2024,Terlambat
2377,USR00256,Salwa Iswahyudi,Mahasiswa,"Fakultas Sosial, Humaniora, & Seni",Ilmu Komunikasi,2021.0,TRX003353,BK01307,8/19/2024,9/2/2024,8/31/2024,Dikembalikan
2378,USR00256,Salwa Iswahyudi,Mahasiswa,"Fakultas Sosial, Humaniora, & Seni",Ilmu Komunikasi,2021.0,TRX003400,BK01190,12/24/2023,1/7/2024,1/11/2024,Terlambat
2379,USR00257,"R. Zaenab Nainggolan, S.Sos",Mahasiswa,"Fakultas Sains, Teknologi, & Kesehatan",Keperawatan,2022.0,TRX000519,BK00552,5/9/2024,5/23/2024,5/20/2024,Dikembalikan
2380,USR00257,"R. Zaenab Nainggolan, S.Sos",Mahasiswa,"Fakultas Sains, Teknologi, & Kesehatan",Keperawatan,2022.0,TRX000633,BK01087,8/12/2023,8/26/2023,8/27/2023,Terlambat
2381,USR00257,"R. Zaenab Nainggolan, S.Sos",Mahasiswa,"Fakultas Sains, Teknologi, & Kesehatan",Keperawatan,2022.0,TRX001348,BK00513,1/14/2023,1/28/2023,1/27/2023,Dikembalikan
2382,USR00257,"R. Zaenab Nainggolan, S.Sos",Mahasiswa,"Fakultas Sains, Teknologi, & Kesehatan",Keperawatan,2022.0,TRX001469,BK00552,4/18/2024,5/2/2024,4/23/2024,Dikembalikan
2383,USR00257,"R. Zaenab Nainggolan, S.Sos",Mahasiswa,"Fakultas Sains, Teknologi, & Kesehatan",Keperawatan,2022.0,TRX001716,BK00458,6/4/2023,6/18/2023,6/25/2023,Terlambat
2384,USR00257,"R. Zaenab Nainggolan, S.Sos",Mahasiswa,"Fakultas Sains, Teknologi, & Kesehatan",Keperawatan,2022.0,TRX003013,BK00491,2/14/2025,2/28/2025,2/28/2025,Dikembalikan
2385,USR00258,Puti Ifa Riyanti,Mahasiswa,"Fakultas Sains, Teknologi, & Kesehatan",Informatika,2024.0,TRX000481,BK00645,1/5/2023,1/19/2023,1/17/2023,Dikembalikan
2386,USR00258,Puti Ifa Riyanti,Mahasiswa,"Fakultas Sains, Teknologi, & Kesehatan",Informatika,2024.0,TRX000662,BK00082,3/19/2024,4/2/2024,3/29/2024,Dikembalikan
2387,USR00258,Puti Ifa Riyanti,Mahasiswa,"Fakultas Sains, Teknologi, & Kesehatan",Informatika,2024.0,TRX001786,BK00438,12/6/2023,12/20/2023,12/24/2023,Terlambat
2388,USR00258,Puti Ifa Riyanti,Mahasiswa,"Fakultas Sains, Teknologi, & Kesehatan",Informatika,2024.0,TRX002075,BK00077,12/29/2025,1/12/2026,,Dipinjam
2389,USR00258,Puti Ifa Riyanti,Mahasiswa,"Fakultas Sains, Teknologi, & Kesehatan",Informatika,2024.0,TRX002093,BK00077,7/30/2023,8/13/2023,8/5/2023,Dikembalikan
2390,USR00258,Puti Ifa Riyanti,Mahasiswa,"Fakultas Sains, Teknologi, & Kesehatan",Informatika,2024.0,TRX002548,BK00443,5/8/2024,5/22/2024,5/29/2024,Terlambat
2391,USR00258,Puti Ifa Riyanti,Mahasiswa,"Fakultas Sains, Teknologi, & Kesehatan",Informatika,2024.0,TRX002862,BK00164,9/20/2025,10/4/2025,10/10/2025,Terlambat
2392,USR00258,Puti Ifa Riyanti,Mahasiswa,"Fakultas Sains, Teknologi, & Kesehatan",Informatika,2024.0,TRX003153,BK00078,11/28/2025,12/12/2025,12/5/2025,Dikembalikan
2393,USR00259,Cornelia Yuliarti,Mahasiswa,"Fakultas Sosial, Humaniora, & Seni",Desain Interior,2021.0,TRX000240,BK00828,5/20/2023,6/3/2023,5/27/2023,Dikembalikan
2394,USR00259,Cornelia Yuliarti,Mahasiswa,"Fakultas Sosial, Humaniora, & Seni",Desain Interior,2021.0,TRX000278,BK01003,6/22/2023,7/6/2023,7/10/2023,Terlambat
2395,USR00259,Cornelia Yuliarti,Mahasiswa,"Fakultas Sosial, Humaniora, & Seni",Desain Interior,2021.0,TRX000335,BK00986,10/1/2024,10/15/2024,10/14/2024,Dikembalikan
2396,USR00259,Cornelia Yuliarti,Mahasiswa,"Fakultas Sosial, Humaniora, & Seni",Desain Interior,2021.0,TRX000502,BK01127,3/30/2024,4/13/2024,4/17/2024,Terlambat
2397,USR00259,Cornelia Yuliarti,Mahasiswa,"Fakultas Sosial, Humaniora, & Seni",Desain Interior,2021.0,TRX000855,BK01243,8/29/2023,9/12/2023,9/13/2023,Terlambat
2398,USR00259,Cornelia Yuliarti,Mahasiswa,"Fakultas Sosial, Humaniora, & Seni",Desain Interior,2021.0,TRX000937,BK01245,5/3/2025,5/17/2025,5/19/2025,Terlambat
2399,USR00259,Cornelia Yuliarti,Mahasiswa,"Fakultas Sosial, Humaniora, & Seni",Desain Interior,2021.0,TRX001169,BK01173,4/27/2025,5/11/2025,4/30/2025,Dikembalikan
2400,USR00259,Cornelia Yuliarti,Mahasiswa,"Fakultas Sosial, Humaniora, & Seni",Desain Interior,2021.0,TRX002142,BK00965,3/31/2023,4/14/2023,4/4/2023,Dikembalikan
2401,USR00259,Cornelia Yuliarti,Mahasiswa,"Fakultas Sosial, Humaniora, & Seni",Desain Interior,2021.0,TRX002287,BK00987,10/19/2024,11/2/2024,10/24/2024,Dikembalikan
2402,USR00259,Cornelia Yuliarti,Mahasiswa,"Fakultas Sosial, Humaniora, & Seni",Desain Interior,2021.0,TRX002317,BK00952,10/6/2023,10/20/2023,10/10/2023,Dikembalikan
2403,USR00259,Cornelia Yuliarti,Mahasiswa,"Fakultas Sosial, Humaniora, & Seni",Desain Interior,2021.0,TRX002441,BK00828,2/11/2023,2/25/2023,3/4/2023,Terlambat
2404,USR00259,Cornelia Yuliarti,Mahasiswa,"Fakultas Sosial, Humaniora, & Seni",Desain Interior,2021.0,TRX002574,BK00991,7/19/2025,8/2/2025,8/8/2025,Terlambat
2405,USR00259,Cornelia Yuliarti,Mahasiswa,"Fakultas Sosial, Humaniora, & Seni",Desain Interior,2021.0,TRX002619,BK01112,6/3/2023,6/17/2023,6/9/2023,Dikembalikan
2406,USR00259,Cornelia Yuliarti,Mahasiswa,"Fakultas Sosial, Humaniora, & Seni",Desain Interior,2021.0,TRX002647,BK00994,8/12/2024,8/26/2024,8/17/2024,Dikembalikan
2407,USR00260,"Bakiadi Manullang, M.TI.",Mahasiswa,"Fakultas Sosial, Humaniora, & Seni",Desain Interior,2025.0,TRX000322,BK00169,10/21/2023,11/4/2023,11/9/2023,Terlambat
2408,USR00260,"Bakiadi Manullang, M.TI.",Mahasiswa,"Fakultas Sosial, Humaniora, & Seni",Desain Interior,2025.0,TRX003128,BK00982,12/16/2024,12/30/2024,1/3/2025,Terlambat
2409,USR00261,Samiah Rahayu,Mahasiswa,"Fakultas Sosial, Humaniora, & Seni",Administrasi Bisnis,2021.0,TRX000070,BK00847,1/28/2023,2/11/2023,2/1/2023,Dikembalikan
2410,USR00261,Samiah Rahayu,Mahasiswa,"Fakultas Sosial, Humaniora, & Seni",Administrasi Bisnis,2021.0,TRX000554,BK01088,10/18/2024,11/1/2024,11/7/2024,Terlambat
2411,USR00261,Samiah Rahayu,Mahasiswa,"Fakultas Sosial, Humaniora, & Seni",Administrasi Bisnis,2021.0,TRX000859,BK01117,7/29/2024,8/12/2024,8/13/2024,Terlambat
2412,USR00261,Samiah Rahayu,Mahasiswa,"Fakultas Sosial, Humaniora, & Seni",Administrasi Bisnis,2021.0,TRX001288,BK01159,9/11/2024,9/25/2024,9/22/2024,Dikembalikan
2413,USR00261,Samiah Rahayu,Mahasiswa,"Fakultas Sosial, Humaniora, & Seni",Administrasi Bisnis,2021.0,TRX001398,BK01056,10/9/2023,10/23/2023,10/30/2023,Terlambat
2414,USR00261,Samiah Rahayu,Mahasiswa,"Fakultas Sosial, Humaniora, & Seni",Administrasi Bisnis,2021.0,TRX001732,BK01094,9/18/2023,10/2/2023,10/5/2023,Terlambat
2415,USR00261,Samiah Rahayu,Mahasiswa,"Fakultas Sosial, Humaniora, & Seni",Administrasi Bisnis,2021.0,TRX003045,BK01073,1/2/2024,1/16/2024,1/17/2024,Terlambat
2416,USR00262,Widya Marbun,Mahasiswa,"Fakultas Sosial, Humaniora, & Seni",Ilmu Komunikasi,2021.0,TRX000122,BK01285,12/14/2025,12/28/2025,12/21/2025,Dikembalikan
2417,USR00262,Widya Marbun,Mahasiswa,"Fakultas Sosial, Humaniora, & Seni",Ilmu Komunikasi,2021.0,TRX000458,BK01299,12/6/2023,12/20/2023,12/13/2023,Dikembalikan
2418,USR00262,Widya Marbun,Mahasiswa,"Fakultas Sosial, Humaniora, & Seni",Ilmu Komunikasi,2021.0,TRX000917,BK01233,4/9/2023,4/23/2023,4/16/2023,Dikembalikan
2419,USR00262,Widya Marbun,Mahasiswa,"Fakultas Sosial, Humaniora, & Seni",Ilmu Komunikasi,2021.0,TRX001168,BK01241,8/13/2025,8/27/2025,8/31/2025,Terlambat
2420,USR00262,Widya Marbun,Mahasiswa,"Fakultas Sosial, Humaniora, & Seni",Ilmu Komunikasi,2021.0,TRX001683,BK00943,7/10/2025,7/24/2025,7/25/2025,Terlambat
2421,USR00262,Widya Marbun,Mahasiswa,"Fakultas Sosial, Humaniora, & Seni",Ilmu Komunikasi,2021.0,TRX001737,BK01317,3/31/2024,4/14/2024,4/10/2024,Dikembalikan
2422,USR00262,Widya Marbun,Mahasiswa,"Fakultas Sosial, Humaniora, & Seni",Ilmu Komunikasi,2021.0,TRX001757,BK01362,12/6/2023,12/20/2023,12/26/2023,Terlambat
2423,USR00262,Widya Marbun,Mahasiswa,"Fakultas Sosial, Humaniora, & Seni",Ilmu Komunikasi,2021.0,TRX002360,BK01330,12/25/2025,1/8/2026,,Dipinjam
2424,USR00262,Widya Marbun,Mahasiswa,"Fakultas Sosial, Humaniora, & Seni",Ilmu Komunikasi,2021.0,TRX002597,BK01305,5/17/2025,5/31/2025,5/20/2025,Dikembalikan
2425,USR00262,Widya Marbun,Mahasiswa,"Fakultas Sosial, Humaniora, & Seni",Ilmu Komunikasi,2021.0,TRX002641,BK00992,3/14/2024,3/28/2024,4/1/2024,Terlambat
2426,USR00262,Widya Marbun,Mahasiswa,"Fakultas Sosial, Humaniora, & Seni",Ilmu Komunikasi,2021.0,TRX002990,BK00962,8/5/2024,8/19/2024,8/23/2024,Terlambat
2427,USR00262,Widya Marbun,Mahasiswa,"Fakultas Sosial, Humaniora, & Seni",Ilmu Komunikasi,2021.0,TRX003344,BK01256,6/22/2024,7/6/2024,7/7/2024,Terlambat
2428,USR00263,Hj. Lintang Purwanti,Mahasiswa,"Fakultas Sains, Teknologi, & Kesehatan",Teknik Industri,2020.0,TRX000742,BK00283,8/21/2025,9/4/2025,9/1/2025,Dikembalikan
2429,USR00263,Hj. Lintang Purwanti,Mahasiswa,"Fakultas Sains, Teknologi, & Kesehatan",Teknik Industri,2020.0,TRX001073,BK00391,6/10/2025,6/24/2025,6/13/2025,Dikembalikan
2430,USR00263,Hj. Lintang Purwanti,Mahasiswa,"Fakultas Sains, Teknologi, & Kesehatan",Teknik Industri,2020.0,TRX001118,BK00334,4/26/2025,5/10/2025,5/1/2025,Dikembalikan
2431,USR00263,Hj. Lintang Purwanti,Mahasiswa,"Fakultas Sains, Teknologi, & Kesehatan",Teknik Industri,2020.0,TRX001402,BK00201,10/10/2025,10/24/2025,10/28/2025,Terlambat
2432,USR00263,Hj. Lintang Purwanti,Mahasiswa,"Fakultas Sains, Teknologi, & Kesehatan",Teknik Industri,2020.0,TRX001456,BK00362,10/7/2025,10/21/2025,10/23/2025,Terlambat
2433,USR00263,Hj. Lintang Purwanti,Mahasiswa,"Fakultas Sains, Teknologi, & Kesehatan",Teknik Industri,2020.0,TRX001756,BK00371,7/2/2025,7/16/2025,7/15/2025,Dikembalikan
2434,USR00263,Hj. Lintang Purwanti,Mahasiswa,"Fakultas Sains, Teknologi, & Kesehatan",Teknik Industri,2020.0,TRX002384,BK00521,5/19/2024,6/2/2024,6/4/2024,Terlambat
2435,USR00263,Hj. Lintang Purwanti,Mahasiswa,"Fakultas Sains, Teknologi, & Kesehatan",Teknik Industri,2020.0,TRX002388,BK00301,2/25/2025,3/11/2025,3/3/2025,Dikembalikan
2436,USR00263,Hj. Lintang Purwanti,Mahasiswa,"Fakultas Sains, Teknologi, & Kesehatan",Teknik Industri,2020.0,TRX002744,BK00372,9/3/2025,9/17/2025,9/13/2025,Dikembalikan
2437,USR00263,Hj. Lintang Purwanti,Mahasiswa,"Fakultas Sains, Teknologi, & Kesehatan",Teknik Industri,2020.0,TRX003261,BK00352,2/26/2025,3/12/2025,3/18/2025,Terlambat
2438,USR00264,R.M. Jaiman Wijaya,Mahasiswa,"Fakultas Sains, Teknologi, & Kesehatan",Keperawatan,2021.0,TRX000325,BK00001,12/21/2025,1/4/2026,,Dipinjam
2439,USR00264,R.M. Jaiman Wijaya,Mahasiswa,"Fakultas Sains, Teknologi, & Kesehatan",Keperawatan,2021.0,TRX000673,BK00511,5/1/2024,5/15/2024,5/11/2024,Dikembalikan
2440,USR00264,R.M. Jaiman Wijaya,Mahasiswa,"Fakultas Sains, Teknologi, & Kesehatan",Keperawatan,2021.0,TRX001121,BK00535,3/21/2024,4/4/2024,4/7/2024,Terlambat
2441,USR00264,R.M. Jaiman Wijaya,Mahasiswa,"Fakultas Sains, Teknologi, & Kesehatan",Keperawatan,2021.0,TRX002021,BK00530,11/6/2024,11/20/2024,11/22/2024,Terlambat
2442,USR00264,R.M. Jaiman Wijaya,Mahasiswa,"Fakultas Sains, Teknologi, & Kesehatan",Keperawatan,2021.0,TRX002023,BK00490,5/18/2023,6/1/2023,5/25/2023,Dikembalikan
2443,USR00264,R.M. Jaiman Wijaya,Mahasiswa,"Fakultas Sains, Teknologi, & Kesehatan",Keperawatan,2021.0,TRX002477,BK00536,1/6/2025,1/20/2025,1/24/2025,Terlambat
2444,USR00264,R.M. Jaiman Wijaya,Mahasiswa,"Fakultas Sains, Teknologi, & Kesehatan",Keperawatan,2021.0,TRX002646,BK00484,3/10/2025,3/24/2025,3/25/2025,Terlambat
2445,USR00265,Hj. Zizi Kuswandari,Mahasiswa,"Fakultas Sains, Teknologi, & Kesehatan",Farmasi,2020.0,TRX001238,BK00370,10/10/2023,10/24/2023,10/26/2023,Terlambat
2446,USR00265,Hj. Zizi Kuswandari,Mahasiswa,"Fakultas Sains, Teknologi, & Kesehatan",Farmasi,2020.0,TRX001658,BK00183,3/11/2024,3/25/2024,3/27/2024,Terlambat
2447,USR00265,Hj. Zizi Kuswandari,Mahasiswa,"Fakultas Sains, Teknologi, & Kesehatan",Farmasi,2020.0,TRX002241,BK00396,6/16/2025,6/30/2025,6/20/2025,Dikembalikan
2448,USR00265,Hj. Zizi Kuswandari,Mahasiswa,"Fakultas Sains, Teknologi, & Kesehatan",Farmasi,2020.0,TRX002502,BK00726,7/16/2023,7/30/2023,7/30/2023,Dikembalikan
2449,USR00265,Hj. Zizi Kuswandari,Mahasiswa,"Fakultas Sains, Teknologi, & Kesehatan",Farmasi,2020.0,TRX002525,BK00485,7/13/2024,7/27/2024,7/20/2024,Dikembalikan
2450,USR00265,Hj. Zizi Kuswandari,Mahasiswa,"Fakultas Sains, Teknologi, & Kesehatan",Farmasi,2020.0,TRX003241,BK00676,8/8/2023,8/22/2023,8/19/2023,Dikembalikan
2451,USR00266,"Makara Hardiansyah, S.T.",Mahasiswa,"Fakultas Sosial, Humaniora, & Seni",Administrasi Bisnis,2023.0,TRX000491,BK01073,5/26/2023,6/9/2023,5/29/2023,Dikembalikan
2452,USR00266,"Makara Hardiansyah, S.T.",Mahasiswa,"Fakultas Sosial, Humaniora, & Seni",Administrasi Bisnis,2023.0,TRX000897,BK01067,6/24/2023,7/8/2023,7/10/2023,Terlambat
2453,USR00266,"Makara Hardiansyah, S.T.",Mahasiswa,"Fakultas Sosial, Humaniora, & Seni",Administrasi Bisnis,2023.0,TRX001110,BK01081,9/7/2023,9/21/2023,9/10/2023,Dikembalikan
2454,USR00266,"Makara Hardiansyah, S.T.",Mahasiswa,"Fakultas Sosial, Humaniora, & Seni",Administrasi Bisnis,2023.0,TRX001214,BK01082,6/5/2025,6/19/2025,6/18/2025,Dikembalikan
2455,USR00266,"Makara Hardiansyah, S.T.",Mahasiswa,"Fakultas Sosial, Humaniora, & Seni",Administrasi Bisnis,2023.0,TRX001356,BK01037,3/17/2023,3/31/2023,3/31/2023,Dikembalikan
2456,USR00266,"Makara Hardiansyah, S.T.",Mahasiswa,"Fakultas Sosial, Humaniora, & Seni",Administrasi Bisnis,2023.0,TRX001397,BK01039,1/24/2025,2/7/2025,1/30/2025,Dikembalikan
2457,USR00266,"Makara Hardiansyah, S.T.",Mahasiswa,"Fakultas Sosial, Humaniora, & Seni",Administrasi Bisnis,2023.0,TRX001598,BK01043,11/19/2024,12/3/2024,12/3/2024,Dikembalikan
2458,USR00266,"Makara Hardiansyah, S.T.",Mahasiswa,"Fakultas Sosial, Humaniora, & Seni",Administrasi Bisnis,2023.0,TRX001726,BK00593,3/10/2024,3/24/2024,3/20/2024,Dikembalikan
2459,USR00266,"Makara Hardiansyah, S.T.",Mahasiswa,"Fakultas Sosial, Humaniora, & Seni",Administrasi Bisnis,2023.0,TRX001800,BK01289,11/24/2023,12/8/2023,11/27/2023,Dikembalikan
2460,USR00266,"Makara Hardiansyah, S.T.",Mahasiswa,"Fakultas Sosial, Humaniora, & Seni",Administrasi Bisnis,2023.0,TRX002233,BK01030,5/1/2023,5/15/2023,5/5/2023,Dikembalikan
2461,USR00266,"Makara Hardiansyah, S.T.",Mahasiswa,"Fakultas Sosial, Humaniora, & Seni",Administrasi Bisnis,2023.0,TRX002488,BK00850,11/2/2025,11/16/2025,11/6/2025,Dikembalikan
2462,USR00266,"Makara Hardiansyah, S.T.",Mahasiswa,"Fakultas Sosial, Humaniora, & Seni",Administrasi Bisnis,2023.0,TRX003050,BK00813,8/24/2023,9/7/2023,9/14/2023,Terlambat
2463,USR00266,"Makara Hardiansyah, S.T.",Mahasiswa,"Fakultas Sosial, Humaniora, & Seni",Administrasi Bisnis,2023.0,TRX003271,BK01061,3/22/2025,4/5/2025,4/10/2025,Terlambat
2464,USR00266,"Makara Hardiansyah, S.T.",Mahasiswa,"Fakultas Sosial, Humaniora, & Seni",Administrasi Bisnis,2023.0,TRX003297,BK01063,5/21/2025,6/4/2025,6/11/2025,Terlambat
2465,USR00267,Lanjar Thamrin,Mahasiswa,"Fakultas Sains, Teknologi, & Kesehatan",Farmasi,2020.0,TRX000001,BK00570,1/30/2024,2/13/2024,2/16/2024,Terlambat
2466,USR00267,Lanjar Thamrin,Mahasiswa,"Fakultas Sains, Teknologi, & Kesehatan",Farmasi,2020.0,TRX000553,BK00625,3/31/2024,4/14/2024,4/10/2024,Dikembalikan
2467,USR00267,Lanjar Thamrin,Mahasiswa,"Fakultas Sains, Teknologi, & Kesehatan",Farmasi,2020.0,TRX000558,BK00587,2/2/2023,2/16/2023,2/13/2023,Dikembalikan
2468,USR00267,Lanjar Thamrin,Mahasiswa,"Fakultas Sains, Teknologi, & Kesehatan",Farmasi,2020.0,TRX001091,BK00613,5/24/2025,6/7/2025,6/12/2025,Terlambat
2469,USR00267,Lanjar Thamrin,Mahasiswa,"Fakultas Sains, Teknologi, & Kesehatan",Farmasi,2020.0,TRX001558,BK00591,12/28/2023,1/11/2024,1/2/2024,Dikembalikan
2470,USR00267,Lanjar Thamrin,Mahasiswa,"Fakultas Sains, Teknologi, & Kesehatan",Farmasi,2020.0,TRX002007,BK00591,6/29/2025,7/13/2025,7/11/2025,Dikembalikan
2471,USR00267,Lanjar Thamrin,Mahasiswa,"Fakultas Sains, Teknologi, & Kesehatan",Farmasi,2020.0,TRX002085,BK00996,5/2/2024,5/16/2024,5/5/2024,Dikembalikan
2472,USR00267,Lanjar Thamrin,Mahasiswa,"Fakultas Sains, Teknologi, & Kesehatan",Farmasi,2020.0,TRX002382,BK00630,2/23/2024,3/8/2024,3/8/2024,Dikembalikan
2473,USR00267,Lanjar Thamrin,Mahasiswa,"Fakultas Sains, Teknologi, & Kesehatan",Farmasi,2020.0,TRX002530,BK00586,9/27/2025,10/11/2025,10/16/2025,Terlambat
2474,USR00267,Lanjar Thamrin,Mahasiswa,"Fakultas Sains, Teknologi, & Kesehatan",Farmasi,2020.0,TRX002802,BK00692,6/12/2023,6/26/2023,6/20/2023,Dikembalikan
2475,USR00267,Lanjar Thamrin,Mahasiswa,"Fakultas Sains, Teknologi, & Kesehatan",Farmasi,2020.0,TRX002943,BK00631,6/6/2024,6/20/2024,6/22/2024,Terlambat
2476,USR00267,Lanjar Thamrin,Mahasiswa,"Fakultas Sains, Teknologi, & Kesehatan",Farmasi,2020.0,TRX002959,BK00765,10/12/2023,10/26/2023,10/18/2023,Dikembalikan
2477,USR00267,Lanjar Thamrin,Mahasiswa,"Fakultas Sains, Teknologi, & Kesehatan",Farmasi,2020.0,TRX002989,BK00478,12/30/2024,1/13/2025,1/3/2025,Dikembalikan
2478,USR00267,Lanjar Thamrin,Mahasiswa,"Fakultas Sains, Teknologi, & Kesehatan",Farmasi,2020.0,TRX003002,BK00586,9/23/2023,10/7/2023,10/4/2023,Dikembalikan
2479,USR00267,Lanjar Thamrin,Mahasiswa,"Fakultas Sains, Teknologi, & Kesehatan",Farmasi,2020.0,TRX003079,BK00567,8/2/2025,8/16/2025,8/13/2025,Dikembalikan
2480,USR00267,Lanjar Thamrin,Mahasiswa,"Fakultas Sains, Teknologi, & Kesehatan",Farmasi,2020.0,TRX003087,BK00656,6/11/2024,6/25/2024,6/29/2024,Terlambat
2481,USR00267,Lanjar Thamrin,Mahasiswa,"Fakultas Sains, Teknologi, & Kesehatan",Farmasi,2020.0,TRX003301,BK00515,11/23/2023,12/7/2023,12/3/2023,Dikembalikan
2482,USR00268,Nasab Lazuardi,Mahasiswa,"Fakultas Sains, Teknologi, & Kesehatan",Keperawatan,2023.0,TRX000074,BK00261,10/25/2025,11/8/2025,11/3/2025,Dikembalikan
2483,USR00268,Nasab Lazuardi,Mahasiswa,"Fakultas Sains, Teknologi, & Kesehatan",Keperawatan,2023.0,TRX000504,BK00245,6/24/2025,7/8/2025,6/30/2025,Dikembalikan
2484,USR00268,Nasab Lazuardi,Mahasiswa,"Fakultas Sains, Teknologi, & Kesehatan",Keperawatan,2023.0,TRX001985,BK00509,4/14/2025,4/28/2025,4/17/2025,Dikembalikan
2485,USR00268,Nasab Lazuardi,Mahasiswa,"Fakultas Sains, Teknologi, & Kesehatan",Keperawatan,2023.0,TRX002010,BK00318,1/27/2023,2/10/2023,2/6/2023,Dikembalikan
2486,USR00268,Nasab Lazuardi,Mahasiswa,"Fakultas Sains, Teknologi, & Kesehatan",Keperawatan,2023.0,TRX003247,BK00536,4/5/2024,4/19/2024,4/9/2024,Dikembalikan
2487,USR00269,Widya Irawan,Mahasiswa,"Fakultas Sains, Teknologi, & Kesehatan",Informatika,2022.0,TRX000168,BK00090,12/29/2024,1/12/2025,1/11/2025,Dikembalikan
2488,USR00269,Widya Irawan,Mahasiswa,"Fakultas Sains, Teknologi, & Kesehatan",Informatika,2022.0,TRX000192,BK00014,10/30/2025,11/13/2025,11/4/2025,Dikembalikan
2489,USR00269,Widya Irawan,Mahasiswa,"Fakultas Sains, Teknologi, & Kesehatan",Informatika,2022.0,TRX000309,BK00078,5/23/2023,6/6/2023,5/28/2023,Dikembalikan
2490,USR00269,Widya Irawan,Mahasiswa,"Fakultas Sains, Teknologi, & Kesehatan",Informatika,2022.0,TRX000454,BK00126,8/6/2023,8/20/2023,8/23/2023,Terlambat
2491,USR00269,Widya Irawan,Mahasiswa,"Fakultas Sains, Teknologi, & Kesehatan",Informatika,2022.0,TRX000615,BK00130,12/22/2025,1/5/2026,,Dipinjam
2492,USR00269,Widya Irawan,Mahasiswa,"Fakultas Sains, Teknologi, & Kesehatan",Informatika,2022.0,TRX001041,BK00853,3/12/2024,3/26/2024,3/30/2024,Terlambat
2493,USR00269,Widya Irawan,Mahasiswa,"Fakultas Sains, Teknologi, & Kesehatan",Informatika,2022.0,TRX001936,BK00122,2/7/2025,2/21/2025,2/17/2025,Dikembalikan
2494,USR00269,Widya Irawan,Mahasiswa,"Fakultas Sains, Teknologi, & Kesehatan",Informatika,2022.0,TRX002066,BK00055,1/4/2025,1/18/2025,1/9/2025,Dikembalikan
2495,USR00269,Widya Irawan,Mahasiswa,"Fakultas Sains, Teknologi, & Kesehatan",Informatika,2022.0,TRX002344,BK00748,8/9/2025,8/23/2025,8/30/2025,Terlambat
2496,USR00269,Widya Irawan,Mahasiswa,"Fakultas Sains, Teknologi, & Kesehatan",Informatika,2022.0,TRX002805,BK00012,12/5/2023,12/19/2023,12/20/2023,Terlambat
2497,USR00269,Widya Irawan,Mahasiswa,"Fakultas Sains, Teknologi, & Kesehatan",Informatika,2022.0,TRX002827,BK00731,3/8/2023,3/22/2023,3/20/2023,Dikembalikan
2498,USR00269,Widya Irawan,Mahasiswa,"Fakultas Sains, Teknologi, & Kesehatan",Informatika,2022.0,TRX002859,BK00650,11/23/2023,12/7/2023,12/1/2023,Dikembalikan
2499,USR00269,Widya Irawan,Mahasiswa,"Fakultas Sains, Teknologi, & Kesehatan",Informatika,2022.0,TRX002894,BK00041,8/2/2024,8/16/2024,8/10/2024,Dikembalikan
2500,USR00270,"Drs. Indra Kusumo, S.I.Kom",Mahasiswa,"Fakultas Sains, Teknologi, & Kesehatan",Informatika,2020.0,TRX000270,BK00078,2/4/2025,2/18/2025,2/24/2025,Terlambat
2501,USR00270,"Drs. Indra Kusumo, S.I.Kom",Mahasiswa,"Fakultas Sains, Teknologi, & Kesehatan",Informatika,2020.0,TRX000331,BK00076,9/26/2024,10/10/2024,10/17/2024,Terlambat
2502,USR00270,"Drs. Indra Kusumo, S.I.Kom",Mahasiswa,"Fakultas Sains, Teknologi, & Kesehatan",Informatika,2020.0,TRX001482,BK00074,2/23/2023,3/9/2023,3/11/2023,Terlambat
2503,USR00270,"Drs. Indra Kusumo, S.I.Kom",Mahasiswa,"Fakultas Sains, Teknologi, & Kesehatan",Informatika,2020.0,TRX001678,BK00185,5/9/2025,5/23/2025,5/26/2025,Terlambat
2504,USR00270,"Drs. Indra Kusumo, S.I.Kom",Mahasiswa,"Fakultas Sains, Teknologi, & Kesehatan",Informatika,2020.0,TRX002904,BK01267,2/4/2025,2/18/2025,2/9/2025,Dikembalikan
2505,USR00271,Aurora Lailasari,Mahasiswa,"Fakultas Sains, Teknologi, & Kesehatan",Farmasi,2025.0,TRX000236,BK00636,4/16/2023,4/30/2023,5/3/2023,Terlambat
2506,USR00271,Aurora Lailasari,Mahasiswa,"Fakultas Sains, Teknologi, & Kesehatan",Farmasi,2025.0,TRX001018,BK00413,9/8/2023,9/22/2023,9/13/2023,Dikembalikan
2507,USR00271,Aurora Lailasari,Mahasiswa,"Fakultas Sains, Teknologi, & Kesehatan",Farmasi,2025.0,TRX001838,BK00686,9/25/2023,10/9/2023,9/28/2023,Dikembalikan
2508,USR00271,Aurora Lailasari,Mahasiswa,"Fakultas Sains, Teknologi, & Kesehatan",Farmasi,2025.0,TRX002513,BK00670,10/21/2025,11/4/2025,10/28/2025,Dikembalikan
2509,USR00271,Aurora Lailasari,Mahasiswa,"Fakultas Sains, Teknologi, & Kesehatan",Farmasi,2025.0,TRX002836,BK00244,10/4/2025,10/18/2025,10/17/2025,Dikembalikan
2510,USR00272,Ir. Drajat Nugroho,Mahasiswa,"Fakultas Sains, Teknologi, & Kesehatan",Farmasi,2020.0,TRX000444,BK00622,7/23/2023,8/6/2023,8/7/2023,Terlambat
2511,USR00272,Ir. Drajat Nugroho,Mahasiswa,"Fakultas Sains, Teknologi, & Kesehatan",Farmasi,2020.0,TRX001132,BK00288,10/28/2025,11/11/2025,11/13/2025,Terlambat
2512,USR00272,Ir. Drajat Nugroho,Mahasiswa,"Fakultas Sains, Teknologi, & Kesehatan",Farmasi,2020.0,TRX002135,BK00592,6/4/2024,6/18/2024,6/14/2024,Dikembalikan
2513,USR00272,Ir. Drajat Nugroho,Mahasiswa,"Fakultas Sains, Teknologi, & Kesehatan",Farmasi,2020.0,TRX002358,BK00592,3/11/2024,3/25/2024,3/22/2024,Dikembalikan
2514,USR00272,Ir. Drajat Nugroho,Mahasiswa,"Fakultas Sains, Teknologi, & Kesehatan",Farmasi,2020.0,TRX002385,BK01241,12/1/2023,12/15/2023,12/14/2023,Dikembalikan
2515,USR00272,Ir. Drajat Nugroho,Mahasiswa,"Fakultas Sains, Teknologi, & Kesehatan",Farmasi,2020.0,TRX002511,BK00627,6/26/2024,7/10/2024,7/7/2024,Dikembalikan
2516,USR00272,Ir. Drajat Nugroho,Mahasiswa,"Fakultas Sains, Teknologi, & Kesehatan",Farmasi,2020.0,TRX003287,BK00600,7/31/2023,8/14/2023,8/20/2023,Terlambat
2517,USR00273,Intan Wulandari,Mahasiswa,"Fakultas Sains, Teknologi, & Kesehatan",Profesi Ners,2020.0,TRX000373,BK00133,4/10/2025,4/24/2025,4/25/2025,Terlambat
2518,USR00273,Intan Wulandari,Mahasiswa,"Fakultas Sains, Teknologi, & Kesehatan",Profesi Ners,2020.0,TRX000754,BK00722,3/3/2024,3/17/2024,3/14/2024,Dikembalikan
2519,USR00273,Intan Wulandari,Mahasiswa,"Fakultas Sains, Teknologi, & Kesehatan",Profesi Ners,2020.0,TRX000845,BK00735,7/12/2023,7/26/2023,7/29/2023,Terlambat
2520,USR00273,Intan Wulandari,Mahasiswa,"Fakultas Sains, Teknologi, & Kesehatan",Profesi Ners,2020.0,TRX001097,BK00759,2/5/2024,2/19/2024,2/23/2024,Terlambat
2521,USR00273,Intan Wulandari,Mahasiswa,"Fakultas Sains, Teknologi, & Kesehatan",Profesi Ners,2020.0,TRX001367,BK00780,9/21/2023,10/5/2023,10/6/2023,Terlambat
2522,USR00273,Intan Wulandari,Mahasiswa,"Fakultas Sains, Teknologi, & Kesehatan",Profesi Ners,2020.0,TRX002081,BK00729,10/7/2025,10/21/2025,10/12/2025,Dikembalikan
2523,USR00273,Intan Wulandari,Mahasiswa,"Fakultas Sains, Teknologi, & Kesehatan",Profesi Ners,2020.0,TRX003174,BK00394,8/7/2023,8/21/2023,8/14/2023,Dikembalikan
2524,USR00273,Intan Wulandari,Mahasiswa,"Fakultas Sains, Teknologi, & Kesehatan",Profesi Ners,2020.0,TRX003288,BK00785,1/17/2025,1/31/2025,2/5/2025,Terlambat
2525,USR00274,"H. Kadir Puspita, S.H.",Mahasiswa,"Fakultas Sains, Teknologi, & Kesehatan",Farmasi,2022.0,TRX001725,BK00629,4/11/2023,4/25/2023,4/29/2023,Terlambat
2526,USR00274,"H. Kadir Puspita, S.H.",Mahasiswa,"Fakultas Sains, Teknologi, & Kesehatan",Farmasi,2022.0,TRX001749,BK00935,1/16/2023,1/30/2023,1/20/2023,Dikembalikan
2527,USR00274,"H. Kadir Puspita, S.H.",Mahasiswa,"Fakultas Sains, Teknologi, & Kesehatan",Farmasi,2022.0,TRX002494,BK00268,3/14/2023,3/28/2023,3/18/2023,Dikembalikan
2528,USR00274,"H. Kadir Puspita, S.H.",Mahasiswa,"Fakultas Sains, Teknologi, & Kesehatan",Farmasi,2022.0,TRX002625,BK00602,5/15/2025,5/29/2025,6/3/2025,Terlambat
2529,USR00274,"H. Kadir Puspita, S.H.",Mahasiswa,"Fakultas Sains, Teknologi, & Kesehatan",Farmasi,2022.0,TRX003156,BK00561,1/26/2023,2/9/2023,2/9/2023,Dikembalikan
2530,USR00274,"H. Kadir Puspita, S.H.",Mahasiswa,"Fakultas Sains, Teknologi, & Kesehatan",Farmasi,2022.0,TRX003233,BK00025,12/2/2023,12/16/2023,12/23/2023,Terlambat
2531,USR00275,Tari Waluyo,Mahasiswa,"Fakultas Sains, Teknologi, & Kesehatan",Keperawatan,2023.0,TRX000107,BK00506,12/21/2023,1/4/2024,1/2/2024,Dikembalikan
2532,USR00275,Tari Waluyo,Mahasiswa,"Fakultas Sains, Teknologi, & Kesehatan",Keperawatan,2023.0,TRX000902,BK00548,9/12/2023,9/26/2023,9/24/2023,Dikembalikan
2533,USR00275,Tari Waluyo,Mahasiswa,"Fakultas Sains, Teknologi, & Kesehatan",Keperawatan,2023.0,TRX002247,BK00476,5/1/2024,5/15/2024,5/12/2024,Dikembalikan
2534,USR00275,Tari Waluyo,Mahasiswa,"Fakultas Sains, Teknologi, & Kesehatan",Keperawatan,2023.0,TRX002290,BK00486,5/9/2025,5/23/2025,5/24/2025,Terlambat
2535,USR00275,Tari Waluyo,Mahasiswa,"Fakultas Sains, Teknologi, & Kesehatan",Keperawatan,2023.0,TRX002480,BK00235,9/12/2024,9/26/2024,10/3/2024,Terlambat
2536,USR00275,Tari Waluyo,Mahasiswa,"Fakultas Sains, Teknologi, & Kesehatan",Keperawatan,2023.0,TRX002636,BK00529,8/3/2024,8/17/2024,8/21/2024,Terlambat
2537,USR00276,Cici Haryanti,Mahasiswa,"Fakultas Sosial, Humaniora, & Seni",Ilmu Komunikasi,2023.0,TRX000064,BK00887,3/1/2024,3/15/2024,3/5/2024,Dikembalikan
2538,USR00276,Cici Haryanti,Mahasiswa,"Fakultas Sosial, Humaniora, & Seni",Ilmu Komunikasi,2023.0,TRX000184,BK01308,12/22/2025,1/5/2026,,Dipinjam
2539,USR00276,Cici Haryanti,Mahasiswa,"Fakultas Sosial, Humaniora, & Seni",Ilmu Komunikasi,2023.0,TRX000296,BK01132,11/29/2023,12/13/2023,12/17/2023,Terlambat
2540,USR00276,Cici Haryanti,Mahasiswa,"Fakultas Sosial, Humaniora, & Seni",Ilmu Komunikasi,2023.0,TRX000426,BK01372,12/7/2025,12/21/2025,12/13/2025,Dikembalikan
2541,USR00276,Cici Haryanti,Mahasiswa,"Fakultas Sosial, Humaniora, & Seni",Ilmu Komunikasi,2023.0,TRX000773,BK01228,12/26/2025,1/9/2026,,Dipinjam
2542,USR00276,Cici Haryanti,Mahasiswa,"Fakultas Sosial, Humaniora, & Seni",Ilmu Komunikasi,2023.0,TRX001333,BK01325,5/10/2024,5/24/2024,5/25/2024,Terlambat
2543,USR00276,Cici Haryanti,Mahasiswa,"Fakultas Sosial, Humaniora, & Seni",Ilmu Komunikasi,2023.0,TRX001915,BK01312,12/18/2023,1/1/2024,12/23/2023,Dikembalikan
2544,USR00276,Cici Haryanti,Mahasiswa,"Fakultas Sosial, Humaniora, & Seni",Ilmu Komunikasi,2023.0,TRX002650,BK01378,11/11/2025,11/25/2025,12/1/2025,Terlambat
2545,USR00276,Cici Haryanti,Mahasiswa,"Fakultas Sosial, Humaniora, & Seni",Ilmu Komunikasi,2023.0,TRX002913,BK01356,5/31/2025,6/14/2025,6/15/2025,Terlambat
2546,USR00277,Hj. Salsabila Yuniar,Mahasiswa,"Fakultas Sains, Teknologi, & Kesehatan",Teknik Industri,2022.0,TRX000953,BK00416,7/10/2024,7/24/2024,7/27/2024,Terlambat
2547,USR00277,Hj. Salsabila Yuniar,Mahasiswa,"Fakultas Sains, Teknologi, & Kesehatan",Teknik Industri,2022.0,TRX001275,BK00473,11/28/2023,12/12/2023,12/13/2023,Terlambat
2548,USR00277,Hj. Salsabila Yuniar,Mahasiswa,"Fakultas Sains, Teknologi, & Kesehatan",Teknik Industri,2022.0,TRX001681,BK00471,6/23/2023,7/7/2023,6/29/2023,Dikembalikan
2549,USR00277,Hj. Salsabila Yuniar,Mahasiswa,"Fakultas Sains, Teknologi, & Kesehatan",Teknik Industri,2022.0,TRX001684,BK00563,6/5/2025,6/19/2025,6/20/2025,Terlambat
2550,USR00277,Hj. Salsabila Yuniar,Mahasiswa,"Fakultas Sains, Teknologi, & Kesehatan",Teknik Industri,2022.0,TRX001830,BK00464,6/8/2023,6/22/2023,6/27/2023,Terlambat
2551,USR00277,Hj. Salsabila Yuniar,Mahasiswa,"Fakultas Sains, Teknologi, & Kesehatan",Teknik Industri,2022.0,TRX002402,BK00322,11/6/2023,11/20/2023,11/25/2023,Terlambat
2552,USR00277,Hj. Salsabila Yuniar,Mahasiswa,"Fakultas Sains, Teknologi, & Kesehatan",Teknik Industri,2022.0,TRX003231,BK00418,2/23/2024,3/8/2024,3/3/2024,Dikembalikan
2553,USR00277,Hj. Salsabila Yuniar,Mahasiswa,"Fakultas Sains, Teknologi, & Kesehatan",Teknik Industri,2022.0,TRX003419,BK00388,2/7/2023,2/21/2023,2/21/2023,Dikembalikan
2554,USR00278,Elvina Siregar,Mahasiswa,"Fakultas Sosial, Humaniora, & Seni",Ilmu Komunikasi,2024.0,TRX000049,BK01260,4/5/2025,4/19/2025,4/24/2025,Terlambat
2555,USR00278,Elvina Siregar,Mahasiswa,"Fakultas Sosial, Humaniora, & Seni",Ilmu Komunikasi,2024.0,TRX000439,BK01268,1/18/2025,2/1/2025,2/2/2025,Terlambat
2556,USR00278,Elvina Siregar,Mahasiswa,"Fakultas Sosial, Humaniora, & Seni",Ilmu Komunikasi,2024.0,TRX000500,BK01322,2/21/2023,3/7/2023,2/25/2023,Dikembalikan
2557,USR00278,Elvina Siregar,Mahasiswa,"Fakultas Sosial, Humaniora, & Seni",Ilmu Komunikasi,2024.0,TRX000880,BK01328,1/27/2025,2/10/2025,2/13/2025,Terlambat
2558,USR00278,Elvina Siregar,Mahasiswa,"Fakultas Sosial, Humaniora, & Seni",Ilmu Komunikasi,2024.0,TRX001060,BK01352,7/13/2024,7/27/2024,7/29/2024,Terlambat
2559,USR00278,Elvina Siregar,Mahasiswa,"Fakultas Sosial, Humaniora, & Seni",Ilmu Komunikasi,2024.0,TRX001069,BK00426,8/8/2024,8/22/2024,8/26/2024,Terlambat
2560,USR00278,Elvina Siregar,Mahasiswa,"Fakultas Sosial, Humaniora, & Seni",Ilmu Komunikasi,2024.0,TRX001264,BK01260,6/10/2025,6/24/2025,6/18/2025,Dikembalikan
2561,USR00278,Elvina Siregar,Mahasiswa,"Fakultas Sosial, Humaniora, & Seni",Ilmu Komunikasi,2024.0,TRX001366,BK01360,1/9/2024,1/23/2024,1/26/2024,Terlambat
2562,USR00278,Elvina Siregar,Mahasiswa,"Fakultas Sosial, Humaniora, & Seni",Ilmu Komunikasi,2024.0,TRX001517,BK01327,7/23/2025,8/6/2025,8/2/2025,Dikembalikan
2563,USR00278,Elvina Siregar,Mahasiswa,"Fakultas Sosial, Humaniora, & Seni",Ilmu Komunikasi,2024.0,TRX001606,BK01298,12/1/2025,12/15/2025,12/10/2025,Dikembalikan
2564,USR00278,Elvina Siregar,Mahasiswa,"Fakultas Sosial, Humaniora, & Seni",Ilmu Komunikasi,2024.0,TRX001694,BK01322,5/18/2024,6/1/2024,5/26/2024,Dikembalikan
2565,USR00278,Elvina Siregar,Mahasiswa,"Fakultas Sosial, Humaniora, & Seni",Ilmu Komunikasi,2024.0,TRX002100,BK01237,10/17/2024,10/31/2024,11/5/2024,Terlambat
2566,USR00278,Elvina Siregar,Mahasiswa,"Fakultas Sosial, Humaniora, & Seni",Ilmu Komunikasi,2024.0,TRX002159,BK01312,1/8/2023,1/22/2023,1/14/2023,Dikembalikan
2567,USR00278,Elvina Siregar,Mahasiswa,"Fakultas Sosial, Humaniora, & Seni",Ilmu Komunikasi,2024.0,TRX003155,BK01281,10/11/2025,10/25/2025,10/17/2025,Dikembalikan
2568,USR00279,"Arsipatra Suartini, S.Farm",Mahasiswa,"Fakultas Sains, Teknologi, & Kesehatan",Keperawatan,2023.0,TRX000412,BK00128,1/3/2025,1/17/2025,1/21/2025,Terlambat
2569,USR00279,"Arsipatra Suartini, S.Farm",Mahasiswa,"Fakultas Sains, Teknologi, & Kesehatan",Keperawatan,2023.0,TRX000660,BK00478,11/27/2024,12/11/2024,12/18/2024,Terlambat
2570,USR00279,"Arsipatra Suartini, S.Farm",Mahasiswa,"Fakultas Sains, Teknologi, & Kesehatan",Keperawatan,2023.0,TRX000722,BK00100,3/20/2025,4/3/2025,4/10/2025,Terlambat
2571,USR00279,"Arsipatra Suartini, S.Farm",Mahasiswa,"Fakultas Sains, Teknologi, & Kesehatan",Keperawatan,2023.0,TRX001042,BK00500,10/12/2025,10/26/2025,10/26/2025,Dikembalikan
2572,USR00279,"Arsipatra Suartini, S.Farm",Mahasiswa,"Fakultas Sains, Teknologi, & Kesehatan",Keperawatan,2023.0,TRX001407,BK00543,2/18/2025,3/4/2025,3/11/2025,Terlambat
2573,USR00279,"Arsipatra Suartini, S.Farm",Mahasiswa,"Fakultas Sains, Teknologi, & Kesehatan",Keperawatan,2023.0,TRX001638,BK00828,2/12/2025,2/26/2025,3/1/2025,Terlambat
2574,USR00279,"Arsipatra Suartini, S.Farm",Mahasiswa,"Fakultas Sains, Teknologi, & Kesehatan",Keperawatan,2023.0,TRX002050,BK00531,1/12/2023,1/26/2023,2/2/2023,Terlambat
2575,USR00279,"Arsipatra Suartini, S.Farm",Mahasiswa,"Fakultas Sains, Teknologi, & Kesehatan",Keperawatan,2023.0,TRX002738,BK00519,7/25/2024,8/8/2024,8/12/2024,Terlambat
2576,USR00279,"Arsipatra Suartini, S.Farm",Mahasiswa,"Fakultas Sains, Teknologi, & Kesehatan",Keperawatan,2023.0,TRX002791,BK00482,3/1/2024,3/15/2024,3/19/2024,Terlambat
2577,USR00279,"Arsipatra Suartini, S.Farm",Mahasiswa,"Fakultas Sains, Teknologi, & Kesehatan",Keperawatan,2023.0,TRX002853,BK00499,3/1/2023,3/15/2023,3/19/2023,Terlambat
2578,USR00279,"Arsipatra Suartini, S.Farm",Mahasiswa,"Fakultas Sains, Teknologi, & Kesehatan",Keperawatan,2023.0,TRX003451,BK00514,12/27/2025,1/10/2026,,Dipinjam
2579,USR00279,"Arsipatra Suartini, S.Farm",Mahasiswa,"Fakultas Sains, Teknologi, & Kesehatan",Keperawatan,2023.0,TRX003452,BK00494,1/25/2024,2/8/2024,2/2/2024,Dikembalikan
2580,USR00280,"Suci Suryono, M.Ak",Mahasiswa,"Fakultas Sains, Teknologi, & Kesehatan",Profesi Ners,2021.0,TRX000194,BK00745,11/25/2024,12/9/2024,12/4/2024,Dikembalikan
2581,USR00280,"Suci Suryono, M.Ak",Mahasiswa,"Fakultas Sains, Teknologi, & Kesehatan",Profesi Ners,2021.0,TRX001061,BK00745,3/3/2023,3/17/2023,3/18/2023,Terlambat
2582,USR00280,"Suci Suryono, M.Ak",Mahasiswa,"Fakultas Sains, Teknologi, & Kesehatan",Profesi Ners,2021.0,TRX002127,BK00764,3/2/2025,3/16/2025,3/6/2025,Dikembalikan
2583,USR00280,"Suci Suryono, M.Ak",Mahasiswa,"Fakultas Sains, Teknologi, & Kesehatan",Profesi Ners,2021.0,TRX002331,BK00111,5/20/2024,6/3/2024,6/3/2024,Dikembalikan
2584,USR00280,"Suci Suryono, M.Ak",Mahasiswa,"Fakultas Sains, Teknologi, & Kesehatan",Profesi Ners,2021.0,TRX002830,BK00732,1/26/2024,2/9/2024,2/6/2024,Dikembalikan
2585,USR00280,"Suci Suryono, M.Ak",Mahasiswa,"Fakultas Sains, Teknologi, & Kesehatan",Profesi Ners,2021.0,TRX003308,BK00723,3/14/2024,3/28/2024,3/31/2024,Terlambat
2586,USR00281,Kiandra Palastri,Mahasiswa,"Fakultas Sains, Teknologi, & Kesehatan",Keperawatan,2024.0,TRX000603,BK00746,8/6/2025,8/20/2025,8/23/2025,Terlambat
2587,USR00281,Kiandra Palastri,Mahasiswa,"Fakultas Sains, Teknologi, & Kesehatan",Keperawatan,2024.0,TRX000886,BK00533,2/16/2025,3/2/2025,3/7/2025,Terlambat
2588,USR00281,Kiandra Palastri,Mahasiswa,"Fakultas Sains, Teknologi, & Kesehatan",Keperawatan,2024.0,TRX001014,BK00543,10/30/2025,11/13/2025,11/16/2025,Terlambat
2589,USR00281,Kiandra Palastri,Mahasiswa,"Fakultas Sains, Teknologi, & Kesehatan",Keperawatan,2024.0,TRX001387,BK00497,9/12/2023,9/26/2023,9/20/2023,Dikembalikan
2590,USR00281,Kiandra Palastri,Mahasiswa,"Fakultas Sains, Teknologi, & Kesehatan",Keperawatan,2024.0,TRX001427,BK00166,8/10/2023,8/24/2023,8/25/2023,Terlambat
2591,USR00281,Kiandra Palastri,Mahasiswa,"Fakultas Sains, Teknologi, & Kesehatan",Keperawatan,2024.0,TRX001559,BK00503,5/18/2025,6/1/2025,6/4/2025,Terlambat
2592,USR00281,Kiandra Palastri,Mahasiswa,"Fakultas Sains, Teknologi, & Kesehatan",Keperawatan,2024.0,TRX002401,BK00515,10/18/2025,11/1/2025,10/29/2025,Dikembalikan
2593,USR00281,Kiandra Palastri,Mahasiswa,"Fakultas Sains, Teknologi, & Kesehatan",Keperawatan,2024.0,TRX002717,BK00208,4/17/2023,5/1/2023,5/2/2023,Terlambat
2594,USR00282,Najib Saptono,Mahasiswa,"Fakultas Sosial, Humaniora, & Seni",Psikologi,2024.0,TRX000092,BK01330,12/7/2023,12/21/2023,12/17/2023,Dikembalikan
2595,USR00282,Najib Saptono,Mahasiswa,"Fakultas Sosial, Humaniora, & Seni",Psikologi,2024.0,TRX000329,BK01198,8/24/2025,9/7/2025,9/14/2025,Terlambat
2596,USR00282,Najib Saptono,Mahasiswa,"Fakultas Sosial, Humaniora, & Seni",Psikologi,2024.0,TRX001342,BK00791,12/17/2025,12/31/2025,,Dipinjam
2597,USR00282,Najib Saptono,Mahasiswa,"Fakultas Sosial, Humaniora, & Seni",Psikologi,2024.0,TRX001401,BK01209,10/9/2024,10/23/2024,10/22/2024,Dikembalikan
2598,USR00282,Najib Saptono,Mahasiswa,"Fakultas Sosial, Humaniora, & Seni",Psikologi,2024.0,TRX002873,BK00868,6/7/2023,6/21/2023,6/23/2023,Terlambat
2599,USR00282,Najib Saptono,Mahasiswa,"Fakultas Sosial, Humaniora, & Seni",Psikologi,2024.0,TRX003303,BK01172,10/3/2025,10/17/2025,10/7/2025,Dikembalikan
2600,USR00283,drg. Aisyah Santoso,Mahasiswa,"Fakultas Sains, Teknologi, & Kesehatan",Keperawatan,2023.0,TRX001581,BK00535,10/14/2023,10/28/2023,10/20/2023,Dikembalikan
2601,USR00283,drg. Aisyah Santoso,Mahasiswa,"Fakultas Sains, Teknologi, & Kesehatan",Keperawatan,2023.0,TRX002154,BK00525,2/12/2024,2/26/2024,2/18/2024,Dikembalikan
2602,USR00283,drg. Aisyah Santoso,Mahasiswa,"Fakultas Sains, Teknologi, & Kesehatan",Keperawatan,2023.0,TRX002311,BK00540,7/20/2025,8/3/2025,7/30/2025,Dikembalikan
2603,USR00283,drg. Aisyah Santoso,Mahasiswa,"Fakultas Sains, Teknologi, & Kesehatan",Keperawatan,2023.0,TRX003265,BK00607,12/12/2025,12/26/2025,12/23/2025,Dikembalikan
2604,USR00284,Oni Saragih,Mahasiswa,"Fakultas Sains, Teknologi, & Kesehatan",Profesi Ners,2023.0,TRX000343,BK00737,8/21/2024,9/4/2024,9/10/2024,Terlambat
2605,USR00284,Oni Saragih,Mahasiswa,"Fakultas Sains, Teknologi, & Kesehatan",Profesi Ners,2023.0,TRX000606,BK00639,12/28/2025,1/11/2026,,Dipinjam
2606,USR00284,Oni Saragih,Mahasiswa,"Fakultas Sains, Teknologi, & Kesehatan",Profesi Ners,2023.0,TRX001064,BK00743,3/25/2023,4/8/2023,4/12/2023,Terlambat
2607,USR00284,Oni Saragih,Mahasiswa,"Fakultas Sains, Teknologi, & Kesehatan",Profesi Ners,2023.0,TRX001708,BK00254,8/16/2023,8/30/2023,9/1/2023,Terlambat
2608,USR00284,Oni Saragih,Mahasiswa,"Fakultas Sains, Teknologi, & Kesehatan",Profesi Ners,2023.0,TRX001960,BK00765,6/6/2024,6/20/2024,6/13/2024,Dikembalikan
2609,USR00284,Oni Saragih,Mahasiswa,"Fakultas Sains, Teknologi, & Kesehatan",Profesi Ners,2023.0,TRX003180,BK00765,1/20/2023,2/3/2023,2/10/2023,Terlambat
2610,USR00285,Atmaja Handayani,Mahasiswa,"Fakultas Sosial, Humaniora, & Seni",Administrasi Bisnis,2025.0,TRX000033,BK01286,7/23/2024,8/6/2024,8/5/2024,Dikembalikan
2611,USR00285,Atmaja Handayani,Mahasiswa,"Fakultas Sosial, Humaniora, & Seni",Administrasi Bisnis,2025.0,TRX000286,BK01166,1/10/2023,1/24/2023,1/23/2023,Dikembalikan
2612,USR00285,Atmaja Handayani,Mahasiswa,"Fakultas Sosial, Humaniora, & Seni",Administrasi Bisnis,2025.0,TRX000549,BK01087,10/19/2024,11/2/2024,10/27/2024,Dikembalikan
2613,USR00285,Atmaja Handayani,Mahasiswa,"Fakultas Sosial, Humaniora, & Seni",Administrasi Bisnis,2025.0,TRX000788,BK01081,3/23/2024,4/6/2024,3/27/2024,Dikembalikan
2614,USR00285,Atmaja Handayani,Mahasiswa,"Fakultas Sosial, Humaniora, & Seni",Administrasi Bisnis,2025.0,TRX001343,BK01089,12/28/2023,1/11/2024,1/12/2024,Terlambat
2615,USR00285,Atmaja Handayani,Mahasiswa,"Fakultas Sosial, Humaniora, & Seni",Administrasi Bisnis,2025.0,TRX001467,BK01084,7/29/2025,8/12/2025,8/18/2025,Terlambat
2616,USR00285,Atmaja Handayani,Mahasiswa,"Fakultas Sosial, Humaniora, & Seni",Administrasi Bisnis,2025.0,TRX001503,BK00141,7/27/2024,8/10/2024,8/5/2024,Dikembalikan
2617,USR00285,Atmaja Handayani,Mahasiswa,"Fakultas Sosial, Humaniora, & Seni",Administrasi Bisnis,2025.0,TRX001669,BK01354,1/13/2023,1/27/2023,1/26/2023,Dikembalikan
2618,USR00285,Atmaja Handayani,Mahasiswa,"Fakultas Sosial, Humaniora, & Seni",Administrasi Bisnis,2025.0,TRX002166,BK01029,4/20/2024,5/4/2024,5/8/2024,Terlambat
2619,USR00285,Atmaja Handayani,Mahasiswa,"Fakultas Sosial, Humaniora, & Seni",Administrasi Bisnis,2025.0,TRX002452,BK01074,3/1/2025,3/15/2025,3/11/2025,Dikembalikan
2620,USR00285,Atmaja Handayani,Mahasiswa,"Fakultas Sosial, Humaniora, & Seni",Administrasi Bisnis,2025.0,TRX003195,BK00890,11/23/2024,12/7/2024,12/14/2024,Terlambat
2621,USR00286,Candra Purwanti,Mahasiswa,"Fakultas Sains, Teknologi, & Kesehatan",Teknik Industri,2020.0,TRX000382,BK00731,7/12/2024,7/26/2024,7/29/2024,Terlambat
2622,USR00286,Candra Purwanti,Mahasiswa,"Fakultas Sains, Teknologi, & Kesehatan",Teknik Industri,2020.0,TRX000761,BK00316,5/9/2024,5/23/2024,5/19/2024,Dikembalikan
2623,USR00286,Candra Purwanti,Mahasiswa,"Fakultas Sains, Teknologi, & Kesehatan",Teknik Industri,2020.0,TRX001034,BK00382,6/7/2023,6/21/2023,6/25/2023,Terlambat
2624,USR00286,Candra Purwanti,Mahasiswa,"Fakultas Sains, Teknologi, & Kesehatan",Teknik Industri,2020.0,TRX001369,BK00354,8/29/2023,9/12/2023,9/1/2023,Dikembalikan
2625,USR00286,Candra Purwanti,Mahasiswa,"Fakultas Sains, Teknologi, & Kesehatan",Teknik Industri,2020.0,TRX001782,BK00278,12/30/2024,1/13/2025,1/2/2025,Dikembalikan
2626,USR00286,Candra Purwanti,Mahasiswa,"Fakultas Sains, Teknologi, & Kesehatan",Teknik Industri,2020.0,TRX003017,BK00336,7/10/2025,7/24/2025,7/30/2025,Terlambat
2627,USR00286,Candra Purwanti,Mahasiswa,"Fakultas Sains, Teknologi, & Kesehatan",Teknik Industri,2020.0,TRX003019,BK00412,3/4/2024,3/18/2024,3/10/2024,Dikembalikan
2628,USR00286,Candra Purwanti,Mahasiswa,"Fakultas Sains, Teknologi, & Kesehatan",Teknik Industri,2020.0,TRX003204,BK00381,5/1/2023,5/15/2023,5/7/2023,Dikembalikan
2629,USR00287,Ciaobella Winarno,Mahasiswa,"Fakultas Sains, Teknologi, & Kesehatan",Informatika,2023.0,TRX000086,BK00005,5/18/2023,6/1/2023,5/29/2023,Dikembalikan
2630,USR00287,Ciaobella Winarno,Mahasiswa,"Fakultas Sains, Teknologi, & Kesehatan",Informatika,2023.0,TRX000861,BK00059,5/22/2024,6/5/2024,5/31/2024,Dikembalikan
2631,USR00287,Ciaobella Winarno,Mahasiswa,"Fakultas Sains, Teknologi, & Kesehatan",Informatika,2023.0,TRX001032,BK00076,3/16/2023,3/30/2023,3/30/2023,Dikembalikan
2632,USR00287,Ciaobella Winarno,Mahasiswa,"Fakultas Sains, Teknologi, & Kesehatan",Informatika,2023.0,TRX001033,BK00157,3/31/2024,4/14/2024,4/21/2024,Terlambat
2633,USR00287,Ciaobella Winarno,Mahasiswa,"Fakultas Sains, Teknologi, & Kesehatan",Informatika,2023.0,TRX001659,BK00009,3/5/2023,3/19/2023,3/14/2023,Dikembalikan
2634,USR00287,Ciaobella Winarno,Mahasiswa,"Fakultas Sains, Teknologi, & Kesehatan",Informatika,2023.0,TRX002540,BK00694,10/23/2025,11/6/2025,11/1/2025,Dikembalikan
2635,USR00288,Capa Tamba,Mahasiswa,"Fakultas Sains, Teknologi, & Kesehatan",Farmasi,2023.0,TRX000365,BK00604,8/5/2025,8/19/2025,8/24/2025,Terlambat
2636,USR00288,Capa Tamba,Mahasiswa,"Fakultas Sains, Teknologi, & Kesehatan",Farmasi,2023.0,TRX000726,BK00576,11/23/2025,12/7/2025,12/12/2025,Terlambat
2637,USR00288,Capa Tamba,Mahasiswa,"Fakultas Sains, Teknologi, & Kesehatan",Farmasi,2023.0,TRX001829,BK01305,3/3/2024,3/17/2024,3/6/2024,Dikembalikan
2638,USR00288,Capa Tamba,Mahasiswa,"Fakultas Sains, Teknologi, & Kesehatan",Farmasi,2023.0,TRX002184,BK00561,2/7/2023,2/21/2023,2/14/2023,Dikembalikan
2639,USR00288,Capa Tamba,Mahasiswa,"Fakultas Sains, Teknologi, & Kesehatan",Farmasi,2023.0,TRX002224,BK00613,11/2/2023,11/16/2023,11/16/2023,Dikembalikan
2640,USR00289,R.A. Yunita Usamah,Mahasiswa,"Fakultas Sosial, Humaniora, & Seni",Desain Interior,2024.0,TRX000566,BK00949,3/12/2025,3/26/2025,3/29/2025,Terlambat
2641,USR00289,R.A. Yunita Usamah,Mahasiswa,"Fakultas Sosial, Humaniora, & Seni",Desain Interior,2024.0,TRX001895,BK00954,1/4/2023,1/18/2023,1/15/2023,Dikembalikan
2642,USR00289,R.A. Yunita Usamah,Mahasiswa,"Fakultas Sosial, Humaniora, & Seni",Desain Interior,2024.0,TRX002202,BK00985,4/15/2023,4/29/2023,5/4/2023,Terlambat
2643,USR00289,R.A. Yunita Usamah,Mahasiswa,"Fakultas Sosial, Humaniora, & Seni",Desain Interior,2024.0,TRX002366,BK01240,7/4/2023,7/18/2023,7/21/2023,Terlambat
2644,USR00289,R.A. Yunita Usamah,Mahasiswa,"Fakultas Sosial, Humaniora, & Seni",Desain Interior,2024.0,TRX002533,BK01018,6/8/2025,6/22/2025,6/21/2025,Dikembalikan
2645,USR00289,R.A. Yunita Usamah,Mahasiswa,"Fakultas Sosial, Humaniora, & Seni",Desain Interior,2024.0,TRX002723,BK00026,10/18/2023,11/1/2023,10/30/2023,Dikembalikan
2646,USR00289,R.A. Yunita Usamah,Mahasiswa,"Fakultas Sosial, Humaniora, & Seni",Desain Interior,2024.0,TRX002929,BK00989,3/2/2023,3/16/2023,3/7/2023,Dikembalikan
2647,USR00289,R.A. Yunita Usamah,Mahasiswa,"Fakultas Sosial, Humaniora, & Seni",Desain Interior,2024.0,TRX003103,BK01020,5/15/2025,5/29/2025,6/3/2025,Terlambat
2648,USR00289,R.A. Yunita Usamah,Mahasiswa,"Fakultas Sosial, Humaniora, & Seni",Desain Interior,2024.0,TRX003340,BK00972,12/3/2024,12/17/2024,12/12/2024,Dikembalikan
2649,USR00290,Ika Namaga,Mahasiswa,"Fakultas Sains, Teknologi, & Kesehatan",Keperawatan,2023.0,TRX000470,BK00521,5/31/2023,6/14/2023,6/6/2023,Dikembalikan
2650,USR00290,Ika Namaga,Mahasiswa,"Fakultas Sains, Teknologi, & Kesehatan",Keperawatan,2023.0,TRX001158,BK00481,7/19/2023,8/2/2023,8/3/2023,Terlambat
2651,USR00290,Ika Namaga,Mahasiswa,"Fakultas Sains, Teknologi, & Kesehatan",Keperawatan,2023.0,TRX001160,BK00511,12/2/2024,12/16/2024,12/20/2024,Terlambat
2652,USR00290,Ika Namaga,Mahasiswa,"Fakultas Sains, Teknologi, & Kesehatan",Keperawatan,2023.0,TRX001365,BK00482,8/18/2025,9/1/2025,9/7/2025,Terlambat
2653,USR00290,Ika Namaga,Mahasiswa,"Fakultas Sains, Teknologi, & Kesehatan",Keperawatan,2023.0,TRX001381,BK00905,7/30/2025,8/13/2025,8/11/2025,Dikembalikan
2654,USR00290,Ika Namaga,Mahasiswa,"Fakultas Sains, Teknologi, & Kesehatan",Keperawatan,2023.0,TRX001644,BK00498,8/26/2025,9/9/2025,8/30/2025,Dikembalikan
2655,USR00290,Ika Namaga,Mahasiswa,"Fakultas Sains, Teknologi, & Kesehatan",Keperawatan,2023.0,TRX001741,BK00484,6/23/2025,7/7/2025,7/7/2025,Dikembalikan
2656,USR00290,Ika Namaga,Mahasiswa,"Fakultas Sains, Teknologi, & Kesehatan",Keperawatan,2023.0,TRX002199,BK00481,9/8/2025,9/22/2025,9/25/2025,Terlambat
2657,USR00290,Ika Namaga,Mahasiswa,"Fakultas Sains, Teknologi, & Kesehatan",Keperawatan,2023.0,TRX002234,BK00507,10/9/2025,10/23/2025,10/26/2025,Terlambat
2658,USR00290,Ika Namaga,Mahasiswa,"Fakultas Sains, Teknologi, & Kesehatan",Keperawatan,2023.0,TRX002363,BK00558,11/10/2025,11/24/2025,11/13/2025,Dikembalikan
2659,USR00290,Ika Namaga,Mahasiswa,"Fakultas Sains, Teknologi, & Kesehatan",Keperawatan,2023.0,TRX002651,BK00405,4/21/2023,5/5/2023,5/6/2023,Terlambat
2660,USR00290,Ika Namaga,Mahasiswa,"Fakultas Sains, Teknologi, & Kesehatan",Keperawatan,2023.0,TRX002771,BK00504,5/17/2025,5/31/2025,6/6/2025,Terlambat
2661,USR00290,Ika Namaga,Mahasiswa,"Fakultas Sains, Teknologi, & Kesehatan",Keperawatan,2023.0,TRX002921,BK00177,5/7/2024,5/21/2024,5/17/2024,Dikembalikan
2662,USR00290,Ika Namaga,Mahasiswa,"Fakultas Sains, Teknologi, & Kesehatan",Keperawatan,2023.0,TRX002981,BK00507,2/9/2024,2/23/2024,2/13/2024,Dikembalikan
2663,USR00291,R.M. Abyasa Mardhiyah,Mahasiswa,"Fakultas Sosial, Humaniora, & Seni",Administrasi Bisnis,2024.0,TRX000621,BK01059,5/19/2024,6/2/2024,6/9/2024,Terlambat
2664,USR00291,R.M. Abyasa Mardhiyah,Mahasiswa,"Fakultas Sosial, Humaniora, & Seni",Administrasi Bisnis,2024.0,TRX000787,BK01340,4/25/2023,5/9/2023,5/6/2023,Dikembalikan
2665,USR00291,R.M. Abyasa Mardhiyah,Mahasiswa,"Fakultas Sosial, Humaniora, & Seni",Administrasi Bisnis,2024.0,TRX000925,BK01118,1/14/2024,1/28/2024,1/24/2024,Dikembalikan
2666,USR00291,R.M. Abyasa Mardhiyah,Mahasiswa,"Fakultas Sosial, Humaniora, & Seni",Administrasi Bisnis,2024.0,TRX001512,BK01146,10/2/2025,10/16/2025,10/18/2025,Terlambat
2667,USR00291,R.M. Abyasa Mardhiyah,Mahasiswa,"Fakultas Sosial, Humaniora, & Seni",Administrasi Bisnis,2024.0,TRX001930,BK01147,10/13/2025,10/27/2025,10/24/2025,Dikembalikan
2668,USR00291,R.M. Abyasa Mardhiyah,Mahasiswa,"Fakultas Sosial, Humaniora, & Seni",Administrasi Bisnis,2024.0,TRX002249,BK01102,6/3/2025,6/17/2025,6/18/2025,Terlambat
2669,USR00291,R.M. Abyasa Mardhiyah,Mahasiswa,"Fakultas Sosial, Humaniora, & Seni",Administrasi Bisnis,2024.0,TRX002400,BK01119,12/19/2024,1/2/2025,1/4/2025,Terlambat
2670,USR00291,R.M. Abyasa Mardhiyah,Mahasiswa,"Fakultas Sosial, Humaniora, & Seni",Administrasi Bisnis,2024.0,TRX003168,BK01093,4/6/2023,4/20/2023,4/27/2023,Terlambat
2671,USR00291,R.M. Abyasa Mardhiyah,Mahasiswa,"Fakultas Sosial, Humaniora, & Seni",Administrasi Bisnis,2024.0,TRX003321,BK01159,2/11/2025,2/25/2025,2/15/2025,Dikembalikan
2672,USR00292,R.A. Hasna Nasyidah,Mahasiswa,"Fakultas Sains, Teknologi, & Kesehatan",Farmasi,2025.0,TRX000023,BK00600,8/6/2024,8/20/2024,8/21/2024,Terlambat
2673,USR00292,R.A. Hasna Nasyidah,Mahasiswa,"Fakultas Sains, Teknologi, & Kesehatan",Farmasi,2025.0,TRX000355,BK00595,11/28/2024,12/12/2024,12/17/2024,Terlambat
2674,USR00292,R.A. Hasna Nasyidah,Mahasiswa,"Fakultas Sains, Teknologi, & Kesehatan",Farmasi,2025.0,TRX000485,BK00440,3/9/2025,3/23/2025,3/20/2025,Dikembalikan
2675,USR00292,R.A. Hasna Nasyidah,Mahasiswa,"Fakultas Sains, Teknologi, & Kesehatan",Farmasi,2025.0,TRX000786,BK00571,7/16/2025,7/30/2025,8/3/2025,Terlambat
2676,USR00292,R.A. Hasna Nasyidah,Mahasiswa,"Fakultas Sains, Teknologi, & Kesehatan",Farmasi,2025.0,TRX001139,BK00585,7/7/2023,7/21/2023,7/13/2023,Dikembalikan
2677,USR00292,R.A. Hasna Nasyidah,Mahasiswa,"Fakultas Sains, Teknologi, & Kesehatan",Farmasi,2025.0,TRX001769,BK00585,1/24/2025,2/7/2025,2/2/2025,Dikembalikan
2678,USR00292,R.A. Hasna Nasyidah,Mahasiswa,"Fakultas Sains, Teknologi, & Kesehatan",Farmasi,2025.0,TRX002435,BK00587,1/16/2025,1/30/2025,1/28/2025,Dikembalikan
2679,USR00292,R.A. Hasna Nasyidah,Mahasiswa,"Fakultas Sains, Teknologi, & Kesehatan",Farmasi,2025.0,TRX002838,BK00275,9/6/2024,9/20/2024,9/26/2024,Terlambat
2680,USR00292,R.A. Hasna Nasyidah,Mahasiswa,"Fakultas Sains, Teknologi, & Kesehatan",Farmasi,2025.0,TRX003268,BK00562,12/16/2023,12/30/2023,12/19/2023,Dikembalikan
2681,USR00293,Patricia Mardhiyah,Mahasiswa,"Fakultas Sains, Teknologi, & Kesehatan",Keperawatan,2020.0,TRX000187,BK00681,3/21/2024,4/4/2024,4/10/2024,Terlambat
2682,USR00293,Patricia Mardhiyah,Mahasiswa,"Fakultas Sains, Teknologi, & Kesehatan",Keperawatan,2020.0,TRX000238,BK00594,11/17/2025,12/1/2025,11/25/2025,Dikembalikan
2683,USR00293,Patricia Mardhiyah,Mahasiswa,"Fakultas Sains, Teknologi, & Kesehatan",Keperawatan,2020.0,TRX000242,BK00499,9/21/2023,10/5/2023,9/30/2023,Dikembalikan
2684,USR00293,Patricia Mardhiyah,Mahasiswa,"Fakultas Sains, Teknologi, & Kesehatan",Keperawatan,2020.0,TRX000354,BK00546,7/4/2024,7/18/2024,7/25/2024,Terlambat
2685,USR00293,Patricia Mardhiyah,Mahasiswa,"Fakultas Sains, Teknologi, & Kesehatan",Keperawatan,2020.0,TRX000400,BK00490,1/26/2024,2/9/2024,2/12/2024,Terlambat
2686,USR00293,Patricia Mardhiyah,Mahasiswa,"Fakultas Sains, Teknologi, & Kesehatan",Keperawatan,2020.0,TRX000622,BK00529,8/13/2025,8/27/2025,8/19/2025,Dikembalikan
2687,USR00293,Patricia Mardhiyah,Mahasiswa,"Fakultas Sains, Teknologi, & Kesehatan",Keperawatan,2020.0,TRX001255,BK00494,8/5/2023,8/19/2023,8/21/2023,Terlambat
2688,USR00293,Patricia Mardhiyah,Mahasiswa,"Fakultas Sains, Teknologi, & Kesehatan",Keperawatan,2020.0,TRX001788,BK00508,6/2/2024,6/16/2024,6/13/2024,Dikembalikan
2689,USR00293,Patricia Mardhiyah,Mahasiswa,"Fakultas Sains, Teknologi, & Kesehatan",Keperawatan,2020.0,TRX002239,BK00228,8/25/2024,9/8/2024,9/3/2024,Dikembalikan
2690,USR00293,Patricia Mardhiyah,Mahasiswa,"Fakultas Sains, Teknologi, & Kesehatan",Keperawatan,2020.0,TRX002268,BK00487,5/3/2025,5/17/2025,5/8/2025,Dikembalikan
2691,USR00293,Patricia Mardhiyah,Mahasiswa,"Fakultas Sains, Teknologi, & Kesehatan",Keperawatan,2020.0,TRX002369,BK00542,1/31/2025,2/14/2025,2/7/2025,Dikembalikan
2692,USR00293,Patricia Mardhiyah,Mahasiswa,"Fakultas Sains, Teknologi, & Kesehatan",Keperawatan,2020.0,TRX002985,BK00498,1/2/2023,1/16/2023,1/9/2023,Dikembalikan
2693,USR00293,Patricia Mardhiyah,Mahasiswa,"Fakultas Sains, Teknologi, & Kesehatan",Keperawatan,2020.0,TRX003134,BK00507,1/4/2024,1/18/2024,1/25/2024,Terlambat
2694,USR00293,Patricia Mardhiyah,Mahasiswa,"Fakultas Sains, Teknologi, & Kesehatan",Keperawatan,2020.0,TRX003205,BK00601,2/13/2023,2/27/2023,2/20/2023,Dikembalikan
2695,USR00294,Luwes Gunarto,Mahasiswa,"Fakultas Sains, Teknologi, & Kesehatan",Informatika,2025.0,TRX000271,BK00057,10/19/2023,11/2/2023,11/9/2023,Terlambat
2696,USR00294,Luwes Gunarto,Mahasiswa,"Fakultas Sains, Teknologi, & Kesehatan",Informatika,2025.0,TRX000457,BK00196,11/20/2024,12/4/2024,11/27/2024,Dikembalikan
2697,USR00294,Luwes Gunarto,Mahasiswa,"Fakultas Sains, Teknologi, & Kesehatan",Informatika,2025.0,TRX000563,BK00096,7/21/2025,8/4/2025,8/11/2025,Terlambat
2698,USR00294,Luwes Gunarto,Mahasiswa,"Fakultas Sains, Teknologi, & Kesehatan",Informatika,2025.0,TRX000620,BK00204,1/15/2023,1/29/2023,2/2/2023,Terlambat
2699,USR00294,Luwes Gunarto,Mahasiswa,"Fakultas Sains, Teknologi, & Kesehatan",Informatika,2025.0,TRX000634,BK00109,11/21/2025,12/5/2025,11/30/2025,Dikembalikan
2700,USR00294,Luwes Gunarto,Mahasiswa,"Fakultas Sains, Teknologi, & Kesehatan",Informatika,2025.0,TRX000695,BK00118,4/2/2025,4/16/2025,4/17/2025,Terlambat
2701,USR00294,Luwes Gunarto,Mahasiswa,"Fakultas Sains, Teknologi, & Kesehatan",Informatika,2025.0,TRX001986,BK00102,8/27/2023,9/10/2023,9/1/2023,Dikembalikan
2702,USR00294,Luwes Gunarto,Mahasiswa,"Fakultas Sains, Teknologi, & Kesehatan",Informatika,2025.0,TRX002822,BK00199,11/23/2023,12/7/2023,12/4/2023,Dikembalikan
2703,USR00295,Dina Rajata,Mahasiswa,"Fakultas Sains, Teknologi, & Kesehatan",Informatika,2024.0,TRX000143,BK00118,2/21/2025,3/7/2025,2/24/2025,Dikembalikan
2704,USR00295,Dina Rajata,Mahasiswa,"Fakultas Sains, Teknologi, & Kesehatan",Informatika,2024.0,TRX001167,BK00131,8/14/2025,8/28/2025,8/17/2025,Dikembalikan
2705,USR00295,Dina Rajata,Mahasiswa,"Fakultas Sains, Teknologi, & Kesehatan",Informatika,2024.0,TRX001722,BK00132,1/30/2023,2/13/2023,2/9/2023,Dikembalikan
2706,USR00295,Dina Rajata,Mahasiswa,"Fakultas Sains, Teknologi, & Kesehatan",Informatika,2024.0,TRX001818,BK00118,12/10/2023,12/24/2023,12/16/2023,Dikembalikan
2707,USR00295,Dina Rajata,Mahasiswa,"Fakultas Sains, Teknologi, & Kesehatan",Informatika,2024.0,TRX002386,BK00117,5/6/2023,5/20/2023,5/19/2023,Dikembalikan
2708,USR00295,Dina Rajata,Mahasiswa,"Fakultas Sains, Teknologi, & Kesehatan",Informatika,2024.0,TRX002422,BK00122,3/7/2025,3/21/2025,3/23/2025,Terlambat
2709,USR00295,Dina Rajata,Mahasiswa,"Fakultas Sains, Teknologi, & Kesehatan",Informatika,2024.0,TRX002703,BK00126,3/12/2025,3/26/2025,3/20/2025,Dikembalikan
2710,USR00295,Dina Rajata,Mahasiswa,"Fakultas Sains, Teknologi, & Kesehatan",Informatika,2024.0,TRX002743,BK00416,11/13/2023,11/27/2023,11/25/2023,Dikembalikan
2711,USR00295,Dina Rajata,Mahasiswa,"Fakultas Sains, Teknologi, & Kesehatan",Informatika,2024.0,TRX002928,BK00075,2/17/2024,3/2/2024,2/26/2024,Dikembalikan
2712,USR00295,Dina Rajata,Mahasiswa,"Fakultas Sains, Teknologi, & Kesehatan",Informatika,2024.0,TRX003083,BK00120,6/8/2024,6/22/2024,6/17/2024,Dikembalikan
2713,USR00296,Natalia Maryadi,Mahasiswa,"Fakultas Sosial, Humaniora, & Seni",Desain Komunikasi Visual,2020.0,TRX000932,BK00948,1/9/2025,1/23/2025,1/26/2025,Terlambat
2714,USR00296,Natalia Maryadi,Mahasiswa,"Fakultas Sosial, Humaniora, & Seni",Desain Komunikasi Visual,2020.0,TRX000965,BK00915,12/28/2025,1/11/2026,,Dipinjam
2715,USR00296,Natalia Maryadi,Mahasiswa,"Fakultas Sosial, Humaniora, & Seni",Desain Komunikasi Visual,2020.0,TRX001516,BK00793,8/28/2023,9/11/2023,9/18/2023,Terlambat
2716,USR00296,Natalia Maryadi,Mahasiswa,"Fakultas Sosial, Humaniora, & Seni",Desain Komunikasi Visual,2020.0,TRX001561,BK00797,9/3/2023,9/17/2023,9/9/2023,Dikembalikan
2717,USR00296,Natalia Maryadi,Mahasiswa,"Fakultas Sosial, Humaniora, & Seni",Desain Komunikasi Visual,2020.0,TRX001615,BK00900,7/17/2024,7/31/2024,7/22/2024,Dikembalikan
2718,USR00296,Natalia Maryadi,Mahasiswa,"Fakultas Sosial, Humaniora, & Seni",Desain Komunikasi Visual,2020.0,TRX001801,BK00843,1/5/2024,1/19/2024,1/8/2024,Dikembalikan
2719,USR00296,Natalia Maryadi,Mahasiswa,"Fakultas Sosial, Humaniora, & Seni",Desain Komunikasi Visual,2020.0,TRX002125,BK00912,5/3/2023,5/17/2023,5/22/2023,Terlambat
2720,USR00296,Natalia Maryadi,Mahasiswa,"Fakultas Sosial, Humaniora, & Seni",Desain Komunikasi Visual,2020.0,TRX002167,BK00884,6/28/2024,7/12/2024,7/5/2024,Dikembalikan
2721,USR00296,Natalia Maryadi,Mahasiswa,"Fakultas Sosial, Humaniora, & Seni",Desain Komunikasi Visual,2020.0,TRX002285,BK00872,11/2/2023,11/16/2023,11/16/2023,Dikembalikan
2722,USR00296,Natalia Maryadi,Mahasiswa,"Fakultas Sosial, Humaniora, & Seni",Desain Komunikasi Visual,2020.0,TRX003061,BK00787,4/4/2025,4/18/2025,4/21/2025,Terlambat
2723,USR00296,Natalia Maryadi,Mahasiswa,"Fakultas Sosial, Humaniora, & Seni",Desain Komunikasi Visual,2020.0,TRX003171,BK01352,8/25/2025,9/8/2025,9/5/2025,Dikembalikan
2724,USR00296,Natalia Maryadi,Mahasiswa,"Fakultas Sosial, Humaniora, & Seni",Desain Komunikasi Visual,2020.0,TRX003252,BK00825,8/27/2023,9/10/2023,9/8/2023,Dikembalikan
2725,USR00297,"Dr. Ibun Suartini, M.Farm",Mahasiswa,"Fakultas Sosial, Humaniora, & Seni",Psikologi,2020.0,TRX000152,BK01195,12/18/2025,1/1/2026,,Dipinjam
2726,USR00297,"Dr. Ibun Suartini, M.Farm",Mahasiswa,"Fakultas Sosial, Humaniora, & Seni",Psikologi,2020.0,TRX000214,BK01179,8/29/2023,9/12/2023,9/7/2023,Dikembalikan
2727,USR00297,"Dr. Ibun Suartini, M.Farm",Mahasiswa,"Fakultas Sosial, Humaniora, & Seni",Psikologi,2020.0,TRX000221,BK01221,6/9/2023,6/23/2023,6/26/2023,Terlambat
2728,USR00297,"Dr. Ibun Suartini, M.Farm",Mahasiswa,"Fakultas Sosial, Humaniora, & Seni",Psikologi,2020.0,TRX000664,BK01186,11/30/2025,12/14/2025,12/8/2025,Dikembalikan
2729,USR00297,"Dr. Ibun Suartini, M.Farm",Mahasiswa,"Fakultas Sosial, Humaniora, & Seni",Psikologi,2020.0,TRX001038,BK01182,6/2/2023,6/16/2023,6/11/2023,Dikembalikan
2730,USR00297,"Dr. Ibun Suartini, M.Farm",Mahasiswa,"Fakultas Sosial, Humaniora, & Seni",Psikologi,2020.0,TRX001215,BK01185,1/15/2023,1/29/2023,1/27/2023,Dikembalikan
2731,USR00297,"Dr. Ibun Suartini, M.Farm",Mahasiswa,"Fakultas Sosial, Humaniora, & Seni",Psikologi,2020.0,TRX001253,BK01198,8/6/2024,8/20/2024,8/19/2024,Dikembalikan
2732,USR00297,"Dr. Ibun Suartini, M.Farm",Mahasiswa,"Fakultas Sosial, Humaniora, & Seni",Psikologi,2020.0,TRX001316,BK01221,5/16/2025,5/30/2025,6/1/2025,Terlambat
2733,USR00297,"Dr. Ibun Suartini, M.Farm",Mahasiswa,"Fakultas Sosial, Humaniora, & Seni",Psikologi,2020.0,TRX002461,BK00908,4/17/2025,5/1/2025,5/3/2025,Terlambat
2734,USR00297,"Dr. Ibun Suartini, M.Farm",Mahasiswa,"Fakultas Sosial, Humaniora, & Seni",Psikologi,2020.0,TRX002570,BK01228,12/23/2023,1/6/2024,12/30/2023,Dikembalikan
2735,USR00297,"Dr. Ibun Suartini, M.Farm",Mahasiswa,"Fakultas Sosial, Humaniora, & Seni",Psikologi,2020.0,TRX003141,BK01342,8/7/2024,8/21/2024,8/24/2024,Terlambat
2736,USR00297,"Dr. Ibun Suartini, M.Farm",Mahasiswa,"Fakultas Sosial, Humaniora, & Seni",Psikologi,2020.0,TRX003154,BK01199,11/23/2025,12/7/2025,12/8/2025,Terlambat
2737,USR00298,Irwan Damanik,Mahasiswa,"Fakultas Sosial, Humaniora, & Seni",Desain Komunikasi Visual,2024.0,TRX000118,BK00496,7/21/2023,8/4/2023,7/28/2023,Dikembalikan
2738,USR00298,Irwan Damanik,Mahasiswa,"Fakultas Sosial, Humaniora, & Seni",Desain Komunikasi Visual,2024.0,TRX000862,BK00883,8/10/2023,8/24/2023,8/23/2023,Dikembalikan
2739,USR00298,Irwan Damanik,Mahasiswa,"Fakultas Sosial, Humaniora, & Seni",Desain Komunikasi Visual,2024.0,TRX001420,BK00564,10/24/2024,11/7/2024,11/5/2024,Dikembalikan
2740,USR00298,Irwan Damanik,Mahasiswa,"Fakultas Sosial, Humaniora, & Seni",Desain Komunikasi Visual,2024.0,TRX001484,BK00906,3/4/2023,3/18/2023,3/15/2023,Dikembalikan
2741,USR00298,Irwan Damanik,Mahasiswa,"Fakultas Sosial, Humaniora, & Seni",Desain Komunikasi Visual,2024.0,TRX001964,BK00826,6/25/2024,7/9/2024,7/14/2024,Terlambat
2742,USR00298,Irwan Damanik,Mahasiswa,"Fakultas Sosial, Humaniora, & Seni",Desain Komunikasi Visual,2024.0,TRX002760,BK00009,2/7/2023,2/21/2023,2/12/2023,Dikembalikan
2743,USR00298,Irwan Damanik,Mahasiswa,"Fakultas Sosial, Humaniora, & Seni",Desain Komunikasi Visual,2024.0,TRX002800,BK01162,9/25/2025,10/9/2025,10/16/2025,Terlambat
2744,USR00298,Irwan Damanik,Mahasiswa,"Fakultas Sosial, Humaniora, & Seni",Desain Komunikasi Visual,2024.0,TRX002871,BK01218,3/26/2025,4/9/2025,4/5/2025,Dikembalikan
2745,USR00298,Irwan Damanik,Mahasiswa,"Fakultas Sosial, Humaniora, & Seni",Desain Komunikasi Visual,2024.0,TRX003098,BK00914,4/9/2023,4/23/2023,4/21/2023,Dikembalikan
2746,USR00298,Irwan Damanik,Mahasiswa,"Fakultas Sosial, Humaniora, & Seni",Desain Komunikasi Visual,2024.0,TRX003488,BK00806,7/3/2023,7/17/2023,7/21/2023,Terlambat
2747,USR00299,Puti Clara Salahudin,Mahasiswa,"Fakultas Sains, Teknologi, & Kesehatan",Profesi Ners,2022.0,TRX000002,BK00721,10/27/2024,11/10/2024,11/1/2024,Dikembalikan
2748,USR00299,Puti Clara Salahudin,Mahasiswa,"Fakultas Sains, Teknologi, & Kesehatan",Profesi Ners,2022.0,TRX000097,BK00738,10/13/2024,10/27/2024,11/2/2024,Terlambat
2749,USR00299,Puti Clara Salahudin,Mahasiswa,"Fakultas Sains, Teknologi, & Kesehatan",Profesi Ners,2022.0,TRX000425,BK00737,7/29/2024,8/12/2024,8/13/2024,Terlambat
2750,USR00299,Puti Clara Salahudin,Mahasiswa,"Fakultas Sains, Teknologi, & Kesehatan",Profesi Ners,2022.0,TRX000759,BK00208,2/27/2023,3/13/2023,3/15/2023,Terlambat
2751,USR00299,Puti Clara Salahudin,Mahasiswa,"Fakultas Sains, Teknologi, & Kesehatan",Profesi Ners,2022.0,TRX001046,BK00756,5/29/2025,6/12/2025,6/11/2025,Dikembalikan
2752,USR00299,Puti Clara Salahudin,Mahasiswa,"Fakultas Sains, Teknologi, & Kesehatan",Profesi Ners,2022.0,TRX002263,BK00770,11/16/2024,11/30/2024,11/30/2024,Dikembalikan
2753,USR00299,Puti Clara Salahudin,Mahasiswa,"Fakultas Sains, Teknologi, & Kesehatan",Profesi Ners,2022.0,TRX002438,BK00725,5/20/2024,6/3/2024,5/24/2024,Dikembalikan
2754,USR00299,Puti Clara Salahudin,Mahasiswa,"Fakultas Sains, Teknologi, & Kesehatan",Profesi Ners,2022.0,TRX002517,BK00726,1/23/2024,2/6/2024,2/12/2024,Terlambat
2755,USR00299,Puti Clara Salahudin,Mahasiswa,"Fakultas Sains, Teknologi, & Kesehatan",Profesi Ners,2022.0,TRX002537,BK00780,2/17/2024,3/2/2024,3/4/2024,Terlambat
2756,USR00299,Puti Clara Salahudin,Mahasiswa,"Fakultas Sains, Teknologi, & Kesehatan",Profesi Ners,2022.0,TRX002668,BK00759,5/27/2023,6/10/2023,6/3/2023,Dikembalikan
2757,USR00299,Puti Clara Salahudin,Mahasiswa,"Fakultas Sains, Teknologi, & Kesehatan",Profesi Ners,2022.0,TRX003290,BK00723,5/29/2023,6/12/2023,6/16/2023,Terlambat
2758,USR00299,Puti Clara Salahudin,Mahasiswa,"Fakultas Sains, Teknologi, & Kesehatan",Profesi Ners,2022.0,TRX003411,BK00682,11/16/2025,11/30/2025,11/24/2025,Dikembalikan
2759,USR00299,Puti Clara Salahudin,Mahasiswa,"Fakultas Sains, Teknologi, & Kesehatan",Profesi Ners,2022.0,TRX003472,BK00368,12/3/2023,12/17/2023,12/8/2023,Dikembalikan
2760,USR00300,Dariati Kusumo,Mahasiswa,"Fakultas Sosial, Humaniora, & Seni",Desain Interior,2021.0,TRX000215,BK01127,9/10/2024,9/24/2024,9/27/2024,Terlambat
2761,USR00300,Dariati Kusumo,Mahasiswa,"Fakultas Sosial, Humaniora, & Seni",Desain Interior,2021.0,TRX000358,BK00948,11/15/2024,11/29/2024,12/2/2024,Terlambat
2762,USR00300,Dariati Kusumo,Mahasiswa,"Fakultas Sosial, Humaniora, & Seni",Desain Interior,2021.0,TRX000750,BK00978,4/27/2024,5/11/2024,5/8/2024,Dikembalikan
2763,USR00300,Dariati Kusumo,Mahasiswa,"Fakultas Sosial, Humaniora, & Seni",Desain Interior,2021.0,TRX000779,BK00947,3/8/2025,3/22/2025,3/15/2025,Dikembalikan
2764,USR00300,Dariati Kusumo,Mahasiswa,"Fakultas Sosial, Humaniora, & Seni",Desain Interior,2021.0,TRX000803,BK00992,11/13/2025,11/27/2025,11/16/2025,Dikembalikan
2765,USR00300,Dariati Kusumo,Mahasiswa,"Fakultas Sosial, Humaniora, & Seni",Desain Interior,2021.0,TRX000856,BK00964,7/10/2023,7/24/2023,7/14/2023,Dikembalikan
2766,USR00300,Dariati Kusumo,Mahasiswa,"Fakultas Sosial, Humaniora, & Seni",Desain Interior,2021.0,TRX001126,BK00983,12/11/2025,12/25/2025,12/20/2025,Dikembalikan
2767,USR00300,Dariati Kusumo,Mahasiswa,"Fakultas Sosial, Humaniora, & Seni",Desain Interior,2021.0,TRX001804,BK01023,12/30/2023,1/13/2024,1/4/2024,Dikembalikan
2768,USR00300,Dariati Kusumo,Mahasiswa,"Fakultas Sosial, Humaniora, & Seni",Desain Interior,2021.0,TRX002300,BK00809,7/25/2024,8/8/2024,8/1/2024,Dikembalikan
2769,USR00300,Dariati Kusumo,Mahasiswa,"Fakultas Sosial, Humaniora, & Seni",Desain Interior,2021.0,TRX002576,BK00976,9/6/2025,9/20/2025,9/20/2025,Dikembalikan
2770,USR00300,Dariati Kusumo,Mahasiswa,"Fakultas Sosial, Humaniora, & Seni",Desain Interior,2021.0,TRX003372,BK01018,9/6/2024,9/20/2024,9/17/2024,Dikembalikan
2771,USR00301,R.A. Kani Wijayanti,Mahasiswa,"Fakultas Sosial, Humaniora, & Seni",Desain Komunikasi Visual,2023.0,TRX000668,BK00195,2/17/2023,3/3/2023,3/4/2023,Terlambat
2772,USR00301,R.A. Kani Wijayanti,Mahasiswa,"Fakultas Sosial, Humaniora, & Seni",Desain Komunikasi Visual,2023.0,TRX000948,BK00827,9/14/2023,9/28/2023,9/29/2023,Terlambat
2773,USR00301,R.A. Kani Wijayanti,Mahasiswa,"Fakultas Sosial, Humaniora, & Seni",Desain Komunikasi Visual,2023.0,TRX001078,BK00801,1/3/2024,1/17/2024,1/12/2024,Dikembalikan
2774,USR00301,R.A. Kani Wijayanti,Mahasiswa,"Fakultas Sosial, Humaniora, & Seni",Desain Komunikasi Visual,2023.0,TRX001364,BK00799,2/21/2025,3/7/2025,3/7/2025,Dikembalikan
2775,USR00301,R.A. Kani Wijayanti,Mahasiswa,"Fakultas Sosial, Humaniora, & Seni",Desain Komunikasi Visual,2023.0,TRX001712,BK00797,7/5/2023,7/19/2023,7/8/2023,Dikembalikan
2776,USR00301,R.A. Kani Wijayanti,Mahasiswa,"Fakultas Sosial, Humaniora, & Seni",Desain Komunikasi Visual,2023.0,TRX001796,BK00838,4/26/2024,5/10/2024,5/2/2024,Dikembalikan
2777,USR00301,R.A. Kani Wijayanti,Mahasiswa,"Fakultas Sosial, Humaniora, & Seni",Desain Komunikasi Visual,2023.0,TRX002407,BK00795,1/4/2023,1/18/2023,1/24/2023,Terlambat
2778,USR00301,R.A. Kani Wijayanti,Mahasiswa,"Fakultas Sosial, Humaniora, & Seni",Desain Komunikasi Visual,2023.0,TRX003327,BK01199,3/5/2023,3/19/2023,3/17/2023,Dikembalikan
2779,USR00301,R.A. Kani Wijayanti,Mahasiswa,"Fakultas Sosial, Humaniora, & Seni",Desain Komunikasi Visual,2023.0,TRX003500,BK00833,7/15/2024,7/29/2024,7/31/2024,Terlambat
2780,USR00302,"Drs. Manah Marpaung, S.Kom",Mahasiswa,"Fakultas Sains, Teknologi, & Kesehatan",Informatika,2025.0,TRX000597,BK00378,2/1/2025,2/15/2025,2/9/2025,Dikembalikan
2781,USR00302,"Drs. Manah Marpaung, S.Kom",Mahasiswa,"Fakultas Sains, Teknologi, & Kesehatan",Informatika,2025.0,TRX000816,BK00640,10/2/2024,10/16/2024,10/9/2024,Dikembalikan
2782,USR00302,"Drs. Manah Marpaung, S.Kom",Mahasiswa,"Fakultas Sains, Teknologi, & Kesehatan",Informatika,2025.0,TRX000955,BK00116,5/7/2023,5/21/2023,5/21/2023,Dikembalikan
2783,USR00302,"Drs. Manah Marpaung, S.Kom",Mahasiswa,"Fakultas Sains, Teknologi, & Kesehatan",Informatika,2025.0,TRX001508,BK00549,9/13/2024,9/27/2024,9/20/2024,Dikembalikan
2784,USR00302,"Drs. Manah Marpaung, S.Kom",Mahasiswa,"Fakultas Sains, Teknologi, & Kesehatan",Informatika,2025.0,TRX001946,BK00074,6/28/2023,7/12/2023,7/8/2023,Dikembalikan
2785,USR00302,"Drs. Manah Marpaung, S.Kom",Mahasiswa,"Fakultas Sains, Teknologi, & Kesehatan",Informatika,2025.0,TRX002114,BK00588,9/9/2023,9/23/2023,9/16/2023,Dikembalikan
2786,USR00302,"Drs. Manah Marpaung, S.Kom",Mahasiswa,"Fakultas Sains, Teknologi, & Kesehatan",Informatika,2025.0,TRX002430,BK00026,6/16/2023,6/30/2023,7/6/2023,Terlambat
2787,USR00302,"Drs. Manah Marpaung, S.Kom",Mahasiswa,"Fakultas Sains, Teknologi, & Kesehatan",Informatika,2025.0,TRX002582,BK00289,2/6/2025,2/20/2025,2/22/2025,Terlambat
2788,USR00302,"Drs. Manah Marpaung, S.Kom",Mahasiswa,"Fakultas Sains, Teknologi, & Kesehatan",Informatika,2025.0,TRX002995,BK00090,12/2/2023,12/16/2023,12/21/2023,Terlambat
2789,USR00303,"Laila Kurniawan, S.H.",Mahasiswa,"Fakultas Sains, Teknologi, & Kesehatan",Teknik Industri,2022.0,TRX000166,BK00701,11/17/2023,12/1/2023,12/3/2023,Terlambat
2790,USR00303,"Laila Kurniawan, S.H.",Mahasiswa,"Fakultas Sains, Teknologi, & Kesehatan",Teknik Industri,2022.0,TRX000307,BK00510,6/21/2025,7/5/2025,7/8/2025,Terlambat
2791,USR00303,"Laila Kurniawan, S.H.",Mahasiswa,"Fakultas Sains, Teknologi, & Kesehatan",Teknik Industri,2022.0,TRX001222,BK00398,1/31/2025,2/14/2025,2/16/2025,Terlambat
2792,USR00303,"Laila Kurniawan, S.H.",Mahasiswa,"Fakultas Sains, Teknologi, & Kesehatan",Teknik Industri,2022.0,TRX001223,BK00405,4/21/2023,5/5/2023,4/27/2023,Dikembalikan
2793,USR00303,"Laila Kurniawan, S.H.",Mahasiswa,"Fakultas Sains, Teknologi, & Kesehatan",Teknik Industri,2022.0,TRX001569,BK00362,11/13/2024,11/27/2024,11/21/2024,Dikembalikan
2794,USR00303,"Laila Kurniawan, S.H.",Mahasiswa,"Fakultas Sains, Teknologi, & Kesehatan",Teknik Industri,2022.0,TRX001939,BK00412,4/14/2025,4/28/2025,4/19/2025,Dikembalikan
2795,USR00303,"Laila Kurniawan, S.H.",Mahasiswa,"Fakultas Sains, Teknologi, & Kesehatan",Teknik Industri,2022.0,TRX002209,BK00427,7/9/2025,7/23/2025,7/15/2025,Dikembalikan
2796,USR00303,"Laila Kurniawan, S.H.",Mahasiswa,"Fakultas Sains, Teknologi, & Kesehatan",Teknik Industri,2022.0,TRX002356,BK00647,6/8/2024,6/22/2024,6/17/2024,Dikembalikan
2797,USR00303,"Laila Kurniawan, S.H.",Mahasiswa,"Fakultas Sains, Teknologi, & Kesehatan",Teknik Industri,2022.0,TRX002536,BK00344,8/15/2024,8/29/2024,8/26/2024,Dikembalikan
2798,USR00304,Jaswadi Wasita,Mahasiswa,"Fakultas Sosial, Humaniora, & Seni",Desain Interior,2023.0,TRX001084,BK01024,8/13/2024,8/27/2024,8/20/2024,Dikembalikan
2799,USR00304,Jaswadi Wasita,Mahasiswa,"Fakultas Sosial, Humaniora, & Seni",Desain Interior,2023.0,TRX001231,BK01022,2/26/2025,3/12/2025,3/17/2025,Terlambat
2800,USR00304,Jaswadi Wasita,Mahasiswa,"Fakultas Sosial, Humaniora, & Seni",Desain Interior,2023.0,TRX001771,BK00973,4/28/2023,5/12/2023,5/6/2023,Dikembalikan
2801,USR00304,Jaswadi Wasita,Mahasiswa,"Fakultas Sosial, Humaniora, & Seni",Desain Interior,2023.0,TRX002207,BK00963,3/3/2025,3/17/2025,3/16/2025,Dikembalikan
2802,USR00304,Jaswadi Wasita,Mahasiswa,"Fakultas Sosial, Humaniora, & Seni",Desain Interior,2023.0,TRX002242,BK01025,3/22/2025,4/5/2025,4/1/2025,Dikembalikan
2803,USR00304,Jaswadi Wasita,Mahasiswa,"Fakultas Sosial, Humaniora, & Seni",Desain Interior,2023.0,TRX003298,BK01009,11/23/2025,12/7/2025,11/30/2025,Dikembalikan
2804,USR00304,Jaswadi Wasita,Mahasiswa,"Fakultas Sosial, Humaniora, & Seni",Desain Interior,2023.0,TRX003431,BK00975,10/19/2023,11/2/2023,10/22/2023,Dikembalikan
2805,USR00305,Ganep Nashiruddin,Mahasiswa,"Fakultas Sains, Teknologi, & Kesehatan",Informatika,2020.0,TRX000246,BK00292,7/12/2024,7/26/2024,7/27/2024,Terlambat
2806,USR00305,Ganep Nashiruddin,Mahasiswa,"Fakultas Sains, Teknologi, & Kesehatan",Informatika,2020.0,TRX000946,BK00298,2/1/2024,2/15/2024,2/13/2024,Dikembalikan
2807,USR00305,Ganep Nashiruddin,Mahasiswa,"Fakultas Sains, Teknologi, & Kesehatan",Informatika,2020.0,TRX001843,BK00265,7/10/2024,7/24/2024,7/30/2024,Terlambat
2808,USR00305,Ganep Nashiruddin,Mahasiswa,"Fakultas Sains, Teknologi, & Kesehatan",Informatika,2020.0,TRX002171,BK00228,7/11/2024,7/25/2024,7/30/2024,Terlambat
2809,USR00305,Ganep Nashiruddin,Mahasiswa,"Fakultas Sains, Teknologi, & Kesehatan",Informatika,2020.0,TRX002174,BK00250,8/14/2024,8/28/2024,8/25/2024,Dikembalikan
2810,USR00305,Ganep Nashiruddin,Mahasiswa,"Fakultas Sains, Teknologi, & Kesehatan",Informatika,2020.0,TRX002541,BK00235,3/23/2025,4/6/2025,3/29/2025,Dikembalikan
2811,USR00305,Ganep Nashiruddin,Mahasiswa,"Fakultas Sains, Teknologi, & Kesehatan",Informatika,2020.0,TRX002561,BK00312,5/7/2025,5/21/2025,5/27/2025,Terlambat
2812,USR00305,Ganep Nashiruddin,Mahasiswa,"Fakultas Sains, Teknologi, & Kesehatan",Informatika,2020.0,TRX002803,BK01139,6/25/2025,7/9/2025,7/3/2025,Dikembalikan
2813,USR00305,Ganep Nashiruddin,Mahasiswa,"Fakultas Sains, Teknologi, & Kesehatan",Informatika,2020.0,TRX003117,BK00288,6/21/2024,7/5/2024,6/28/2024,Dikembalikan
2814,USR00305,Ganep Nashiruddin,Mahasiswa,"Fakultas Sains, Teknologi, & Kesehatan",Informatika,2020.0,TRX003202,BK00498,1/28/2025,2/11/2025,2/11/2025,Dikembalikan
2815,USR00306,Artawan Rajasa,Mahasiswa,"Fakultas Sains, Teknologi, & Kesehatan",Informatika,2025.0,TRX000205,BK00020,7/20/2025,8/3/2025,7/30/2025,Dikembalikan
2816,USR00306,Artawan Rajasa,Mahasiswa,"Fakultas Sains, Teknologi, & Kesehatan",Informatika,2025.0,TRX000297,BK00164,1/7/2025,1/21/2025,1/28/2025,Terlambat
2817,USR00306,Artawan Rajasa,Mahasiswa,"Fakultas Sains, Teknologi, & Kesehatan",Informatika,2025.0,TRX000701,BK01229,8/31/2023,9/14/2023,9/18/2023,Terlambat
2818,USR00306,Artawan Rajasa,Mahasiswa,"Fakultas Sains, Teknologi, & Kesehatan",Informatika,2025.0,TRX000725,BK00041,9/8/2024,9/22/2024,9/12/2024,Dikembalikan
2819,USR00306,Artawan Rajasa,Mahasiswa,"Fakultas Sains, Teknologi, & Kesehatan",Informatika,2025.0,TRX000950,BK00066,4/1/2024,4/15/2024,4/11/2024,Dikembalikan
2820,USR00306,Artawan Rajasa,Mahasiswa,"Fakultas Sains, Teknologi, & Kesehatan",Informatika,2025.0,TRX001266,BK01367,9/17/2025,10/1/2025,10/3/2025,Terlambat
2821,USR00306,Artawan Rajasa,Mahasiswa,"Fakultas Sains, Teknologi, & Kesehatan",Informatika,2025.0,TRX002283,BK00186,10/8/2023,10/22/2023,10/13/2023,Dikembalikan
2822,USR00306,Artawan Rajasa,Mahasiswa,"Fakultas Sains, Teknologi, & Kesehatan",Informatika,2025.0,TRX002615,BK00050,8/20/2025,9/3/2025,9/10/2025,Terlambat
2823,USR00306,Artawan Rajasa,Mahasiswa,"Fakultas Sains, Teknologi, & Kesehatan",Informatika,2025.0,TRX002890,BK00188,2/18/2023,3/4/2023,2/26/2023,Dikembalikan
2824,USR00307,Puti Melani,Mahasiswa,"Fakultas Sains, Teknologi, & Kesehatan",Profesi Ners,2020.0,TRX000602,BK00755,11/22/2023,12/6/2023,12/5/2023,Dikembalikan
2825,USR00307,Puti Melani,Mahasiswa,"Fakultas Sains, Teknologi, & Kesehatan",Profesi Ners,2020.0,TRX000837,BK00774,6/28/2023,7/12/2023,7/6/2023,Dikembalikan
2826,USR00307,Puti Melani,Mahasiswa,"Fakultas Sains, Teknologi, & Kesehatan",Profesi Ners,2020.0,TRX001470,BK00740,6/15/2023,6/29/2023,7/1/2023,Terlambat
2827,USR00307,Puti Melani,Mahasiswa,"Fakultas Sains, Teknologi, & Kesehatan",Profesi Ners,2020.0,TRX002120,BK00774,12/11/2024,12/25/2024,12/26/2024,Terlambat
2828,USR00308,Himawan Sitorus,Mahasiswa,"Fakultas Sains, Teknologi, & Kesehatan",Informatika,2024.0,TRX000054,BK00071,12/21/2023,1/4/2024,1/6/2024,Terlambat
2829,USR00308,Himawan Sitorus,Mahasiswa,"Fakultas Sains, Teknologi, & Kesehatan",Informatika,2024.0,TRX000202,BK00705,9/24/2025,10/8/2025,10/9/2025,Terlambat
2830,USR00308,Himawan Sitorus,Mahasiswa,"Fakultas Sains, Teknologi, & Kesehatan",Informatika,2024.0,TRX000241,BK00461,12/7/2025,12/21/2025,12/22/2025,Terlambat
2831,USR00308,Himawan Sitorus,Mahasiswa,"Fakultas Sains, Teknologi, & Kesehatan",Informatika,2024.0,TRX000264,BK00109,6/9/2024,6/23/2024,6/25/2024,Terlambat
2832,USR00308,Himawan Sitorus,Mahasiswa,"Fakultas Sains, Teknologi, & Kesehatan",Informatika,2024.0,TRX000663,BK00084,5/7/2023,5/21/2023,5/18/2023,Dikembalikan
2833,USR00308,Himawan Sitorus,Mahasiswa,"Fakultas Sains, Teknologi, & Kesehatan",Informatika,2024.0,TRX002295,BK00107,4/8/2024,4/22/2024,4/11/2024,Dikembalikan
2834,USR00308,Himawan Sitorus,Mahasiswa,"Fakultas Sains, Teknologi, & Kesehatan",Informatika,2024.0,TRX002527,BK00084,11/11/2025,11/25/2025,11/22/2025,Dikembalikan
2835,USR00309,"H. Ajimin Marbun, S.I.Kom",Mahasiswa,"Fakultas Sosial, Humaniora, & Seni",Ilmu Komunikasi,2020.0,TRX000228,BK01357,12/15/2025,12/29/2025,12/31/2025,Terlambat
2836,USR00309,"H. Ajimin Marbun, S.I.Kom",Mahasiswa,"Fakultas Sosial, Humaniora, & Seni",Ilmu Komunikasi,2020.0,TRX000570,BK01259,12/7/2023,12/21/2023,12/18/2023,Dikembalikan
2837,USR00309,"H. Ajimin Marbun, S.I.Kom",Mahasiswa,"Fakultas Sosial, Humaniora, & Seni",Ilmu Komunikasi,2020.0,TRX000652,BK01297,11/1/2023,11/15/2023,11/5/2023,Dikembalikan
2838,USR00309,"H. Ajimin Marbun, S.I.Kom",Mahasiswa,"Fakultas Sosial, Humaniora, & Seni",Ilmu Komunikasi,2020.0,TRX000778,BK01310,9/17/2023,10/1/2023,10/4/2023,Terlambat
2839,USR00309,"H. Ajimin Marbun, S.I.Kom",Mahasiswa,"Fakultas Sosial, Humaniora, & Seni",Ilmu Komunikasi,2020.0,TRX001912,BK01311,2/23/2025,3/9/2025,3/11/2025,Terlambat
2840,USR00309,"H. Ajimin Marbun, S.I.Kom",Mahasiswa,"Fakultas Sosial, Humaniora, & Seni",Ilmu Komunikasi,2020.0,TRX001965,BK01279,9/6/2024,9/20/2024,9/20/2024,Dikembalikan
2841,USR00309,"H. Ajimin Marbun, S.I.Kom",Mahasiswa,"Fakultas Sosial, Humaniora, & Seni",Ilmu Komunikasi,2020.0,TRX002685,BK01158,10/3/2024,10/17/2024,10/15/2024,Dikembalikan
2842,USR00309,"H. Ajimin Marbun, S.I.Kom",Mahasiswa,"Fakultas Sosial, Humaniora, & Seni",Ilmu Komunikasi,2020.0,TRX003186,BK00895,3/15/2023,3/29/2023,4/1/2023,Terlambat
2843,USR00309,"H. Ajimin Marbun, S.I.Kom",Mahasiswa,"Fakultas Sosial, Humaniora, & Seni",Ilmu Komunikasi,2020.0,TRX003273,BK01343,4/2/2024,4/16/2024,4/22/2024,Terlambat
2844,USR00309,"H. Ajimin Marbun, S.I.Kom",Mahasiswa,"Fakultas Sosial, Humaniora, & Seni",Ilmu Komunikasi,2020.0,TRX003343,BK01125,3/3/2025,3/17/2025,3/20/2025,Terlambat
2845,USR00309,"H. Ajimin Marbun, S.I.Kom",Mahasiswa,"Fakultas Sosial, Humaniora, & Seni",Ilmu Komunikasi,2020.0,TRX003404,BK01249,1/15/2025,1/29/2025,1/19/2025,Dikembalikan
2846,USR00309,"H. Ajimin Marbun, S.I.Kom",Mahasiswa,"Fakultas Sosial, Humaniora, & Seni",Ilmu Komunikasi,2020.0,TRX003433,BK00927,2/22/2025,3/8/2025,3/1/2025,Dikembalikan
2847,USR00310,Umi Sihombing,Mahasiswa,"Fakultas Sains, Teknologi, & Kesehatan",Keperawatan,2024.0,TRX001274,BK00053,2/8/2024,2/22/2024,2/13/2024,Dikembalikan
2848,USR00310,Umi Sihombing,Mahasiswa,"Fakultas Sains, Teknologi, & Kesehatan",Keperawatan,2024.0,TRX001514,BK00534,6/22/2023,7/6/2023,7/12/2023,Terlambat
2849,USR00310,Umi Sihombing,Mahasiswa,"Fakultas Sains, Teknologi, & Kesehatan",Keperawatan,2024.0,TRX001582,BK00534,1/8/2025,1/22/2025,1/19/2025,Dikembalikan
2850,USR00310,Umi Sihombing,Mahasiswa,"Fakultas Sains, Teknologi, & Kesehatan",Keperawatan,2024.0,TRX002141,BK00504,1/4/2023,1/18/2023,1/23/2023,Terlambat
2851,USR00310,Umi Sihombing,Mahasiswa,"Fakultas Sains, Teknologi, & Kesehatan",Keperawatan,2024.0,TRX002332,BK00485,9/29/2024,10/13/2024,10/16/2024,Terlambat
2852,USR00310,Umi Sihombing,Mahasiswa,"Fakultas Sains, Teknologi, & Kesehatan",Keperawatan,2024.0,TRX002410,BK00090,5/24/2025,6/7/2025,6/8/2025,Terlambat
2853,USR00310,Umi Sihombing,Mahasiswa,"Fakultas Sains, Teknologi, & Kesehatan",Keperawatan,2024.0,TRX002456,BK00536,11/5/2024,11/19/2024,11/18/2024,Dikembalikan
2854,USR00310,Umi Sihombing,Mahasiswa,"Fakultas Sains, Teknologi, & Kesehatan",Keperawatan,2024.0,TRX002817,BK01157,7/12/2025,7/26/2025,7/26/2025,Dikembalikan
2855,USR00310,Umi Sihombing,Mahasiswa,"Fakultas Sains, Teknologi, & Kesehatan",Keperawatan,2024.0,TRX003367,BK00559,3/3/2025,3/17/2025,3/21/2025,Terlambat
2856,USR00310,Umi Sihombing,Mahasiswa,"Fakultas Sains, Teknologi, & Kesehatan",Keperawatan,2024.0,TRX003368,BK00552,1/17/2023,1/31/2023,2/5/2023,Terlambat
2857,USR00310,Umi Sihombing,Mahasiswa,"Fakultas Sains, Teknologi, & Kesehatan",Keperawatan,2024.0,TRX003386,BK00501,2/10/2024,2/24/2024,2/17/2024,Dikembalikan
2858,USR00311,Dalima Saptono,Mahasiswa,"Fakultas Sains, Teknologi, & Kesehatan",Teknik Industri,2024.0,TRX000372,BK00404,9/16/2025,9/30/2025,9/26/2025,Dikembalikan
2859,USR00311,Dalima Saptono,Mahasiswa,"Fakultas Sains, Teknologi, & Kesehatan",Teknik Industri,2024.0,TRX001173,BK00434,3/11/2024,3/25/2024,3/20/2024,Dikembalikan
2860,USR00311,Dalima Saptono,Mahasiswa,"Fakultas Sains, Teknologi, & Kesehatan",Teknik Industri,2024.0,TRX001713,BK00741,10/9/2025,10/23/2025,10/14/2025,Dikembalikan
2861,USR00311,Dalima Saptono,Mahasiswa,"Fakultas Sains, Teknologi, & Kesehatan",Teknik Industri,2024.0,TRX001926,BK00289,4/16/2023,4/30/2023,4/21/2023,Dikembalikan
2862,USR00311,Dalima Saptono,Mahasiswa,"Fakultas Sains, Teknologi, & Kesehatan",Teknik Industri,2024.0,TRX002146,BK00431,10/16/2024,10/30/2024,11/3/2024,Terlambat
2863,USR00311,Dalima Saptono,Mahasiswa,"Fakultas Sains, Teknologi, & Kesehatan",Teknik Industri,2024.0,TRX002237,BK00632,1/19/2023,2/2/2023,2/4/2023,Terlambat
2864,USR00311,Dalima Saptono,Mahasiswa,"Fakultas Sains, Teknologi, & Kesehatan",Teknik Industri,2024.0,TRX002833,BK00437,10/10/2024,10/24/2024,10/28/2024,Terlambat
2865,USR00311,Dalima Saptono,Mahasiswa,"Fakultas Sains, Teknologi, & Kesehatan",Teknik Industri,2024.0,TRX003065,BK00469,1/12/2025,1/26/2025,1/29/2025,Terlambat
2866,USR00311,Dalima Saptono,Mahasiswa,"Fakultas Sains, Teknologi, & Kesehatan",Teknik Industri,2024.0,TRX003113,BK00412,9/27/2024,10/11/2024,10/9/2024,Dikembalikan
2867,USR00312,Latif Kuswoyo,Mahasiswa,"Fakultas Sains, Teknologi, & Kesehatan",Keperawatan,2025.0,TRX000077,BK00549,1/1/2023,1/15/2023,1/12/2023,Dikembalikan
2868,USR00312,Latif Kuswoyo,Mahasiswa,"Fakultas Sains, Teknologi, & Kesehatan",Keperawatan,2025.0,TRX000213,BK00493,1/11/2025,1/25/2025,1/30/2025,Terlambat
2869,USR00312,Latif Kuswoyo,Mahasiswa,"Fakultas Sains, Teknologi, & Kesehatan",Keperawatan,2025.0,TRX000356,BK00486,10/22/2024,11/5/2024,10/28/2024,Dikembalikan
2870,USR00312,Latif Kuswoyo,Mahasiswa,"Fakultas Sains, Teknologi, & Kesehatan",Keperawatan,2025.0,TRX000583,BK00477,7/10/2024,7/24/2024,7/17/2024,Dikembalikan
2871,USR00312,Latif Kuswoyo,Mahasiswa,"Fakultas Sains, Teknologi, & Kesehatan",Keperawatan,2025.0,TRX001649,BK00507,1/1/2024,1/15/2024,1/17/2024,Terlambat
2872,USR00312,Latif Kuswoyo,Mahasiswa,"Fakultas Sains, Teknologi, & Kesehatan",Keperawatan,2025.0,TRX002116,BK00238,3/13/2025,3/27/2025,3/21/2025,Dikembalikan
2873,USR00312,Latif Kuswoyo,Mahasiswa,"Fakultas Sains, Teknologi, & Kesehatan",Keperawatan,2025.0,TRX002371,BK00549,4/24/2023,5/8/2023,5/12/2023,Terlambat
2874,USR00312,Latif Kuswoyo,Mahasiswa,"Fakultas Sains, Teknologi, & Kesehatan",Keperawatan,2025.0,TRX002934,BK00494,1/24/2023,2/7/2023,1/27/2023,Dikembalikan
2875,USR00312,Latif Kuswoyo,Mahasiswa,"Fakultas Sains, Teknologi, & Kesehatan",Keperawatan,2025.0,TRX002947,BK00518,12/23/2025,1/6/2026,,Dipinjam
2876,USR00313,Jamalia Yulianti,Mahasiswa,"Fakultas Sosial, Humaniora, & Seni",Desain Komunikasi Visual,2022.0,TRX000034,BK00902,4/17/2025,5/1/2025,5/3/2025,Terlambat
2877,USR00313,Jamalia Yulianti,Mahasiswa,"Fakultas Sosial, Humaniora, & Seni",Desain Komunikasi Visual,2022.0,TRX000647,BK00402,3/15/2025,3/29/2025,3/28/2025,Dikembalikan
2878,USR00313,Jamalia Yulianti,Mahasiswa,"Fakultas Sosial, Humaniora, & Seni",Desain Komunikasi Visual,2022.0,TRX000957,BK00841,10/5/2025,10/19/2025,10/21/2025,Terlambat
2879,USR00313,Jamalia Yulianti,Mahasiswa,"Fakultas Sosial, Humaniora, & Seni",Desain Komunikasi Visual,2022.0,TRX001135,BK00119,1/7/2025,1/21/2025,1/28/2025,Terlambat
2880,USR00313,Jamalia Yulianti,Mahasiswa,"Fakultas Sosial, Humaniora, & Seni",Desain Komunikasi Visual,2022.0,TRX002518,BK00893,10/28/2024,11/11/2024,11/5/2024,Dikembalikan
2881,USR00313,Jamalia Yulianti,Mahasiswa,"Fakultas Sosial, Humaniora, & Seni",Desain Komunikasi Visual,2022.0,TRX002935,BK00792,11/23/2023,12/7/2023,12/11/2023,Terlambat
2882,USR00313,Jamalia Yulianti,Mahasiswa,"Fakultas Sosial, Humaniora, & Seni",Desain Komunikasi Visual,2022.0,TRX003054,BK00091,10/16/2023,10/30/2023,11/3/2023,Terlambat
2883,USR00314,Teddy Nababan,Mahasiswa,"Fakultas Sains, Teknologi, & Kesehatan",Profesi Ners,2025.0,TRX000737,BK00720,1/18/2023,2/1/2023,1/22/2023,Dikembalikan
2884,USR00314,Teddy Nababan,Mahasiswa,"Fakultas Sains, Teknologi, & Kesehatan",Profesi Ners,2025.0,TRX000795,BK00782,4/21/2024,5/5/2024,5/10/2024,Terlambat
2885,USR00314,Teddy Nababan,Mahasiswa,"Fakultas Sains, Teknologi, & Kesehatan",Profesi Ners,2025.0,TRX001237,BK00724,11/18/2023,12/2/2023,12/6/2023,Terlambat
2886,USR00314,Teddy Nababan,Mahasiswa,"Fakultas Sains, Teknologi, & Kesehatan",Profesi Ners,2025.0,TRX001629,BK00763,11/24/2024,12/8/2024,12/15/2024,Terlambat
2887,USR00314,Teddy Nababan,Mahasiswa,"Fakultas Sains, Teknologi, & Kesehatan",Profesi Ners,2025.0,TRX001648,BK00766,3/7/2025,3/21/2025,3/21/2025,Dikembalikan
2888,USR00314,Teddy Nababan,Mahasiswa,"Fakultas Sains, Teknologi, & Kesehatan",Profesi Ners,2025.0,TRX001760,BK00730,12/18/2025,1/1/2026,,Dipinjam
2889,USR00314,Teddy Nababan,Mahasiswa,"Fakultas Sains, Teknologi, & Kesehatan",Profesi Ners,2025.0,TRX002078,BK00748,1/10/2023,1/24/2023,1/28/2023,Terlambat
2890,USR00314,Teddy Nababan,Mahasiswa,"Fakultas Sains, Teknologi, & Kesehatan",Profesi Ners,2025.0,TRX002503,BK00720,2/27/2025,3/13/2025,3/6/2025,Dikembalikan
2891,USR00314,Teddy Nababan,Mahasiswa,"Fakultas Sains, Teknologi, & Kesehatan",Profesi Ners,2025.0,TRX002523,BK00752,6/30/2023,7/14/2023,7/9/2023,Dikembalikan
2892,USR00314,Teddy Nababan,Mahasiswa,"Fakultas Sains, Teknologi, & Kesehatan",Profesi Ners,2025.0,TRX003140,BK00770,2/20/2023,3/6/2023,3/1/2023,Dikembalikan
2893,USR00314,Teddy Nababan,Mahasiswa,"Fakultas Sains, Teknologi, & Kesehatan",Profesi Ners,2025.0,TRX003181,BK00731,7/30/2025,8/13/2025,8/7/2025,Dikembalikan
2894,USR00314,Teddy Nababan,Mahasiswa,"Fakultas Sains, Teknologi, & Kesehatan",Profesi Ners,2025.0,TRX003229,BK00769,3/6/2023,3/20/2023,3/12/2023,Dikembalikan
2895,USR00314,Teddy Nababan,Mahasiswa,"Fakultas Sains, Teknologi, & Kesehatan",Profesi Ners,2025.0,TRX003257,BK00514,9/28/2025,10/12/2025,10/2/2025,Dikembalikan
2896,USR00315,"Icha Saefullah, S.Ked",Mahasiswa,"Fakultas Sains, Teknologi, & Kesehatan",Profesi Ners,2025.0,TRX000258,BK00762,5/13/2025,5/27/2025,5/31/2025,Terlambat
2897,USR00315,"Icha Saefullah, S.Ked",Mahasiswa,"Fakultas Sains, Teknologi, & Kesehatan",Profesi Ners,2025.0,TRX000427,BK00429,12/22/2024,1/5/2025,12/27/2024,Dikembalikan
2898,USR00315,"Icha Saefullah, S.Ked",Mahasiswa,"Fakultas Sains, Teknologi, & Kesehatan",Profesi Ners,2025.0,TRX000793,BK00766,5/1/2025,5/15/2025,5/19/2025,Terlambat
2899,USR00315,"Icha Saefullah, S.Ked",Mahasiswa,"Fakultas Sains, Teknologi, & Kesehatan",Profesi Ners,2025.0,TRX000996,BK00754,4/26/2025,5/10/2025,5/8/2025,Dikembalikan
2900,USR00315,"Icha Saefullah, S.Ked",Mahasiswa,"Fakultas Sains, Teknologi, & Kesehatan",Profesi Ners,2025.0,TRX001577,BK00116,10/5/2023,10/19/2023,10/20/2023,Terlambat
2901,USR00315,"Icha Saefullah, S.Ked",Mahasiswa,"Fakultas Sains, Teknologi, & Kesehatan",Profesi Ners,2025.0,TRX001821,BK00771,10/30/2023,11/13/2023,11/3/2023,Dikembalikan
2902,USR00315,"Icha Saefullah, S.Ked",Mahasiswa,"Fakultas Sains, Teknologi, & Kesehatan",Profesi Ners,2025.0,TRX002321,BK00736,10/19/2023,11/2/2023,10/26/2023,Dikembalikan
2903,USR00315,"Icha Saefullah, S.Ked",Mahasiswa,"Fakultas Sains, Teknologi, & Kesehatan",Profesi Ners,2025.0,TRX002930,BK00940,12/14/2023,12/28/2023,12/26/2023,Dikembalikan
2904,USR00316,"Drs. Hamzah Wacana, S.Pt",Mahasiswa,"Fakultas Sains, Teknologi, & Kesehatan",Informatika,2022.0,TRX000087,BK00290,12/25/2025,1/8/2026,,Dipinjam
2905,USR00316,"Drs. Hamzah Wacana, S.Pt",Mahasiswa,"Fakultas Sains, Teknologi, & Kesehatan",Informatika,2022.0,TRX000631,BK00229,5/22/2025,6/5/2025,5/29/2025,Dikembalikan
2906,USR00316,"Drs. Hamzah Wacana, S.Pt",Mahasiswa,"Fakultas Sains, Teknologi, & Kesehatan",Informatika,2022.0,TRX000976,BK00629,6/14/2023,6/28/2023,6/28/2023,Dikembalikan
2907,USR00316,"Drs. Hamzah Wacana, S.Pt",Mahasiswa,"Fakultas Sains, Teknologi, & Kesehatan",Informatika,2022.0,TRX001113,BK00123,7/18/2023,8/1/2023,7/24/2023,Dikembalikan
2908,USR00316,"Drs. Hamzah Wacana, S.Pt",Mahasiswa,"Fakultas Sains, Teknologi, & Kesehatan",Informatika,2022.0,TRX001251,BK00130,8/29/2023,9/12/2023,9/5/2023,Dikembalikan
2909,USR00316,"Drs. Hamzah Wacana, S.Pt",Mahasiswa,"Fakultas Sains, Teknologi, & Kesehatan",Informatika,2022.0,TRX001744,BK00220,12/30/2023,1/13/2024,1/3/2024,Dikembalikan
2910,USR00316,"Drs. Hamzah Wacana, S.Pt",Mahasiswa,"Fakultas Sains, Teknologi, & Kesehatan",Informatika,2022.0,TRX002471,BK00071,12/29/2024,1/12/2025,1/15/2025,Terlambat
2911,USR00316,"Drs. Hamzah Wacana, S.Pt",Mahasiswa,"Fakultas Sains, Teknologi, & Kesehatan",Informatika,2022.0,TRX002756,BK00312,5/1/2025,5/15/2025,5/19/2025,Terlambat
2912,USR00316,"Drs. Hamzah Wacana, S.Pt",Mahasiswa,"Fakultas Sains, Teknologi, & Kesehatan",Informatika,2022.0,TRX003266,BK00097,9/2/2023,9/16/2023,9/18/2023,Terlambat
2913,USR00316,"Drs. Hamzah Wacana, S.Pt",Mahasiswa,"Fakultas Sains, Teknologi, & Kesehatan",Informatika,2022.0,TRX003267,BK00205,5/14/2023,5/28/2023,5/20/2023,Dikembalikan
2914,USR00317,Usyi Laksmiwati,Mahasiswa,"Fakultas Sains, Teknologi, & Kesehatan",Farmasi,2023.0,TRX000204,BK00685,4/15/2023,4/29/2023,4/19/2023,Dikembalikan
2915,USR00317,Usyi Laksmiwati,Mahasiswa,"Fakultas Sains, Teknologi, & Kesehatan",Farmasi,2023.0,TRX000851,BK00671,2/26/2023,3/12/2023,3/16/2023,Terlambat
2916,USR00317,Usyi Laksmiwati,Mahasiswa,"Fakultas Sains, Teknologi, & Kesehatan",Farmasi,2023.0,TRX001280,BK00706,7/10/2025,7/24/2025,7/29/2025,Terlambat
2917,USR00317,Usyi Laksmiwati,Mahasiswa,"Fakultas Sains, Teknologi, & Kesehatan",Farmasi,2023.0,TRX001632,BK00005,8/2/2023,8/16/2023,8/22/2023,Terlambat
2918,USR00317,Usyi Laksmiwati,Mahasiswa,"Fakultas Sains, Teknologi, & Kesehatan",Farmasi,2023.0,TRX001988,BK00699,2/3/2025,2/17/2025,2/18/2025,Terlambat
2919,USR00317,Usyi Laksmiwati,Mahasiswa,"Fakultas Sains, Teknologi, & Kesehatan",Farmasi,2023.0,TRX002094,BK00156,4/20/2024,5/4/2024,5/10/2024,Terlambat
2920,USR00317,Usyi Laksmiwati,Mahasiswa,"Fakultas Sains, Teknologi, & Kesehatan",Farmasi,2023.0,TRX002188,BK00673,5/23/2024,6/6/2024,6/5/2024,Dikembalikan
2921,USR00317,Usyi Laksmiwati,Mahasiswa,"Fakultas Sains, Teknologi, & Kesehatan",Farmasi,2023.0,TRX002753,BK00633,12/23/2025,1/6/2026,,Dipinjam
2922,USR00317,Usyi Laksmiwati,Mahasiswa,"Fakultas Sains, Teknologi, & Kesehatan",Farmasi,2023.0,TRX003373,BK00715,5/5/2023,5/19/2023,5/18/2023,Dikembalikan
2923,USR00318,"Bella Maryati, S.E.I",Mahasiswa,"Fakultas Sosial, Humaniora, & Seni",Desain Komunikasi Visual,2021.0,TRX000078,BK01000,4/22/2025,5/6/2025,5/7/2025,Terlambat
2924,USR00318,"Bella Maryati, S.E.I",Mahasiswa,"Fakultas Sosial, Humaniora, & Seni",Desain Komunikasi Visual,2021.0,TRX001279,BK00925,12/26/2025,1/9/2026,,Dipinjam
2925,USR00318,"Bella Maryati, S.E.I",Mahasiswa,"Fakultas Sosial, Humaniora, & Seni",Desain Komunikasi Visual,2021.0,TRX001541,BK01281,4/4/2024,4/18/2024,4/7/2024,Dikembalikan
2926,USR00318,"Bella Maryati, S.E.I",Mahasiswa,"Fakultas Sosial, Humaniora, & Seni",Desain Komunikasi Visual,2021.0,TRX002329,BK00884,12/28/2023,1/11/2024,12/31/2023,Dikembalikan
2927,USR00318,"Bella Maryati, S.E.I",Mahasiswa,"Fakultas Sosial, Humaniora, & Seni",Desain Komunikasi Visual,2021.0,TRX003309,BK00890,9/9/2025,9/23/2025,9/19/2025,Dikembalikan
2928,USR00318,"Bella Maryati, S.E.I",Mahasiswa,"Fakultas Sosial, Humaniora, & Seni",Desain Komunikasi Visual,2021.0,TRX003477,BK00884,7/10/2025,7/24/2025,7/31/2025,Terlambat
2929,USR00319,"Hana Riyanti, M.Pd",Mahasiswa,"Fakultas Sosial, Humaniora, & Seni",Psikologi,2021.0,TRX000524,BK01208,1/29/2025,2/12/2025,2/9/2025,Dikembalikan
2930,USR00319,"Hana Riyanti, M.Pd",Mahasiswa,"Fakultas Sosial, Humaniora, & Seni",Psikologi,2021.0,TRX000613,BK01299,8/15/2025,8/29/2025,8/31/2025,Terlambat
2931,USR00319,"Hana Riyanti, M.Pd",Mahasiswa,"Fakultas Sosial, Humaniora, & Seni",Psikologi,2021.0,TRX000632,BK01184,9/1/2024,9/15/2024,9/18/2024,Terlambat
2932,USR00319,"Hana Riyanti, M.Pd",Mahasiswa,"Fakultas Sosial, Humaniora, & Seni",Psikologi,2021.0,TRX001714,BK01232,9/18/2023,10/2/2023,9/21/2023,Dikembalikan
2933,USR00319,"Hana Riyanti, M.Pd",Mahasiswa,"Fakultas Sosial, Humaniora, & Seni",Psikologi,2021.0,TRX001931,BK01180,10/19/2023,11/2/2023,10/23/2023,Dikembalikan
2934,USR00319,"Hana Riyanti, M.Pd",Mahasiswa,"Fakultas Sosial, Humaniora, & Seni",Psikologi,2021.0,TRX002123,BK01228,1/7/2025,1/21/2025,1/24/2025,Terlambat
2935,USR00319,"Hana Riyanti, M.Pd",Mahasiswa,"Fakultas Sosial, Humaniora, & Seni",Psikologi,2021.0,TRX002497,BK00997,8/2/2023,8/16/2023,8/14/2023,Dikembalikan
2936,USR00320,Drs. Siti Gunarto,Mahasiswa,"Fakultas Sains, Teknologi, & Kesehatan",Profesi Ners,2020.0,TRX000287,BK00774,10/18/2024,11/1/2024,10/27/2024,Dikembalikan
2937,USR00320,Drs. Siti Gunarto,Mahasiswa,"Fakultas Sains, Teknologi, & Kesehatan",Profesi Ners,2020.0,TRX000430,BK00298,11/25/2023,12/9/2023,12/10/2023,Terlambat
2938,USR00320,Drs. Siti Gunarto,Mahasiswa,"Fakultas Sains, Teknologi, & Kesehatan",Profesi Ners,2020.0,TRX000438,BK00762,10/3/2025,10/17/2025,10/9/2025,Dikembalikan
2939,USR00320,Drs. Siti Gunarto,Mahasiswa,"Fakultas Sains, Teknologi, & Kesehatan",Profesi Ners,2020.0,TRX000687,BK00736,7/12/2024,7/26/2024,7/28/2024,Terlambat
2940,USR00320,Drs. Siti Gunarto,Mahasiswa,"Fakultas Sains, Teknologi, & Kesehatan",Profesi Ners,2020.0,TRX001043,BK00757,6/6/2024,6/20/2024,6/26/2024,Terlambat
2941,USR00320,Drs. Siti Gunarto,Mahasiswa,"Fakultas Sains, Teknologi, & Kesehatan",Profesi Ners,2020.0,TRX001501,BK00743,1/28/2024,2/11/2024,2/5/2024,Dikembalikan
2942,USR00320,Drs. Siti Gunarto,Mahasiswa,"Fakultas Sains, Teknologi, & Kesehatan",Profesi Ners,2020.0,TRX001954,BK00768,1/29/2024,2/12/2024,2/8/2024,Dikembalikan
2943,USR00320,Drs. Siti Gunarto,Mahasiswa,"Fakultas Sains, Teknologi, & Kesehatan",Profesi Ners,2020.0,TRX002043,BK01217,11/20/2023,12/4/2023,11/23/2023,Dikembalikan
2944,USR00320,Drs. Siti Gunarto,Mahasiswa,"Fakultas Sains, Teknologi, & Kesehatan",Profesi Ners,2020.0,TRX002122,BK00009,1/19/2023,2/2/2023,1/31/2023,Dikembalikan
2945,USR00320,Drs. Siti Gunarto,Mahasiswa,"Fakultas Sains, Teknologi, & Kesehatan",Profesi Ners,2020.0,TRX002319,BK00786,12/22/2023,1/5/2024,1/6/2024,Terlambat
2946,USR00320,Drs. Siti Gunarto,Mahasiswa,"Fakultas Sains, Teknologi, & Kesehatan",Profesi Ners,2020.0,TRX002343,BK00727,8/21/2024,9/4/2024,9/11/2024,Terlambat
2947,USR00320,Drs. Siti Gunarto,Mahasiswa,"Fakultas Sains, Teknologi, & Kesehatan",Profesi Ners,2020.0,TRX002373,BK00748,5/28/2023,6/11/2023,6/5/2023,Dikembalikan
2948,USR00320,Drs. Siti Gunarto,Mahasiswa,"Fakultas Sains, Teknologi, & Kesehatan",Profesi Ners,2020.0,TRX002844,BK00769,12/10/2024,12/24/2024,12/14/2024,Dikembalikan
2949,USR00320,Drs. Siti Gunarto,Mahasiswa,"Fakultas Sains, Teknologi, & Kesehatan",Profesi Ners,2020.0,TRX002961,BK00737,9/7/2024,9/21/2024,9/14/2024,Dikembalikan
2950,USR00320,Drs. Siti Gunarto,Mahasiswa,"Fakultas Sains, Teknologi, & Kesehatan",Profesi Ners,2020.0,TRX003006,BK00632,6/2/2023,6/16/2023,6/5/2023,Dikembalikan
2951,USR00321,Dr. Yahya Adriansyah,Mahasiswa,"Fakultas Sains, Teknologi, & Kesehatan",Teknik Industri,2025.0,TRX000998,BK00451,7/7/2023,7/21/2023,7/25/2023,Terlambat
2952,USR00321,Dr. Yahya Adriansyah,Mahasiswa,"Fakultas Sains, Teknologi, & Kesehatan",Teknik Industri,2025.0,TRX001123,BK00325,3/7/2024,3/21/2024,3/16/2024,Dikembalikan
2953,USR00321,Dr. Yahya Adriansyah,Mahasiswa,"Fakultas Sains, Teknologi, & Kesehatan",Teknik Industri,2025.0,TRX001328,BK00419,11/14/2023,11/28/2023,11/18/2023,Dikembalikan
2954,USR00321,Dr. Yahya Adriansyah,Mahasiswa,"Fakultas Sains, Teknologi, & Kesehatan",Teknik Industri,2025.0,TRX001613,BK00146,1/10/2025,1/24/2025,1/14/2025,Dikembalikan
2955,USR00321,Dr. Yahya Adriansyah,Mahasiswa,"Fakultas Sains, Teknologi, & Kesehatan",Teknik Industri,2025.0,TRX001679,BK00436,6/28/2024,7/12/2024,7/4/2024,Dikembalikan
2956,USR00321,Dr. Yahya Adriansyah,Mahasiswa,"Fakultas Sains, Teknologi, & Kesehatan",Teknik Industri,2025.0,TRX002139,BK00454,12/28/2025,1/11/2026,,Dipinjam
2957,USR00322,"drg. Malika Puspasari, S.E.I",Mahasiswa,"Fakultas Sosial, Humaniora, & Seni",Ilmu Komunikasi,2020.0,TRX000083,BK00936,10/13/2025,10/27/2025,10/29/2025,Terlambat
2958,USR00322,"drg. Malika Puspasari, S.E.I",Mahasiswa,"Fakultas Sosial, Humaniora, & Seni",Ilmu Komunikasi,2020.0,TRX000380,BK01297,5/15/2023,5/29/2023,6/3/2023,Terlambat
2959,USR00322,"drg. Malika Puspasari, S.E.I",Mahasiswa,"Fakultas Sosial, Humaniora, & Seni",Ilmu Komunikasi,2020.0,TRX000407,BK01261,11/11/2025,11/25/2025,11/15/2025,Dikembalikan
2960,USR00322,"drg. Malika Puspasari, S.E.I",Mahasiswa,"Fakultas Sosial, Humaniora, & Seni",Ilmu Komunikasi,2020.0,TRX000459,BK01326,8/10/2024,8/24/2024,8/14/2024,Dikembalikan
2961,USR00322,"drg. Malika Puspasari, S.E.I",Mahasiswa,"Fakultas Sosial, Humaniora, & Seni",Ilmu Komunikasi,2020.0,TRX000623,BK01071,3/17/2025,3/31/2025,3/21/2025,Dikembalikan
2962,USR00322,"drg. Malika Puspasari, S.E.I",Mahasiswa,"Fakultas Sosial, Humaniora, & Seni",Ilmu Komunikasi,2020.0,TRX000679,BK01319,10/2/2025,10/16/2025,10/22/2025,Terlambat
2963,USR00322,"drg. Malika Puspasari, S.E.I",Mahasiswa,"Fakultas Sosial, Humaniora, & Seni",Ilmu Komunikasi,2020.0,TRX002269,BK01250,6/2/2025,6/16/2025,6/15/2025,Dikembalikan
2964,USR00322,"drg. Malika Puspasari, S.E.I",Mahasiswa,"Fakultas Sosial, Humaniora, & Seni",Ilmu Komunikasi,2020.0,TRX002445,BK01254,8/18/2025,9/1/2025,9/4/2025,Terlambat
2965,USR00322,"drg. Malika Puspasari, S.E.I",Mahasiswa,"Fakultas Sosial, Humaniora, & Seni",Ilmu Komunikasi,2020.0,TRX002749,BK01318,6/4/2025,6/18/2025,6/20/2025,Terlambat
2966,USR00322,"drg. Malika Puspasari, S.E.I",Mahasiswa,"Fakultas Sosial, Humaniora, & Seni",Ilmu Komunikasi,2020.0,TRX003296,BK00885,1/12/2024,1/26/2024,1/29/2024,Terlambat
2967,USR00323,Empluk Hutapea,Mahasiswa,"Fakultas Sosial, Humaniora, & Seni",Ilmu Komunikasi,2022.0,TRX000733,BK01346,11/13/2025,11/27/2025,12/3/2025,Terlambat
2968,USR00323,Empluk Hutapea,Mahasiswa,"Fakultas Sosial, Humaniora, & Seni",Ilmu Komunikasi,2022.0,TRX000796,BK00958,2/17/2025,3/3/2025,2/20/2025,Dikembalikan
2969,USR00323,Empluk Hutapea,Mahasiswa,"Fakultas Sosial, Humaniora, & Seni",Ilmu Komunikasi,2022.0,TRX000879,BK01334,1/10/2023,1/24/2023,1/29/2023,Terlambat
2970,USR00323,Empluk Hutapea,Mahasiswa,"Fakultas Sosial, Humaniora, & Seni",Ilmu Komunikasi,2022.0,TRX001190,BK01335,2/26/2024,3/11/2024,3/6/2024,Dikembalikan
2971,USR00323,Empluk Hutapea,Mahasiswa,"Fakultas Sosial, Humaniora, & Seni",Ilmu Komunikasi,2022.0,TRX001309,BK01342,6/8/2025,6/22/2025,6/22/2025,Dikembalikan
2972,USR00323,Empluk Hutapea,Mahasiswa,"Fakultas Sosial, Humaniora, & Seni",Ilmu Komunikasi,2022.0,TRX002610,BK01315,1/16/2023,1/30/2023,1/22/2023,Dikembalikan
2973,USR00323,Empluk Hutapea,Mahasiswa,"Fakultas Sosial, Humaniora, & Seni",Ilmu Komunikasi,2022.0,TRX002670,BK01324,8/31/2025,9/14/2025,9/13/2025,Dikembalikan
2974,USR00323,Empluk Hutapea,Mahasiswa,"Fakultas Sosial, Humaniora, & Seni",Ilmu Komunikasi,2022.0,TRX002690,BK01349,9/12/2025,9/26/2025,10/3/2025,Terlambat
2975,USR00323,Empluk Hutapea,Mahasiswa,"Fakultas Sosial, Humaniora, & Seni",Ilmu Komunikasi,2022.0,TRX002953,BK00296,9/5/2025,9/19/2025,9/18/2025,Dikembalikan
2976,USR00323,Empluk Hutapea,Mahasiswa,"Fakultas Sosial, Humaniora, & Seni",Ilmu Komunikasi,2022.0,TRX003071,BK01352,3/26/2024,4/9/2024,3/29/2024,Dikembalikan
2977,USR00323,Empluk Hutapea,Mahasiswa,"Fakultas Sosial, Humaniora, & Seni",Ilmu Komunikasi,2022.0,TRX003198,BK01350,1/24/2023,2/7/2023,1/27/2023,Dikembalikan
2978,USR00323,Empluk Hutapea,Mahasiswa,"Fakultas Sosial, Humaniora, & Seni",Ilmu Komunikasi,2022.0,TRX003346,BK01321,9/27/2024,10/11/2024,10/18/2024,Terlambat
2979,USR00323,Empluk Hutapea,Mahasiswa,"Fakultas Sosial, Humaniora, & Seni",Ilmu Komunikasi,2022.0,TRX003381,BK01378,10/22/2024,11/5/2024,11/6/2024,Terlambat
2980,USR00324,Humaira Zulkarnain,Mahasiswa,"Fakultas Sosial, Humaniora, & Seni",Administrasi Bisnis,2023.0,TRX000162,BK01087,10/22/2024,11/5/2024,11/5/2024,Dikembalikan
2981,USR00324,Humaira Zulkarnain,Mahasiswa,"Fakultas Sosial, Humaniora, & Seni",Administrasi Bisnis,2023.0,TRX000958,BK01054,3/30/2025,4/13/2025,4/7/2025,Dikembalikan
2982,USR00324,Humaira Zulkarnain,Mahasiswa,"Fakultas Sosial, Humaniora, & Seni",Administrasi Bisnis,2023.0,TRX001945,BK01071,4/22/2023,5/6/2023,4/30/2023,Dikembalikan
2983,USR00324,Humaira Zulkarnain,Mahasiswa,"Fakultas Sosial, Humaniora, & Seni",Administrasi Bisnis,2023.0,TRX002092,BK01047,4/10/2023,4/24/2023,4/16/2023,Dikembalikan
2984,USR00324,Humaira Zulkarnain,Mahasiswa,"Fakultas Sosial, Humaniora, & Seni",Administrasi Bisnis,2023.0,TRX002106,BK01056,1/29/2024,2/12/2024,2/18/2024,Terlambat
2985,USR00324,Humaira Zulkarnain,Mahasiswa,"Fakultas Sosial, Humaniora, & Seni",Administrasi Bisnis,2023.0,TRX002585,BK01121,2/23/2025,3/9/2025,2/27/2025,Dikembalikan
2986,USR00324,Humaira Zulkarnain,Mahasiswa,"Fakultas Sosial, Humaniora, & Seni",Administrasi Bisnis,2023.0,TRX003227,BK00367,6/14/2023,6/28/2023,6/23/2023,Dikembalikan
2987,USR00325,R. Pandu Prasetyo,Mahasiswa,"Fakultas Sains, Teknologi, & Kesehatan",Keperawatan,2025.0,TRX000080,BK00222,2/2/2023,2/16/2023,2/16/2023,Dikembalikan
2988,USR00325,R. Pandu Prasetyo,Mahasiswa,"Fakultas Sains, Teknologi, & Kesehatan",Keperawatan,2025.0,TRX000802,BK00555,2/27/2024,3/12/2024,3/2/2024,Dikembalikan
2989,USR00325,R. Pandu Prasetyo,Mahasiswa,"Fakultas Sains, Teknologi, & Kesehatan",Keperawatan,2025.0,TRX001578,BK00422,7/25/2025,8/8/2025,8/8/2025,Dikembalikan
2990,USR00325,R. Pandu Prasetyo,Mahasiswa,"Fakultas Sains, Teknologi, & Kesehatan",Keperawatan,2025.0,TRX001826,BK00494,10/17/2024,10/31/2024,10/23/2024,Dikembalikan
2991,USR00325,R. Pandu Prasetyo,Mahasiswa,"Fakultas Sains, Teknologi, & Kesehatan",Keperawatan,2025.0,TRX001957,BK00535,5/15/2025,5/29/2025,5/18/2025,Dikembalikan
2992,USR00325,R. Pandu Prasetyo,Mahasiswa,"Fakultas Sains, Teknologi, & Kesehatan",Keperawatan,2025.0,TRX002917,BK00551,8/24/2024,9/7/2024,9/8/2024,Terlambat
2993,USR00325,R. Pandu Prasetyo,Mahasiswa,"Fakultas Sains, Teknologi, & Kesehatan",Keperawatan,2025.0,TRX002970,BK00500,4/17/2023,5/1/2023,5/7/2023,Terlambat
2994,USR00325,R. Pandu Prasetyo,Mahasiswa,"Fakultas Sains, Teknologi, & Kesehatan",Keperawatan,2025.0,TRX003032,BK00499,12/15/2025,12/29/2025,12/23/2025,Dikembalikan
2995,USR00325,R. Pandu Prasetyo,Mahasiswa,"Fakultas Sains, Teknologi, & Kesehatan",Keperawatan,2025.0,TRX003133,BK00512,11/23/2023,12/7/2023,12/12/2023,Terlambat
2996,USR00325,R. Pandu Prasetyo,Mahasiswa,"Fakultas Sains, Teknologi, & Kesehatan",Keperawatan,2025.0,TRX003285,BK00497,7/16/2023,7/30/2023,7/25/2023,Dikembalikan
2997,USR00326,"dr. Sarah Nashiruddin, S.Sos",Mahasiswa,"Fakultas Sains, Teknologi, & Kesehatan",Informatika,2020.0,TRX000790,BK00789,7/6/2025,7/20/2025,7/9/2025,Dikembalikan
2998,USR00326,"dr. Sarah Nashiruddin, S.Sos",Mahasiswa,"Fakultas Sains, Teknologi, & Kesehatan",Informatika,2020.0,TRX001147,BK00345,3/3/2024,3/17/2024,3/19/2024,Terlambat
2999,USR00326,"dr. Sarah Nashiruddin, S.Sos",Mahasiswa,"Fakultas Sains, Teknologi, & Kesehatan",Informatika,2020.0,TRX002324,BK00098,1/11/2025,1/25/2025,1/28/2025,Terlambat
3000,USR00326,"dr. Sarah Nashiruddin, S.Sos",Mahasiswa,"Fakultas Sains, Teknologi, & Kesehatan",Informatika,2020.0,TRX002642,BK00081,3/25/2025,4/8/2025,4/14/2025,Terlambat
3001,USR00327,"Harimurti Saptono, M.Pd",Mahasiswa,"Fakultas Sains, Teknologi, & Kesehatan",Keperawatan,2025.0,TRX000190,BK00536,11/14/2025,11/28/2025,11/25/2025,Dikembalikan
3002,USR00327,"Harimurti Saptono, M.Pd",Mahasiswa,"Fakultas Sains, Teknologi, & Kesehatan",Keperawatan,2025.0,TRX000651,BK00479,5/12/2024,5/26/2024,5/26/2024,Dikembalikan
3003,USR00327,"Harimurti Saptono, M.Pd",Mahasiswa,"Fakultas Sains, Teknologi, & Kesehatan",Keperawatan,2025.0,TRX000890,BK00667,12/26/2024,1/9/2025,1/11/2025,Terlambat
3004,USR00327,"Harimurti Saptono, M.Pd",Mahasiswa,"Fakultas Sains, Teknologi, & Kesehatan",Keperawatan,2025.0,TRX001878,BK00498,3/4/2025,3/18/2025,3/16/2025,Dikembalikan
3005,USR00328,Raisa Wijayanti,Mahasiswa,"Fakultas Sains, Teknologi, & Kesehatan",Teknik Industri,2020.0,TRX000006,BK00452,3/14/2023,3/28/2023,3/22/2023,Dikembalikan
3006,USR00328,Raisa Wijayanti,Mahasiswa,"Fakultas Sains, Teknologi, & Kesehatan",Teknik Industri,2020.0,TRX000520,BK00554,9/13/2025,9/27/2025,9/28/2025,Terlambat
3007,USR00328,Raisa Wijayanti,Mahasiswa,"Fakultas Sains, Teknologi, & Kesehatan",Teknik Industri,2020.0,TRX000707,BK00414,7/7/2023,7/21/2023,7/11/2023,Dikembalikan
3008,USR00328,Raisa Wijayanti,Mahasiswa,"Fakultas Sains, Teknologi, & Kesehatan",Teknik Industri,2020.0,TRX000756,BK00330,9/7/2025,9/21/2025,9/17/2025,Dikembalikan
3009,USR00328,Raisa Wijayanti,Mahasiswa,"Fakultas Sains, Teknologi, & Kesehatan",Teknik Industri,2020.0,TRX001106,BK00348,10/3/2024,10/17/2024,10/12/2024,Dikembalikan
3010,USR00328,Raisa Wijayanti,Mahasiswa,"Fakultas Sains, Teknologi, & Kesehatan",Teknik Industri,2020.0,TRX001555,BK00400,8/21/2023,9/4/2023,9/11/2023,Terlambat
3011,USR00328,Raisa Wijayanti,Mahasiswa,"Fakultas Sains, Teknologi, & Kesehatan",Teknik Industri,2020.0,TRX001625,BK00351,5/18/2023,6/1/2023,6/4/2023,Terlambat
3012,USR00328,Raisa Wijayanti,Mahasiswa,"Fakultas Sains, Teknologi, & Kesehatan",Teknik Industri,2020.0,TRX002568,BK00545,7/8/2025,7/22/2025,7/27/2025,Terlambat
3013,USR00328,Raisa Wijayanti,Mahasiswa,"Fakultas Sains, Teknologi, & Kesehatan",Teknik Industri,2020.0,TRX002688,BK00426,1/2/2024,1/16/2024,1/23/2024,Terlambat
3014,USR00329,Drs. Reksa Prayoga,Mahasiswa,"Fakultas Sosial, Humaniora, & Seni",Psikologi,2021.0,TRX000573,BK01181,12/24/2024,1/7/2025,1/5/2025,Dikembalikan
3015,USR00329,Drs. Reksa Prayoga,Mahasiswa,"Fakultas Sosial, Humaniora, & Seni",Psikologi,2021.0,TRX000628,BK01200,4/15/2023,4/29/2023,5/6/2023,Terlambat
3016,USR00329,Drs. Reksa Prayoga,Mahasiswa,"Fakultas Sosial, Humaniora, & Seni",Psikologi,2021.0,TRX000686,BK01216,8/19/2025,9/2/2025,9/6/2025,Terlambat
3017,USR00329,Drs. Reksa Prayoga,Mahasiswa,"Fakultas Sosial, Humaniora, & Seni",Psikologi,2021.0,TRX000832,BK01176,4/29/2024,5/13/2024,5/6/2024,Dikembalikan
3018,USR00329,Drs. Reksa Prayoga,Mahasiswa,"Fakultas Sosial, Humaniora, & Seni",Psikologi,2021.0,TRX000980,BK01190,10/9/2025,10/23/2025,10/25/2025,Terlambat
3019,USR00329,Drs. Reksa Prayoga,Mahasiswa,"Fakultas Sosial, Humaniora, & Seni",Psikologi,2021.0,TRX001317,BK01210,4/8/2023,4/22/2023,4/19/2023,Dikembalikan
3020,USR00329,Drs. Reksa Prayoga,Mahasiswa,"Fakultas Sosial, Humaniora, & Seni",Psikologi,2021.0,TRX001393,BK01268,9/4/2025,9/18/2025,9/18/2025,Dikembalikan
3021,USR00329,Drs. Reksa Prayoga,Mahasiswa,"Fakultas Sosial, Humaniora, & Seni",Psikologi,2021.0,TRX001505,BK01197,8/2/2023,8/16/2023,8/6/2023,Dikembalikan
3022,USR00329,Drs. Reksa Prayoga,Mahasiswa,"Fakultas Sosial, Humaniora, & Seni",Psikologi,2021.0,TRX001617,BK00199,2/24/2023,3/10/2023,3/15/2023,Terlambat
3023,USR00329,Drs. Reksa Prayoga,Mahasiswa,"Fakultas Sosial, Humaniora, & Seni",Psikologi,2021.0,TRX001905,BK01170,3/12/2024,3/26/2024,3/30/2024,Terlambat
3024,USR00329,Drs. Reksa Prayoga,Mahasiswa,"Fakultas Sosial, Humaniora, & Seni",Psikologi,2021.0,TRX001969,BK01225,12/13/2025,12/27/2025,12/28/2025,Terlambat
3025,USR00329,Drs. Reksa Prayoga,Mahasiswa,"Fakultas Sosial, Humaniora, & Seni",Psikologi,2021.0,TRX002474,BK01220,8/24/2024,9/7/2024,8/28/2024,Dikembalikan
3026,USR00329,Drs. Reksa Prayoga,Mahasiswa,"Fakultas Sosial, Humaniora, & Seni",Psikologi,2021.0,TRX002720,BK01234,4/24/2025,5/8/2025,5/5/2025,Dikembalikan
3027,USR00329,Drs. Reksa Prayoga,Mahasiswa,"Fakultas Sosial, Humaniora, & Seni",Psikologi,2021.0,TRX003003,BK01078,7/15/2024,7/29/2024,8/2/2024,Terlambat
3028,USR00329,Drs. Reksa Prayoga,Mahasiswa,"Fakultas Sosial, Humaniora, & Seni",Psikologi,2021.0,TRX003149,BK01225,7/28/2024,8/11/2024,8/13/2024,Terlambat
3029,USR00330,"Ratna Widodo, M.Ak",Mahasiswa,"Fakultas Sosial, Humaniora, & Seni",Ilmu Komunikasi,2024.0,TRX000911,BK01293,9/14/2023,9/28/2023,9/26/2023,Dikembalikan
3030,USR00330,"Ratna Widodo, M.Ak",Mahasiswa,"Fakultas Sosial, Humaniora, & Seni",Ilmu Komunikasi,2024.0,TRX000931,BK01276,2/21/2024,3/6/2024,3/12/2024,Terlambat
3031,USR00330,"Ratna Widodo, M.Ak",Mahasiswa,"Fakultas Sosial, Humaniora, & Seni",Ilmu Komunikasi,2024.0,TRX001498,BK00863,3/18/2023,4/1/2023,3/22/2023,Dikembalikan
3032,USR00330,"Ratna Widodo, M.Ak",Mahasiswa,"Fakultas Sosial, Humaniora, & Seni",Ilmu Komunikasi,2024.0,TRX001781,BK01279,9/25/2024,10/9/2024,10/4/2024,Dikembalikan
3033,USR00330,"Ratna Widodo, M.Ak",Mahasiswa,"Fakultas Sosial, Humaniora, & Seni",Ilmu Komunikasi,2024.0,TRX002645,BK01255,12/22/2025,1/5/2026,,Dipinjam
3034,USR00331,drg. Galang Mayasari,Mahasiswa,"Fakultas Sosial, Humaniora, & Seni",Desain Interior,2020.0,TRX000292,BK01006,7/13/2025,7/27/2025,7/26/2025,Dikembalikan
3035,USR00331,drg. Galang Mayasari,Mahasiswa,"Fakultas Sosial, Humaniora, & Seni",Desain Interior,2020.0,TRX000579,BK00993,6/15/2023,6/29/2023,6/19/2023,Dikembalikan
3036,USR00331,drg. Galang Mayasari,Mahasiswa,"Fakultas Sosial, Humaniora, & Seni",Desain Interior,2020.0,TRX001001,BK00967,7/10/2024,7/24/2024,7/26/2024,Terlambat
3037,USR00331,drg. Galang Mayasari,Mahasiswa,"Fakultas Sosial, Humaniora, & Seni",Desain Interior,2020.0,TRX001885,BK00950,2/22/2023,3/8/2023,3/13/2023,Terlambat
3038,USR00331,drg. Galang Mayasari,Mahasiswa,"Fakultas Sosial, Humaniora, & Seni",Desain Interior,2020.0,TRX002275,BK00586,5/26/2024,6/9/2024,5/29/2024,Dikembalikan
3039,USR00331,drg. Galang Mayasari,Mahasiswa,"Fakultas Sosial, Humaniora, & Seni",Desain Interior,2020.0,TRX002790,BK01281,6/3/2024,6/17/2024,6/10/2024,Dikembalikan
3040,USR00331,drg. Galang Mayasari,Mahasiswa,"Fakultas Sosial, Humaniora, & Seni",Desain Interior,2020.0,TRX003036,BK00977,5/25/2023,6/8/2023,6/11/2023,Terlambat
3041,USR00331,drg. Galang Mayasari,Mahasiswa,"Fakultas Sosial, Humaniora, & Seni",Desain Interior,2020.0,TRX003107,BK01014,4/13/2023,4/27/2023,5/3/2023,Terlambat
3042,USR00331,drg. Galang Mayasari,Mahasiswa,"Fakultas Sosial, Humaniora, & Seni",Desain Interior,2020.0,TRX003315,BK01333,5/2/2025,5/16/2025,5/7/2025,Dikembalikan
3043,USR00332,Qori Saragih,Mahasiswa,"Fakultas Sains, Teknologi, & Kesehatan",Keperawatan,2021.0,TRX000629,BK00545,8/31/2024,9/14/2024,9/11/2024,Dikembalikan
3044,USR00332,Qori Saragih,Mahasiswa,"Fakultas Sains, Teknologi, & Kesehatan",Keperawatan,2021.0,TRX000826,BK00276,8/5/2024,8/19/2024,8/17/2024,Dikembalikan
3045,USR00332,Qori Saragih,Mahasiswa,"Fakultas Sains, Teknologi, & Kesehatan",Keperawatan,2021.0,TRX001914,BK01200,3/15/2025,3/29/2025,3/18/2025,Dikembalikan
3046,USR00332,Qori Saragih,Mahasiswa,"Fakultas Sains, Teknologi, & Kesehatan",Keperawatan,2021.0,TRX003274,BK00480,8/28/2025,9/11/2025,9/16/2025,Terlambat
3047,USR00332,Qori Saragih,Mahasiswa,"Fakultas Sains, Teknologi, & Kesehatan",Keperawatan,2021.0,TRX003304,BK00516,11/5/2023,11/19/2023,11/25/2023,Terlambat
3048,USR00333,"Zelaya Iswahyudi, S.Psi",Mahasiswa,"Fakultas Sosial, Humaniora, & Seni",Ilmu Komunikasi,2021.0,TRX000694,BK01332,2/17/2024,3/2/2024,2/22/2024,Dikembalikan
3049,USR00333,"Zelaya Iswahyudi, S.Psi",Mahasiswa,"Fakultas Sosial, Humaniora, & Seni",Ilmu Komunikasi,2021.0,TRX001166,BK01255,1/11/2025,1/25/2025,1/28/2025,Terlambat
3050,USR00333,"Zelaya Iswahyudi, S.Psi",Mahasiswa,"Fakultas Sosial, Humaniora, & Seni",Ilmu Komunikasi,2021.0,TRX001331,BK01261,11/26/2024,12/10/2024,12/15/2024,Terlambat
3051,USR00333,"Zelaya Iswahyudi, S.Psi",Mahasiswa,"Fakultas Sosial, Humaniora, & Seni",Ilmu Komunikasi,2021.0,TRX001340,BK01266,10/16/2024,10/30/2024,10/21/2024,Dikembalikan
3052,USR00333,"Zelaya Iswahyudi, S.Psi",Mahasiswa,"Fakultas Sosial, Humaniora, & Seni",Ilmu Komunikasi,2021.0,TRX001504,BK01072,6/7/2024,6/21/2024,6/16/2024,Dikembalikan
3053,USR00333,"Zelaya Iswahyudi, S.Psi",Mahasiswa,"Fakultas Sosial, Humaniora, & Seni",Ilmu Komunikasi,2021.0,TRX002355,BK01275,5/11/2023,5/25/2023,5/19/2023,Dikembalikan
3054,USR00333,"Zelaya Iswahyudi, S.Psi",Mahasiswa,"Fakultas Sosial, Humaniora, & Seni",Ilmu Komunikasi,2021.0,TRX003044,BK01290,12/10/2023,12/24/2023,12/28/2023,Terlambat
3055,USR00334,Rini Rajata,Mahasiswa,"Fakultas Sosial, Humaniora, & Seni",Psikologi,2025.0,TRX000103,BK01189,7/18/2023,8/1/2023,8/8/2023,Terlambat
3056,USR00334,Rini Rajata,Mahasiswa,"Fakultas Sosial, Humaniora, & Seni",Psikologi,2025.0,TRX001259,BK00822,11/10/2023,11/24/2023,11/28/2023,Terlambat
3057,USR00334,Rini Rajata,Mahasiswa,"Fakultas Sosial, Humaniora, & Seni",Psikologi,2025.0,TRX002068,BK01011,1/30/2023,2/13/2023,2/20/2023,Terlambat
3058,USR00334,Rini Rajata,Mahasiswa,"Fakultas Sosial, Humaniora, & Seni",Psikologi,2025.0,TRX002420,BK01045,9/23/2025,10/7/2025,10/10/2025,Terlambat
3059,USR00334,Rini Rajata,Mahasiswa,"Fakultas Sosial, Humaniora, & Seni",Psikologi,2025.0,TRX002948,BK01254,1/18/2023,2/1/2023,1/27/2023,Dikembalikan
3060,USR00334,Rini Rajata,Mahasiswa,"Fakultas Sosial, Humaniora, & Seni",Psikologi,2025.0,TRX003082,BK01194,8/18/2025,9/1/2025,9/4/2025,Terlambat
3061,USR00334,Rini Rajata,Mahasiswa,"Fakultas Sosial, Humaniora, & Seni",Psikologi,2025.0,TRX003201,BK01193,2/6/2023,2/20/2023,2/16/2023,Dikembalikan
3062,USR00335,Wani Wahyuni,Mahasiswa,"Fakultas Sosial, Humaniora, & Seni",Desain Komunikasi Visual,2025.0,TRX000540,BK00746,12/22/2025,1/5/2026,,Dipinjam
3063,USR00335,Wani Wahyuni,Mahasiswa,"Fakultas Sosial, Humaniora, & Seni",Desain Komunikasi Visual,2025.0,TRX000836,BK01224,6/4/2025,6/18/2025,6/12/2025,Dikembalikan
3064,USR00335,Wani Wahyuni,Mahasiswa,"Fakultas Sosial, Humaniora, & Seni",Desain Komunikasi Visual,2025.0,TRX000943,BK00987,7/4/2024,7/18/2024,7/17/2024,Dikembalikan
3065,USR00335,Wani Wahyuni,Mahasiswa,"Fakultas Sosial, Humaniora, & Seni",Desain Komunikasi Visual,2025.0,TRX001692,BK00820,4/20/2024,5/4/2024,5/9/2024,Terlambat
3066,USR00335,Wani Wahyuni,Mahasiswa,"Fakultas Sosial, Humaniora, & Seni",Desain Komunikasi Visual,2025.0,TRX001828,BK00857,9/4/2024,9/18/2024,9/9/2024,Dikembalikan
3067,USR00335,Wani Wahyuni,Mahasiswa,"Fakultas Sosial, Humaniora, & Seni",Desain Komunikasi Visual,2025.0,TRX002243,BK00842,7/12/2024,7/26/2024,7/30/2024,Terlambat
3068,USR00335,Wani Wahyuni,Mahasiswa,"Fakultas Sosial, Humaniora, & Seni",Desain Komunikasi Visual,2025.0,TRX002828,BK00808,5/24/2023,6/7/2023,5/30/2023,Dikembalikan
3069,USR00335,Wani Wahyuni,Mahasiswa,"Fakultas Sosial, Humaniora, & Seni",Desain Komunikasi Visual,2025.0,TRX002835,BK00797,10/21/2025,11/4/2025,11/6/2025,Terlambat
3070,USR00335,Wani Wahyuni,Mahasiswa,"Fakultas Sosial, Humaniora, & Seni",Desain Komunikasi Visual,2025.0,TRX003132,BK00794,11/27/2025,12/11/2025,12/5/2025,Dikembalikan
3071,USR00335,Wani Wahyuni,Mahasiswa,"Fakultas Sosial, Humaniora, & Seni",Desain Komunikasi Visual,2025.0,TRX003192,BK00806,6/2/2023,6/16/2023,6/15/2023,Dikembalikan
3072,USR00335,Wani Wahyuni,Mahasiswa,"Fakultas Sosial, Humaniora, & Seni",Desain Komunikasi Visual,2025.0,TRX003242,BK00787,10/16/2023,10/30/2023,10/19/2023,Dikembalikan
3073,USR00335,Wani Wahyuni,Mahasiswa,"Fakultas Sosial, Humaniora, & Seni",Desain Komunikasi Visual,2025.0,TRX003292,BK00849,4/27/2025,5/11/2025,5/8/2025,Dikembalikan
3074,USR00335,Wani Wahyuni,Mahasiswa,"Fakultas Sosial, Humaniora, & Seni",Desain Komunikasi Visual,2025.0,TRX003408,BK00830,7/30/2024,8/13/2024,8/15/2024,Terlambat
3075,USR00336,Balapati Maheswara,Mahasiswa,"Fakultas Sains, Teknologi, & Kesehatan",Farmasi,2023.0,TRX000721,BK00101,4/15/2024,4/29/2024,5/2/2024,Terlambat
3076,USR00336,Balapati Maheswara,Mahasiswa,"Fakultas Sains, Teknologi, & Kesehatan",Farmasi,2023.0,TRX000752,BK00560,5/1/2025,5/15/2025,5/4/2025,Dikembalikan
3077,USR00336,Balapati Maheswara,Mahasiswa,"Fakultas Sains, Teknologi, & Kesehatan",Farmasi,2023.0,TRX000811,BK00560,12/24/2024,1/7/2025,1/11/2025,Terlambat
3078,USR00336,Balapati Maheswara,Mahasiswa,"Fakultas Sains, Teknologi, & Kesehatan",Farmasi,2023.0,TRX000846,BK00562,3/27/2025,4/10/2025,4/14/2025,Terlambat
3079,USR00336,Balapati Maheswara,Mahasiswa,"Fakultas Sains, Teknologi, & Kesehatan",Farmasi,2023.0,TRX000849,BK00640,10/19/2024,11/2/2024,10/22/2024,Dikembalikan
3080,USR00336,Balapati Maheswara,Mahasiswa,"Fakultas Sains, Teknologi, & Kesehatan",Farmasi,2023.0,TRX002008,BK00750,2/28/2024,3/13/2024,3/12/2024,Dikembalikan
3081,USR00336,Balapati Maheswara,Mahasiswa,"Fakultas Sains, Teknologi, & Kesehatan",Farmasi,2023.0,TRX002383,BK00019,2/5/2024,2/19/2024,2/23/2024,Terlambat
3082,USR00336,Balapati Maheswara,Mahasiswa,"Fakultas Sains, Teknologi, & Kesehatan",Farmasi,2023.0,TRX002554,BK00654,10/24/2023,11/7/2023,11/6/2023,Dikembalikan
3083,USR00336,Balapati Maheswara,Mahasiswa,"Fakultas Sains, Teknologi, & Kesehatan",Farmasi,2023.0,TRX002555,BK01225,10/27/2023,11/10/2023,11/12/2023,Terlambat
3084,USR00336,Balapati Maheswara,Mahasiswa,"Fakultas Sains, Teknologi, & Kesehatan",Farmasi,2023.0,TRX002643,BK00615,12/13/2023,12/27/2023,1/3/2024,Terlambat
3085,USR00336,Balapati Maheswara,Mahasiswa,"Fakultas Sains, Teknologi, & Kesehatan",Farmasi,2023.0,TRX002735,BK00563,8/22/2024,9/5/2024,9/2/2024,Dikembalikan
3086,USR00337,R. Tantri Rahimah,Mahasiswa,"Fakultas Sosial, Humaniora, & Seni",Psikologi,2025.0,TRX000030,BK01218,2/10/2023,2/24/2023,2/16/2023,Dikembalikan
3087,USR00337,R. Tantri Rahimah,Mahasiswa,"Fakultas Sosial, Humaniora, & Seni",Psikologi,2025.0,TRX000474,BK00811,7/9/2023,7/23/2023,7/28/2023,Terlambat
3088,USR00337,R. Tantri Rahimah,Mahasiswa,"Fakultas Sosial, Humaniora, & Seni",Psikologi,2025.0,TRX001218,BK01187,6/8/2024,6/22/2024,6/18/2024,Dikembalikan
3089,USR00337,R. Tantri Rahimah,Mahasiswa,"Fakultas Sosial, Humaniora, & Seni",Psikologi,2025.0,TRX001466,BK01190,12/13/2023,12/27/2023,1/1/2024,Terlambat
3090,USR00337,R. Tantri Rahimah,Mahasiswa,"Fakultas Sosial, Humaniora, & Seni",Psikologi,2025.0,TRX002017,BK01202,10/30/2024,11/13/2024,11/20/2024,Terlambat
3091,USR00337,R. Tantri Rahimah,Mahasiswa,"Fakultas Sosial, Humaniora, & Seni",Psikologi,2025.0,TRX002551,BK01198,1/11/2024,1/25/2024,1/21/2024,Dikembalikan
3092,USR00337,R. Tantri Rahimah,Mahasiswa,"Fakultas Sosial, Humaniora, & Seni",Psikologi,2025.0,TRX002565,BK01204,2/23/2023,3/9/2023,2/27/2023,Dikembalikan
3093,USR00337,R. Tantri Rahimah,Mahasiswa,"Fakultas Sosial, Humaniora, & Seni",Psikologi,2025.0,TRX002601,BK01211,12/13/2024,12/27/2024,12/21/2024,Dikembalikan
3094,USR00338,"Cemeti Hakim, M.Kom.",Mahasiswa,"Fakultas Sains, Teknologi, & Kesehatan",Profesi Ners,2023.0,TRX000385,BK00761,5/25/2024,6/8/2024,5/28/2024,Dikembalikan
3095,USR00338,"Cemeti Hakim, M.Kom.",Mahasiswa,"Fakultas Sains, Teknologi, & Kesehatan",Profesi Ners,2023.0,TRX000528,BK00734,3/25/2025,4/8/2025,4/15/2025,Terlambat
3096,USR00338,"Cemeti Hakim, M.Kom.",Mahasiswa,"Fakultas Sains, Teknologi, & Kesehatan",Profesi Ners,2023.0,TRX000824,BK00772,4/27/2023,5/11/2023,5/6/2023,Dikembalikan
3097,USR00338,"Cemeti Hakim, M.Kom.",Mahasiswa,"Fakultas Sains, Teknologi, & Kesehatan",Profesi Ners,2023.0,TRX001029,BK00771,4/23/2023,5/7/2023,5/8/2023,Terlambat
3098,USR00338,"Cemeti Hakim, M.Kom.",Mahasiswa,"Fakultas Sains, Teknologi, & Kesehatan",Profesi Ners,2023.0,TRX001743,BK00755,1/6/2024,1/20/2024,1/11/2024,Dikembalikan
3099,USR00338,"Cemeti Hakim, M.Kom.",Mahasiswa,"Fakultas Sains, Teknologi, & Kesehatan",Profesi Ners,2023.0,TRX001851,BK00260,7/10/2025,7/24/2025,7/26/2025,Terlambat
3100,USR00338,"Cemeti Hakim, M.Kom.",Mahasiswa,"Fakultas Sains, Teknologi, & Kesehatan",Profesi Ners,2023.0,TRX002305,BK00738,6/4/2024,6/18/2024,6/10/2024,Dikembalikan
3101,USR00338,"Cemeti Hakim, M.Kom.",Mahasiswa,"Fakultas Sains, Teknologi, & Kesehatan",Profesi Ners,2023.0,TRX002870,BK00446,4/6/2025,4/20/2025,4/14/2025,Dikembalikan
3102,USR00338,"Cemeti Hakim, M.Kom.",Mahasiswa,"Fakultas Sains, Teknologi, & Kesehatan",Profesi Ners,2023.0,TRX003191,BK00734,2/12/2025,2/26/2025,2/18/2025,Dikembalikan
3103,USR00339,Hilda Wibowo,Mahasiswa,"Fakultas Sosial, Humaniora, & Seni",Psikologi,2021.0,TRX000131,BK01215,8/6/2025,8/20/2025,8/12/2025,Dikembalikan
3104,USR00339,Hilda Wibowo,Mahasiswa,"Fakultas Sosial, Humaniora, & Seni",Psikologi,2021.0,TRX001358,BK01214,12/11/2024,12/25/2024,12/25/2024,Dikembalikan
3105,USR00339,Hilda Wibowo,Mahasiswa,"Fakultas Sosial, Humaniora, & Seni",Psikologi,2021.0,TRX001623,BK01216,7/1/2025,7/15/2025,7/4/2025,Dikembalikan
3106,USR00339,Hilda Wibowo,Mahasiswa,"Fakultas Sosial, Humaniora, & Seni",Psikologi,2021.0,TRX002381,BK00674,4/24/2023,5/8/2023,5/6/2023,Dikembalikan
3107,USR00339,Hilda Wibowo,Mahasiswa,"Fakultas Sosial, Humaniora, & Seni",Psikologi,2021.0,TRX003029,BK01212,6/9/2025,6/23/2025,6/18/2025,Dikembalikan
3108,USR00339,Hilda Wibowo,Mahasiswa,"Fakultas Sosial, Humaniora, & Seni",Psikologi,2021.0,TRX003259,BK01092,8/12/2023,8/26/2023,8/23/2023,Dikembalikan
3109,USR00340,"Aurora Tampubolon, S.IP",Mahasiswa,"Fakultas Sains, Teknologi, & Kesehatan",Farmasi,2021.0,TRX000431,BK00696,9/26/2025,10/10/2025,10/4/2025,Dikembalikan
3110,USR00340,"Aurora Tampubolon, S.IP",Mahasiswa,"Fakultas Sains, Teknologi, & Kesehatan",Farmasi,2021.0,TRX000527,BK00711,5/28/2024,6/11/2024,6/4/2024,Dikembalikan
3111,USR00340,"Aurora Tampubolon, S.IP",Mahasiswa,"Fakultas Sains, Teknologi, & Kesehatan",Farmasi,2021.0,TRX001385,BK00619,10/19/2025,11/2/2025,11/5/2025,Terlambat
3112,USR00340,"Aurora Tampubolon, S.IP",Mahasiswa,"Fakultas Sains, Teknologi, & Kesehatan",Farmasi,2021.0,TRX001747,BK00591,3/6/2024,3/20/2024,3/14/2024,Dikembalikan
3113,USR00340,"Aurora Tampubolon, S.IP",Mahasiswa,"Fakultas Sains, Teknologi, & Kesehatan",Farmasi,2021.0,TRX001806,BK00687,5/16/2024,5/30/2024,5/22/2024,Dikembalikan
3114,USR00340,"Aurora Tampubolon, S.IP",Mahasiswa,"Fakultas Sains, Teknologi, & Kesehatan",Farmasi,2021.0,TRX001875,BK00595,1/3/2024,1/17/2024,1/15/2024,Dikembalikan
3115,USR00340,"Aurora Tampubolon, S.IP",Mahasiswa,"Fakultas Sains, Teknologi, & Kesehatan",Farmasi,2021.0,TRX002326,BK00656,7/31/2024,8/14/2024,8/19/2024,Terlambat
3116,USR00340,"Aurora Tampubolon, S.IP",Mahasiswa,"Fakultas Sains, Teknologi, & Kesehatan",Farmasi,2021.0,TRX002348,BK00582,8/9/2023,8/23/2023,8/20/2023,Dikembalikan
3117,USR00340,"Aurora Tampubolon, S.IP",Mahasiswa,"Fakultas Sains, Teknologi, & Kesehatan",Farmasi,2021.0,TRX002672,BK00620,8/13/2024,8/27/2024,8/19/2024,Dikembalikan
3118,USR00340,"Aurora Tampubolon, S.IP",Mahasiswa,"Fakultas Sains, Teknologi, & Kesehatan",Farmasi,2021.0,TRX002673,BK00065,1/7/2024,1/21/2024,1/17/2024,Dikembalikan
3119,USR00340,"Aurora Tampubolon, S.IP",Mahasiswa,"Fakultas Sains, Teknologi, & Kesehatan",Farmasi,2021.0,TRX002940,BK00634,6/25/2024,7/9/2024,7/15/2024,Terlambat
3120,USR00341,Jasmani Hutapea,Mahasiswa,"Fakultas Sosial, Humaniora, & Seni",Ilmu Komunikasi,2024.0,TRX000132,BK01371,4/2/2023,4/16/2023,4/15/2023,Dikembalikan
3121,USR00341,Jasmani Hutapea,Mahasiswa,"Fakultas Sosial, Humaniora, & Seni",Ilmu Komunikasi,2024.0,TRX000250,BK01340,11/23/2024,12/7/2024,11/30/2024,Dikembalikan
3122,USR00341,Jasmani Hutapea,Mahasiswa,"Fakultas Sosial, Humaniora, & Seni",Ilmu Komunikasi,2024.0,TRX000462,BK00864,12/6/2023,12/20/2023,12/25/2023,Terlambat
3123,USR00341,Jasmani Hutapea,Mahasiswa,"Fakultas Sosial, Humaniora, & Seni",Ilmu Komunikasi,2024.0,TRX001478,BK01361,7/26/2024,8/9/2024,8/9/2024,Dikembalikan
3124,USR00341,Jasmani Hutapea,Mahasiswa,"Fakultas Sosial, Humaniora, & Seni",Ilmu Komunikasi,2024.0,TRX001521,BK01342,5/3/2024,5/17/2024,5/18/2024,Terlambat
3125,USR00341,Jasmani Hutapea,Mahasiswa,"Fakultas Sosial, Humaniora, & Seni",Ilmu Komunikasi,2024.0,TRX001808,BK01357,8/4/2023,8/18/2023,8/25/2023,Terlambat
3126,USR00341,Jasmani Hutapea,Mahasiswa,"Fakultas Sosial, Humaniora, & Seni",Ilmu Komunikasi,2024.0,TRX001827,BK00998,12/13/2023,12/27/2023,12/29/2023,Terlambat
3127,USR00341,Jasmani Hutapea,Mahasiswa,"Fakultas Sosial, Humaniora, & Seni",Ilmu Komunikasi,2024.0,TRX002253,BK01318,5/31/2023,6/14/2023,6/17/2023,Terlambat
3128,USR00341,Jasmani Hutapea,Mahasiswa,"Fakultas Sosial, Humaniora, & Seni",Ilmu Komunikasi,2024.0,TRX002408,BK01348,9/23/2025,10/7/2025,10/11/2025,Terlambat
3129,USR00341,Jasmani Hutapea,Mahasiswa,"Fakultas Sosial, Humaniora, & Seni",Ilmu Komunikasi,2024.0,TRX002535,BK01345,7/3/2025,7/17/2025,7/20/2025,Terlambat
3130,USR00341,Jasmani Hutapea,Mahasiswa,"Fakultas Sosial, Humaniora, & Seni",Ilmu Komunikasi,2024.0,TRX002770,BK01348,11/19/2023,12/3/2023,12/5/2023,Terlambat
3131,USR00341,Jasmani Hutapea,Mahasiswa,"Fakultas Sosial, Humaniora, & Seni",Ilmu Komunikasi,2024.0,TRX002820,BK01360,6/20/2023,7/4/2023,6/23/2023,Dikembalikan
3132,USR00341,Jasmani Hutapea,Mahasiswa,"Fakultas Sosial, Humaniora, & Seni",Ilmu Komunikasi,2024.0,TRX003319,BK00760,11/16/2025,11/30/2025,11/25/2025,Dikembalikan
3133,USR00341,Jasmani Hutapea,Mahasiswa,"Fakultas Sosial, Humaniora, & Seni",Ilmu Komunikasi,2024.0,TRX003446,BK01350,12/30/2025,1/13/2026,,Dipinjam
3134,USR00342,Sabrina Halim,Mahasiswa,"Fakultas Sosial, Humaniora, & Seni",Desain Komunikasi Visual,2020.0,TRX000881,BK00854,2/15/2025,3/1/2025,2/20/2025,Dikembalikan
3135,USR00342,Sabrina Halim,Mahasiswa,"Fakultas Sosial, Humaniora, & Seni",Desain Komunikasi Visual,2020.0,TRX001272,BK01238,5/11/2024,5/25/2024,5/16/2024,Dikembalikan
3136,USR00342,Sabrina Halim,Mahasiswa,"Fakultas Sosial, Humaniora, & Seni",Desain Komunikasi Visual,2020.0,TRX001491,BK00801,6/22/2025,7/6/2025,7/5/2025,Dikembalikan
3137,USR00342,Sabrina Halim,Mahasiswa,"Fakultas Sosial, Humaniora, & Seni",Desain Komunikasi Visual,2020.0,TRX001661,BK00885,6/7/2025,6/21/2025,6/27/2025,Terlambat
3138,USR00342,Sabrina Halim,Mahasiswa,"Fakultas Sosial, Humaniora, & Seni",Desain Komunikasi Visual,2020.0,TRX002478,BK00789,11/10/2023,11/24/2023,11/22/2023,Dikembalikan
3139,USR00342,Sabrina Halim,Mahasiswa,"Fakultas Sosial, Humaniora, & Seni",Desain Komunikasi Visual,2020.0,TRX002861,BK00937,8/15/2023,8/29/2023,8/29/2023,Dikembalikan
3140,USR00342,Sabrina Halim,Mahasiswa,"Fakultas Sosial, Humaniora, & Seni",Desain Komunikasi Visual,2020.0,TRX002900,BK00267,12/8/2024,12/22/2024,12/11/2024,Dikembalikan
3141,USR00343,Rafi Riyanti,Mahasiswa,"Fakultas Sosial, Humaniora, & Seni",Desain Interior,2023.0,TRX000057,BK00365,2/5/2025,2/19/2025,2/16/2025,Dikembalikan
3142,USR00343,Rafi Riyanti,Mahasiswa,"Fakultas Sosial, Humaniora, & Seni",Desain Interior,2023.0,TRX000130,BK01019,7/1/2024,7/15/2024,7/21/2024,Terlambat
3143,USR00343,Rafi Riyanti,Mahasiswa,"Fakultas Sosial, Humaniora, & Seni",Desain Interior,2023.0,TRX000640,BK01063,4/27/2023,5/11/2023,5/14/2023,Terlambat
3144,USR00343,Rafi Riyanti,Mahasiswa,"Fakultas Sosial, Humaniora, & Seni",Desain Interior,2023.0,TRX000912,BK00959,6/3/2023,6/17/2023,6/13/2023,Dikembalikan
3145,USR00343,Rafi Riyanti,Mahasiswa,"Fakultas Sosial, Humaniora, & Seni",Desain Interior,2023.0,TRX000989,BK00956,2/2/2023,2/16/2023,2/9/2023,Dikembalikan
3146,USR00343,Rafi Riyanti,Mahasiswa,"Fakultas Sosial, Humaniora, & Seni",Desain Interior,2023.0,TRX001027,BK00904,5/21/2023,6/4/2023,5/29/2023,Dikembalikan
3147,USR00343,Rafi Riyanti,Mahasiswa,"Fakultas Sosial, Humaniora, & Seni",Desain Interior,2023.0,TRX001429,BK01023,9/25/2025,10/9/2025,10/8/2025,Dikembalikan
3148,USR00343,Rafi Riyanti,Mahasiswa,"Fakultas Sosial, Humaniora, & Seni",Desain Interior,2023.0,TRX001547,BK00948,5/2/2023,5/16/2023,5/7/2023,Dikembalikan
3149,USR00344,KH. Prasetya Puspita,Mahasiswa,"Fakultas Sosial, Humaniora, & Seni",Desain Interior,2024.0,TRX000075,BK00946,4/2/2025,4/16/2025,4/18/2025,Terlambat
3150,USR00344,KH. Prasetya Puspita,Mahasiswa,"Fakultas Sosial, Humaniora, & Seni",Desain Interior,2024.0,TRX000256,BK00953,1/24/2023,2/7/2023,2/2/2023,Dikembalikan
3151,USR00344,KH. Prasetya Puspita,Mahasiswa,"Fakultas Sosial, Humaniora, & Seni",Desain Interior,2024.0,TRX000578,BK00968,11/1/2024,11/15/2024,11/15/2024,Dikembalikan
3152,USR00344,KH. Prasetya Puspita,Mahasiswa,"Fakultas Sosial, Humaniora, & Seni",Desain Interior,2024.0,TRX000800,BK00920,5/4/2024,5/18/2024,5/15/2024,Dikembalikan
3153,USR00344,KH. Prasetya Puspita,Mahasiswa,"Fakultas Sosial, Humaniora, & Seni",Desain Interior,2024.0,TRX000988,BK00977,8/20/2025,9/3/2025,8/24/2025,Dikembalikan
3154,USR00344,KH. Prasetya Puspita,Mahasiswa,"Fakultas Sosial, Humaniora, & Seni",Desain Interior,2024.0,TRX001281,BK01335,6/4/2025,6/18/2025,6/19/2025,Terlambat
3155,USR00344,KH. Prasetya Puspita,Mahasiswa,"Fakultas Sosial, Humaniora, & Seni",Desain Interior,2024.0,TRX001382,BK01057,12/24/2023,1/7/2024,1/7/2024,Dikembalikan
3156,USR00344,KH. Prasetya Puspita,Mahasiswa,"Fakultas Sosial, Humaniora, & Seni",Desain Interior,2024.0,TRX002842,BK01019,7/25/2024,8/8/2024,8/1/2024,Dikembalikan
3157,USR00345,"dr. Daniswara Andriani, S.Psi",Mahasiswa,"Fakultas Sains, Teknologi, & Kesehatan",Teknik Industri,2023.0,TRX000328,BK00465,10/29/2024,11/12/2024,11/18/2024,Terlambat
3158,USR00345,"dr. Daniswara Andriani, S.Psi",Mahasiswa,"Fakultas Sains, Teknologi, & Kesehatan",Teknik Industri,2023.0,TRX000536,BK00755,4/9/2025,4/23/2025,4/27/2025,Terlambat
3159,USR00345,"dr. Daniswara Andriani, S.Psi",Mahasiswa,"Fakultas Sains, Teknologi, & Kesehatan",Teknik Industri,2023.0,TRX002206,BK00438,5/20/2023,6/3/2023,6/5/2023,Terlambat
3160,USR00345,"dr. Daniswara Andriani, S.Psi",Mahasiswa,"Fakultas Sains, Teknologi, & Kesehatan",Teknik Industri,2023.0,TRX002560,BK00436,1/12/2024,1/26/2024,1/28/2024,Terlambat
3161,USR00345,"dr. Daniswara Andriani, S.Psi",Mahasiswa,"Fakultas Sains, Teknologi, & Kesehatan",Teknik Industri,2023.0,TRX002630,BK00422,10/24/2024,11/7/2024,11/5/2024,Dikembalikan
3162,USR00346,Hendra Yuliarti,Mahasiswa,"Fakultas Sosial, Humaniora, & Seni",Psikologi,2023.0,TRX000928,BK01209,3/5/2023,3/19/2023,3/25/2023,Terlambat
3163,USR00346,Hendra Yuliarti,Mahasiswa,"Fakultas Sosial, Humaniora, & Seni",Psikologi,2023.0,TRX000972,BK01227,7/11/2025,7/25/2025,7/20/2025,Dikembalikan
3164,USR00346,Hendra Yuliarti,Mahasiswa,"Fakultas Sosial, Humaniora, & Seni",Psikologi,2023.0,TRX001635,BK00830,6/14/2024,6/28/2024,6/29/2024,Terlambat
3165,USR00346,Hendra Yuliarti,Mahasiswa,"Fakultas Sosial, Humaniora, & Seni",Psikologi,2023.0,TRX001947,BK01194,5/17/2023,5/31/2023,5/21/2023,Dikembalikan
3166,USR00346,Hendra Yuliarti,Mahasiswa,"Fakultas Sosial, Humaniora, & Seni",Psikologi,2023.0,TRX002229,BK01235,10/20/2023,11/3/2023,11/3/2023,Dikembalikan
3167,USR00346,Hendra Yuliarti,Mahasiswa,"Fakultas Sosial, Humaniora, & Seni",Psikologi,2023.0,TRX002614,BK01206,12/5/2025,12/19/2025,12/10/2025,Dikembalikan
3168,USR00346,Hendra Yuliarti,Mahasiswa,"Fakultas Sosial, Humaniora, & Seni",Psikologi,2023.0,TRX002635,BK01216,1/29/2023,2/12/2023,2/9/2023,Dikembalikan
3169,USR00346,Hendra Yuliarti,Mahasiswa,"Fakultas Sosial, Humaniora, & Seni",Psikologi,2023.0,TRX002916,BK00788,1/23/2025,2/6/2025,1/27/2025,Dikembalikan
3170,USR00346,Hendra Yuliarti,Mahasiswa,"Fakultas Sosial, Humaniora, & Seni",Psikologi,2023.0,TRX002968,BK00897,5/16/2025,5/30/2025,6/4/2025,Terlambat
3171,USR00347,Baktianto Mulyani,Mahasiswa,"Fakultas Sains, Teknologi, & Kesehatan",Profesi Ners,2025.0,TRX000907,BK00761,7/4/2025,7/18/2025,7/13/2025,Dikembalikan
3172,USR00347,Baktianto Mulyani,Mahasiswa,"Fakultas Sains, Teknologi, & Kesehatan",Profesi Ners,2025.0,TRX001388,BK00555,2/14/2024,2/28/2024,2/18/2024,Dikembalikan
3173,USR00347,Baktianto Mulyani,Mahasiswa,"Fakultas Sains, Teknologi, & Kesehatan",Profesi Ners,2025.0,TRX001481,BK00720,4/26/2025,5/10/2025,5/5/2025,Dikembalikan
3174,USR00347,Baktianto Mulyani,Mahasiswa,"Fakultas Sains, Teknologi, & Kesehatan",Profesi Ners,2025.0,TRX001655,BK00750,1/22/2025,2/5/2025,2/1/2025,Dikembalikan
3175,USR00347,Baktianto Mulyani,Mahasiswa,"Fakultas Sains, Teknologi, & Kesehatan",Profesi Ners,2025.0,TRX001666,BK00728,8/4/2024,8/18/2024,8/13/2024,Dikembalikan
3176,USR00347,Baktianto Mulyani,Mahasiswa,"Fakultas Sains, Teknologi, & Kesehatan",Profesi Ners,2025.0,TRX002018,BK00767,4/11/2023,4/25/2023,4/19/2023,Dikembalikan
3177,USR00347,Baktianto Mulyani,Mahasiswa,"Fakultas Sains, Teknologi, & Kesehatan",Profesi Ners,2025.0,TRX002262,BK00751,11/5/2023,11/19/2023,11/20/2023,Terlambat
3178,USR00347,Baktianto Mulyani,Mahasiswa,"Fakultas Sains, Teknologi, & Kesehatan",Profesi Ners,2025.0,TRX002414,BK00756,12/15/2023,12/29/2023,1/3/2024,Terlambat
3179,USR00347,Baktianto Mulyani,Mahasiswa,"Fakultas Sains, Teknologi, & Kesehatan",Profesi Ners,2025.0,TRX003491,BK00139,1/27/2023,2/10/2023,2/16/2023,Terlambat
3180,USR00348,Tgk. Jane Wahyudin,Mahasiswa,"Fakultas Sains, Teknologi, & Kesehatan",Farmasi,2025.0,TRX000126,BK00622,10/27/2023,11/10/2023,10/30/2023,Dikembalikan
3181,USR00348,Tgk. Jane Wahyudin,Mahasiswa,"Fakultas Sains, Teknologi, & Kesehatan",Farmasi,2025.0,TRX001304,BK00756,7/9/2025,7/23/2025,7/24/2025,Terlambat
3182,USR00348,Tgk. Jane Wahyudin,Mahasiswa,"Fakultas Sains, Teknologi, & Kesehatan",Farmasi,2025.0,TRX001392,BK00635,10/19/2024,11/2/2024,11/3/2024,Terlambat
3183,USR00348,Tgk. Jane Wahyudin,Mahasiswa,"Fakultas Sains, Teknologi, & Kesehatan",Farmasi,2025.0,TRX001610,BK00561,2/22/2025,3/8/2025,3/7/2025,Dikembalikan
3184,USR00348,Tgk. Jane Wahyudin,Mahasiswa,"Fakultas Sains, Teknologi, & Kesehatan",Farmasi,2025.0,TRX001628,BK00583,11/22/2025,12/6/2025,12/10/2025,Terlambat
3185,USR00348,Tgk. Jane Wahyudin,Mahasiswa,"Fakultas Sains, Teknologi, & Kesehatan",Farmasi,2025.0,TRX001711,BK00781,9/20/2025,10/4/2025,10/11/2025,Terlambat
3186,USR00348,Tgk. Jane Wahyudin,Mahasiswa,"Fakultas Sains, Teknologi, & Kesehatan",Farmasi,2025.0,TRX002046,BK00603,1/10/2025,1/24/2025,1/26/2025,Terlambat
3187,USR00348,Tgk. Jane Wahyudin,Mahasiswa,"Fakultas Sains, Teknologi, & Kesehatan",Farmasi,2025.0,TRX002464,BK00611,4/4/2024,4/18/2024,4/21/2024,Terlambat
3188,USR00348,Tgk. Jane Wahyudin,Mahasiswa,"Fakultas Sains, Teknologi, & Kesehatan",Farmasi,2025.0,TRX002789,BK00651,1/22/2025,2/5/2025,2/6/2025,Terlambat
3189,USR00348,Tgk. Jane Wahyudin,Mahasiswa,"Fakultas Sains, Teknologi, & Kesehatan",Farmasi,2025.0,TRX003020,BK00697,1/9/2024,1/23/2024,1/24/2024,Terlambat
3190,USR00348,Tgk. Jane Wahyudin,Mahasiswa,"Fakultas Sains, Teknologi, & Kesehatan",Farmasi,2025.0,TRX003331,BK00186,2/28/2024,3/13/2024,3/8/2024,Dikembalikan
3191,USR00348,Tgk. Jane Wahyudin,Mahasiswa,"Fakultas Sains, Teknologi, & Kesehatan",Farmasi,2025.0,TRX003468,BK00618,10/15/2023,10/29/2023,10/24/2023,Dikembalikan
3192,USR00349,Cut Kezia Laksita,Mahasiswa,"Fakultas Sosial, Humaniora, & Seni",Desain Komunikasi Visual,2023.0,TRX000021,BK00871,12/7/2025,12/21/2025,12/16/2025,Dikembalikan
3193,USR00349,Cut Kezia Laksita,Mahasiswa,"Fakultas Sosial, Humaniora, & Seni",Desain Komunikasi Visual,2023.0,TRX000056,BK00861,10/12/2025,10/26/2025,10/23/2025,Dikembalikan
3194,USR00349,Cut Kezia Laksita,Mahasiswa,"Fakultas Sosial, Humaniora, & Seni",Desain Komunikasi Visual,2023.0,TRX000088,BK00937,9/19/2025,10/3/2025,10/1/2025,Dikembalikan
3195,USR00349,Cut Kezia Laksita,Mahasiswa,"Fakultas Sosial, Humaniora, & Seni",Desain Komunikasi Visual,2023.0,TRX000690,BK00789,11/15/2025,11/29/2025,11/22/2025,Dikembalikan
3196,USR00349,Cut Kezia Laksita,Mahasiswa,"Fakultas Sosial, Humaniora, & Seni",Desain Komunikasi Visual,2023.0,TRX000699,BK00971,6/23/2023,7/7/2023,7/14/2023,Terlambat
3197,USR00349,Cut Kezia Laksita,Mahasiswa,"Fakultas Sosial, Humaniora, & Seni",Desain Komunikasi Visual,2023.0,TRX001015,BK00881,9/27/2024,10/11/2024,10/13/2024,Terlambat
3198,USR00349,Cut Kezia Laksita,Mahasiswa,"Fakultas Sosial, Humaniora, & Seni",Desain Komunikasi Visual,2023.0,TRX001198,BK00890,9/1/2025,9/15/2025,9/22/2025,Terlambat
3199,USR00349,Cut Kezia Laksita,Mahasiswa,"Fakultas Sosial, Humaniora, & Seni",Desain Komunikasi Visual,2023.0,TRX001379,BK01110,12/9/2023,12/23/2023,12/16/2023,Dikembalikan
3200,USR00349,Cut Kezia Laksita,Mahasiswa,"Fakultas Sosial, Humaniora, & Seni",Desain Komunikasi Visual,2023.0,TRX001805,BK00883,9/18/2025,10/2/2025,9/26/2025,Dikembalikan
3201,USR00349,Cut Kezia Laksita,Mahasiswa,"Fakultas Sosial, Humaniora, & Seni",Desain Komunikasi Visual,2023.0,TRX003187,BK00913,1/16/2025,1/30/2025,1/20/2025,Dikembalikan
3202,USR00349,Cut Kezia Laksita,Mahasiswa,"Fakultas Sosial, Humaniora, & Seni",Desain Komunikasi Visual,2023.0,TRX003474,BK00836,8/3/2023,8/17/2023,8/9/2023,Dikembalikan
3203,USR00350,Asirwanda Dongoran,Mahasiswa,"Fakultas Sosial, Humaniora, & Seni",Desain Interior,2021.0,TRX000029,BK01023,10/29/2024,11/12/2024,11/1/2024,Dikembalikan
3204,USR00350,Asirwanda Dongoran,Mahasiswa,"Fakultas Sosial, Humaniora, & Seni",Desain Interior,2021.0,TRX000139,BK00972,6/2/2025,6/16/2025,6/9/2025,Dikembalikan
3205,USR00350,Asirwanda Dongoran,Mahasiswa,"Fakultas Sosial, Humaniora, & Seni",Desain Interior,2021.0,TRX000404,BK00956,4/18/2023,5/2/2023,4/29/2023,Dikembalikan
3206,USR00350,Asirwanda Dongoran,Mahasiswa,"Fakultas Sosial, Humaniora, & Seni",Desain Interior,2021.0,TRX000618,BK01028,5/5/2023,5/19/2023,5/8/2023,Dikembalikan
3207,USR00350,Asirwanda Dongoran,Mahasiswa,"Fakultas Sosial, Humaniora, & Seni",Desain Interior,2021.0,TRX001095,BK00970,3/20/2024,4/3/2024,4/2/2024,Dikembalikan
3208,USR00350,Asirwanda Dongoran,Mahasiswa,"Fakultas Sosial, Humaniora, & Seni",Desain Interior,2021.0,TRX001595,BK01023,10/25/2023,11/8/2023,11/5/2023,Dikembalikan
3209,USR00350,Asirwanda Dongoran,Mahasiswa,"Fakultas Sosial, Humaniora, & Seni",Desain Interior,2021.0,TRX002011,BK00969,11/5/2024,11/19/2024,11/24/2024,Terlambat
3210,USR00350,Asirwanda Dongoran,Mahasiswa,"Fakultas Sosial, Humaniora, & Seni",Desain Interior,2021.0,TRX002089,BK00836,1/14/2025,1/28/2025,1/20/2025,Dikembalikan
3211,USR00350,Asirwanda Dongoran,Mahasiswa,"Fakultas Sosial, Humaniora, & Seni",Desain Interior,2021.0,TRX002150,BK00834,8/1/2025,8/15/2025,8/6/2025,Dikembalikan
3212,USR00350,Asirwanda Dongoran,Mahasiswa,"Fakultas Sosial, Humaniora, & Seni",Desain Interior,2021.0,TRX002180,BK01320,8/21/2024,9/4/2024,9/8/2024,Terlambat
3213,USR00350,Asirwanda Dongoran,Mahasiswa,"Fakultas Sosial, Humaniora, & Seni",Desain Interior,2021.0,TRX002201,BK00988,8/20/2025,9/3/2025,8/29/2025,Dikembalikan
3214,USR00350,Asirwanda Dongoran,Mahasiswa,"Fakultas Sosial, Humaniora, & Seni",Desain Interior,2021.0,TRX002357,BK00976,6/3/2025,6/17/2025,6/20/2025,Terlambat
3215,USR00350,Asirwanda Dongoran,Mahasiswa,"Fakultas Sosial, Humaniora, & Seni",Desain Interior,2021.0,TRX002850,BK01023,8/25/2025,9/8/2025,9/1/2025,Dikembalikan
3216,USR00350,Asirwanda Dongoran,Mahasiswa,"Fakultas Sosial, Humaniora, & Seni",Desain Interior,2021.0,TRX002879,BK01116,8/6/2025,8/20/2025,8/15/2025,Dikembalikan
3217,USR00350,Asirwanda Dongoran,Mahasiswa,"Fakultas Sosial, Humaniora, & Seni",Desain Interior,2021.0,TRX002944,BK00955,7/26/2025,8/9/2025,8/2/2025,Dikembalikan
3218,USR00350,Asirwanda Dongoran,Mahasiswa,"Fakultas Sosial, Humaniora, & Seni",Desain Interior,2021.0,TRX003253,BK00993,9/17/2024,10/1/2024,9/27/2024,Dikembalikan
3219,USR00351,Hj. Sadina Pertiwi,Dosen,"Fakultas Sains, Teknologi, & Kesehatan",Farmasi,,TRX000375,BK00438,3/28/2024,4/11/2024,4/13/2024,Terlambat
3220,USR00351,Hj. Sadina Pertiwi,Dosen,"Fakultas Sains, Teknologi, & Kesehatan",Farmasi,,TRX000551,BK00466,5/23/2024,6/6/2024,6/8/2024,Terlambat
3221,USR00351,Hj. Sadina Pertiwi,Dosen,"Fakultas Sains, Teknologi, & Kesehatan",Farmasi,,TRX000748,BK00577,12/10/2025,12/24/2025,12/27/2025,Terlambat
3222,USR00351,Hj. Sadina Pertiwi,Dosen,"Fakultas Sains, Teknologi, & Kesehatan",Farmasi,,TRX001349,BK00161,2/1/2024,2/15/2024,2/18/2024,Terlambat
3223,USR00351,Hj. Sadina Pertiwi,Dosen,"Fakultas Sains, Teknologi, & Kesehatan",Farmasi,,TRX002151,BK00573,8/8/2025,8/22/2025,8/16/2025,Dikembalikan
3224,USR00351,Hj. Sadina Pertiwi,Dosen,"Fakultas Sains, Teknologi, & Kesehatan",Farmasi,,TRX002245,BK00589,2/23/2024,3/8/2024,3/10/2024,Terlambat
3225,USR00351,Hj. Sadina Pertiwi,Dosen,"Fakultas Sains, Teknologi, & Kesehatan",Farmasi,,TRX002609,BK00182,12/21/2024,1/4/2025,1/8/2025,Terlambat
3226,USR00351,Hj. Sadina Pertiwi,Dosen,"Fakultas Sains, Teknologi, & Kesehatan",Farmasi,,TRX003487,BK00577,4/18/2023,5/2/2023,4/27/2023,Dikembalikan
3227,USR00352,Yani Mansur,Dosen,"Fakultas Sosial, Humaniora, & Seni",Ilmu Komunikasi,,TRX000066,BK00885,4/17/2025,5/1/2025,5/1/2025,Dikembalikan
3228,USR00352,Yani Mansur,Dosen,"Fakultas Sosial, Humaniora, & Seni",Ilmu Komunikasi,,TRX000248,BK01266,6/6/2023,6/20/2023,6/12/2023,Dikembalikan
3229,USR00352,Yani Mansur,Dosen,"Fakultas Sosial, Humaniora, & Seni",Ilmu Komunikasi,,TRX001026,BK01353,1/31/2024,2/14/2024,2/19/2024,Terlambat
3230,USR00352,Yani Mansur,Dosen,"Fakultas Sosial, Humaniora, & Seni",Ilmu Komunikasi,,TRX001208,BK00981,2/29/2024,3/14/2024,3/10/2024,Dikembalikan
3231,USR00352,Yani Mansur,Dosen,"Fakultas Sosial, Humaniora, & Seni",Ilmu Komunikasi,,TRX001246,BK01268,8/17/2024,8/31/2024,8/21/2024,Dikembalikan
3232,USR00352,Yani Mansur,Dosen,"Fakultas Sosial, Humaniora, & Seni",Ilmu Komunikasi,,TRX002138,BK00293,12/9/2025,12/23/2025,12/20/2025,Dikembalikan
3233,USR00352,Yani Mansur,Dosen,"Fakultas Sosial, Humaniora, & Seni",Ilmu Komunikasi,,TRX002490,BK01255,9/15/2024,9/29/2024,9/29/2024,Dikembalikan
3234,USR00352,Yani Mansur,Dosen,"Fakultas Sosial, Humaniora, & Seni",Ilmu Komunikasi,,TRX002713,BK01261,1/27/2025,2/10/2025,2/9/2025,Dikembalikan
3235,USR00352,Yani Mansur,Dosen,"Fakultas Sosial, Humaniora, & Seni",Ilmu Komunikasi,,TRX003034,BK01253,9/13/2025,9/27/2025,9/25/2025,Dikembalikan
3236,USR00352,Yani Mansur,Dosen,"Fakultas Sosial, Humaniora, & Seni",Ilmu Komunikasi,,TRX003049,BK01256,9/27/2024,10/11/2024,10/9/2024,Dikembalikan
3237,USR00352,Yani Mansur,Dosen,"Fakultas Sosial, Humaniora, & Seni",Ilmu Komunikasi,,TRX003450,BK01289,8/5/2025,8/19/2025,8/17/2025,Dikembalikan
3238,USR00353,Paris Prastuti,Dosen,"Fakultas Sains, Teknologi, & Kesehatan",Keperawatan,,TRX001031,BK00008,8/26/2023,9/9/2023,9/4/2023,Dikembalikan
3239,USR00353,Paris Prastuti,Dosen,"Fakultas Sains, Teknologi, & Kesehatan",Keperawatan,,TRX001472,BK00054,12/9/2024,12/23/2024,12/12/2024,Dikembalikan
3240,USR00353,Paris Prastuti,Dosen,"Fakultas Sains, Teknologi, & Kesehatan",Keperawatan,,TRX001948,BK00554,10/18/2025,11/1/2025,11/4/2025,Terlambat
3241,USR00353,Paris Prastuti,Dosen,"Fakultas Sains, Teknologi, & Kesehatan",Keperawatan,,TRX002289,BK00490,1/26/2025,2/9/2025,2/11/2025,Terlambat
3242,USR00353,Paris Prastuti,Dosen,"Fakultas Sains, Teknologi, & Kesehatan",Keperawatan,,TRX002301,BK00521,11/10/2025,11/24/2025,11/16/2025,Dikembalikan
3243,USR00353,Paris Prastuti,Dosen,"Fakultas Sains, Teknologi, & Kesehatan",Keperawatan,,TRX003277,BK00079,9/23/2023,10/7/2023,10/5/2023,Dikembalikan
3244,USR00354,Elma Hardiansyah,Dosen,"Fakultas Sains, Teknologi, & Kesehatan",Teknik Industri,,TRX000697,BK00424,12/23/2023,1/6/2024,1/3/2024,Dikembalikan
3245,USR00354,Elma Hardiansyah,Dosen,"Fakultas Sains, Teknologi, & Kesehatan",Teknik Industri,,TRX002291,BK00431,7/17/2023,7/31/2023,7/26/2023,Dikembalikan
3246,USR00354,Elma Hardiansyah,Dosen,"Fakultas Sains, Teknologi, & Kesehatan",Teknik Industri,,TRX003389,BK00459,8/31/2024,9/14/2024,9/11/2024,Dikembalikan
3247,USR00355,Keisha Waluyo,Dosen,"Fakultas Sosial, Humaniora, & Seni",Administrasi Bisnis,,TRX000598,BK01186,9/30/2023,10/14/2023,10/20/2023,Terlambat
3248,USR00355,Keisha Waluyo,Dosen,"Fakultas Sosial, Humaniora, & Seni",Administrasi Bisnis,,TRX002764,BK01080,8/27/2025,9/10/2025,9/11/2025,Terlambat
3249,USR00356,"Saka Saefullah, M.Pd",Dosen,"Fakultas Sosial, Humaniora, & Seni",Psikologi,,TRX000120,BK01038,7/30/2023,8/13/2023,8/2/2023,Dikembalikan
3250,USR00356,"Saka Saefullah, M.Pd",Dosen,"Fakultas Sosial, Humaniora, & Seni",Psikologi,,TRX000142,BK01218,10/10/2023,10/24/2023,10/31/2023,Terlambat
3251,USR00356,"Saka Saefullah, M.Pd",Dosen,"Fakultas Sosial, Humaniora, & Seni",Psikologi,,TRX000495,BK01186,8/27/2024,9/10/2024,9/12/2024,Terlambat
3252,USR00356,"Saka Saefullah, M.Pd",Dosen,"Fakultas Sosial, Humaniora, & Seni",Psikologi,,TRX000789,BK00848,3/27/2024,4/10/2024,4/3/2024,Dikembalikan
3253,USR00356,"Saka Saefullah, M.Pd",Dosen,"Fakultas Sosial, Humaniora, & Seni",Psikologi,,TRX000875,BK01178,5/12/2025,5/26/2025,5/23/2025,Dikembalikan
3254,USR00356,"Saka Saefullah, M.Pd",Dosen,"Fakultas Sosial, Humaniora, & Seni",Psikologi,,TRX000947,BK01229,6/14/2025,6/28/2025,6/22/2025,Dikembalikan
3255,USR00356,"Saka Saefullah, M.Pd",Dosen,"Fakultas Sosial, Humaniora, & Seni",Psikologi,,TRX001155,BK01179,4/3/2024,4/17/2024,4/9/2024,Dikembalikan
3256,USR00356,"Saka Saefullah, M.Pd",Dosen,"Fakultas Sosial, Humaniora, & Seni",Psikologi,,TRX001341,BK01228,4/25/2023,5/9/2023,5/12/2023,Terlambat
3257,USR00356,"Saka Saefullah, M.Pd",Dosen,"Fakultas Sosial, Humaniora, & Seni",Psikologi,,TRX001453,BK00963,5/12/2024,5/26/2024,5/20/2024,Dikembalikan
3258,USR00356,"Saka Saefullah, M.Pd",Dosen,"Fakultas Sosial, Humaniora, & Seni",Psikologi,,TRX002281,BK00833,3/19/2023,4/2/2023,3/27/2023,Dikembalikan
3259,USR00356,"Saka Saefullah, M.Pd",Dosen,"Fakultas Sosial, Humaniora, & Seni",Psikologi,,TRX002521,BK01212,1/25/2024,2/8/2024,2/8/2024,Dikembalikan
3260,USR00356,"Saka Saefullah, M.Pd",Dosen,"Fakultas Sosial, Humaniora, & Seni",Psikologi,,TRX003453,BK00826,7/4/2024,7/18/2024,7/7/2024,Dikembalikan
3261,USR00357,drg. Mala Mandasari,Dosen,"Fakultas Sosial, Humaniora, & Seni",Desain Interior,,TRX000676,BK00976,11/23/2023,12/7/2023,12/1/2023,Dikembalikan
3262,USR00357,drg. Mala Mandasari,Dosen,"Fakultas Sosial, Humaniora, & Seni",Desain Interior,,TRX001426,BK01313,12/12/2025,12/26/2025,12/17/2025,Dikembalikan
3263,USR00357,drg. Mala Mandasari,Dosen,"Fakultas Sosial, Humaniora, & Seni",Desain Interior,,TRX002728,BK00969,2/14/2023,2/28/2023,3/3/2023,Terlambat
3264,USR00357,drg. Mala Mandasari,Dosen,"Fakultas Sosial, Humaniora, & Seni",Desain Interior,,TRX003056,BK00985,1/12/2023,1/26/2023,1/29/2023,Terlambat
3265,USR00358,Alika Simbolon,Dosen,"Fakultas Sosial, Humaniora, & Seni",Administrasi Bisnis,,TRX000252,BK00852,11/16/2025,11/30/2025,11/28/2025,Dikembalikan
3266,USR00358,Alika Simbolon,Dosen,"Fakultas Sosial, Humaniora, & Seni",Administrasi Bisnis,,TRX000340,BK01163,9/27/2023,10/11/2023,10/14/2023,Terlambat
3267,USR00358,Alika Simbolon,Dosen,"Fakultas Sosial, Humaniora, & Seni",Administrasi Bisnis,,TRX000363,BK01138,9/10/2025,9/24/2025,9/18/2025,Dikembalikan
3268,USR00358,Alika Simbolon,Dosen,"Fakultas Sosial, Humaniora, & Seni",Administrasi Bisnis,,TRX000379,BK01121,5/12/2025,5/26/2025,6/2/2025,Terlambat
3269,USR00358,Alika Simbolon,Dosen,"Fakultas Sosial, Humaniora, & Seni",Administrasi Bisnis,,TRX000387,BK01142,1/22/2023,2/5/2023,1/26/2023,Dikembalikan
3270,USR00358,Alika Simbolon,Dosen,"Fakultas Sosial, Humaniora, & Seni",Administrasi Bisnis,,TRX000452,BK01038,5/2/2023,5/16/2023,5/5/2023,Dikembalikan
3271,USR00358,Alika Simbolon,Dosen,"Fakultas Sosial, Humaniora, & Seni",Administrasi Bisnis,,TRX000509,BK01044,9/10/2025,9/24/2025,9/13/2025,Dikembalikan
3272,USR00358,Alika Simbolon,Dosen,"Fakultas Sosial, Humaniora, & Seni",Administrasi Bisnis,,TRX001260,BK01077,8/2/2024,8/16/2024,8/16/2024,Dikembalikan
3273,USR00358,Alika Simbolon,Dosen,"Fakultas Sosial, Humaniora, & Seni",Administrasi Bisnis,,TRX001497,BK01044,5/13/2024,5/27/2024,5/29/2024,Terlambat
3274,USR00358,Alika Simbolon,Dosen,"Fakultas Sosial, Humaniora, & Seni",Administrasi Bisnis,,TRX001550,BK01111,6/15/2023,6/29/2023,7/3/2023,Terlambat
3275,USR00358,Alika Simbolon,Dosen,"Fakultas Sosial, Humaniora, & Seni",Administrasi Bisnis,,TRX001721,BK01131,2/23/2025,3/9/2025,3/2/2025,Dikembalikan
3276,USR00358,Alika Simbolon,Dosen,"Fakultas Sosial, Humaniora, & Seni",Administrasi Bisnis,,TRX001750,BK00396,6/23/2025,7/7/2025,7/8/2025,Terlambat
3277,USR00358,Alika Simbolon,Dosen,"Fakultas Sosial, Humaniora, & Seni",Administrasi Bisnis,,TRX001886,BK01008,5/3/2024,5/17/2024,5/21/2024,Terlambat
3278,USR00358,Alika Simbolon,Dosen,"Fakultas Sosial, Humaniora, & Seni",Administrasi Bisnis,,TRX002136,BK00949,4/13/2024,4/27/2024,4/19/2024,Dikembalikan
3279,USR00358,Alika Simbolon,Dosen,"Fakultas Sosial, Humaniora, & Seni",Administrasi Bisnis,,TRX002839,BK01113,2/13/2023,2/27/2023,2/18/2023,Dikembalikan
3280,USR00358,Alika Simbolon,Dosen,"Fakultas Sosial, Humaniora, & Seni",Administrasi Bisnis,,TRX002950,BK01201,12/13/2025,12/27/2025,1/1/2026,Terlambat
3281,USR00358,Alika Simbolon,Dosen,"Fakultas Sosial, Humaniora, & Seni",Administrasi Bisnis,,TRX003010,BK00989,1/4/2024,1/18/2024,1/16/2024,Dikembalikan
3282,USR00358,Alika Simbolon,Dosen,"Fakultas Sosial, Humaniora, & Seni",Administrasi Bisnis,,TRX003064,BK01142,12/1/2024,12/15/2024,12/18/2024,Terlambat
3283,USR00358,Alika Simbolon,Dosen,"Fakultas Sosial, Humaniora, & Seni",Administrasi Bisnis,,TRX003197,BK01092,9/11/2025,9/25/2025,9/22/2025,Dikembalikan
3284,USR00358,Alika Simbolon,Dosen,"Fakultas Sosial, Humaniora, & Seni",Administrasi Bisnis,,TRX003443,BK01309,8/21/2024,9/4/2024,9/5/2024,Terlambat
3285,USR00359,"dr. Eluh Marpaung, S.Ked",Dosen,"Fakultas Sosial, Humaniora, & Seni",Psikologi,,TRX000155,BK00990,11/22/2023,12/6/2023,12/11/2023,Terlambat
3286,USR00359,"dr. Eluh Marpaung, S.Ked",Dosen,"Fakultas Sosial, Humaniora, & Seni",Psikologi,,TRX000253,BK01232,10/14/2025,10/28/2025,10/19/2025,Dikembalikan
3287,USR00359,"dr. Eluh Marpaung, S.Ked",Dosen,"Fakultas Sosial, Humaniora, & Seni",Psikologi,,TRX000391,BK01215,8/4/2024,8/18/2024,8/12/2024,Dikembalikan
3288,USR00359,"dr. Eluh Marpaung, S.Ked",Dosen,"Fakultas Sosial, Humaniora, & Seni",Psikologi,,TRX000719,BK00915,1/20/2025,2/3/2025,1/25/2025,Dikembalikan
3289,USR00359,"dr. Eluh Marpaung, S.Ked",Dosen,"Fakultas Sosial, Humaniora, & Seni",Psikologi,,TRX001228,BK00938,3/2/2024,3/16/2024,3/10/2024,Dikembalikan
3290,USR00359,"dr. Eluh Marpaung, S.Ked",Dosen,"Fakultas Sosial, Humaniora, & Seni",Psikologi,,TRX001451,BK01105,1/26/2023,2/9/2023,2/2/2023,Dikembalikan
3291,USR00359,"dr. Eluh Marpaung, S.Ked",Dosen,"Fakultas Sosial, Humaniora, & Seni",Psikologi,,TRX001603,BK01172,7/12/2024,7/26/2024,7/20/2024,Dikembalikan
3292,USR00359,"dr. Eluh Marpaung, S.Ked",Dosen,"Fakultas Sosial, Humaniora, & Seni",Psikologi,,TRX002481,BK01224,5/26/2025,6/9/2025,6/1/2025,Dikembalikan
3293,USR00359,"dr. Eluh Marpaung, S.Ked",Dosen,"Fakultas Sosial, Humaniora, & Seni",Psikologi,,TRX002864,BK01342,7/29/2023,8/12/2023,8/6/2023,Dikembalikan
3294,USR00359,"dr. Eluh Marpaung, S.Ked",Dosen,"Fakultas Sosial, Humaniora, & Seni",Psikologi,,TRX002938,BK00834,10/2/2023,10/16/2023,10/10/2023,Dikembalikan
3295,USR00359,"dr. Eluh Marpaung, S.Ked",Dosen,"Fakultas Sosial, Humaniora, & Seni",Psikologi,,TRX003106,BK01163,7/23/2024,8/6/2024,7/31/2024,Dikembalikan
3296,USR00359,"dr. Eluh Marpaung, S.Ked",Dosen,"Fakultas Sosial, Humaniora, & Seni",Psikologi,,TRX003300,BK01180,11/28/2024,12/12/2024,12/14/2024,Terlambat
3297,USR00360,"Tgk. Iriana Anggraini, S.I.Kom",Dosen,"Fakultas Sosial, Humaniora, & Seni",Desain Komunikasi Visual,,TRX000475,BK01211,9/14/2023,9/28/2023,9/27/2023,Dikembalikan
3298,USR00360,"Tgk. Iriana Anggraini, S.I.Kom",Dosen,"Fakultas Sosial, Humaniora, & Seni",Desain Komunikasi Visual,,TRX000555,BK00833,4/25/2023,5/9/2023,5/10/2023,Terlambat
3299,USR00360,"Tgk. Iriana Anggraini, S.I.Kom",Dosen,"Fakultas Sosial, Humaniora, & Seni",Desain Komunikasi Visual,,TRX001051,BK00931,3/28/2024,4/11/2024,4/3/2024,Dikembalikan
3300,USR00360,"Tgk. Iriana Anggraini, S.I.Kom",Dosen,"Fakultas Sosial, Humaniora, & Seni",Desain Komunikasi Visual,,TRX001446,BK00872,5/2/2025,5/16/2025,5/14/2025,Dikembalikan
3301,USR00360,"Tgk. Iriana Anggraini, S.I.Kom",Dosen,"Fakultas Sosial, Humaniora, & Seni",Desain Komunikasi Visual,,TRX001590,BK00835,4/28/2025,5/12/2025,5/9/2025,Dikembalikan
3302,USR00360,"Tgk. Iriana Anggraini, S.I.Kom",Dosen,"Fakultas Sosial, Humaniora, & Seni",Desain Komunikasi Visual,,TRX001618,BK00893,8/24/2025,9/7/2025,8/31/2025,Dikembalikan
3303,USR00360,"Tgk. Iriana Anggraini, S.I.Kom",Dosen,"Fakultas Sosial, Humaniora, & Seni",Desain Komunikasi Visual,,TRX001662,BK00838,6/22/2025,7/6/2025,6/25/2025,Dikembalikan
3304,USR00360,"Tgk. Iriana Anggraini, S.I.Kom",Dosen,"Fakultas Sosial, Humaniora, & Seni",Desain Komunikasi Visual,,TRX001752,BK00062,7/2/2025,7/16/2025,7/22/2025,Terlambat
3305,USR00360,"Tgk. Iriana Anggraini, S.I.Kom",Dosen,"Fakultas Sosial, Humaniora, & Seni",Desain Komunikasi Visual,,TRX002090,BK00920,7/15/2025,7/29/2025,7/29/2025,Dikembalikan
3306,USR00360,"Tgk. Iriana Anggraini, S.I.Kom",Dosen,"Fakultas Sosial, Humaniora, & Seni",Desain Komunikasi Visual,,TRX002415,BK00941,3/23/2024,4/6/2024,4/10/2024,Terlambat
3307,USR00360,"Tgk. Iriana Anggraini, S.I.Kom",Dosen,"Fakultas Sosial, Humaniora, & Seni",Desain Komunikasi Visual,,TRX002546,BK00850,3/30/2024,4/13/2024,4/18/2024,Terlambat
3308,USR00360,"Tgk. Iriana Anggraini, S.I.Kom",Dosen,"Fakultas Sosial, Humaniora, & Seni",Desain Komunikasi Visual,,TRX002882,BK00037,1/10/2023,1/24/2023,1/26/2023,Terlambat
3309,USR00360,"Tgk. Iriana Anggraini, S.I.Kom",Dosen,"Fakultas Sosial, Humaniora, & Seni",Desain Komunikasi Visual,,TRX003224,BK00858,5/31/2025,6/14/2025,6/12/2025,Dikembalikan
3310,USR00360,"Tgk. Iriana Anggraini, S.I.Kom",Dosen,"Fakultas Sosial, Humaniora, & Seni",Desain Komunikasi Visual,,TRX003294,BK00922,6/28/2025,7/12/2025,7/8/2025,Dikembalikan
3311,USR00360,"Tgk. Iriana Anggraini, S.I.Kom",Dosen,"Fakultas Sosial, Humaniora, & Seni",Desain Komunikasi Visual,,TRX003349,BK00857,8/10/2023,8/24/2023,8/22/2023,Dikembalikan
3312,USR00360,"Tgk. Iriana Anggraini, S.I.Kom",Dosen,"Fakultas Sosial, Humaniora, & Seni",Desain Komunikasi Visual,,TRX003384,BK00857,12/16/2025,12/30/2025,,Dipinjam
3313,USR00361,Usyi Handayani,Dosen,"Fakultas Sains, Teknologi, & Kesehatan",Profesi Ners,,TRX000369,BK00745,7/7/2024,7/21/2024,7/27/2024,Terlambat
3314,USR00361,Usyi Handayani,Dosen,"Fakultas Sains, Teknologi, & Kesehatan",Profesi Ners,,TRX000569,BK00754,1/30/2023,2/13/2023,2/19/2023,Terlambat
3315,USR00361,Usyi Handayani,Dosen,"Fakultas Sains, Teknologi, & Kesehatan",Profesi Ners,,TRX000768,BK00785,10/29/2024,11/12/2024,11/10/2024,Dikembalikan
3316,USR00361,Usyi Handayani,Dosen,"Fakultas Sains, Teknologi, & Kesehatan",Profesi Ners,,TRX000798,BK00726,5/25/2023,6/8/2023,6/2/2023,Dikembalikan
3317,USR00361,Usyi Handayani,Dosen,"Fakultas Sains, Teknologi, & Kesehatan",Profesi Ners,,TRX001213,BK00722,1/22/2023,2/5/2023,2/1/2023,Dikembalikan
3318,USR00361,Usyi Handayani,Dosen,"Fakultas Sains, Teknologi, & Kesehatan",Profesi Ners,,TRX001611,BK00757,9/2/2025,9/16/2025,9/12/2025,Dikembalikan
3319,USR00361,Usyi Handayani,Dosen,"Fakultas Sains, Teknologi, & Kesehatan",Profesi Ners,,TRX001846,BK00732,9/22/2024,10/6/2024,10/4/2024,Dikembalikan
3320,USR00361,Usyi Handayani,Dosen,"Fakultas Sains, Teknologi, & Kesehatan",Profesi Ners,,TRX002005,BK00563,3/14/2023,3/28/2023,3/23/2023,Dikembalikan
3321,USR00361,Usyi Handayani,Dosen,"Fakultas Sains, Teknologi, & Kesehatan",Profesi Ners,,TRX002185,BK00782,2/3/2025,2/17/2025,2/10/2025,Dikembalikan
3322,USR00361,Usyi Handayani,Dosen,"Fakultas Sains, Teknologi, & Kesehatan",Profesi Ners,,TRX002606,BK00008,2/22/2024,3/7/2024,3/10/2024,Terlambat
3323,USR00361,Usyi Handayani,Dosen,"Fakultas Sains, Teknologi, & Kesehatan",Profesi Ners,,TRX002782,BK00645,2/7/2023,2/21/2023,2/14/2023,Dikembalikan
3324,USR00362,Paulin Dabukke,Dosen,"Fakultas Sosial, Humaniora, & Seni",Ilmu Komunikasi,,TRX000263,BK01261,4/8/2024,4/22/2024,4/16/2024,Dikembalikan
3325,USR00362,Paulin Dabukke,Dosen,"Fakultas Sosial, Humaniora, & Seni",Ilmu Komunikasi,,TRX001063,BK00793,7/24/2025,8/7/2025,8/4/2025,Dikembalikan
3326,USR00362,Paulin Dabukke,Dosen,"Fakultas Sosial, Humaniora, & Seni",Ilmu Komunikasi,,TRX001076,BK01341,10/2/2025,10/16/2025,10/14/2025,Dikembalikan
3327,USR00362,Paulin Dabukke,Dosen,"Fakultas Sosial, Humaniora, & Seni",Ilmu Komunikasi,,TRX001210,BK01369,1/14/2025,1/28/2025,1/20/2025,Dikembalikan
3328,USR00362,Paulin Dabukke,Dosen,"Fakultas Sosial, Humaniora, & Seni",Ilmu Komunikasi,,TRX001580,BK01070,12/21/2024,1/4/2025,1/2/2025,Dikembalikan
3329,USR00362,Paulin Dabukke,Dosen,"Fakultas Sosial, Humaniora, & Seni",Ilmu Komunikasi,,TRX001764,BK01035,10/20/2025,11/3/2025,11/4/2025,Terlambat
3330,USR00362,Paulin Dabukke,Dosen,"Fakultas Sosial, Humaniora, & Seni",Ilmu Komunikasi,,TRX002148,BK00275,7/14/2024,7/28/2024,7/21/2024,Dikembalikan
3331,USR00362,Paulin Dabukke,Dosen,"Fakultas Sosial, Humaniora, & Seni",Ilmu Komunikasi,,TRX002175,BK01294,8/23/2025,9/6/2025,8/29/2025,Dikembalikan
3332,USR00362,Paulin Dabukke,Dosen,"Fakultas Sosial, Humaniora, & Seni",Ilmu Komunikasi,,TRX002409,BK01308,6/10/2025,6/24/2025,6/15/2025,Dikembalikan
3333,USR00362,Paulin Dabukke,Dosen,"Fakultas Sosial, Humaniora, & Seni",Ilmu Komunikasi,,TRX002522,BK01350,6/26/2023,7/10/2023,7/16/2023,Terlambat
3334,USR00362,Paulin Dabukke,Dosen,"Fakultas Sosial, Humaniora, & Seni",Ilmu Komunikasi,,TRX002788,BK01254,6/18/2023,7/2/2023,6/25/2023,Dikembalikan
3335,USR00363,Dr. Violet Samosir,Dosen,"Fakultas Sains, Teknologi, & Kesehatan",Keperawatan,,TRX000285,BK00695,9/13/2024,9/27/2024,9/18/2024,Dikembalikan
3336,USR00363,Dr. Violet Samosir,Dosen,"Fakultas Sains, Teknologi, & Kesehatan",Keperawatan,,TRX000359,BK00326,9/26/2024,10/10/2024,10/4/2024,Dikembalikan
3337,USR00363,Dr. Violet Samosir,Dosen,"Fakultas Sains, Teknologi, & Kesehatan",Keperawatan,,TRX000408,BK00102,6/4/2023,6/18/2023,6/25/2023,Terlambat
3338,USR00363,Dr. Violet Samosir,Dosen,"Fakultas Sains, Teknologi, & Kesehatan",Keperawatan,,TRX000591,BK00514,7/24/2023,8/7/2023,8/6/2023,Dikembalikan
3339,USR00363,Dr. Violet Samosir,Dosen,"Fakultas Sains, Teknologi, & Kesehatan",Keperawatan,,TRX000765,BK00513,10/3/2025,10/17/2025,10/23/2025,Terlambat
3340,USR00363,Dr. Violet Samosir,Dosen,"Fakultas Sains, Teknologi, & Kesehatan",Keperawatan,,TRX001066,BK00916,6/26/2025,7/10/2025,7/12/2025,Terlambat
3341,USR00363,Dr. Violet Samosir,Dosen,"Fakultas Sains, Teknologi, & Kesehatan",Keperawatan,,TRX001591,BK00497,12/26/2024,1/9/2025,1/12/2025,Terlambat
3342,USR00363,Dr. Violet Samosir,Dosen,"Fakultas Sains, Teknologi, & Kesehatan",Keperawatan,,TRX001787,BK00028,7/7/2024,7/21/2024,7/24/2024,Terlambat
3343,USR00363,Dr. Violet Samosir,Dosen,"Fakultas Sains, Teknologi, & Kesehatan",Keperawatan,,TRX001789,BK01173,5/2/2025,5/16/2025,5/17/2025,Terlambat
3344,USR00363,Dr. Violet Samosir,Dosen,"Fakultas Sains, Teknologi, & Kesehatan",Keperawatan,,TRX003042,BK00127,5/13/2025,5/27/2025,5/22/2025,Dikembalikan
3345,USR00363,Dr. Violet Samosir,Dosen,"Fakultas Sains, Teknologi, & Kesehatan",Keperawatan,,TRX003342,BK00556,7/7/2023,7/21/2023,7/26/2023,Terlambat
3346,USR00363,Dr. Violet Samosir,Dosen,"Fakultas Sains, Teknologi, & Kesehatan",Keperawatan,,TRX003438,BK00501,6/30/2025,7/14/2025,7/20/2025,Terlambat
3347,USR00364,"Tgk. Yoga Prasetya, S.Kom",Dosen,"Fakultas Sains, Teknologi, & Kesehatan",Informatika,,TRX000093,BK00110,1/1/2025,1/15/2025,1/6/2025,Dikembalikan
3348,USR00364,"Tgk. Yoga Prasetya, S.Kom",Dosen,"Fakultas Sains, Teknologi, & Kesehatan",Informatika,,TRX000095,BK00074,7/15/2023,7/29/2023,7/24/2023,Dikembalikan
3349,USR00364,"Tgk. Yoga Prasetya, S.Kom",Dosen,"Fakultas Sains, Teknologi, & Kesehatan",Informatika,,TRX000977,BK00114,5/11/2025,5/25/2025,5/25/2025,Dikembalikan
3350,USR00364,"Tgk. Yoga Prasetya, S.Kom",Dosen,"Fakultas Sains, Teknologi, & Kesehatan",Informatika,,TRX001468,BK00129,3/23/2023,4/6/2023,4/3/2023,Dikembalikan
3351,USR00364,"Tgk. Yoga Prasetya, S.Kom",Dosen,"Fakultas Sains, Teknologi, & Kesehatan",Informatika,,TRX001733,BK00103,8/7/2023,8/21/2023,8/19/2023,Dikembalikan
3352,USR00364,"Tgk. Yoga Prasetya, S.Kom",Dosen,"Fakultas Sains, Teknologi, & Kesehatan",Informatika,,TRX002446,BK00068,6/14/2025,6/28/2025,6/29/2025,Terlambat
3353,USR00365,"Dr. Reksa Sudiati, S.Ked",Dosen,"Fakultas Sosial, Humaniora, & Seni",Desain Komunikasi Visual,,TRX000529,BK00926,4/23/2023,5/7/2023,5/6/2023,Dikembalikan
3354,USR00365,"Dr. Reksa Sudiati, S.Ked",Dosen,"Fakultas Sosial, Humaniora, & Seni",Desain Komunikasi Visual,,TRX001811,BK01362,12/20/2025,1/3/2026,,Dipinjam
3355,USR00365,"Dr. Reksa Sudiati, S.Ked",Dosen,"Fakultas Sosial, Humaniora, & Seni",Desain Komunikasi Visual,,TRX002663,BK01174,10/6/2023,10/20/2023,10/19/2023,Dikembalikan
3356,USR00365,"Dr. Reksa Sudiati, S.Ked",Dosen,"Fakultas Sosial, Humaniora, & Seni",Desain Komunikasi Visual,,TRX003145,BK00888,12/27/2023,1/10/2024,1/3/2024,Dikembalikan
3357,USR00365,"Dr. Reksa Sudiati, S.Ked",Dosen,"Fakultas Sosial, Humaniora, & Seni",Desain Komunikasi Visual,,TRX003348,BK01185,8/25/2023,9/8/2023,9/13/2023,Terlambat
3358,USR00366,Diah Prasasta,Dosen,"Fakultas Sosial, Humaniora, & Seni",Desain Komunikasi Visual,,TRX000128,BK00914,12/21/2024,1/4/2025,1/8/2025,Terlambat
3359,USR00366,Diah Prasasta,Dosen,"Fakultas Sosial, Humaniora, & Seni",Desain Komunikasi Visual,,TRX000480,BK00815,4/19/2024,5/3/2024,4/27/2024,Dikembalikan
3360,USR00366,Diah Prasasta,Dosen,"Fakultas Sosial, Humaniora, & Seni",Desain Komunikasi Visual,,TRX000627,BK01174,6/12/2024,6/26/2024,6/22/2024,Dikembalikan
3361,USR00366,Diah Prasasta,Dosen,"Fakultas Sosial, Humaniora, & Seni",Desain Komunikasi Visual,,TRX000716,BK00813,2/24/2025,3/10/2025,3/7/2025,Dikembalikan
3362,USR00366,Diah Prasasta,Dosen,"Fakultas Sosial, Humaniora, & Seni",Desain Komunikasi Visual,,TRX000843,BK00798,8/9/2023,8/23/2023,8/30/2023,Terlambat
3363,USR00366,Diah Prasasta,Dosen,"Fakultas Sosial, Humaniora, & Seni",Desain Komunikasi Visual,,TRX001136,BK00826,3/17/2023,3/31/2023,4/1/2023,Terlambat
3364,USR00366,Diah Prasasta,Dosen,"Fakultas Sosial, Humaniora, & Seni",Desain Komunikasi Visual,,TRX001656,BK00877,2/18/2025,3/4/2025,2/21/2025,Dikembalikan
3365,USR00366,Diah Prasasta,Dosen,"Fakultas Sosial, Humaniora, & Seni",Desain Komunikasi Visual,,TRX001715,BK00848,9/21/2023,10/5/2023,9/27/2023,Dikembalikan
3366,USR00366,Diah Prasasta,Dosen,"Fakultas Sosial, Humaniora, & Seni",Desain Komunikasi Visual,,TRX002251,BK00807,8/22/2023,9/5/2023,9/7/2023,Terlambat
3367,USR00366,Diah Prasasta,Dosen,"Fakultas Sosial, Humaniora, & Seni",Desain Komunikasi Visual,,TRX002267,BK00826,5/16/2023,5/30/2023,6/3/2023,Terlambat
3368,USR00366,Diah Prasasta,Dosen,"Fakultas Sosial, Humaniora, & Seni",Desain Komunikasi Visual,,TRX002392,BK00885,6/5/2023,6/19/2023,6/19/2023,Dikembalikan
3369,USR00366,Diah Prasasta,Dosen,"Fakultas Sosial, Humaniora, & Seni",Desain Komunikasi Visual,,TRX002524,BK01181,1/7/2025,1/21/2025,1/21/2025,Dikembalikan
3370,USR00366,Diah Prasasta,Dosen,"Fakultas Sosial, Humaniora, & Seni",Desain Komunikasi Visual,,TRX003218,BK00876,12/28/2024,1/11/2025,12/31/2024,Dikembalikan
3371,USR00367,"dr. Hana Waskita, S.Sos",Dosen,"Fakultas Sosial, Humaniora, & Seni",Administrasi Bisnis,,TRX000043,BK01160,2/14/2023,2/28/2023,2/19/2023,Dikembalikan
3372,USR00367,"dr. Hana Waskita, S.Sos",Dosen,"Fakultas Sosial, Humaniora, & Seni",Administrasi Bisnis,,TRX000079,BK01059,2/24/2025,3/10/2025,3/16/2025,Terlambat
3373,USR00367,"dr. Hana Waskita, S.Sos",Dosen,"Fakultas Sosial, Humaniora, & Seni",Administrasi Bisnis,,TRX000317,BK00893,1/26/2024,2/9/2024,2/8/2024,Dikembalikan
3374,USR00367,"dr. Hana Waskita, S.Sos",Dosen,"Fakultas Sosial, Humaniora, & Seni",Administrasi Bisnis,,TRX000992,BK01135,12/15/2023,12/29/2023,12/24/2023,Dikembalikan
3375,USR00367,"dr. Hana Waskita, S.Sos",Dosen,"Fakultas Sosial, Humaniora, & Seni",Administrasi Bisnis,,TRX001044,BK01165,4/28/2025,5/12/2025,5/5/2025,Dikembalikan
3376,USR00367,"dr. Hana Waskita, S.Sos",Dosen,"Fakultas Sosial, Humaniora, & Seni",Administrasi Bisnis,,TRX001566,BK01152,1/25/2025,2/8/2025,1/29/2025,Dikembalikan
3377,USR00367,"dr. Hana Waskita, S.Sos",Dosen,"Fakultas Sosial, Humaniora, & Seni",Administrasi Bisnis,,TRX001742,BK01266,10/7/2024,10/21/2024,10/24/2024,Terlambat
3378,USR00367,"dr. Hana Waskita, S.Sos",Dosen,"Fakultas Sosial, Humaniora, & Seni",Administrasi Bisnis,,TRX002191,BK00971,3/27/2023,4/10/2023,4/15/2023,Terlambat
3379,USR00367,"dr. Hana Waskita, S.Sos",Dosen,"Fakultas Sosial, Humaniora, & Seni",Administrasi Bisnis,,TRX002433,BK01125,3/24/2023,4/7/2023,3/27/2023,Dikembalikan
3380,USR00367,"dr. Hana Waskita, S.Sos",Dosen,"Fakultas Sosial, Humaniora, & Seni",Administrasi Bisnis,,TRX002785,BK01051,8/30/2023,9/13/2023,9/5/2023,Dikembalikan
3381,USR00367,"dr. Hana Waskita, S.Sos",Dosen,"Fakultas Sosial, Humaniora, & Seni",Administrasi Bisnis,,TRX002860,BK01167,6/14/2024,6/28/2024,6/23/2024,Dikembalikan
3382,USR00367,"dr. Hana Waskita, S.Sos",Dosen,"Fakultas Sosial, Humaniora, & Seni",Administrasi Bisnis,,TRX003437,BK01188,3/1/2024,3/15/2024,3/6/2024,Dikembalikan
3383,USR00368,"R.M. Sabar Usada, S.E.",Dosen,"Fakultas Sosial, Humaniora, & Seni",Ilmu Komunikasi,,TRX000827,BK01342,4/23/2024,5/7/2024,5/5/2024,Dikembalikan
3384,USR00368,"R.M. Sabar Usada, S.E.",Dosen,"Fakultas Sosial, Humaniora, & Seni",Ilmu Komunikasi,,TRX001532,BK01344,2/14/2023,2/28/2023,2/26/2023,Dikembalikan
3385,USR00368,"R.M. Sabar Usada, S.E.",Dosen,"Fakultas Sosial, Humaniora, & Seni",Ilmu Komunikasi,,TRX002176,BK01147,3/2/2023,3/16/2023,3/11/2023,Dikembalikan
3386,USR00368,"R.M. Sabar Usada, S.E.",Dosen,"Fakultas Sosial, Humaniora, & Seni",Ilmu Komunikasi,,TRX002587,BK01315,4/18/2024,5/2/2024,4/24/2024,Dikembalikan
3387,USR00368,"R.M. Sabar Usada, S.E.",Dosen,"Fakultas Sosial, Humaniora, & Seni",Ilmu Komunikasi,,TRX002933,BK01332,11/1/2025,11/15/2025,11/6/2025,Dikembalikan
3388,USR00369,"dr. Gandi Siregar, S.Gz",Dosen,"Fakultas Sains, Teknologi, & Kesehatan",Profesi Ners,,TRX000239,BK00725,4/30/2024,5/14/2024,5/18/2024,Terlambat
3389,USR00369,"dr. Gandi Siregar, S.Gz",Dosen,"Fakultas Sains, Teknologi, & Kesehatan",Profesi Ners,,TRX000705,BK00764,6/25/2025,7/9/2025,7/10/2025,Terlambat
3390,USR00369,"dr. Gandi Siregar, S.Gz",Dosen,"Fakultas Sains, Teknologi, & Kesehatan",Profesi Ners,,TRX001534,BK00758,2/1/2023,2/15/2023,2/12/2023,Dikembalikan
3391,USR00369,"dr. Gandi Siregar, S.Gz",Dosen,"Fakultas Sains, Teknologi, & Kesehatan",Profesi Ners,,TRX001768,BK00757,1/12/2024,1/26/2024,1/19/2024,Dikembalikan
3392,USR00369,"dr. Gandi Siregar, S.Gz",Dosen,"Fakultas Sains, Teknologi, & Kesehatan",Profesi Ners,,TRX002492,BK00743,1/12/2024,1/26/2024,1/23/2024,Dikembalikan
3393,USR00369,"dr. Gandi Siregar, S.Gz",Dosen,"Fakultas Sains, Teknologi, & Kesehatan",Profesi Ners,,TRX002980,BK00753,1/6/2024,1/20/2024,1/13/2024,Dikembalikan
3394,USR00370,Hasta Usamah,Dosen,"Fakultas Sains, Teknologi, & Kesehatan",Teknik Industri,,TRX000874,BK00360,6/12/2024,6/26/2024,6/22/2024,Dikembalikan
3395,USR00370,Hasta Usamah,Dosen,"Fakultas Sains, Teknologi, & Kesehatan",Teknik Industri,,TRX001568,BK00360,1/28/2025,2/11/2025,2/18/2025,Terlambat
3396,USR00370,Hasta Usamah,Dosen,"Fakultas Sains, Teknologi, & Kesehatan",Teknik Industri,,TRX001630,BK00392,8/30/2024,9/13/2024,9/16/2024,Terlambat
3397,USR00370,Hasta Usamah,Dosen,"Fakultas Sains, Teknologi, & Kesehatan",Teknik Industri,,TRX001646,BK00339,6/13/2024,6/27/2024,6/23/2024,Dikembalikan
3398,USR00370,Hasta Usamah,Dosen,"Fakultas Sains, Teknologi, & Kesehatan",Teknik Industri,,TRX002126,BK00320,3/1/2025,3/15/2025,3/13/2025,Dikembalikan
3399,USR00370,Hasta Usamah,Dosen,"Fakultas Sains, Teknologi, & Kesehatan",Teknik Industri,,TRX002282,BK00251,5/21/2023,6/4/2023,5/27/2023,Dikembalikan
3400,USR00370,Hasta Usamah,Dosen,"Fakultas Sains, Teknologi, & Kesehatan",Teknik Industri,,TRX002359,BK00117,9/24/2023,10/8/2023,10/9/2023,Terlambat
3401,USR00370,Hasta Usamah,Dosen,"Fakultas Sains, Teknologi, & Kesehatan",Teknik Industri,,TRX003093,BK00326,5/6/2024,5/20/2024,5/23/2024,Terlambat
3402,USR00371,Rahmi Sudiati,Dosen,"Fakultas Sosial, Humaniora, & Seni",Psikologi,,TRX000149,BK01171,4/22/2024,5/6/2024,5/4/2024,Dikembalikan
3403,USR00371,Rahmi Sudiati,Dosen,"Fakultas Sosial, Humaniora, & Seni",Psikologi,,TRX000878,BK00812,6/24/2025,7/8/2025,7/12/2025,Terlambat
3404,USR00371,Rahmi Sudiati,Dosen,"Fakultas Sosial, Humaniora, & Seni",Psikologi,,TRX001202,BK00289,1/11/2024,1/25/2024,1/27/2024,Terlambat
3405,USR00371,Rahmi Sudiati,Dosen,"Fakultas Sosial, Humaniora, & Seni",Psikologi,,TRX002293,BK01221,8/18/2024,9/1/2024,8/24/2024,Dikembalikan
3406,USR00371,Rahmi Sudiati,Dosen,"Fakultas Sosial, Humaniora, & Seni",Psikologi,,TRX002308,BK01202,10/2/2023,10/16/2023,10/21/2023,Terlambat
3407,USR00371,Rahmi Sudiati,Dosen,"Fakultas Sosial, Humaniora, & Seni",Psikologi,,TRX002444,BK01209,1/25/2024,2/8/2024,2/11/2024,Terlambat
3408,USR00371,Rahmi Sudiati,Dosen,"Fakultas Sosial, Humaniora, & Seni",Psikologi,,TRX002919,BK01180,4/12/2024,4/26/2024,4/22/2024,Dikembalikan
3409,USR00371,Rahmi Sudiati,Dosen,"Fakultas Sosial, Humaniora, & Seni",Psikologi,,TRX003280,BK01224,6/10/2023,6/24/2023,6/21/2023,Dikembalikan
3410,USR00371,Rahmi Sudiati,Dosen,"Fakultas Sosial, Humaniora, & Seni",Psikologi,,TRX003362,BK01204,9/8/2025,9/22/2025,9/17/2025,Dikembalikan
3411,USR00372,Ghaliyati Habibi,Dosen,"Fakultas Sosial, Humaniora, & Seni",Desain Komunikasi Visual,,TRX000022,BK01190,11/27/2024,12/11/2024,12/8/2024,Dikembalikan
3412,USR00372,Ghaliyati Habibi,Dosen,"Fakultas Sosial, Humaniora, & Seni",Desain Komunikasi Visual,,TRX000163,BK00853,11/21/2023,12/5/2023,12/10/2023,Terlambat
3413,USR00372,Ghaliyati Habibi,Dosen,"Fakultas Sosial, Humaniora, & Seni",Desain Komunikasi Visual,,TRX000429,BK01355,2/20/2025,3/6/2025,3/5/2025,Dikembalikan
3414,USR00372,Ghaliyati Habibi,Dosen,"Fakultas Sosial, Humaniora, & Seni",Desain Komunikasi Visual,,TRX000516,BK01228,2/6/2024,2/20/2024,2/26/2024,Terlambat
3415,USR00372,Ghaliyati Habibi,Dosen,"Fakultas Sosial, Humaniora, & Seni",Desain Komunikasi Visual,,TRX000753,BK00400,6/9/2025,6/23/2025,6/17/2025,Dikembalikan
3416,USR00372,Ghaliyati Habibi,Dosen,"Fakultas Sosial, Humaniora, & Seni",Desain Komunikasi Visual,,TRX001313,BK00921,2/14/2023,2/28/2023,2/27/2023,Dikembalikan
3417,USR00372,Ghaliyati Habibi,Dosen,"Fakultas Sosial, Humaniora, & Seni",Desain Komunikasi Visual,,TRX001448,BK00943,7/14/2023,7/28/2023,7/20/2023,Dikembalikan
3418,USR00372,Ghaliyati Habibi,Dosen,"Fakultas Sosial, Humaniora, & Seni",Desain Komunikasi Visual,,TRX001599,BK00862,9/9/2023,9/23/2023,9/12/2023,Dikembalikan
3419,USR00372,Ghaliyati Habibi,Dosen,"Fakultas Sosial, Humaniora, & Seni",Desain Komunikasi Visual,,TRX002837,BK01099,11/27/2025,12/11/2025,12/5/2025,Dikembalikan
3420,USR00372,Ghaliyati Habibi,Dosen,"Fakultas Sosial, Humaniora, & Seni",Desain Komunikasi Visual,,TRX003369,BK00881,6/11/2023,6/25/2023,6/23/2023,Dikembalikan
3421,USR00373,Marsito Wulandari,Dosen,"Fakultas Sosial, Humaniora, & Seni",Desain Komunikasi Visual,,TRX000007,BK00911,12/21/2023,1/4/2024,12/29/2023,Dikembalikan
3422,USR00373,Marsito Wulandari,Dosen,"Fakultas Sosial, Humaniora, & Seni",Desain Komunikasi Visual,,TRX000324,BK00930,9/9/2025,9/23/2025,9/29/2025,Terlambat
3423,USR00373,Marsito Wulandari,Dosen,"Fakultas Sosial, Humaniora, & Seni",Desain Komunikasi Visual,,TRX000472,BK00974,6/23/2024,7/7/2024,6/29/2024,Dikembalikan
3424,USR00373,Marsito Wulandari,Dosen,"Fakultas Sosial, Humaniora, & Seni",Desain Komunikasi Visual,,TRX001321,BK01246,8/28/2024,9/11/2024,9/18/2024,Terlambat
3425,USR00373,Marsito Wulandari,Dosen,"Fakultas Sosial, Humaniora, & Seni",Desain Komunikasi Visual,,TRX001330,BK00929,12/26/2023,1/9/2024,1/5/2024,Dikembalikan
3426,USR00373,Marsito Wulandari,Dosen,"Fakultas Sosial, Humaniora, & Seni",Desain Komunikasi Visual,,TRX001359,BK00894,1/23/2024,2/6/2024,2/2/2024,Dikembalikan
3427,USR00373,Marsito Wulandari,Dosen,"Fakultas Sosial, Humaniora, & Seni",Desain Komunikasi Visual,,TRX002049,BK00915,7/11/2025,7/25/2025,7/20/2025,Dikembalikan
3428,USR00373,Marsito Wulandari,Dosen,"Fakultas Sosial, Humaniora, & Seni",Desain Komunikasi Visual,,TRX002118,BK00935,10/13/2024,10/27/2024,11/2/2024,Terlambat
3429,USR00373,Marsito Wulandari,Dosen,"Fakultas Sosial, Humaniora, & Seni",Desain Komunikasi Visual,,TRX003339,BK01371,6/2/2025,6/16/2025,6/17/2025,Terlambat
3430,USR00373,Marsito Wulandari,Dosen,"Fakultas Sosial, Humaniora, & Seni",Desain Komunikasi Visual,,TRX003444,BK00874,7/12/2025,7/26/2025,7/24/2025,Dikembalikan
3431,USR00374,Elisa Nashiruddin,Dosen,"Fakultas Sains, Teknologi, & Kesehatan",Keperawatan,,TRX000350,BK00504,10/13/2025,10/27/2025,10/31/2025,Terlambat
3432,USR00374,Elisa Nashiruddin,Dosen,"Fakultas Sains, Teknologi, & Kesehatan",Keperawatan,,TRX000670,BK00155,12/20/2023,1/3/2024,12/24/2023,Dikembalikan
3433,USR00374,Elisa Nashiruddin,Dosen,"Fakultas Sains, Teknologi, & Kesehatan",Keperawatan,,TRX000708,BK00508,4/15/2023,4/29/2023,5/3/2023,Terlambat
3434,USR00374,Elisa Nashiruddin,Dosen,"Fakultas Sains, Teknologi, & Kesehatan",Keperawatan,,TRX000724,BK00480,1/10/2023,1/24/2023,1/29/2023,Terlambat
3435,USR00374,Elisa Nashiruddin,Dosen,"Fakultas Sains, Teknologi, & Kesehatan",Keperawatan,,TRX000891,BK00538,1/15/2023,1/29/2023,1/20/2023,Dikembalikan
3436,USR00374,Elisa Nashiruddin,Dosen,"Fakultas Sains, Teknologi, & Kesehatan",Keperawatan,,TRX000899,BK00513,6/15/2024,6/29/2024,6/18/2024,Dikembalikan
3437,USR00374,Elisa Nashiruddin,Dosen,"Fakultas Sains, Teknologi, & Kesehatan",Keperawatan,,TRX000995,BK00494,3/22/2025,4/5/2025,3/25/2025,Dikembalikan
3438,USR00374,Elisa Nashiruddin,Dosen,"Fakultas Sains, Teknologi, & Kesehatan",Keperawatan,,TRX001009,BK00543,5/5/2024,5/19/2024,5/9/2024,Dikembalikan
3439,USR00374,Elisa Nashiruddin,Dosen,"Fakultas Sains, Teknologi, & Kesehatan",Keperawatan,,TRX001189,BK00185,10/17/2023,10/31/2023,11/2/2023,Terlambat
3440,USR00374,Elisa Nashiruddin,Dosen,"Fakultas Sains, Teknologi, & Kesehatan",Keperawatan,,TRX001447,BK00454,9/11/2023,9/25/2023,9/24/2023,Dikembalikan
3441,USR00374,Elisa Nashiruddin,Dosen,"Fakultas Sains, Teknologi, & Kesehatan",Keperawatan,,TRX001554,BK00076,11/14/2023,11/28/2023,11/23/2023,Dikembalikan
3442,USR00374,Elisa Nashiruddin,Dosen,"Fakultas Sains, Teknologi, & Kesehatan",Keperawatan,,TRX001778,BK00141,8/25/2024,9/8/2024,9/12/2024,Terlambat
3443,USR00374,Elisa Nashiruddin,Dosen,"Fakultas Sains, Teknologi, & Kesehatan",Keperawatan,,TRX001834,BK00523,4/10/2024,4/24/2024,4/13/2024,Dikembalikan
3444,USR00374,Elisa Nashiruddin,Dosen,"Fakultas Sains, Teknologi, & Kesehatan",Keperawatan,,TRX002426,BK00040,3/10/2025,3/24/2025,3/15/2025,Dikembalikan
3445,USR00374,Elisa Nashiruddin,Dosen,"Fakultas Sains, Teknologi, & Kesehatan",Keperawatan,,TRX003215,BK00552,4/10/2024,4/24/2024,4/22/2024,Dikembalikan
3446,USR00375,Cayadi Maryadi,Dosen,"Fakultas Sosial, Humaniora, & Seni",Desain Komunikasi Visual,,TRX000543,BK00812,3/1/2023,3/15/2023,3/8/2023,Dikembalikan
3447,USR00375,Cayadi Maryadi,Dosen,"Fakultas Sosial, Humaniora, & Seni",Desain Komunikasi Visual,,TRX000642,BK00800,10/9/2024,10/23/2024,10/12/2024,Dikembalikan
3448,USR00375,Cayadi Maryadi,Dosen,"Fakultas Sosial, Humaniora, & Seni",Desain Komunikasi Visual,,TRX001183,BK00814,9/14/2025,9/28/2025,10/3/2025,Terlambat
3449,USR00375,Cayadi Maryadi,Dosen,"Fakultas Sosial, Humaniora, & Seni",Desain Komunikasi Visual,,TRX001185,BK00923,2/16/2025,3/2/2025,2/28/2025,Dikembalikan
3450,USR00375,Cayadi Maryadi,Dosen,"Fakultas Sosial, Humaniora, & Seni",Desain Komunikasi Visual,,TRX001211,BK01302,7/1/2024,7/15/2024,7/5/2024,Dikembalikan
3451,USR00375,Cayadi Maryadi,Dosen,"Fakultas Sosial, Humaniora, & Seni",Desain Komunikasi Visual,,TRX001543,BK00922,5/3/2023,5/17/2023,5/12/2023,Dikembalikan
3452,USR00375,Cayadi Maryadi,Dosen,"Fakultas Sosial, Humaniora, & Seni",Desain Komunikasi Visual,,TRX001631,BK00902,3/16/2025,3/30/2025,3/23/2025,Dikembalikan
3453,USR00375,Cayadi Maryadi,Dosen,"Fakultas Sosial, Humaniora, & Seni",Desain Komunikasi Visual,,TRX001762,BK00849,8/11/2025,8/25/2025,8/24/2025,Dikembalikan
3454,USR00375,Cayadi Maryadi,Dosen,"Fakultas Sosial, Humaniora, & Seni",Desain Komunikasi Visual,,TRX002323,BK01324,9/3/2025,9/17/2025,9/20/2025,Terlambat
3455,USR00375,Cayadi Maryadi,Dosen,"Fakultas Sosial, Humaniora, & Seni",Desain Komunikasi Visual,,TRX002814,BK00935,1/26/2025,2/9/2025,2/10/2025,Terlambat
3456,USR00375,Cayadi Maryadi,Dosen,"Fakultas Sosial, Humaniora, & Seni",Desain Komunikasi Visual,,TRX002876,BK00924,5/13/2024,5/27/2024,5/28/2024,Terlambat
3457,USR00376,Elvina Hartati,Dosen,"Fakultas Sains, Teknologi, & Kesehatan",Keperawatan,,TRX000510,BK00687,1/7/2025,1/21/2025,1/17/2025,Dikembalikan
3458,USR00376,Elvina Hartati,Dosen,"Fakultas Sains, Teknologi, & Kesehatan",Keperawatan,,TRX000720,BK00698,5/3/2024,5/17/2024,5/20/2024,Terlambat
3459,USR00376,Elvina Hartati,Dosen,"Fakultas Sains, Teknologi, & Kesehatan",Keperawatan,,TRX000887,BK00933,4/19/2024,5/3/2024,5/7/2024,Terlambat
3460,USR00376,Elvina Hartati,Dosen,"Fakultas Sains, Teknologi, & Kesehatan",Keperawatan,,TRX001089,BK00325,2/8/2024,2/22/2024,2/25/2024,Terlambat
3461,USR00376,Elvina Hartati,Dosen,"Fakultas Sains, Teknologi, & Kesehatan",Keperawatan,,TRX001380,BK01147,9/4/2023,9/18/2023,9/13/2023,Dikembalikan
3462,USR00376,Elvina Hartati,Dosen,"Fakultas Sains, Teknologi, & Kesehatan",Keperawatan,,TRX001383,BK00521,6/28/2024,7/12/2024,7/17/2024,Terlambat
3463,USR00376,Elvina Hartati,Dosen,"Fakultas Sains, Teknologi, & Kesehatan",Keperawatan,,TRX001528,BK00013,7/10/2025,7/24/2025,7/29/2025,Terlambat
3464,USR00376,Elvina Hartati,Dosen,"Fakultas Sains, Teknologi, & Kesehatan",Keperawatan,,TRX002266,BK00481,7/1/2024,7/15/2024,7/12/2024,Dikembalikan
3465,USR00376,Elvina Hartati,Dosen,"Fakultas Sains, Teknologi, & Kesehatan",Keperawatan,,TRX002362,BK00499,6/9/2024,6/23/2024,6/12/2024,Dikembalikan
3466,USR00376,Elvina Hartati,Dosen,"Fakultas Sains, Teknologi, & Kesehatan",Keperawatan,,TRX002439,BK00760,11/19/2024,12/3/2024,11/29/2024,Dikembalikan
3467,USR00376,Elvina Hartati,Dosen,"Fakultas Sains, Teknologi, & Kesehatan",Keperawatan,,TRX002526,BK00539,9/12/2025,9/26/2025,9/25/2025,Dikembalikan
3468,USR00376,Elvina Hartati,Dosen,"Fakultas Sains, Teknologi, & Kesehatan",Keperawatan,,TRX002687,BK00505,2/23/2024,3/8/2024,3/5/2024,Dikembalikan
3469,USR00376,Elvina Hartati,Dosen,"Fakultas Sains, Teknologi, & Kesehatan",Keperawatan,,TRX002852,BK00092,10/2/2024,10/16/2024,10/13/2024,Dikembalikan
3470,USR00376,Elvina Hartati,Dosen,"Fakultas Sains, Teknologi, & Kesehatan",Keperawatan,,TRX002937,BK00545,5/14/2025,5/28/2025,6/3/2025,Terlambat
3471,USR00376,Elvina Hartati,Dosen,"Fakultas Sains, Teknologi, & Kesehatan",Keperawatan,,TRX003276,BK00523,6/25/2024,7/9/2024,6/30/2024,Dikembalikan
3472,USR00377,Natalia Wahyuni,Dosen,"Fakultas Sains, Teknologi, & Kesehatan",Informatika,,TRX000027,BK00214,6/15/2023,6/29/2023,6/18/2023,Dikembalikan
3473,USR00377,Natalia Wahyuni,Dosen,"Fakultas Sains, Teknologi, & Kesehatan",Informatika,,TRX000919,BK00169,5/13/2023,5/27/2023,6/1/2023,Terlambat
3474,USR00377,Natalia Wahyuni,Dosen,"Fakultas Sains, Teknologi, & Kesehatan",Informatika,,TRX000970,BK00074,10/23/2023,11/6/2023,10/29/2023,Dikembalikan
3475,USR00377,Natalia Wahyuni,Dosen,"Fakultas Sains, Teknologi, & Kesehatan",Informatika,,TRX001361,BK00133,9/6/2024,9/20/2024,9/10/2024,Dikembalikan
3476,USR00377,Natalia Wahyuni,Dosen,"Fakultas Sains, Teknologi, & Kesehatan",Informatika,,TRX002070,BK00065,3/16/2023,3/30/2023,3/26/2023,Dikembalikan
3477,USR00377,Natalia Wahyuni,Dosen,"Fakultas Sains, Teknologi, & Kesehatan",Informatika,,TRX002294,BK00210,10/23/2024,11/6/2024,11/1/2024,Dikembalikan
3478,USR00377,Natalia Wahyuni,Dosen,"Fakultas Sains, Teknologi, & Kesehatan",Informatika,,TRX002710,BK00133,6/22/2024,7/6/2024,7/3/2024,Dikembalikan
3479,USR00377,Natalia Wahyuni,Dosen,"Fakultas Sains, Teknologi, & Kesehatan",Informatika,,TRX003282,BK00140,12/1/2025,12/15/2025,12/4/2025,Dikembalikan
3480,USR00377,Natalia Wahyuni,Dosen,"Fakultas Sains, Teknologi, & Kesehatan",Informatika,,TRX003306,BK00633,11/21/2023,12/5/2023,11/25/2023,Dikembalikan
3481,USR00378,Ira Wacana,Dosen,"Fakultas Sains, Teknologi, & Kesehatan",Keperawatan,,TRX000125,BK00521,12/16/2023,12/30/2023,12/31/2023,Terlambat
3482,USR00378,Ira Wacana,Dosen,"Fakultas Sains, Teknologi, & Kesehatan",Keperawatan,,TRX000216,BK00533,6/29/2025,7/13/2025,7/5/2025,Dikembalikan
3483,USR00378,Ira Wacana,Dosen,"Fakultas Sains, Teknologi, & Kesehatan",Keperawatan,,TRX000533,BK01256,11/19/2025,12/3/2025,11/24/2025,Dikembalikan
3484,USR00378,Ira Wacana,Dosen,"Fakultas Sains, Teknologi, & Kesehatan",Keperawatan,,TRX000817,BK00434,1/21/2025,2/4/2025,1/28/2025,Dikembalikan
3485,USR00378,Ira Wacana,Dosen,"Fakultas Sains, Teknologi, & Kesehatan",Keperawatan,,TRX000934,BK00714,1/3/2023,1/17/2023,1/6/2023,Dikembalikan
3486,USR00378,Ira Wacana,Dosen,"Fakultas Sains, Teknologi, & Kesehatan",Keperawatan,,TRX001587,BK00539,8/31/2024,9/14/2024,9/10/2024,Dikembalikan
3487,USR00378,Ira Wacana,Dosen,"Fakultas Sains, Teknologi, & Kesehatan",Keperawatan,,TRX002235,BK00724,6/15/2025,6/29/2025,6/21/2025,Dikembalikan
3488,USR00378,Ira Wacana,Dosen,"Fakultas Sains, Teknologi, & Kesehatan",Keperawatan,,TRX002567,BK00476,8/5/2024,8/19/2024,8/23/2024,Terlambat
3489,USR00378,Ira Wacana,Dosen,"Fakultas Sains, Teknologi, & Kesehatan",Keperawatan,,TRX002692,BK00507,5/22/2025,6/5/2025,6/3/2025,Dikembalikan
3490,USR00379,Prakosa Sihotang,Dosen,"Fakultas Sosial, Humaniora, & Seni",Ilmu Komunikasi,,TRX000804,BK01295,7/6/2023,7/20/2023,7/21/2023,Terlambat
3491,USR00379,Prakosa Sihotang,Dosen,"Fakultas Sosial, Humaniora, & Seni",Ilmu Komunikasi,,TRX001131,BK01362,9/18/2023,10/2/2023,9/24/2023,Dikembalikan
3492,USR00380,Puti Kayla Dabukke,Dosen,"Fakultas Sains, Teknologi, & Kesehatan",Profesi Ners,,TRX000320,BK00780,8/11/2024,8/25/2024,8/31/2024,Terlambat
3493,USR00380,Puti Kayla Dabukke,Dosen,"Fakultas Sains, Teknologi, & Kesehatan",Profesi Ners,,TRX000338,BK00742,1/20/2025,2/3/2025,1/31/2025,Dikembalikan
3494,USR00380,Puti Kayla Dabukke,Dosen,"Fakultas Sains, Teknologi, & Kesehatan",Profesi Ners,,TRX001765,BK00565,1/9/2025,1/23/2025,1/30/2025,Terlambat
3495,USR00380,Puti Kayla Dabukke,Dosen,"Fakultas Sains, Teknologi, & Kesehatan",Profesi Ners,,TRX002617,BK00418,10/11/2024,10/25/2024,10/23/2024,Dikembalikan
3496,USR00380,Puti Kayla Dabukke,Dosen,"Fakultas Sains, Teknologi, & Kesehatan",Profesi Ners,,TRX002748,BK00762,9/17/2023,10/1/2023,10/7/2023,Terlambat
3497,USR00380,Puti Kayla Dabukke,Dosen,"Fakultas Sains, Teknologi, & Kesehatan",Profesi Ners,,TRX003001,BK00758,8/1/2024,8/15/2024,8/5/2024,Dikembalikan
3498,USR00380,Puti Kayla Dabukke,Dosen,"Fakultas Sains, Teknologi, & Kesehatan",Profesi Ners,,TRX003023,BK00676,6/28/2025,7/12/2025,7/1/2025,Dikembalikan
3499,USR00380,Puti Kayla Dabukke,Dosen,"Fakultas Sains, Teknologi, & Kesehatan",Profesi Ners,,TRX003412,BK00784,9/6/2024,9/20/2024,9/15/2024,Dikembalikan
