id_transaksi,id_user,id_buku,tanggal_pinjam,tanggal_kembali_rencana,tanggal_kembali_aktual,status,lama_waktu_pinjam(hari)
TRX000001,USR00267,BK00570,1/30/2024,2/13/2024,2/16/2024,Terlambat,17
TRX000002,USR00299,BK00721,10/27/2024,11/10/2024,11/1/2024,Dikembalikan,5
TRX000003,USR00102,BK00855,2/28/2025,3/14/2025,3/5/2025,Dikembalikan,5
TRX000004,USR00053,BK01005,5/25/2023,6/8/2023,5/28/2023,Dikembalikan,3
TRX000005,USR00132,BK00478,7/1/2024,7/15/2024,7/9/2024,Dikembalikan,8
TRX000006,USR00328,BK00452,3/14/2023,3/28/2023,3/22/2023,Dikembalikan,8
TRX000007,USR00373,BK00911,12/21/2023,1/4/2024,12/29/2023,Dikembalikan,8
TRX000008,USR00158,BK00652,5/27/2024,6/10/2024,6/1/2024,Dikembalikan,5
TRX000009,USR00156,BK00303,2/3/2023,2/17/2023,2/13/2023,Dikembalikan,10
TRX000010,USR00137,BK00356,11/1/2023,11/15/2023,11/13/2023,Dikembalikan,12
TRX000011,USR00215,BK01170,7/7/2024,7/21/2024,7/23/2024,Terlambat,16
TRX000012,USR00203,BK00987,4/16/2024,4/30/2024,4/26/2024,Dikembalikan,10
TRX000013,USR00225,BK00692,6/12/2025,6/26/2025,6/23/2025,Dikembalikan,11
TRX000014,USR00223,BK00781,8/12/2024,8/26/2024,8/20/2024,Dikembalikan,8
TRX000015,USR00086,BK00338,11/6/2024,11/20/2024,11/19/2024,Dikembalikan,13
TRX000016,USR00156,BK00282,12/12/2024,12/26/2024,12/20/2024,Dikembalikan,8
TRX000017,USR00038,BK00027,12/7/2025,12/21/2025,12/21/2025,Dikembalikan,14
TRX000018,USR00174,BK00519,9/9/2025,9/23/2025,9/12/2025,Dikembalikan,3
TRX000019,USR00115,BK00663,5/14/2025,5/28/2025,5/26/2025,Dikembalikan,12
TRX000020,USR00039,BK01017,4/9/2025,4/23/2025,4/22/2025,Dikembalikan,13
TRX000021,USR00349,BK00871,12/7/2025,12/21/2025,12/16/2025,Dikembalikan,9
TRX000022,USR00372,BK01190,11/27/2024,12/11/2024,12/8/2024,Dikembalikan,11
TRX000023,USR00292,BK00600,8/6/2024,8/20/2024,8/21/2024,Terlambat,15
TRX000024,USR00074,BK01226,5/30/2025,6/13/2025,6/16/2025,Terlambat,17
TRX000025,USR00005,BK01174,4/16/2025,4/30/2025,4/22/2025,Dikembalikan,6
TRX000026,USR00212,BK00958,4/16/2023,4/30/2023,4/21/2023,Dikembalikan,5
TRX000027,USR00377,BK00214,6/15/2023,6/29/2023,6/18/2023,Dikembalikan,3
TRX000028,USR00161,BK00816,7/6/2025,7/20/2025,7/12/2025,Dikembalikan,6
TRX000029,USR00350,BK01023,10/29/2024,11/12/2024,11/1/2024,Dikembalikan,3
TRX000030,USR00337,BK01218,2/10/2023,2/24/2023,2/16/2023,Dikembalikan,6
TRX000031,USR00113,BK00495,2/23/2024,3/8/2024,3/6/2024,Dikembalikan,12
TRX000032,USR00127,BK00260,1/23/2025,2/6/2025,2/8/2025,Terlambat,16
TRX000033,USR00285,BK01286,7/23/2024,8/6/2024,8/5/2024,Dikembalikan,13
TRX000034,USR00313,BK00902,4/17/2025,5/1/2025,5/3/2025,Terlambat,16
TRX000035,USR00156,BK00313,9/19/2025,10/3/2025,10/2/2025,Dikembalikan,13
TRX000036,USR00064,BK01222,6/25/2024,7/9/2024,7/3/2024,Dikembalikan,8
TRX000037,USR00026,BK00734,12/10/2023,12/24/2023,12/23/2023,Dikembalikan,13
TRX000038,USR00156,BK00276,9/24/2023,10/8/2023,10/7/2023,Dikembalikan,13
TRX000039,USR00183,BK00867,10/24/2024,11/7/2024,11/11/2024,Terlambat,18
TRX000040,USR00016,BK01225,11/19/2025,12/3/2025,11/24/2025,Dikembalikan,5
TRX000041,USR00172,BK01296,5/25/2024,6/8/2024,6/13/2024,Terlambat,19
TRX000042,USR00103,BK00631,4/17/2023,5/1/2023,5/2/2023,Terlambat,15
TRX000043,USR00367,BK01160,2/14/2023,2/28/2023,2/19/2023,Dikembalikan,5
TRX000044,USR00240,BK00638,11/13/2024,11/27/2024,11/18/2024,Dikembalikan,5
TRX000045,USR00149,BK01047,1/4/2023,1/18/2023,1/16/2023,Dikembalikan,12
TRX000046,USR00050,BK00749,10/29/2023,11/12/2023,11/16/2023,Terlambat,18
TRX000047,USR00047,BK00051,4/10/2023,4/24/2023,4/19/2023,Dikembalikan,9
TRX000048,USR00056,BK01209,5/15/2025,5/29/2025,5/24/2025,Dikembalikan,9
TRX000049,USR00278,BK01260,4/5/2025,4/19/2025,4/24/2025,Terlambat,19
TRX000050,USR00109,BK00625,4/21/2024,5/5/2024,4/27/2024,Dikembalikan,6
TRX000051,USR00034,BK00666,1/29/2025,2/12/2025,2/15/2025,Terlambat,17
TRX000052,USR00213,BK00415,7/7/2025,7/21/2025,7/17/2025,Dikembalikan,10
TRX000053,USR00124,BK01233,9/9/2024,9/23/2024,9/20/2024,Dikembalikan,11
TRX000054,USR00308,BK00071,12/21/2023,1/4/2024,1/6/2024,Terlambat,16
TRX000055,USR00190,BK00028,6/29/2025,7/13/2025,7/19/2025,Terlambat,20
TRX000056,USR00349,BK00861,10/12/2025,10/26/2025,10/23/2025,Dikembalikan,11
TRX000057,USR00343,BK00365,2/5/2025,2/19/2025,2/16/2025,Dikembalikan,11
TRX000058,USR00220,BK00982,8/7/2024,8/21/2024,8/26/2024,Terlambat,19
TRX000059,USR00038,BK00632,1/25/2024,2/8/2024,2/11/2024,Terlambat,17
TRX000060,USR00128,BK01269,2/26/2023,3/12/2023,3/8/2023,Dikembalikan,10
TRX000061,USR00193,BK01277,2/21/2023,3/7/2023,3/4/2023,Dikembalikan,11
TRX000062,USR00170,BK00104,5/12/2025,5/26/2025,5/29/2025,Terlambat,17
TRX000063,USR00066,BK01091,9/2/2024,9/16/2024,9/7/2024,Dikembalikan,5
TRX000064,USR00276,BK00887,3/1/2024,3/15/2024,3/5/2024,Dikembalikan,4
TRX000065,USR00153,BK00458,4/6/2023,4/20/2023,4/27/2023,Terlambat,21
TRX000066,USR00352,BK00885,4/17/2025,5/1/2025,5/1/2025,Dikembalikan,14
TRX000067,USR00115,BK01088,6/23/2024,7/7/2024,7/6/2024,Dikembalikan,13
TRX000068,USR00069,BK01328,5/15/2025,5/29/2025,5/29/2025,Dikembalikan,14
TRX000069,USR00205,BK01044,9/24/2023,10/8/2023,10/10/2023,Terlambat,16
TRX000070,USR00261,BK00847,1/28/2023,2/11/2023,2/1/2023,Dikembalikan,4
TRX000071,USR00069,BK00263,6/11/2023,6/25/2023,6/16/2023,Dikembalikan,5
TRX000072,USR00024,BK01027,5/13/2025,5/27/2025,5/18/2025,Dikembalikan,5
TRX000073,USR00013,BK01033,10/5/2024,10/19/2024,10/10/2024,Dikembalikan,5
TRX000074,USR00268,BK00261,10/25/2025,11/8/2025,11/3/2025,Dikembalikan,9
TRX000075,USR00344,BK00946,4/2/2025,4/16/2025,4/18/2025,Terlambat,16
TRX000076,USR00245,BK00973,7/10/2023,7/24/2023,7/29/2023,Terlambat,19
TRX000077,USR00312,BK00549,1/1/2023,1/15/2023,1/12/2023,Dikembalikan,11
TRX000078,USR00318,BK01000,4/22/2025,5/6/2025,5/7/2025,Terlambat,15
TRX000079,USR00367,BK01059,2/24/2025,3/10/2025,3/16/2025,Terlambat,20
TRX000080,USR00325,BK00222,2/2/2023,2/16/2023,2/16/2023,Dikembalikan,14
TRX000081,USR00239,BK00978,2/6/2025,2/20/2025,2/9/2025,Dikembalikan,3
TRX000082,USR00193,BK01242,4/21/2024,5/5/2024,5/1/2024,Dikembalikan,10
TRX000083,USR00322,BK00936,10/13/2025,10/27/2025,10/29/2025,Terlambat,16
TRX000084,USR00202,BK01216,10/8/2024,10/22/2024,10/19/2024,Dikembalikan,11
TRX000085,USR00151,BK01273,12/31/2025,1/14/2026,,Dipinjam,belum_kembali
TRX000086,USR00287,BK00005,5/18/2023,6/1/2023,5/29/2023,Dikembalikan,11
TRX000087,USR00316,BK00290,12/25/2025,1/8/2026,,Dipinjam,belum_kembali
TRX000088,USR00349,BK00937,9/19/2025,10/3/2025,10/1/2025,Dikembalikan,12
TRX000089,USR00152,BK00701,6/2/2024,6/16/2024,6/19/2024,Terlambat,17
TRX000090,USR00024,BK00946,6/18/2024,7/2/2024,7/5/2024,Terlambat,17
TRX000091,USR00051,BK00061,11/1/2024,11/15/2024,11/12/2024,Dikembalikan,11
TRX000092,USR00282,BK01330,12/7/2023,12/21/2023,12/17/2023,Dikembalikan,10
TRX000093,USR00364,BK00110,1/1/2025,1/15/2025,1/6/2025,Dikembalikan,5
TRX000094,USR00129,BK00871,4/12/2025,4/26/2025,4/28/2025,Terlambat,16
TRX000095,USR00364,BK00074,7/15/2023,7/29/2023,7/24/2023,Dikembalikan,9
TRX000096,USR00132,BK00488,1/18/2023,2/1/2023,1/25/2023,Dikembalikan,7
TRX000097,USR00299,BK00738,10/13/2024,10/27/2024,11/2/2024,Terlambat,20
TRX000098,USR00195,BK00334,12/10/2023,12/24/2023,12/16/2023,Dikembalikan,6
TRX000099,USR00222,BK00447,12/6/2025,12/20/2025,12/18/2025,Dikembalikan,12
TRX000100,USR00223,BK00626,6/5/2023,6/19/2023,6/13/2023,Dikembalikan,8
TRX000101,USR00192,BK00805,11/7/2024,11/21/2024,11/21/2024,Dikembalikan,14
TRX000102,USR00182,BK00504,8/15/2023,8/29/2023,8/30/2023,Terlambat,15
TRX000103,USR00334,BK01189,7/18/2023,8/1/2023,8/8/2023,Terlambat,21
TRX000104,USR00243,BK00991,7/7/2023,7/21/2023,7/27/2023,Terlambat,20
TRX000105,USR00133,BK00814,4/24/2023,5/8/2023,5/3/2023,Dikembalikan,9
TRX000106,USR00198,BK00714,2/27/2025,3/13/2025,3/8/2025,Dikembalikan,9
TRX000107,USR00275,BK00506,12/21/2023,1/4/2024,1/2/2024,Dikembalikan,12
TRX000108,USR00089,BK00455,8/6/2025,8/20/2025,8/16/2025,Dikembalikan,10
TRX000109,USR00167,BK00985,7/28/2023,8/11/2023,8/5/2023,Dikembalikan,8
TRX000110,USR00035,BK00257,8/27/2024,9/10/2024,9/1/2024,Dikembalikan,5
TRX000111,USR00153,BK00467,6/30/2023,7/14/2023,7/9/2023,Dikembalikan,9
TRX000112,USR00173,BK00482,2/5/2024,2/19/2024,2/9/2024,Dikembalikan,4
TRX000113,USR00077,BK01211,1/24/2024,2/7/2024,1/28/2024,Dikembalikan,4
TRX000114,USR00185,BK00773,6/22/2025,7/6/2025,7/12/2025,Terlambat,20
TRX000115,USR00204,BK00061,4/14/2025,4/28/2025,4/28/2025,Dikembalikan,14
TRX000116,USR00131,BK00724,10/16/2024,10/30/2024,11/2/2024,Terlambat,17
TRX000117,USR00068,BK00054,10/28/2024,11/11/2024,11/9/2024,Dikembalikan,12
TRX000118,USR00298,BK00496,7/21/2023,8/4/2023,7/28/2023,Dikembalikan,7
TRX000119,USR00235,BK00851,6/30/2024,7/14/2024,7/13/2024,Dikembalikan,13
TRX000120,USR00356,BK01038,7/30/2023,8/13/2023,8/2/2023,Dikembalikan,3
TRX000121,USR00178,BK00251,2/22/2025,3/8/2025,3/9/2025,Terlambat,15
TRX000122,USR00262,BK01285,12/14/2025,12/28/2025,12/21/2025,Dikembalikan,7
TRX000123,USR00207,BK01276,9/10/2023,9/24/2023,9/25/2023,Terlambat,15
TRX000124,USR00157,BK01292,11/8/2023,11/22/2023,11/13/2023,Dikembalikan,5
TRX000125,USR00378,BK00521,12/16/2023,12/30/2023,12/31/2023,Terlambat,15
TRX000126,USR00348,BK00622,10/27/2023,11/10/2023,10/30/2023,Dikembalikan,3
TRX000127,USR00212,BK01007,1/8/2023,1/22/2023,1/11/2023,Dikembalikan,3
TRX000128,USR00366,BK00914,12/21/2024,1/4/2025,1/8/2025,Terlambat,18
TRX000129,USR00239,BK01026,2/17/2024,3/2/2024,2/25/2024,Dikembalikan,8
TRX000130,USR00343,BK01019,7/1/2024,7/15/2024,7/21/2024,Terlambat,20
TRX000131,USR00339,BK01215,8/6/2025,8/20/2025,8/12/2025,Dikembalikan,6
TRX000132,USR00341,BK01371,4/2/2023,4/16/2023,4/15/2023,Dikembalikan,13
TRX000133,USR00221,BK01354,10/29/2023,11/12/2023,11/17/2023,Terlambat,19
TRX000134,USR00098,BK00326,12/22/2023,1/5/2024,12/30/2023,Dikembalikan,8
TRX000135,USR00169,BK01142,9/4/2025,9/18/2025,9/15/2025,Dikembalikan,11
TRX000136,USR00138,BK01338,11/29/2024,12/13/2024,12/3/2024,Dikembalikan,4
TRX000137,USR00145,BK01346,10/26/2025,11/9/2025,11/16/2025,Terlambat,21
TRX000138,USR00139,BK01056,6/15/2024,6/29/2024,6/24/2024,Dikembalikan,9
TRX000139,USR00350,BK00972,6/2/2025,6/16/2025,6/9/2025,Dikembalikan,7
TRX000140,USR00082,BK01374,2/19/2025,3/5/2025,3/5/2025,Dikembalikan,14
TRX000141,USR00054,BK00273,5/1/2024,5/15/2024,5/6/2024,Dikembalikan,5
TRX000142,USR00356,BK01218,10/10/2023,10/24/2023,10/31/2023,Terlambat,21
TRX000143,USR00295,BK00118,2/21/2025,3/7/2025,2/24/2025,Dikembalikan,3
TRX000144,USR00177,BK00776,7/4/2025,7/18/2025,7/9/2025,Dikembalikan,5
TRX000145,USR00068,BK00020,11/8/2025,11/22/2025,11/11/2025,Dikembalikan,3
TRX000146,USR00040,BK01091,6/9/2024,6/23/2024,6/28/2024,Terlambat,19
TRX000147,USR00183,BK01374,12/12/2023,12/26/2023,1/2/2024,Terlambat,21
TRX000148,USR00117,BK01282,9/7/2023,9/21/2023,9/18/2023,Dikembalikan,11
TRX000149,USR00371,BK01171,4/22/2024,5/6/2024,5/4/2024,Dikembalikan,12
TRX000150,USR00244,BK00381,4/17/2025,5/1/2025,5/5/2025,Terlambat,18
TRX000151,USR00132,BK00503,9/16/2023,9/30/2023,10/1/2023,Terlambat,15
TRX000152,USR00297,BK01195,12/18/2025,1/1/2026,,Dipinjam,belum_kembali
TRX000153,USR00234,BK01139,11/10/2024,11/24/2024,11/25/2024,Terlambat,15
TRX000154,USR00045,BK00671,1/22/2025,2/5/2025,2/11/2025,Terlambat,20
TRX000155,USR00359,BK00990,11/22/2023,12/6/2023,12/11/2023,Terlambat,19
TRX000156,USR00118,BK01164,1/4/2023,1/18/2023,1/10/2023,Dikembalikan,6
TRX000157,USR00143,BK00353,6/13/2025,6/27/2025,7/2/2025,Terlambat,19
TRX000158,USR00204,BK00058,5/15/2025,5/29/2025,6/2/2025,Terlambat,18
TRX000159,USR00092,BK00288,3/28/2025,4/11/2025,4/8/2025,Dikembalikan,11
TRX000160,USR00004,BK01061,7/28/2024,8/11/2024,8/18/2024,Terlambat,21
TRX000161,USR00060,BK00410,4/18/2024,5/2/2024,5/2/2024,Dikembalikan,14
TRX000162,USR00324,BK01087,10/22/2024,11/5/2024,11/5/2024,Dikembalikan,14
TRX000163,USR00372,BK00853,11/21/2023,12/5/2023,12/10/2023,Terlambat,19
TRX000164,USR00099,BK01225,7/20/2024,8/3/2024,7/25/2024,Dikembalikan,5
TRX000165,USR00006,BK00850,12/14/2025,12/28/2025,12/29/2025,Terlambat,15
TRX000166,USR00303,BK00701,11/17/2023,12/1/2023,12/3/2023,Terlambat,16
TRX000167,USR00124,BK01307,8/30/2023,9/13/2023,9/17/2023,Terlambat,18
TRX000168,USR00269,BK00090,12/29/2024,1/12/2025,1/11/2025,Dikembalikan,13
TRX000169,USR00013,BK01048,8/17/2023,8/31/2023,9/1/2023,Terlambat,15
TRX000170,USR00128,BK01233,4/13/2023,4/27/2023,5/4/2023,Terlambat,21
TRX000171,USR00020,BK00491,5/5/2023,5/19/2023,5/11/2023,Dikembalikan,6
TRX000172,USR00181,BK00532,8/31/2025,9/14/2025,9/7/2025,Dikembalikan,7
TRX000173,USR00079,BK00773,3/16/2024,3/30/2024,3/28/2024,Dikembalikan,12
TRX000174,USR00073,BK00515,2/20/2025,3/6/2025,3/8/2025,Terlambat,16
TRX000175,USR00005,BK01224,6/11/2025,6/25/2025,6/15/2025,Dikembalikan,4
TRX000176,USR00036,BK00519,11/2/2025,11/16/2025,11/6/2025,Dikembalikan,4
TRX000177,USR00166,BK01313,1/11/2023,1/25/2023,1/16/2023,Dikembalikan,5
TRX000178,USR00146,BK00328,6/17/2025,7/1/2025,6/27/2025,Dikembalikan,10
TRX000179,USR00112,BK00400,8/2/2023,8/16/2023,8/16/2023,Dikembalikan,14
TRX000180,USR00014,BK01361,12/7/2024,12/21/2024,12/17/2024,Dikembalikan,10
TRX000181,USR00242,BK00306,9/19/2025,10/3/2025,9/30/2025,Dikembalikan,11
TRX000182,USR00025,BK00330,4/5/2025,4/19/2025,4/12/2025,Dikembalikan,7
TRX000183,USR00122,BK01174,3/20/2025,4/3/2025,4/1/2025,Dikembalikan,12
TRX000184,USR00276,BK01308,12/22/2025,1/5/2026,,Dipinjam,belum_kembali
TRX000185,USR00113,BK00548,10/23/2025,11/6/2025,11/6/2025,Dikembalikan,14
TRX000186,USR00027,BK00165,1/1/2025,1/15/2025,1/14/2025,Dikembalikan,13
TRX000187,USR00293,BK00681,3/21/2024,4/4/2024,4/10/2024,Terlambat,20
TRX000188,USR00230,BK00728,10/17/2024,10/31/2024,11/6/2024,Terlambat,20
TRX000189,USR00090,BK01338,6/16/2024,6/30/2024,6/25/2024,Dikembalikan,9
TRX000190,USR00327,BK00536,11/14/2025,11/28/2025,11/25/2025,Dikembalikan,11
TRX000191,USR00132,BK00500,9/11/2025,9/25/2025,9/24/2025,Dikembalikan,13
TRX000192,USR00269,BK00014,10/30/2025,11/13/2025,11/4/2025,Dikembalikan,5
TRX000193,USR00028,BK00363,9/4/2024,9/18/2024,9/10/2024,Dikembalikan,6
TRX000194,USR00280,BK00745,11/25/2024,12/9/2024,12/4/2024,Dikembalikan,9
TRX000195,USR00136,BK00909,12/31/2023,1/14/2024,1/19/2024,Terlambat,19
TRX000196,USR00118,BK01027,11/25/2025,12/9/2025,12/8/2025,Dikembalikan,13
TRX000197,USR00211,BK01008,6/30/2025,7/14/2025,7/16/2025,Terlambat,16
TRX000198,USR00244,BK00387,9/12/2025,9/26/2025,9/15/2025,Dikembalikan,3
TRX000199,USR00241,BK00996,9/18/2024,10/2/2024,9/28/2024,Dikembalikan,10
TRX000200,USR00080,BK00417,10/5/2025,10/19/2025,10/11/2025,Dikembalikan,6
TRX000201,USR00191,BK01235,1/6/2023,1/20/2023,1/27/2023,Terlambat,21
TRX000202,USR00308,BK00705,9/24/2025,10/8/2025,10/9/2025,Terlambat,15
TRX000203,USR00130,BK00641,9/3/2024,9/17/2024,9/9/2024,Dikembalikan,6
TRX000204,USR00317,BK00685,4/15/2023,4/29/2023,4/19/2023,Dikembalikan,4
TRX000205,USR00306,BK00020,7/20/2025,8/3/2025,7/30/2025,Dikembalikan,10
TRX000206,USR00108,BK00636,5/7/2024,5/21/2024,5/12/2024,Dikembalikan,5
TRX000207,USR00144,BK00226,9/17/2025,10/1/2025,9/24/2025,Dikembalikan,7
TRX000208,USR00048,BK01332,4/1/2025,4/15/2025,4/12/2025,Dikembalikan,11
TRX000209,USR00247,BK00198,9/24/2024,10/8/2024,9/30/2024,Dikembalikan,6
TRX000210,USR00111,BK01004,3/14/2024,3/28/2024,3/27/2024,Dikembalikan,13
TRX000211,USR00122,BK01201,12/16/2024,12/30/2024,1/5/2025,Terlambat,20
TRX000212,USR00073,BK00041,12/5/2024,12/19/2024,12/23/2024,Terlambat,18
TRX000213,USR00312,BK00493,1/11/2025,1/25/2025,1/30/2025,Terlambat,19
TRX000214,USR00297,BK01179,8/29/2023,9/12/2023,9/7/2023,Dikembalikan,9
TRX000215,USR00300,BK01127,9/10/2024,9/24/2024,9/27/2024,Terlambat,17
TRX000216,USR00378,BK00533,6/29/2025,7/13/2025,7/5/2025,Dikembalikan,6
TRX000217,USR00106,BK00161,9/28/2025,10/12/2025,10/8/2025,Dikembalikan,10
TRX000218,USR00247,BK00196,10/16/2024,10/30/2024,11/6/2024,Terlambat,21
TRX000219,USR00057,BK01266,10/19/2025,11/2/2025,10/31/2025,Dikembalikan,12
TRX000220,USR00135,BK01189,2/22/2023,3/8/2023,3/3/2023,Dikembalikan,9
TRX000221,USR00297,BK01221,6/9/2023,6/23/2023,6/26/2023,Terlambat,17
TRX000222,USR00191,BK00981,3/22/2023,4/5/2023,3/28/2023,Dikembalikan,6
TRX000223,USR00033,BK00213,3/10/2023,3/24/2023,3/28/2023,Terlambat,18
TRX000224,USR00061,BK01146,10/4/2024,10/18/2024,10/10/2024,Dikembalikan,6
TRX000225,USR00121,BK00944,4/29/2024,5/13/2024,5/19/2024,Terlambat,20
TRX000226,USR00245,BK00218,5/18/2025,6/1/2025,6/4/2025,Terlambat,17
TRX000227,USR00213,BK00059,5/27/2025,6/10/2025,6/14/2025,Terlambat,18
TRX000228,USR00309,BK01357,12/15/2025,12/29/2025,12/31/2025,Terlambat,16
TRX000229,USR00007,BK00946,7/7/2024,7/21/2024,7/12/2024,Dikembalikan,5
TRX000230,USR00179,BK00555,8/7/2023,8/21/2023,8/16/2023,Dikembalikan,9
TRX000231,USR00186,BK00513,4/7/2023,4/21/2023,4/24/2023,Terlambat,17
TRX000232,USR00015,BK01362,9/26/2024,10/10/2024,10/6/2024,Dikembalikan,10
TRX000233,USR00083,BK00801,10/4/2024,10/18/2024,10/22/2024,Terlambat,18
TRX000234,USR00116,BK00994,4/27/2025,5/11/2025,5/14/2025,Terlambat,17
TRX000235,USR00022,BK00511,7/2/2024,7/16/2024,7/21/2024,Terlambat,19
TRX000236,USR00271,BK00636,4/16/2023,4/30/2023,5/3/2023,Terlambat,17
TRX000237,USR00054,BK01003,6/13/2025,6/27/2025,6/27/2025,Dikembalikan,14
TRX000238,USR00293,BK00594,11/17/2025,12/1/2025,11/25/2025,Dikembalikan,8
TRX000239,USR00369,BK00725,4/30/2024,5/14/2024,5/18/2024,Terlambat,18
TRX000240,USR00259,BK00828,5/20/2023,6/3/2023,5/27/2023,Dikembalikan,7
TRX000241,USR00308,BK00461,12/7/2025,12/21/2025,12/22/2025,Terlambat,15
TRX000242,USR00293,BK00499,9/21/2023,10/5/2023,9/30/2023,Dikembalikan,9
TRX000243,USR00173,BK00551,12/7/2023,12/21/2023,12/20/2023,Dikembalikan,13
TRX000244,USR00169,BK00913,6/19/2023,7/3/2023,6/25/2023,Dikembalikan,6
TRX000245,USR00114,BK01015,11/13/2024,11/27/2024,11/25/2024,Dikembalikan,12
TRX000246,USR00305,BK00292,7/12/2024,7/26/2024,7/27/2024,Terlambat,15
TRX000247,USR00006,BK00914,1/6/2024,1/20/2024,1/20/2024,Dikembalikan,14
TRX000248,USR00352,BK01266,6/6/2023,6/20/2023,6/12/2023,Dikembalikan,6
TRX000249,USR00004,BK00812,12/2/2024,12/16/2024,12/7/2024,Dikembalikan,5
TRX000250,USR00341,BK01340,11/23/2024,12/7/2024,11/30/2024,Dikembalikan,7
TRX000251,USR00176,BK00673,3/19/2024,4/2/2024,4/5/2024,Terlambat,17
TRX000252,USR00358,BK00852,11/16/2025,11/30/2025,11/28/2025,Dikembalikan,12
TRX000253,USR00359,BK01232,10/14/2025,10/28/2025,10/19/2025,Dikembalikan,5
TRX000254,USR00196,BK00598,6/18/2024,7/2/2024,7/7/2024,Terlambat,19
TRX000255,USR00036,BK00730,7/19/2023,8/2/2023,7/25/2023,Dikembalikan,6
TRX000256,USR00344,BK00953,1/24/2023,2/7/2023,2/2/2023,Dikembalikan,9
TRX000257,USR00040,BK01287,8/19/2024,9/2/2024,9/5/2024,Terlambat,17
TRX000258,USR00315,BK00762,5/13/2025,5/27/2025,5/31/2025,Terlambat,18
TRX000259,USR00057,BK01111,2/11/2025,2/25/2025,2/18/2025,Dikembalikan,7
TRX000260,USR00172,BK00859,5/12/2025,5/26/2025,5/30/2025,Terlambat,18
TRX000261,USR00188,BK01128,1/15/2024,1/29/2024,1/21/2024,Dikembalikan,6
TRX000262,USR00146,BK00468,4/12/2023,4/26/2023,4/24/2023,Dikembalikan,12
TRX000263,USR00362,BK01261,4/8/2024,4/22/2024,4/16/2024,Dikembalikan,8
TRX000264,USR00308,BK00109,6/9/2024,6/23/2024,6/25/2024,Terlambat,16
TRX000265,USR00217,BK01141,3/17/2023,3/31/2023,3/30/2023,Dikembalikan,13
TRX000266,USR00187,BK00680,4/17/2024,5/1/2024,4/20/2024,Dikembalikan,3
TRX000267,USR00182,BK00474,3/9/2023,3/23/2023,3/30/2023,Terlambat,21
TRX000268,USR00236,BK00467,2/1/2023,2/15/2023,2/11/2023,Dikembalikan,10
TRX000269,USR00112,BK00544,8/23/2023,9/6/2023,9/9/2023,Terlambat,17
TRX000270,USR00270,BK00078,2/4/2025,2/18/2025,2/24/2025,Terlambat,20
TRX000271,USR00294,BK00057,10/19/2023,11/2/2023,11/9/2023,Terlambat,21
TRX000272,USR00045,BK00705,8/30/2023,9/13/2023,9/12/2023,Dikembalikan,13
TRX000273,USR00039,BK01025,3/26/2025,4/9/2025,4/2/2025,Dikembalikan,7
TRX000274,USR00047,BK00405,4/2/2025,4/16/2025,4/5/2025,Dikembalikan,3
TRX000275,USR00190,BK00168,11/10/2025,11/24/2025,11/27/2025,Terlambat,17
TRX000276,USR00197,BK00613,2/12/2024,2/26/2024,2/26/2024,Dikembalikan,14
TRX000277,USR00111,BK00875,1/29/2024,2/12/2024,2/3/2024,Dikembalikan,5
TRX000278,USR00259,BK01003,6/22/2023,7/6/2023,7/10/2023,Terlambat,18
TRX000279,USR00163,BK01228,12/7/2024,12/21/2024,12/13/2024,Dikembalikan,6
TRX000280,USR00118,BK01354,7/1/2023,7/15/2023,7/8/2023,Dikembalikan,7
TRX000281,USR00001,BK00717,11/7/2024,11/21/2024,11/21/2024,Dikembalikan,14
TRX000282,USR00245,BK01327,1/25/2023,2/8/2023,2/4/2023,Dikembalikan,10
TRX000283,USR00189,BK00351,10/6/2025,10/20/2025,10/24/2025,Terlambat,18
TRX000284,USR00089,BK00406,12/8/2024,12/22/2024,12/24/2024,Terlambat,16
TRX000285,USR00363,BK00695,9/13/2024,9/27/2024,9/18/2024,Dikembalikan,5
TRX000286,USR00285,BK01166,1/10/2023,1/24/2023,1/23/2023,Dikembalikan,13
TRX000287,USR00320,BK00774,10/18/2024,11/1/2024,10/27/2024,Dikembalikan,9
TRX000288,USR00038,BK00645,4/6/2025,4/20/2025,4/23/2025,Terlambat,17
TRX000289,USR00255,BK00106,1/20/2023,2/3/2023,2/4/2023,Terlambat,15
TRX000290,USR00193,BK00727,7/20/2025,8/3/2025,7/30/2025,Dikembalikan,10
TRX000291,USR00003,BK00749,4/29/2024,5/13/2024,5/3/2024,Dikembalikan,4
TRX000292,USR00331,BK01006,7/13/2025,7/27/2025,7/26/2025,Dikembalikan,13
TRX000293,USR00214,BK00033,6/24/2024,7/8/2024,7/7/2024,Dikembalikan,13
TRX000294,USR00139,BK00556,9/13/2024,9/27/2024,9/30/2024,Terlambat,17
TRX000295,USR00201,BK00844,7/9/2023,7/23/2023,7/23/2023,Dikembalikan,14
TRX000296,USR00276,BK01132,11/29/2023,12/13/2023,12/17/2023,Terlambat,18
TRX000297,USR00306,BK00164,1/7/2025,1/21/2025,1/28/2025,Terlambat,21
TRX000298,USR00248,BK01231,4/26/2025,5/10/2025,5/2/2025,Dikembalikan,6
TRX000299,USR00120,BK01068,8/26/2025,9/9/2025,9/10/2025,Terlambat,15
TRX000300,USR00101,BK00374,5/6/2025,5/20/2025,5/19/2025,Dikembalikan,13
TRX000301,USR00214,BK00760,11/7/2023,11/21/2023,11/15/2023,Dikembalikan,8
TRX000302,USR00012,BK00517,7/3/2024,7/17/2024,7/6/2024,Dikembalikan,3
TRX000303,USR00223,BK00743,2/17/2025,3/3/2025,3/8/2025,Terlambat,19
TRX000304,USR00210,BK01036,1/24/2023,2/7/2023,2/9/2023,Terlambat,16
TRX000305,USR00110,BK00953,5/19/2023,6/2/2023,5/28/2023,Dikembalikan,9
TRX000306,USR00052,BK00277,9/2/2025,9/16/2025,9/6/2025,Dikembalikan,4
TRX000307,USR00303,BK00510,6/21/2025,7/5/2025,7/8/2025,Terlambat,17
TRX000308,USR00099,BK01206,4/12/2025,4/26/2025,4/19/2025,Dikembalikan,7
TRX000309,USR00269,BK00078,5/23/2023,6/6/2023,5/28/2023,Dikembalikan,5
TRX000310,USR00089,BK00411,9/10/2023,9/24/2023,9/17/2023,Dikembalikan,7
TRX000311,USR00231,BK01176,4/13/2025,4/27/2025,5/3/2025,Terlambat,20
TRX000312,USR00219,BK01364,12/10/2023,12/24/2023,12/22/2023,Dikembalikan,12
TRX000313,USR00118,BK01287,5/10/2024,5/24/2024,5/14/2024,Dikembalikan,4
TRX000314,USR00049,BK01333,5/31/2024,6/14/2024,6/11/2024,Dikembalikan,11
TRX000315,USR00030,BK00484,2/26/2023,3/12/2023,3/13/2023,Terlambat,15
TRX000316,USR00059,BK00972,1/5/2023,1/19/2023,1/20/2023,Terlambat,15
TRX000317,USR00367,BK00893,1/26/2024,2/9/2024,2/8/2024,Dikembalikan,13
TRX000318,USR00131,BK00778,9/17/2024,10/1/2024,9/22/2024,Dikembalikan,5
TRX000319,USR00128,BK01190,3/9/2023,3/23/2023,3/24/2023,Terlambat,15
TRX000320,USR00380,BK00780,8/11/2024,8/25/2024,8/31/2024,Terlambat,20
TRX000321,USR00165,BK00476,12/1/2025,12/15/2025,12/4/2025,Dikembalikan,3
TRX000322,USR00260,BK00169,10/21/2023,11/4/2023,11/9/2023,Terlambat,19
TRX000323,USR00023,BK01257,4/20/2025,5/4/2025,5/2/2025,Dikembalikan,12
TRX000324,USR00373,BK00930,9/9/2025,9/23/2025,9/29/2025,Terlambat,20
TRX000325,USR00264,BK00001,12/21/2025,1/4/2026,,Dipinjam,belum_kembali
TRX000326,USR00061,BK01123,1/5/2024,1/19/2024,1/9/2024,Dikembalikan,4
TRX000327,USR00023,BK01310,5/25/2024,6/8/2024,5/30/2024,Dikembalikan,5
TRX000328,USR00345,BK00465,10/29/2024,11/12/2024,11/18/2024,Terlambat,20
TRX000329,USR00282,BK01198,8/24/2025,9/7/2025,9/14/2025,Terlambat,21
TRX000330,USR00004,BK00612,11/29/2025,12/13/2025,12/17/2025,Terlambat,18
TRX000331,USR00270,BK00076,9/26/2024,10/10/2024,10/17/2024,Terlambat,21
TRX000332,USR00242,BK00087,8/28/2025,9/11/2025,9/18/2025,Terlambat,21
TRX000333,USR00241,BK00962,2/3/2024,2/17/2024,2/11/2024,Dikembalikan,8
TRX000334,USR00121,BK00901,10/25/2024,11/8/2024,10/30/2024,Dikembalikan,5
TRX000335,USR00259,BK00986,10/1/2024,10/15/2024,10/14/2024,Dikembalikan,13
TRX000336,USR00215,BK01175,10/29/2023,11/12/2023,11/6/2023,Dikembalikan,8
TRX000337,USR00190,BK00680,1/8/2023,1/22/2023,1/13/2023,Dikembalikan,5
TRX000338,USR00380,BK00742,1/20/2025,2/3/2025,1/31/2025,Dikembalikan,11
TRX000339,USR00255,BK00784,5/20/2023,6/3/2023,5/24/2023,Dikembalikan,4
TRX000340,USR00358,BK01163,9/27/2023,10/11/2023,10/14/2023,Terlambat,17
TRX000341,USR00041,BK00178,12/29/2024,1/12/2025,1/6/2025,Dikembalikan,8
TRX000342,USR00075,BK00100,12/16/2023,12/30/2023,12/20/2023,Dikembalikan,4
TRX000343,USR00284,BK00737,8/21/2024,9/4/2024,9/10/2024,Terlambat,20
TRX000344,USR00189,BK00360,2/18/2024,3/3/2024,2/21/2024,Dikembalikan,3
TRX000345,USR00073,BK00356,10/18/2023,11/1/2023,10/28/2023,Dikembalikan,10
TRX000346,USR00241,BK01020,5/22/2025,6/5/2025,5/26/2025,Dikembalikan,4
TRX000347,USR00115,BK01209,11/18/2024,12/2/2024,12/5/2024,Terlambat,17
TRX000348,USR00160,BK01224,4/1/2025,4/15/2025,4/19/2025,Terlambat,18
TRX000349,USR00069,BK01080,7/31/2025,8/14/2025,8/3/2025,Dikembalikan,3
TRX000350,USR00374,BK00504,10/13/2025,10/27/2025,10/31/2025,Terlambat,18
TRX000351,USR00100,BK01187,12/18/2024,1/1/2025,12/23/2024,Dikembalikan,5
TRX000352,USR00045,BK00576,11/13/2023,11/27/2023,12/3/2023,Terlambat,20
TRX000353,USR00050,BK00722,4/9/2024,4/23/2024,4/16/2024,Dikembalikan,7
TRX000354,USR00293,BK00546,7/4/2024,7/18/2024,7/25/2024,Terlambat,21
TRX000355,USR00292,BK00595,11/28/2024,12/12/2024,12/17/2024,Terlambat,19
TRX000356,USR00312,BK00486,10/22/2024,11/5/2024,10/28/2024,Dikembalikan,6
TRX000357,USR00115,BK00808,6/27/2025,7/11/2025,7/2/2025,Dikembalikan,5
TRX000358,USR00300,BK00948,11/15/2024,11/29/2024,12/2/2024,Terlambat,17
TRX000359,USR00363,BK00326,9/26/2024,10/10/2024,10/4/2024,Dikembalikan,8
TRX000360,USR00078,BK00427,4/23/2025,5/7/2025,5/1/2025,Dikembalikan,8
TRX000361,USR00139,BK00478,5/24/2023,6/7/2023,6/1/2023,Dikembalikan,8
TRX000362,USR00158,BK01109,8/20/2025,9/3/2025,9/6/2025,Terlambat,17
TRX000363,USR00358,BK01138,9/10/2025,9/24/2025,9/18/2025,Dikembalikan,8
TRX000364,USR00129,BK00982,9/18/2024,10/2/2024,9/27/2024,Dikembalikan,9
TRX000365,USR00288,BK00604,8/5/2025,8/19/2025,8/24/2025,Terlambat,19
TRX000366,USR00061,BK01101,1/11/2025,1/25/2025,1/29/2025,Terlambat,18
TRX000367,USR00073,BK00045,9/21/2024,10/5/2024,10/1/2024,Dikembalikan,10
TRX000368,USR00095,BK00106,3/30/2023,4/13/2023,4/7/2023,Dikembalikan,8
TRX000369,USR00361,BK00745,7/7/2024,7/21/2024,7/27/2024,Terlambat,20
TRX000370,USR00245,BK00949,8/23/2024,9/6/2024,9/10/2024,Terlambat,18
TRX000371,USR00192,BK00823,4/13/2023,4/27/2023,5/4/2023,Terlambat,21
TRX000372,USR00311,BK00404,9/16/2025,9/30/2025,9/26/2025,Dikembalikan,10
TRX000373,USR00273,BK00133,4/10/2025,4/24/2025,4/25/2025,Terlambat,15
TRX000374,USR00082,BK00005,10/11/2023,10/25/2023,10/18/2023,Dikembalikan,7
TRX000375,USR00351,BK00438,3/28/2024,4/11/2024,4/13/2024,Terlambat,16
TRX000376,USR00132,BK00540,7/3/2024,7/17/2024,7/7/2024,Dikembalikan,4
TRX000377,USR00218,BK00227,10/31/2023,11/14/2023,11/17/2023,Terlambat,17
TRX000378,USR00256,BK01358,1/13/2024,1/27/2024,1/21/2024,Dikembalikan,8
TRX000379,USR00358,BK01121,5/12/2025,5/26/2025,6/2/2025,Terlambat,21
TRX000380,USR00322,BK01297,5/15/2023,5/29/2023,6/3/2023,Terlambat,19
TRX000381,USR00230,BK00328,3/21/2024,4/4/2024,4/3/2024,Dikembalikan,13
TRX000382,USR00286,BK00731,7/12/2024,7/26/2024,7/29/2024,Terlambat,17
TRX000383,USR00231,BK01172,10/23/2024,11/6/2024,11/8/2024,Terlambat,16
TRX000384,USR00198,BK00222,9/12/2025,9/26/2025,9/30/2025,Terlambat,18
TRX000385,USR00338,BK00761,5/25/2024,6/8/2024,5/28/2024,Dikembalikan,3
TRX000386,USR00102,BK00826,9/8/2024,9/22/2024,9/25/2024,Terlambat,17
TRX000387,USR00358,BK01142,1/22/2023,2/5/2023,1/26/2023,Dikembalikan,4
TRX000388,USR00008,BK00539,3/19/2023,4/2/2023,3/23/2023,Dikembalikan,4
TRX000389,USR00148,BK00758,9/8/2024,9/22/2024,9/15/2024,Dikembalikan,7
TRX000390,USR00165,BK00748,10/27/2024,11/10/2024,11/9/2024,Dikembalikan,13
TRX000391,USR00359,BK01215,8/4/2024,8/18/2024,8/12/2024,Dikembalikan,8
TRX000392,USR00010,BK00036,10/22/2023,11/5/2023,10/26/2023,Dikembalikan,4
TRX000393,USR00129,BK00975,7/2/2024,7/16/2024,7/23/2024,Terlambat,21
TRX000394,USR00055,BK00365,3/30/2025,4/13/2025,4/20/2025,Terlambat,21
TRX000395,USR00159,BK00317,12/11/2024,12/25/2024,12/19/2024,Dikembalikan,8
TRX000396,USR00135,BK01222,2/10/2024,2/24/2024,2/20/2024,Dikembalikan,10
TRX000397,USR00235,BK00132,7/21/2023,8/4/2023,7/31/2023,Dikembalikan,10
TRX000398,USR00186,BK00514,5/24/2024,6/7/2024,6/2/2024,Dikembalikan,9
TRX000399,USR00114,BK01001,1/2/2024,1/16/2024,1/9/2024,Dikembalikan,7
TRX000400,USR00293,BK00490,1/26/2024,2/9/2024,2/12/2024,Terlambat,17
TRX000401,USR00054,BK00997,5/29/2023,6/12/2023,6/13/2023,Terlambat,15
TRX000402,USR00092,BK00294,2/28/2023,3/14/2023,3/18/2023,Terlambat,18
TRX000403,USR00034,BK00597,10/26/2024,11/9/2024,11/15/2024,Terlambat,20
TRX000404,USR00350,BK00956,4/18/2023,5/2/2023,4/29/2023,Dikembalikan,11
TRX000405,USR00190,BK00566,9/4/2024,9/18/2024,9/17/2024,Dikembalikan,13
TRX000406,USR00010,BK00010,1/30/2025,2/13/2025,2/13/2025,Dikembalikan,14
TRX000407,USR00322,BK01261,11/11/2025,11/25/2025,11/15/2025,Dikembalikan,4
TRX000408,USR00363,BK00102,6/4/2023,6/18/2023,6/25/2023,Terlambat,21
TRX000409,USR00062,BK00520,12/8/2024,12/22/2024,12/11/2024,Dikembalikan,3
TRX000410,USR00062,BK00294,9/27/2024,10/11/2024,10/8/2024,Dikembalikan,11
TRX000411,USR00220,BK00871,8/21/2025,9/4/2025,8/27/2025,Dikembalikan,6
TRX000412,USR00279,BK00128,1/3/2025,1/17/2025,1/21/2025,Terlambat,18
TRX000413,USR00185,BK00500,3/14/2025,3/28/2025,3/30/2025,Terlambat,16
TRX000414,USR00186,BK00521,7/22/2024,8/5/2024,8/7/2024,Terlambat,16
TRX000415,USR00146,BK00421,10/2/2023,10/16/2023,10/7/2023,Dikembalikan,5
TRX000416,USR00016,BK01117,1/16/2025,1/30/2025,2/1/2025,Terlambat,16
TRX000417,USR00165,BK00666,1/2/2023,1/16/2023,1/19/2023,Terlambat,17
TRX000418,USR00068,BK00010,4/23/2023,5/7/2023,5/6/2023,Dikembalikan,13
TRX000419,USR00028,BK00370,10/22/2025,11/5/2025,11/5/2025,Dikembalikan,14
TRX000420,USR00206,BK00476,8/1/2025,8/15/2025,8/6/2025,Dikembalikan,5
TRX000421,USR00003,BK00556,5/15/2025,5/29/2025,5/18/2025,Dikembalikan,3
TRX000422,USR00084,BK01188,8/12/2023,8/26/2023,8/16/2023,Dikembalikan,4
TRX000423,USR00163,BK00914,7/16/2023,7/30/2023,7/20/2023,Dikembalikan,4
TRX000424,USR00063,BK00234,11/17/2025,12/1/2025,12/6/2025,Terlambat,19
TRX000425,USR00299,BK00737,7/29/2024,8/12/2024,8/13/2024,Terlambat,15
TRX000426,USR00276,BK01372,12/7/2025,12/21/2025,12/13/2025,Dikembalikan,6
TRX000427,USR00315,BK00429,12/22/2024,1/5/2025,12/27/2024,Dikembalikan,5
TRX000428,USR00043,BK00974,4/4/2023,4/18/2023,4/18/2023,Dikembalikan,14
TRX000429,USR00372,BK01355,2/20/2025,3/6/2025,3/5/2025,Dikembalikan,13
TRX000430,USR00320,BK00298,11/25/2023,12/9/2023,12/10/2023,Terlambat,15
TRX000431,USR00340,BK00696,9/26/2025,10/10/2025,10/4/2025,Dikembalikan,8
TRX000432,USR00175,BK01011,8/18/2023,9/1/2023,8/30/2023,Dikembalikan,12
TRX000433,USR00018,BK01359,5/10/2025,5/24/2025,5/22/2025,Dikembalikan,12
TRX000434,USR00073,BK00442,2/28/2023,3/14/2023,3/20/2023,Terlambat,20
TRX000435,USR00032,BK00741,7/31/2023,8/14/2023,8/11/2023,Dikembalikan,11
TRX000436,USR00137,BK00361,8/3/2025,8/17/2025,8/8/2025,Dikembalikan,5
TRX000437,USR00256,BK01361,2/15/2025,3/1/2025,3/6/2025,Terlambat,19
TRX000438,USR00320,BK00762,10/3/2025,10/17/2025,10/9/2025,Dikembalikan,6
TRX000439,USR00278,BK01268,1/18/2025,2/1/2025,2/2/2025,Terlambat,15
TRX000440,USR00060,BK00568,7/3/2023,7/17/2023,7/22/2023,Terlambat,19
TRX000441,USR00115,BK01068,2/3/2023,2/17/2023,2/7/2023,Dikembalikan,4
TRX000442,USR00175,BK01247,5/27/2025,6/10/2025,6/9/2025,Dikembalikan,13
TRX000443,USR00188,BK01167,9/3/2025,9/17/2025,9/21/2025,Terlambat,18
TRX000444,USR00272,BK00622,7/23/2023,8/6/2023,8/7/2023,Terlambat,15
TRX000445,USR00136,BK00938,5/1/2025,5/15/2025,5/7/2025,Dikembalikan,6
TRX000446,USR00081,BK00506,1/26/2023,2/9/2023,2/1/2023,Dikembalikan,6
TRX000447,USR00076,BK00769,8/17/2024,8/31/2024,8/30/2024,Dikembalikan,13
TRX000448,USR00046,BK01020,8/28/2024,9/11/2024,9/18/2024,Terlambat,21
TRX000449,USR00248,BK01227,3/3/2024,3/17/2024,3/24/2024,Terlambat,21
TRX000450,USR00149,BK01073,4/30/2024,5/14/2024,5/19/2024,Terlambat,19
TRX000451,USR00104,BK01310,3/15/2024,3/29/2024,3/18/2024,Dikembalikan,3
TRX000452,USR00358,BK01038,5/2/2023,5/16/2023,5/5/2023,Dikembalikan,3
TRX000453,USR00038,BK00635,9/21/2024,10/5/2024,10/1/2024,Dikembalikan,10
TRX000454,USR00269,BK00126,8/6/2023,8/20/2023,8/23/2023,Terlambat,17
TRX000455,USR00229,BK00395,10/5/2024,10/19/2024,10/16/2024,Dikembalikan,11
TRX000456,USR00056,BK01201,2/3/2024,2/17/2024,2/17/2024,Dikembalikan,14
TRX000457,USR00294,BK00196,11/20/2024,12/4/2024,11/27/2024,Dikembalikan,7
TRX000458,USR00262,BK01299,12/6/2023,12/20/2023,12/13/2023,Dikembalikan,7
TRX000459,USR00322,BK01326,8/10/2024,8/24/2024,8/14/2024,Dikembalikan,4
TRX000460,USR00166,BK01344,1/13/2024,1/27/2024,1/27/2024,Dikembalikan,14
TRX000461,USR00235,BK00617,6/21/2024,7/5/2024,6/27/2024,Dikembalikan,6
TRX000462,USR00341,BK00864,12/6/2023,12/20/2023,12/25/2023,Terlambat,19
TRX000463,USR00069,BK01082,4/25/2025,5/9/2025,5/10/2025,Terlambat,15
TRX000464,USR00032,BK00148,1/4/2024,1/18/2024,1/13/2024,Dikembalikan,9
TRX000465,USR00174,BK00186,9/22/2025,10/6/2025,9/26/2025,Dikembalikan,4
TRX000466,USR00105,BK00955,10/30/2024,11/13/2024,11/6/2024,Dikembalikan,7
TRX000467,USR00170,BK00727,7/31/2024,8/14/2024,8/12/2024,Dikembalikan,12
TRX000468,USR00006,BK00822,11/2/2023,11/16/2023,11/13/2023,Dikembalikan,11
TRX000469,USR00003,BK00727,5/15/2024,5/29/2024,6/1/2024,Terlambat,17
TRX000470,USR00290,BK00521,5/31/2023,6/14/2023,6/6/2023,Dikembalikan,6
TRX000471,USR00119,BK00960,2/17/2025,3/3/2025,3/4/2025,Terlambat,15
TRX000472,USR00373,BK00974,6/23/2024,7/7/2024,6/29/2024,Dikembalikan,6
TRX000473,USR00207,BK01252,1/14/2023,1/28/2023,1/29/2023,Terlambat,15
TRX000474,USR00337,BK00811,7/9/2023,7/23/2023,7/28/2023,Terlambat,19
TRX000475,USR00360,BK01211,9/14/2023,9/28/2023,9/27/2023,Dikembalikan,13
TRX000476,USR00149,BK01048,9/14/2024,9/28/2024,10/2/2024,Terlambat,18
TRX000477,USR00149,BK01379,8/15/2024,8/29/2024,8/20/2024,Dikembalikan,5
TRX000478,USR00037,BK01191,7/29/2024,8/12/2024,8/3/2024,Dikembalikan,5
TRX000479,USR00135,BK01196,10/1/2024,10/15/2024,10/4/2024,Dikembalikan,3
TRX000480,USR00366,BK00815,4/19/2024,5/3/2024,4/27/2024,Dikembalikan,8
TRX000481,USR00258,BK00645,1/5/2023,1/19/2023,1/17/2023,Dikembalikan,12
TRX000482,USR00150,BK01202,7/16/2024,7/30/2024,7/20/2024,Dikembalikan,4
TRX000483,USR00170,BK01293,7/17/2025,7/31/2025,7/23/2025,Dikembalikan,6
TRX000484,USR00113,BK00488,5/22/2023,6/5/2023,5/25/2023,Dikembalikan,3
TRX000485,USR00292,BK00440,3/9/2025,3/23/2025,3/20/2025,Dikembalikan,11
TRX000486,USR00255,BK00567,7/26/2025,8/9/2025,8/8/2025,Dikembalikan,13
TRX000487,USR00113,BK00559,4/22/2023,5/6/2023,5/9/2023,Terlambat,17
TRX000488,USR00155,BK00105,7/10/2025,7/24/2025,7/21/2025,Dikembalikan,11
TRX000489,USR00202,BK01183,1/8/2023,1/22/2023,1/18/2023,Dikembalikan,10
TRX000490,USR00234,BK00954,7/2/2023,7/16/2023,7/10/2023,Dikembalikan,8
TRX000491,USR00266,BK01073,5/26/2023,6/9/2023,5/29/2023,Dikembalikan,3
TRX000492,USR00239,BK00966,5/23/2025,6/6/2025,6/9/2025,Terlambat,17
TRX000493,USR00133,BK00904,4/4/2023,4/18/2023,4/18/2023,Dikembalikan,14
TRX000494,USR00097,BK00430,6/16/2023,6/30/2023,6/19/2023,Dikembalikan,3
TRX000495,USR00356,BK01186,8/27/2024,9/10/2024,9/12/2024,Terlambat,16
TRX000496,USR00099,BK01193,3/22/2025,4/5/2025,3/26/2025,Dikembalikan,4
TRX000497,USR00025,BK00557,8/18/2024,9/1/2024,9/6/2024,Terlambat,19
TRX000498,USR00192,BK01021,2/14/2025,2/28/2025,3/7/2025,Terlambat,21
TRX000499,USR00232,BK00229,11/24/2025,12/8/2025,11/29/2025,Dikembalikan,5
TRX000500,USR00278,BK01322,2/21/2023,3/7/2023,2/25/2023,Dikembalikan,4
TRX000501,USR00202,BK01232,1/9/2023,1/23/2023,1/14/2023,Dikembalikan,5
TRX000502,USR00259,BK01127,3/30/2024,4/13/2024,4/17/2024,Terlambat,18
TRX000503,USR00119,BK01016,3/17/2023,3/31/2023,4/3/2023,Terlambat,17
TRX000504,USR00268,BK00245,6/24/2025,7/8/2025,6/30/2025,Dikembalikan,6
TRX000505,USR00232,BK00264,3/16/2023,3/30/2023,3/27/2023,Dikembalikan,11
TRX000506,USR00135,BK01216,7/2/2024,7/16/2024,7/14/2024,Dikembalikan,12
TRX000507,USR00189,BK00688,11/15/2024,11/29/2024,12/6/2024,Terlambat,21
TRX000508,USR00124,BK01286,4/13/2025,4/27/2025,4/26/2025,Dikembalikan,13
TRX000509,USR00358,BK01044,9/10/2025,9/24/2025,9/13/2025,Dikembalikan,3
TRX000510,USR00376,BK00687,1/7/2025,1/21/2025,1/17/2025,Dikembalikan,10
TRX000511,USR00182,BK00294,4/24/2023,5/8/2023,5/6/2023,Dikembalikan,12
TRX000512,USR00008,BK00563,1/4/2024,1/18/2024,1/19/2024,Terlambat,15
TRX000513,USR00013,BK00489,3/15/2024,3/29/2024,3/30/2024,Terlambat,15
TRX000514,USR00119,BK00112,9/5/2025,9/19/2025,9/22/2025,Terlambat,17
TRX000515,USR00013,BK01071,5/25/2025,6/8/2025,6/1/2025,Dikembalikan,7
TRX000516,USR00372,BK01228,2/6/2024,2/20/2024,2/26/2024,Terlambat,20
TRX000517,USR00189,BK00503,2/9/2025,2/23/2025,2/22/2025,Dikembalikan,13
TRX000518,USR00026,BK00765,9/8/2025,9/22/2025,9/23/2025,Terlambat,15
TRX000519,USR00257,BK00552,5/9/2024,5/23/2024,5/20/2024,Dikembalikan,11
TRX000520,USR00328,BK00554,9/13/2025,9/27/2025,9/28/2025,Terlambat,15
TRX000521,USR00117,BK01226,7/27/2023,8/10/2023,8/14/2023,Terlambat,18
TRX000522,USR00038,BK00616,8/5/2025,8/19/2025,8/12/2025,Dikembalikan,7
TRX000523,USR00132,BK00493,2/20/2023,3/6/2023,3/7/2023,Terlambat,15
TRX000524,USR00319,BK01208,1/29/2025,2/12/2025,2/9/2025,Dikembalikan,11
TRX000525,USR00116,BK01047,12/31/2025,1/14/2026,,Dipinjam,belum_kembali
TRX000526,USR00101,BK00322,11/2/2024,11/16/2024,11/16/2024,Dikembalikan,14
TRX000527,USR00340,BK00711,5/28/2024,6/11/2024,6/4/2024,Dikembalikan,7
TRX000528,USR00338,BK00734,3/25/2025,4/8/2025,4/15/2025,Terlambat,21
TRX000529,USR00365,BK00926,4/23/2023,5/7/2023,5/6/2023,Dikembalikan,13
TRX000530,USR00201,BK00850,1/15/2023,1/29/2023,1/19/2023,Dikembalikan,4
TRX000531,USR00202,BK01277,8/16/2023,8/30/2023,8/20/2023,Dikembalikan,4
TRX000532,USR00180,BK00006,7/30/2025,8/13/2025,8/8/2025,Dikembalikan,9
TRX000533,USR00378,BK01256,11/19/2025,12/3/2025,11/24/2025,Dikembalikan,5
TRX000534,USR00219,BK01353,11/14/2025,11/28/2025,11/21/2025,Dikembalikan,7
TRX000535,USR00182,BK00481,2/7/2025,2/21/2025,2/28/2025,Terlambat,21
TRX000536,USR00345,BK00755,4/9/2025,4/23/2025,4/27/2025,Terlambat,18
TRX000537,USR00141,BK00545,6/24/2024,7/8/2024,7/5/2024,Dikembalikan,11
TRX000538,USR00218,BK00024,8/12/2025,8/26/2025,8/22/2025,Dikembalikan,10
TRX000539,USR00143,BK00334,10/11/2024,10/25/2024,10/27/2024,Terlambat,16
TRX000540,USR00335,BK00746,12/22/2025,1/5/2026,,Dipinjam,belum_kembali
TRX000541,USR00110,BK01009,2/12/2023,2/26/2023,2/28/2023,Terlambat,16
TRX000542,USR00050,BK00305,3/25/2025,4/8/2025,4/6/2025,Dikembalikan,12
TRX000543,USR00375,BK00812,3/1/2023,3/15/2023,3/8/2023,Dikembalikan,7
TRX000544,USR00117,BK01226,5/3/2024,5/17/2024,5/19/2024,Terlambat,16
TRX000545,USR00182,BK00509,4/27/2025,5/11/2025,5/14/2025,Terlambat,17
TRX000546,USR00082,BK01351,5/19/2023,6/2/2023,6/9/2023,Terlambat,21
TRX000547,USR00200,BK01354,12/4/2024,12/18/2024,12/11/2024,Dikembalikan,7
TRX000548,USR00121,BK00918,7/19/2025,8/2/2025,7/25/2025,Dikembalikan,6
TRX000549,USR00285,BK01087,10/19/2024,11/2/2024,10/27/2024,Dikembalikan,8
TRX000550,USR00213,BK00364,6/10/2024,6/24/2024,6/21/2024,Dikembalikan,11
TRX000551,USR00351,BK00466,5/23/2024,6/6/2024,6/8/2024,Terlambat,16
TRX000552,USR00101,BK00611,6/9/2025,6/23/2025,6/28/2025,Terlambat,19
TRX000553,USR00267,BK00625,3/31/2024,4/14/2024,4/10/2024,Dikembalikan,10
TRX000554,USR00261,BK01088,10/18/2024,11/1/2024,11/7/2024,Terlambat,20
TRX000555,USR00360,BK00833,4/25/2023,5/9/2023,5/10/2023,Terlambat,15
TRX000556,USR00034,BK00581,12/22/2025,1/5/2026,,Dipinjam,belum_kembali
TRX000557,USR00082,BK01305,4/17/2023,5/1/2023,4/25/2023,Dikembalikan,8
TRX000558,USR00267,BK00587,2/2/2023,2/16/2023,2/13/2023,Dikembalikan,11
TRX000559,USR00087,BK00508,8/16/2025,8/30/2025,8/24/2025,Dikembalikan,8
TRX000560,USR00116,BK01073,3/23/2025,4/6/2025,4/7/2025,Terlambat,15
TRX000561,USR00114,BK00963,10/25/2024,11/8/2024,11/13/2024,Terlambat,19
TRX000562,USR00189,BK00350,12/6/2024,12/20/2024,12/27/2024,Terlambat,21
TRX000563,USR00294,BK00096,7/21/2025,8/4/2025,8/11/2025,Terlambat,21
TRX000564,USR00071,BK01155,10/8/2024,10/22/2024,10/22/2024,Dikembalikan,14
TRX000565,USR00239,BK01064,6/5/2024,6/19/2024,6/22/2024,Terlambat,17
TRX000566,USR00289,BK00949,3/12/2025,3/26/2025,3/29/2025,Terlambat,17
TRX000567,USR00046,BK00222,3/15/2025,3/29/2025,4/1/2025,Terlambat,17
TRX000568,USR00002,BK01249,1/17/2025,1/31/2025,2/6/2025,Terlambat,20
TRX000569,USR00361,BK00754,1/30/2023,2/13/2023,2/19/2023,Terlambat,20
TRX000570,USR00309,BK01259,12/7/2023,12/21/2023,12/18/2023,Dikembalikan,11
TRX000571,USR00226,BK01272,4/2/2024,4/16/2024,4/10/2024,Dikembalikan,8
TRX000572,USR00086,BK00330,12/4/2025,12/18/2025,12/23/2025,Terlambat,19
TRX000573,USR00329,BK01181,12/24/2024,1/7/2025,1/5/2025,Dikembalikan,12
TRX000574,USR00159,BK00353,1/14/2023,1/28/2023,1/19/2023,Dikembalikan,5
TRX000575,USR00142,BK01196,8/27/2024,9/10/2024,9/3/2024,Dikembalikan,7
TRX000576,USR00168,BK00406,6/13/2025,6/27/2025,6/21/2025,Dikembalikan,8
TRX000577,USR00197,BK00528,3/4/2024,3/18/2024,3/19/2024,Terlambat,15
TRX000578,USR00344,BK00968,11/1/2024,11/15/2024,11/15/2024,Dikembalikan,14
TRX000579,USR00331,BK00993,6/15/2023,6/29/2023,6/19/2023,Dikembalikan,4
TRX000580,USR00125,BK01066,6/8/2024,6/22/2024,6/15/2024,Dikembalikan,7
TRX000581,USR00042,BK00726,1/27/2023,2/10/2023,2/5/2023,Dikembalikan,9
TRX000582,USR00069,BK01036,10/21/2024,11/4/2024,10/25/2024,Dikembalikan,4
TRX000583,USR00312,BK00477,7/10/2024,7/24/2024,7/17/2024,Dikembalikan,7
TRX000584,USR00252,BK01326,7/24/2025,8/7/2025,8/6/2025,Dikembalikan,13
TRX000585,USR00009,BK00488,10/17/2023,10/31/2023,11/6/2023,Terlambat,20
TRX000586,USR00157,BK01080,3/22/2025,4/5/2025,4/1/2025,Dikembalikan,10
TRX000587,USR00255,BK00475,2/28/2025,3/14/2025,3/20/2025,Terlambat,20
TRX000588,USR00058,BK00933,1/3/2023,1/17/2023,1/14/2023,Dikembalikan,11
TRX000589,USR00159,BK00381,3/8/2025,3/22/2025,3/14/2025,Dikembalikan,6
TRX000590,USR00224,BK00413,8/11/2024,8/25/2024,8/23/2024,Dikembalikan,12
TRX000591,USR00363,BK00514,7/24/2023,8/7/2023,8/6/2023,Dikembalikan,13
TRX000592,USR00051,BK00095,9/5/2024,9/19/2024,9/12/2024,Dikembalikan,7
TRX000593,USR00202,BK01106,11/22/2025,12/6/2025,11/25/2025,Dikembalikan,3
TRX000594,USR00090,BK01366,10/12/2024,10/26/2024,10/15/2024,Dikembalikan,3
TRX000595,USR00177,BK01260,4/15/2025,4/29/2025,5/6/2025,Terlambat,21
TRX000596,USR00110,BK01027,9/8/2023,9/22/2023,9/21/2023,Dikembalikan,13
TRX000597,USR00302,BK00378,2/1/2025,2/15/2025,2/9/2025,Dikembalikan,8
TRX000598,USR00355,BK01186,9/30/2023,10/14/2023,10/20/2023,Terlambat,20
TRX000599,USR00131,BK00771,7/22/2025,8/5/2025,8/8/2025,Terlambat,17
TRX000600,USR00050,BK00727,4/28/2023,5/12/2023,5/10/2023,Dikembalikan,12
TRX000601,USR00164,BK00061,2/11/2024,2/25/2024,2/25/2024,Dikembalikan,14
TRX000602,USR00307,BK00755,11/22/2023,12/6/2023,12/5/2023,Dikembalikan,13
TRX000603,USR00281,BK00746,8/6/2025,8/20/2025,8/23/2025,Terlambat,17
TRX000604,USR00113,BK00544,4/3/2025,4/17/2025,4/7/2025,Dikembalikan,4
TRX000605,USR00057,BK01046,5/2/2024,5/16/2024,5/5/2024,Dikembalikan,3
TRX000606,USR00284,BK00639,12/28/2025,1/11/2026,,Dipinjam,belum_kembali
TRX000607,USR00208,BK00999,8/30/2023,9/13/2023,9/19/2023,Terlambat,20
TRX000608,USR00243,BK00202,9/25/2024,10/9/2024,10/2/2024,Dikembalikan,7
TRX000609,USR00057,BK01102,8/27/2024,9/10/2024,9/10/2024,Dikembalikan,14
TRX000610,USR00166,BK01315,4/13/2025,4/27/2025,4/30/2025,Terlambat,17
TRX000611,USR00239,BK00990,8/8/2023,8/22/2023,8/17/2023,Dikembalikan,9
TRX000612,USR00188,BK00016,4/2/2024,4/16/2024,4/5/2024,Dikembalikan,3
TRX000613,USR00319,BK01299,8/15/2025,8/29/2025,8/31/2025,Terlambat,16
TRX000614,USR00128,BK01170,10/27/2024,11/10/2024,11/2/2024,Dikembalikan,6
TRX000615,USR00269,BK00130,12/22/2025,1/5/2026,,Dipinjam,belum_kembali
TRX000616,USR00176,BK00706,8/12/2023,8/26/2023,8/26/2023,Dikembalikan,14
TRX000617,USR00200,BK00621,1/7/2024,1/21/2024,1/13/2024,Dikembalikan,6
TRX000618,USR00350,BK01028,5/5/2023,5/19/2023,5/8/2023,Dikembalikan,3
TRX000619,USR00053,BK01171,6/5/2025,6/19/2025,6/10/2025,Dikembalikan,5
TRX000620,USR00294,BK00204,1/15/2023,1/29/2023,2/2/2023,Terlambat,18
TRX000621,USR00291,BK01059,5/19/2024,6/2/2024,6/9/2024,Terlambat,21
TRX000622,USR00293,BK00529,8/13/2025,8/27/2025,8/19/2025,Dikembalikan,6
TRX000623,USR00322,BK01071,3/17/2025,3/31/2025,3/21/2025,Dikembalikan,4
TRX000624,USR00189,BK00768,3/27/2024,4/10/2024,4/5/2024,Dikembalikan,9
TRX000625,USR00231,BK01233,10/26/2023,11/9/2023,11/14/2023,Terlambat,19
TRX000626,USR00218,BK00279,11/14/2025,11/28/2025,11/29/2025,Terlambat,15
TRX000627,USR00366,BK01174,6/12/2024,6/26/2024,6/22/2024,Dikembalikan,10
TRX000628,USR00329,BK01200,4/15/2023,4/29/2023,5/6/2023,Terlambat,21
TRX000629,USR00332,BK00545,8/31/2024,9/14/2024,9/11/2024,Dikembalikan,11
TRX000630,USR00128,BK01173,9/26/2024,10/10/2024,10/7/2024,Dikembalikan,11
TRX000631,USR00316,BK00229,5/22/2025,6/5/2025,5/29/2025,Dikembalikan,7
TRX000632,USR00319,BK01184,9/1/2024,9/15/2024,9/18/2024,Terlambat,17
TRX000633,USR00257,BK01087,8/12/2023,8/26/2023,8/27/2023,Terlambat,15
TRX000634,USR00294,BK00109,11/21/2025,12/5/2025,11/30/2025,Dikembalikan,9
TRX000635,USR00247,BK00100,8/4/2025,8/18/2025,8/25/2025,Terlambat,21
TRX000636,USR00125,BK01064,7/11/2025,7/25/2025,7/30/2025,Terlambat,19
TRX000637,USR00185,BK00546,10/14/2025,10/28/2025,10/27/2025,Dikembalikan,13
TRX000638,USR00184,BK00336,9/3/2025,9/17/2025,9/22/2025,Terlambat,19
TRX000639,USR00088,BK00208,3/21/2023,4/4/2023,4/8/2023,Terlambat,18
TRX000640,USR00343,BK01063,4/27/2023,5/11/2023,5/14/2023,Terlambat,17
TRX000641,USR00029,BK01229,8/11/2025,8/25/2025,8/26/2025,Terlambat,15
TRX000642,USR00375,BK00800,10/9/2024,10/23/2024,10/12/2024,Dikembalikan,3
TRX000643,USR00207,BK01257,3/5/2025,3/19/2025,3/26/2025,Terlambat,21
TRX000644,USR00220,BK01200,10/23/2025,11/6/2025,11/5/2025,Dikembalikan,13
TRX000645,USR00132,BK00539,9/24/2023,10/8/2023,10/14/2023,Terlambat,20
TRX000646,USR00109,BK00420,4/4/2024,4/18/2024,4/9/2024,Dikembalikan,5
TRX000647,USR00313,BK00402,3/15/2025,3/29/2025,3/28/2025,Dikembalikan,13
TRX000648,USR00057,BK01169,9/1/2023,9/15/2023,9/13/2023,Dikembalikan,12
TRX000649,USR00207,BK01283,1/21/2024,2/4/2024,1/28/2024,Dikembalikan,7
TRX000650,USR00076,BK00754,9/24/2025,10/8/2025,9/29/2025,Dikembalikan,5
TRX000651,USR00327,BK00479,5/12/2024,5/26/2024,5/26/2024,Dikembalikan,14
TRX000652,USR00309,BK01297,11/1/2023,11/15/2023,11/5/2023,Dikembalikan,4
TRX000653,USR00083,BK00802,5/6/2025,5/20/2025,5/18/2025,Dikembalikan,12
TRX000654,USR00058,BK00911,8/20/2025,9/3/2025,9/4/2025,Terlambat,15
TRX000655,USR00230,BK00728,7/10/2023,7/24/2023,7/17/2023,Dikembalikan,7
TRX000656,USR00254,BK00839,5/7/2025,5/21/2025,5/20/2025,Dikembalikan,13
TRX000657,USR00065,BK00491,12/12/2023,12/26/2023,12/19/2023,Dikembalikan,7
TRX000658,USR00195,BK00322,2/24/2023,3/10/2023,3/10/2023,Dikembalikan,14
TRX000659,USR00185,BK00764,5/23/2024,6/6/2024,5/26/2024,Dikembalikan,3
TRX000660,USR00279,BK00478,11/27/2024,12/11/2024,12/18/2024,Terlambat,21
TRX000661,USR00226,BK01294,5/27/2025,6/10/2025,5/30/2025,Dikembalikan,3
TRX000662,USR00258,BK00082,3/19/2024,4/2/2024,3/29/2024,Dikembalikan,10
TRX000663,USR00308,BK00084,5/7/2023,5/21/2023,5/18/2023,Dikembalikan,11
TRX000664,USR00297,BK01186,11/30/2025,12/14/2025,12/8/2025,Dikembalikan,8
TRX000665,USR00245,BK01210,3/30/2025,4/13/2025,4/20/2025,Terlambat,21
TRX000666,USR00139,BK00776,10/19/2023,11/2/2023,11/4/2023,Terlambat,16
TRX000667,USR00149,BK01037,1/12/2024,1/26/2024,1/19/2024,Dikembalikan,7
TRX000668,USR00301,BK00195,2/17/2023,3/3/2023,3/4/2023,Terlambat,15
TRX000669,USR00079,BK00757,2/18/2023,3/4/2023,2/23/2023,Dikembalikan,5
TRX000670,USR00374,BK00155,12/20/2023,1/3/2024,12/24/2023,Dikembalikan,4
TRX000671,USR00013,BK01083,3/9/2023,3/23/2023,3/26/2023,Terlambat,17
TRX000672,USR00128,BK01207,2/22/2025,3/8/2025,3/2/2025,Dikembalikan,8
TRX000673,USR00264,BK00511,5/1/2024,5/15/2024,5/11/2024,Dikembalikan,10
TRX000674,USR00103,BK00002,11/19/2023,12/3/2023,12/10/2023,Terlambat,21
TRX000675,USR00249,BK00166,10/28/2023,11/11/2023,11/3/2023,Dikembalikan,6
TRX000676,USR00357,BK00976,11/23/2023,12/7/2023,12/1/2023,Dikembalikan,8
TRX000677,USR00184,BK00382,9/15/2023,9/29/2023,9/22/2023,Dikembalikan,7
TRX000678,USR00187,BK00615,1/8/2024,1/22/2024,1/25/2024,Terlambat,17
TRX000679,USR00322,BK01319,10/2/2025,10/16/2025,10/22/2025,Terlambat,20
TRX000680,USR00111,BK00983,5/8/2023,5/22/2023,5/23/2023,Terlambat,15
TRX000681,USR00052,BK00440,2/22/2023,3/8/2023,2/27/2023,Dikembalikan,5
TRX000682,USR00093,BK00766,8/19/2024,9/2/2024,8/30/2024,Dikembalikan,11
TRX000683,USR00245,BK00955,10/9/2023,10/23/2023,10/20/2023,Dikembalikan,11
TRX000684,USR00102,BK00856,5/23/2025,6/6/2025,6/3/2025,Dikembalikan,11
TRX000685,USR00006,BK00803,12/29/2023,1/12/2024,1/12/2024,Dikembalikan,14
TRX000686,USR00329,BK01216,8/19/2025,9/2/2025,9/6/2025,Terlambat,18
TRX000687,USR00320,BK00736,7/12/2024,7/26/2024,7/28/2024,Terlambat,16
TRX000688,USR00131,BK00409,4/19/2023,5/3/2023,5/5/2023,Terlambat,16
TRX000689,USR00083,BK00880,11/10/2023,11/24/2023,11/30/2023,Terlambat,20
TRX000690,USR00349,BK00789,11/15/2025,11/29/2025,11/22/2025,Dikembalikan,7
TRX000691,USR00025,BK00225,5/26/2023,6/9/2023,6/10/2023,Terlambat,15
TRX000692,USR00106,BK00161,10/6/2025,10/20/2025,10/11/2025,Dikembalikan,5
TRX000693,USR00221,BK00979,3/10/2023,3/24/2023,3/23/2023,Dikembalikan,13
TRX000694,USR00333,BK01332,2/17/2024,3/2/2024,2/22/2024,Dikembalikan,5
TRX000695,USR00294,BK00118,4/2/2025,4/16/2025,4/17/2025,Terlambat,15
TRX000696,USR00055,BK01044,1/23/2025,2/6/2025,1/28/2025,Dikembalikan,5
TRX000697,USR00354,BK00424,12/23/2023,1/6/2024,1/3/2024,Dikembalikan,11
TRX000698,USR00221,BK01358,7/7/2024,7/21/2024,7/12/2024,Dikembalikan,5
TRX000699,USR00349,BK00971,6/23/2023,7/7/2023,7/14/2023,Terlambat,21
TRX000700,USR00218,BK01118,6/19/2024,7/3/2024,7/9/2024,Terlambat,20
TRX000701,USR00306,BK01229,8/31/2023,9/14/2023,9/18/2023,Terlambat,18
TRX000702,USR00155,BK00355,3/30/2025,4/13/2025,4/17/2025,Terlambat,18
TRX000703,USR00167,BK01366,3/22/2023,4/5/2023,4/9/2023,Terlambat,18
TRX000704,USR00211,BK01324,8/23/2025,9/6/2025,9/4/2025,Dikembalikan,12
TRX000705,USR00369,BK00764,6/25/2025,7/9/2025,7/10/2025,Terlambat,15
TRX000706,USR00027,BK00966,4/24/2025,5/8/2025,4/29/2025,Dikembalikan,5
TRX000707,USR00328,BK00414,7/7/2023,7/21/2023,7/11/2023,Dikembalikan,4
TRX000708,USR00374,BK00508,4/15/2023,4/29/2023,5/3/2023,Terlambat,18
TRX000709,USR00203,BK01251,2/27/2023,3/13/2023,3/7/2023,Dikembalikan,8
TRX000710,USR00225,BK00694,8/27/2025,9/10/2025,9/4/2025,Dikembalikan,8
TRX000711,USR00089,BK00063,4/15/2024,4/29/2024,4/23/2024,Dikembalikan,8
TRX000712,USR00105,BK00935,8/21/2025,9/4/2025,9/4/2025,Dikembalikan,14
TRX000713,USR00220,BK01133,8/27/2025,9/10/2025,9/7/2025,Dikembalikan,11
TRX000714,USR00034,BK00391,11/14/2024,11/28/2024,11/24/2024,Dikembalikan,10
TRX000715,USR00133,BK01008,9/25/2024,10/9/2024,10/6/2024,Dikembalikan,11
TRX000716,USR00366,BK00813,2/24/2025,3/10/2025,3/7/2025,Dikembalikan,11
TRX000717,USR00008,BK00543,6/20/2023,7/4/2023,7/5/2023,Terlambat,15
TRX000718,USR00005,BK01146,6/21/2025,7/5/2025,7/3/2025,Dikembalikan,12
TRX000719,USR00359,BK00915,1/20/2025,2/3/2025,1/25/2025,Dikembalikan,5
TRX000720,USR00376,BK00698,5/3/2024,5/17/2024,5/20/2024,Terlambat,17
TRX000721,USR00336,BK00101,4/15/2024,4/29/2024,5/2/2024,Terlambat,17
TRX000722,USR00279,BK00100,3/20/2025,4/3/2025,4/10/2025,Terlambat,21
TRX000723,USR00213,BK00164,7/5/2025,7/19/2025,7/20/2025,Terlambat,15
TRX000724,USR00374,BK00480,1/10/2023,1/24/2023,1/29/2023,Terlambat,19
TRX000725,USR00306,BK00041,9/8/2024,9/22/2024,9/12/2024,Dikembalikan,4
TRX000726,USR00288,BK00576,11/23/2025,12/7/2025,12/12/2025,Terlambat,19
TRX000727,USR00003,BK00771,3/9/2024,3/23/2024,3/22/2024,Dikembalikan,13
TRX000728,USR00018,BK00819,12/29/2024,1/12/2025,1/15/2025,Terlambat,17
TRX000729,USR00202,BK01194,3/4/2024,3/18/2024,3/12/2024,Dikembalikan,8
TRX000730,USR00248,BK01223,8/12/2023,8/26/2023,8/18/2023,Dikembalikan,6
TRX000731,USR00123,BK00486,11/27/2025,12/11/2025,12/11/2025,Dikembalikan,14
TRX000732,USR00036,BK00286,12/30/2025,1/13/2026,,Dipinjam,belum_kembali
TRX000733,USR00323,BK01346,11/13/2025,11/27/2025,12/3/2025,Terlambat,20
TRX000734,USR00130,BK00454,3/31/2024,4/14/2024,4/8/2024,Dikembalikan,8
TRX000735,USR00086,BK00365,10/21/2025,11/4/2025,10/30/2025,Dikembalikan,9
TRX000736,USR00251,BK01280,2/11/2024,2/25/2024,2/22/2024,Dikembalikan,11
TRX000737,USR00314,BK00720,1/18/2023,2/1/2023,1/22/2023,Dikembalikan,4
TRX000738,USR00246,BK01046,6/26/2024,7/10/2024,7/3/2024,Dikembalikan,7
TRX000739,USR00040,BK00883,1/18/2023,2/1/2023,1/31/2023,Dikembalikan,13
TRX000740,USR00232,BK00301,11/24/2025,12/8/2025,12/12/2025,Terlambat,18
TRX000741,USR00198,BK00582,10/16/2023,10/30/2023,10/21/2023,Dikembalikan,5
TRX000742,USR00263,BK00283,8/21/2025,9/4/2025,9/1/2025,Dikembalikan,11
TRX000743,USR00186,BK00498,9/16/2024,9/30/2024,10/1/2024,Terlambat,15
TRX000744,USR00021,BK00475,8/1/2023,8/15/2023,8/19/2023,Terlambat,18
TRX000745,USR00194,BK00565,8/29/2025,9/12/2025,9/6/2025,Dikembalikan,8
TRX000746,USR00128,BK01181,11/19/2024,12/3/2024,12/9/2024,Terlambat,20
TRX000747,USR00181,BK00256,1/6/2024,1/20/2024,1/22/2024,Terlambat,16
TRX000748,USR00351,BK00577,12/10/2025,12/24/2025,12/27/2025,Terlambat,17
TRX000749,USR00246,BK01084,11/5/2024,11/19/2024,11/24/2024,Terlambat,19
TRX000750,USR00300,BK00978,4/27/2024,5/11/2024,5/8/2024,Dikembalikan,11
TRX000751,USR00040,BK00286,10/6/2023,10/20/2023,10/27/2023,Terlambat,21
TRX000752,USR00336,BK00560,5/1/2025,5/15/2025,5/4/2025,Dikembalikan,3
TRX000753,USR00372,BK00400,6/9/2025,6/23/2025,6/17/2025,Dikembalikan,8
TRX000754,USR00273,BK00722,3/3/2024,3/17/2024,3/14/2024,Dikembalikan,11
TRX000755,USR00128,BK01173,11/10/2023,11/24/2023,11/21/2023,Dikembalikan,11
TRX000756,USR00328,BK00330,9/7/2025,9/21/2025,9/17/2025,Dikembalikan,10
TRX000757,USR00131,BK00766,5/24/2023,6/7/2023,6/7/2023,Dikembalikan,14
TRX000758,USR00255,BK00765,5/6/2024,5/20/2024,5/10/2024,Dikembalikan,4
TRX000759,USR00299,BK00208,2/27/2023,3/13/2023,3/15/2023,Terlambat,16
TRX000760,USR00242,BK00243,4/20/2024,5/4/2024,4/26/2024,Dikembalikan,6
TRX000761,USR00286,BK00316,5/9/2024,5/23/2024,5/19/2024,Dikembalikan,10
TRX000762,USR00094,BK00951,12/27/2023,1/10/2024,1/14/2024,Terlambat,18
TRX000763,USR00047,BK00415,9/2/2024,9/16/2024,9/19/2024,Terlambat,17
TRX000764,USR00127,BK00604,5/9/2023,5/23/2023,5/15/2023,Dikembalikan,6
TRX000765,USR00363,BK00513,10/3/2025,10/17/2025,10/23/2025,Terlambat,20
TRX000766,USR00103,BK00610,4/8/2023,4/22/2023,4/23/2023,Terlambat,15
TRX000767,USR00249,BK00179,12/11/2024,12/25/2024,12/30/2024,Terlambat,19
TRX000768,USR00361,BK00785,10/29/2024,11/12/2024,11/10/2024,Dikembalikan,12
TRX000769,USR00134,BK00757,11/24/2024,12/8/2024,12/1/2024,Dikembalikan,7
TRX000770,USR00238,BK00494,2/19/2025,3/5/2025,3/7/2025,Terlambat,16
TRX000771,USR00105,BK00971,3/9/2025,3/23/2025,3/30/2025,Terlambat,21
TRX000772,USR00134,BK00761,12/26/2023,1/9/2024,1/15/2024,Terlambat,20
TRX000773,USR00276,BK01228,12/26/2025,1/9/2026,,Dipinjam,belum_kembali
TRX000774,USR00207,BK01258,11/3/2024,11/17/2024,11/10/2024,Dikembalikan,7
TRX000775,USR00201,BK00794,7/31/2025,8/14/2025,8/5/2025,Dikembalikan,5
TRX000776,USR00112,BK00703,12/10/2023,12/24/2023,12/19/2023,Dikembalikan,9
TRX000777,USR00018,BK01149,3/1/2024,3/15/2024,3/17/2024,Terlambat,16
TRX000778,USR00309,BK01310,9/17/2023,10/1/2023,10/4/2023,Terlambat,17
TRX000779,USR00300,BK00947,3/8/2025,3/22/2025,3/15/2025,Dikembalikan,7
TRX000780,USR00081,BK00332,11/23/2024,12/7/2024,12/1/2024,Dikembalikan,8
TRX000781,USR00101,BK00529,3/1/2023,3/15/2023,3/11/2023,Dikembalikan,10
TRX000782,USR00129,BK01000,7/8/2025,7/22/2025,7/28/2025,Terlambat,20
TRX000783,USR00155,BK00719,1/15/2023,1/29/2023,1/31/2023,Terlambat,16
TRX000784,USR00190,BK00290,6/28/2024,7/12/2024,7/12/2024,Dikembalikan,14
TRX000785,USR00231,BK01310,1/24/2025,2/7/2025,2/11/2025,Terlambat,18
TRX000786,USR00292,BK00571,7/16/2025,7/30/2025,8/3/2025,Terlambat,18
TRX000787,USR00291,BK01340,4/25/2023,5/9/2023,5/6/2023,Dikembalikan,11
TRX000788,USR00285,BK01081,3/23/2024,4/6/2024,3/27/2024,Dikembalikan,4
TRX000789,USR00356,BK00848,3/27/2024,4/10/2024,4/3/2024,Dikembalikan,7
TRX000790,USR00326,BK00789,7/6/2025,7/20/2025,7/9/2025,Dikembalikan,3
TRX000791,USR00012,BK00538,11/9/2024,11/23/2024,11/22/2024,Dikembalikan,13
TRX000792,USR00134,BK00737,7/10/2025,7/24/2025,7/27/2025,Terlambat,17
TRX000793,USR00315,BK00766,5/1/2025,5/15/2025,5/19/2025,Terlambat,18
TRX000794,USR00104,BK01334,1/6/2025,1/20/2025,1/27/2025,Terlambat,21
TRX000795,USR00314,BK00782,4/21/2024,5/5/2024,5/10/2024,Terlambat,19
TRX000796,USR00323,BK00958,2/17/2025,3/3/2025,2/20/2025,Dikembalikan,3
TRX000797,USR00087,BK00938,6/2/2025,6/16/2025,6/20/2025,Terlambat,18
TRX000798,USR00361,BK00726,5/25/2023,6/8/2023,6/2/2023,Dikembalikan,8
TRX000799,USR00137,BK00362,6/15/2025,6/29/2025,6/18/2025,Dikembalikan,3
TRX000800,USR00344,BK00920,5/4/2024,5/18/2024,5/15/2024,Dikembalikan,11
TRX000801,USR00099,BK01213,11/23/2023,12/7/2023,12/9/2023,Terlambat,16
TRX000802,USR00325,BK00555,2/27/2024,3/12/2024,3/2/2024,Dikembalikan,4
TRX000803,USR00300,BK00992,11/13/2025,11/27/2025,11/16/2025,Dikembalikan,3
TRX000804,USR00379,BK01295,7/6/2023,7/20/2023,7/21/2023,Terlambat,15
TRX000805,USR00192,BK00859,10/18/2024,11/1/2024,11/7/2024,Terlambat,20
TRX000806,USR00028,BK00405,8/28/2023,9/11/2023,9/11/2023,Dikembalikan,14
TRX000807,USR00131,BK00744,2/9/2024,2/23/2024,2/22/2024,Dikembalikan,13
TRX000808,USR00211,BK01023,10/2/2025,10/16/2025,10/10/2025,Dikembalikan,8
TRX000809,USR00076,BK00693,2/19/2025,3/5/2025,3/5/2025,Dikembalikan,14
TRX000810,USR00222,BK00130,1/23/2025,2/6/2025,2/9/2025,Terlambat,17
TRX000811,USR00336,BK00560,12/24/2024,1/7/2025,1/11/2025,Terlambat,18
TRX000812,USR00146,BK00471,2/22/2023,3/8/2023,3/7/2023,Dikembalikan,13
TRX000813,USR00181,BK00139,3/3/2025,3/17/2025,3/10/2025,Dikembalikan,7
TRX000814,USR00034,BK00622,11/18/2025,12/2/2025,12/2/2025,Dikembalikan,14
TRX000815,USR00131,BK00450,8/9/2024,8/23/2024,8/14/2024,Dikembalikan,5
TRX000816,USR00302,BK00640,10/2/2024,10/16/2024,10/9/2024,Dikembalikan,7
TRX000817,USR00378,BK00434,1/21/2025,2/4/2025,1/28/2025,Dikembalikan,7
TRX000818,USR00166,BK01360,12/20/2025,1/3/2026,,Dipinjam,belum_kembali
TRX000819,USR00218,BK00206,3/18/2025,4/1/2025,3/31/2025,Dikembalikan,13
TRX000820,USR00054,BK00979,7/9/2023,7/23/2023,7/21/2023,Dikembalikan,12
TRX000821,USR00220,BK01218,8/28/2024,9/11/2024,9/10/2024,Dikembalikan,13
TRX000822,USR00092,BK00265,8/27/2025,9/10/2025,9/11/2025,Terlambat,15
TRX000823,USR00210,BK00827,8/6/2025,8/20/2025,8/15/2025,Dikembalikan,9
TRX000824,USR00338,BK00772,4/27/2023,5/11/2023,5/6/2023,Dikembalikan,9
TRX000825,USR00040,BK00940,12/19/2023,1/2/2024,12/24/2023,Dikembalikan,5
TRX000826,USR00332,BK00276,8/5/2024,8/19/2024,8/17/2024,Dikembalikan,12
TRX000827,USR00368,BK01342,4/23/2024,5/7/2024,5/5/2024,Dikembalikan,12
TRX000828,USR00150,BK01224,2/15/2023,3/1/2023,3/8/2023,Terlambat,21
TRX000829,USR00058,BK01136,3/21/2023,4/4/2023,4/4/2023,Dikembalikan,14
TRX000830,USR00134,BK00555,12/25/2024,1/8/2025,1/12/2025,Terlambat,18
TRX000831,USR00144,BK00098,8/1/2024,8/15/2024,8/19/2024,Terlambat,18
TRX000832,USR00329,BK01176,4/29/2024,5/13/2024,5/6/2024,Dikembalikan,7
TRX000833,USR00151,BK00842,8/22/2023,9/5/2023,8/31/2023,Dikembalikan,9
TRX000834,USR00004,BK00968,4/22/2024,5/6/2024,5/3/2024,Dikembalikan,11
TRX000835,USR00098,BK00094,8/26/2025,9/9/2025,8/31/2025,Dikembalikan,5
TRX000836,USR00335,BK01224,6/4/2025,6/18/2025,6/12/2025,Dikembalikan,8
TRX000837,USR00307,BK00774,6/28/2023,7/12/2023,7/6/2023,Dikembalikan,8
TRX000838,USR00091,BK00959,11/5/2023,11/19/2023,11/8/2023,Dikembalikan,3
TRX000839,USR00119,BK00963,10/26/2025,11/9/2025,10/31/2025,Dikembalikan,5
TRX000840,USR00045,BK00678,9/17/2024,10/1/2024,10/7/2024,Terlambat,20
TRX000841,USR00097,BK00188,4/14/2023,4/28/2023,5/4/2023,Terlambat,20
TRX000842,USR00036,BK00777,4/24/2025,5/8/2025,5/6/2025,Dikembalikan,12
TRX000843,USR00366,BK00798,8/9/2023,8/23/2023,8/30/2023,Terlambat,21
TRX000844,USR00244,BK00334,5/24/2023,6/7/2023,6/2/2023,Dikembalikan,9
TRX000845,USR00273,BK00735,7/12/2023,7/26/2023,7/29/2023,Terlambat,17
TRX000846,USR00336,BK00562,3/27/2025,4/10/2025,4/14/2025,Terlambat,18
TRX000847,USR00058,BK00976,5/22/2023,6/5/2023,6/9/2023,Terlambat,18
TRX000848,USR00236,BK00633,8/24/2023,9/7/2023,9/12/2023,Terlambat,19
TRX000849,USR00336,BK00640,10/19/2024,11/2/2024,10/22/2024,Dikembalikan,3
TRX000850,USR00202,BK00865,2/16/2023,3/2/2023,2/26/2023,Dikembalikan,10
TRX000851,USR00317,BK00671,2/26/2023,3/12/2023,3/16/2023,Terlambat,18
TRX000852,USR00037,BK01206,12/7/2024,12/21/2024,12/11/2024,Dikembalikan,4
TRX000853,USR00205,BK00803,11/11/2023,11/25/2023,11/25/2023,Dikembalikan,14
TRX000854,USR00170,BK00472,11/8/2023,11/22/2023,11/18/2023,Dikembalikan,10
TRX000855,USR00259,BK01243,8/29/2023,9/12/2023,9/13/2023,Terlambat,15
TRX000856,USR00300,BK00964,7/10/2023,7/24/2023,7/14/2023,Dikembalikan,4
TRX000857,USR00003,BK00772,3/5/2023,3/19/2023,3/14/2023,Dikembalikan,9
TRX000858,USR00009,BK00477,2/26/2024,3/11/2024,3/1/2024,Dikembalikan,4
TRX000859,USR00261,BK01117,7/29/2024,8/12/2024,8/13/2024,Terlambat,15
TRX000860,USR00236,BK00076,3/23/2025,4/6/2025,4/7/2025,Terlambat,15
TRX000861,USR00287,BK00059,5/22/2024,6/5/2024,5/31/2024,Dikembalikan,9
TRX000862,USR00298,BK00883,8/10/2023,8/24/2023,8/23/2023,Dikembalikan,13
TRX000863,USR00150,BK01223,5/15/2023,5/29/2023,5/26/2023,Dikembalikan,11
TRX000864,USR00012,BK00526,5/26/2024,6/9/2024,6/3/2024,Dikembalikan,8
TRX000865,USR00110,BK00960,11/22/2024,12/6/2024,12/12/2024,Terlambat,20
TRX000866,USR00142,BK00839,12/17/2023,12/31/2023,12/27/2023,Dikembalikan,10
TRX000867,USR00028,BK00379,1/17/2024,1/31/2024,1/24/2024,Dikembalikan,7
TRX000868,USR00157,BK01230,10/17/2023,10/31/2023,10/31/2023,Dikembalikan,14
TRX000869,USR00083,BK00903,8/19/2023,9/2/2023,8/28/2023,Dikembalikan,9
TRX000870,USR00049,BK01379,2/19/2023,3/5/2023,2/28/2023,Dikembalikan,9
TRX000871,USR00060,BK00471,4/26/2024,5/10/2024,5/12/2024,Terlambat,16
TRX000872,USR00103,BK00581,2/5/2024,2/19/2024,2/20/2024,Terlambat,15
TRX000873,USR00210,BK01367,1/30/2024,2/13/2024,2/6/2024,Dikembalikan,7
TRX000874,USR00370,BK00360,6/12/2024,6/26/2024,6/22/2024,Dikembalikan,10
TRX000875,USR00356,BK01178,5/12/2025,5/26/2025,5/23/2025,Dikembalikan,11
TRX000876,USR00014,BK00818,6/28/2024,7/12/2024,7/4/2024,Dikembalikan,6
TRX000877,USR00091,BK00988,3/30/2025,4/13/2025,4/9/2025,Dikembalikan,10
TRX000878,USR00371,BK00812,6/24/2025,7/8/2025,7/12/2025,Terlambat,18
TRX000879,USR00323,BK01334,1/10/2023,1/24/2023,1/29/2023,Terlambat,19
TRX000880,USR00278,BK01328,1/27/2025,2/10/2025,2/13/2025,Terlambat,17
TRX000881,USR00342,BK00854,2/15/2025,3/1/2025,2/20/2025,Dikembalikan,5
TRX000882,USR00075,BK00119,3/2/2025,3/16/2025,3/5/2025,Dikembalikan,3
TRX000883,USR00229,BK00242,6/5/2023,6/19/2023,6/10/2023,Dikembalikan,5
TRX000884,USR00033,BK00734,2/15/2023,3/1/2023,2/28/2023,Dikembalikan,13
TRX000885,USR00067,BK00991,6/12/2024,6/26/2024,6/20/2024,Dikembalikan,8
TRX000886,USR00281,BK00533,2/16/2025,3/2/2025,3/7/2025,Terlambat,19
TRX000887,USR00376,BK00933,4/19/2024,5/3/2024,5/7/2024,Terlambat,18
TRX000888,USR00120,BK00870,2/11/2024,2/25/2024,2/23/2024,Dikembalikan,12
TRX000889,USR00168,BK00159,10/6/2024,10/20/2024,10/17/2024,Dikembalikan,11
TRX000890,USR00327,BK00667,12/26/2024,1/9/2025,1/11/2025,Terlambat,16
TRX000891,USR00374,BK00538,1/15/2023,1/29/2023,1/20/2023,Dikembalikan,5
TRX000892,USR00136,BK00919,11/8/2023,11/22/2023,11/26/2023,Terlambat,18
TRX000893,USR00122,BK00332,12/6/2025,12/20/2025,12/21/2025,Terlambat,15
TRX000894,USR00250,BK00871,9/15/2023,9/29/2023,9/21/2023,Dikembalikan,6
TRX000895,USR00168,BK00313,6/30/2025,7/14/2025,7/9/2025,Dikembalikan,9
TRX000896,USR00077,BK01207,10/27/2024,11/10/2024,11/13/2024,Terlambat,17
TRX000897,USR00266,BK01067,6/24/2023,7/8/2023,7/10/2023,Terlambat,16
TRX000898,USR00023,BK00455,3/9/2023,3/23/2023,3/29/2023,Terlambat,20
TRX000899,USR00374,BK00513,6/15/2024,6/29/2024,6/18/2024,Dikembalikan,3
TRX000900,USR00156,BK00268,1/22/2024,2/5/2024,2/9/2024,Terlambat,18
TRX000901,USR00077,BK01212,12/20/2023,1/3/2024,1/7/2024,Terlambat,18
TRX000902,USR00275,BK00548,9/12/2023,9/26/2023,9/24/2023,Dikembalikan,12
TRX000903,USR00119,BK00992,6/6/2024,6/20/2024,6/18/2024,Dikembalikan,12
TRX000904,USR00006,BK00820,8/24/2024,9/7/2024,8/31/2024,Dikembalikan,7
TRX000905,USR00116,BK01162,9/1/2025,9/15/2025,9/15/2025,Dikembalikan,14
TRX000906,USR00020,BK00534,12/12/2023,12/26/2023,12/31/2023,Terlambat,19
TRX000907,USR00347,BK00761,7/4/2025,7/18/2025,7/13/2025,Dikembalikan,9
TRX000908,USR00009,BK00777,8/5/2024,8/19/2024,8/18/2024,Dikembalikan,13
TRX000909,USR00105,BK01320,4/18/2025,5/2/2025,4/27/2025,Dikembalikan,9
TRX000910,USR00162,BK00727,7/6/2023,7/20/2023,7/10/2023,Dikembalikan,4
TRX000911,USR00330,BK01293,9/14/2023,9/28/2023,9/26/2023,Dikembalikan,12
TRX000912,USR00343,BK00959,6/3/2023,6/17/2023,6/13/2023,Dikembalikan,10
TRX000913,USR00215,BK00051,9/9/2024,9/23/2024,9/29/2024,Terlambat,20
TRX000914,USR00147,BK00830,12/22/2023,1/5/2024,1/1/2024,Dikembalikan,10
TRX000915,USR00066,BK01031,3/12/2024,3/26/2024,3/30/2024,Terlambat,18
TRX000916,USR00122,BK01201,4/10/2025,4/24/2025,4/28/2025,Terlambat,18
TRX000917,USR00262,BK01233,4/9/2023,4/23/2023,4/16/2023,Dikembalikan,7
TRX000918,USR00130,BK00558,8/25/2025,9/8/2025,8/31/2025,Dikembalikan,6
TRX000919,USR00377,BK00169,5/13/2023,5/27/2023,6/1/2023,Terlambat,19
TRX000920,USR00230,BK00842,3/18/2023,4/1/2023,4/6/2023,Terlambat,19
TRX000921,USR00252,BK01318,9/25/2025,10/9/2025,10/16/2025,Terlambat,21
TRX000922,USR00190,BK00055,4/1/2025,4/15/2025,4/12/2025,Dikembalikan,11
TRX000923,USR00194,BK00049,10/30/2025,11/13/2025,11/9/2025,Dikembalikan,10
TRX000924,USR00031,BK00595,12/20/2023,1/3/2024,1/1/2024,Dikembalikan,12
TRX000925,USR00291,BK01118,1/14/2024,1/28/2024,1/24/2024,Dikembalikan,10
TRX000926,USR00189,BK00316,10/11/2025,10/25/2025,10/28/2025,Terlambat,17
TRX000927,USR00181,BK00554,10/29/2023,11/12/2023,11/11/2023,Dikembalikan,13
TRX000928,USR00346,BK01209,3/5/2023,3/19/2023,3/25/2023,Terlambat,20
TRX000929,USR00174,BK00127,4/11/2025,4/25/2025,4/29/2025,Terlambat,18
TRX000930,USR00097,BK00435,4/23/2025,5/7/2025,4/26/2025,Dikembalikan,3
TRX000931,USR00330,BK01276,2/21/2024,3/6/2024,3/12/2024,Terlambat,20
TRX000932,USR00296,BK00948,1/9/2025,1/23/2025,1/26/2025,Terlambat,17
TRX000933,USR00208,BK00995,12/20/2025,1/3/2026,,Dipinjam,belum_kembali
TRX000934,USR00378,BK00714,1/3/2023,1/17/2023,1/6/2023,Dikembalikan,3
TRX000935,USR00147,BK01009,7/4/2025,7/18/2025,7/8/2025,Dikembalikan,4
TRX000936,USR00046,BK00158,12/16/2025,12/30/2025,,Dipinjam,belum_kembali
TRX000937,USR00259,BK01245,5/3/2025,5/17/2025,5/19/2025,Terlambat,16
TRX000938,USR00128,BK00893,4/5/2024,4/19/2024,4/13/2024,Dikembalikan,8
TRX000939,USR00017,BK00772,3/13/2023,3/27/2023,4/3/2023,Terlambat,21
TRX000940,USR00130,BK00171,4/25/2024,5/9/2024,5/6/2024,Dikembalikan,11
TRX000941,USR00040,BK01214,6/10/2025,6/24/2025,6/28/2025,Terlambat,18
TRX000942,USR00094,BK00164,12/27/2023,1/10/2024,1/12/2024,Terlambat,16
TRX000943,USR00335,BK00987,7/4/2024,7/18/2024,7/17/2024,Dikembalikan,13
TRX000944,USR00175,BK01079,1/8/2025,1/22/2025,1/19/2025,Dikembalikan,11
TRX000945,USR00010,BK00051,7/3/2025,7/17/2025,7/24/2025,Terlambat,21
TRX000946,USR00305,BK00298,2/1/2024,2/15/2024,2/13/2024,Dikembalikan,12
TRX000947,USR00356,BK01229,6/14/2025,6/28/2025,6/22/2025,Dikembalikan,8
TRX000948,USR00301,BK00827,9/14/2023,9/28/2023,9/29/2023,Terlambat,15
TRX000949,USR00238,BK00276,12/8/2024,12/22/2024,12/16/2024,Dikembalikan,8
TRX000950,USR00306,BK00066,4/1/2024,4/15/2024,4/11/2024,Dikembalikan,10
TRX000951,USR00045,BK00406,8/3/2025,8/17/2025,8/14/2025,Dikembalikan,11
TRX000952,USR00076,BK00777,4/10/2024,4/24/2024,4/23/2024,Dikembalikan,13
TRX000953,USR00277,BK00416,7/10/2024,7/24/2024,7/27/2024,Terlambat,17
TRX000954,USR00255,BK00760,2/14/2024,2/28/2024,3/3/2024,Terlambat,18
TRX000955,USR00302,BK00116,5/7/2023,5/21/2023,5/21/2023,Dikembalikan,14
TRX000956,USR00160,BK01074,3/29/2025,4/12/2025,4/14/2025,Terlambat,16
TRX000957,USR00313,BK00841,10/5/2025,10/19/2025,10/21/2025,Terlambat,16
TRX000958,USR00324,BK01054,3/30/2025,4/13/2025,4/7/2025,Dikembalikan,8
TRX000959,USR00217,BK00969,4/17/2024,5/1/2024,5/4/2024,Terlambat,17
TRX000960,USR00194,BK00485,3/24/2024,4/7/2024,4/11/2024,Terlambat,18
TRX000961,USR00099,BK01181,7/28/2023,8/11/2023,8/1/2023,Dikembalikan,4
TRX000962,USR00076,BK00765,1/15/2023,1/29/2023,2/4/2023,Terlambat,20
TRX000963,USR00191,BK01177,5/29/2024,6/12/2024,6/2/2024,Dikembalikan,4
TRX000964,USR00089,BK00434,4/22/2024,5/6/2024,5/1/2024,Dikembalikan,9
TRX000965,USR00296,BK00915,12/28/2025,1/11/2026,,Dipinjam,belum_kembali
TRX000966,USR00192,BK00834,9/19/2023,10/3/2023,10/3/2023,Dikembalikan,14
TRX000967,USR00246,BK00840,1/26/2023,2/9/2023,2/6/2023,Dikembalikan,11
TRX000968,USR00235,BK00584,8/21/2023,9/4/2023,9/8/2023,Terlambat,18
TRX000969,USR00073,BK00521,2/3/2023,2/17/2023,2/18/2023,Terlambat,15
TRX000970,USR00377,BK00074,10/23/2023,11/6/2023,10/29/2023,Dikembalikan,6
TRX000971,USR00058,BK00935,8/7/2025,8/21/2025,8/15/2025,Dikembalikan,8
TRX000972,USR00346,BK01227,7/11/2025,7/25/2025,7/20/2025,Dikembalikan,9
TRX000973,USR00241,BK00614,5/27/2025,6/10/2025,6/15/2025,Terlambat,19
TRX000974,USR00122,BK01223,12/13/2025,12/27/2025,1/2/2026,Terlambat,20
TRX000975,USR00075,BK00125,8/17/2025,8/31/2025,9/5/2025,Terlambat,19
TRX000976,USR00316,BK00629,6/14/2023,6/28/2023,6/28/2023,Dikembalikan,14
TRX000977,USR00364,BK00114,5/11/2025,5/25/2025,5/25/2025,Dikembalikan,14
TRX000978,USR00129,BK01099,3/3/2023,3/17/2023,3/10/2023,Dikembalikan,7
TRX000979,USR00108,BK00696,3/17/2023,3/31/2023,4/1/2023,Terlambat,15
TRX000980,USR00329,BK01190,10/9/2025,10/23/2025,10/25/2025,Terlambat,16
TRX000981,USR00138,BK01257,12/25/2025,1/8/2026,,Dipinjam,belum_kembali
TRX000982,USR00120,BK01240,7/2/2023,7/16/2023,7/5/2023,Dikembalikan,3
TRX000983,USR00070,BK00140,2/19/2025,3/5/2025,2/27/2025,Dikembalikan,8
TRX000984,USR00038,BK00705,5/10/2024,5/24/2024,5/27/2024,Terlambat,17
TRX000985,USR00174,BK01039,4/11/2024,4/25/2024,4/22/2024,Dikembalikan,11
TRX000986,USR00064,BK00380,8/14/2024,8/28/2024,8/17/2024,Dikembalikan,3
TRX000987,USR00124,BK01245,4/29/2025,5/13/2025,5/13/2025,Dikembalikan,14
TRX000988,USR00344,BK00977,8/20/2025,9/3/2025,8/24/2025,Dikembalikan,4
TRX000989,USR00343,BK00956,2/2/2023,2/16/2023,2/9/2023,Dikembalikan,7
TRX000990,USR00006,BK01377,2/22/2024,3/7/2024,3/8/2024,Terlambat,15
TRX000991,USR00187,BK00569,12/19/2024,1/2/2025,1/3/2025,Terlambat,15
TRX000992,USR00367,BK01135,12/15/2023,12/29/2023,12/24/2023,Dikembalikan,9
TRX000993,USR00253,BK01187,5/14/2023,5/28/2023,5/30/2023,Terlambat,16
TRX000994,USR00140,BK01280,9/11/2023,9/25/2023,9/15/2023,Dikembalikan,4
TRX000995,USR00374,BK00494,3/22/2025,4/5/2025,3/25/2025,Dikembalikan,3
TRX000996,USR00315,BK00754,4/26/2025,5/10/2025,5/8/2025,Dikembalikan,12
TRX000997,USR00024,BK00800,2/9/2024,2/23/2024,2/27/2024,Terlambat,18
TRX000998,USR00321,BK00451,7/7/2023,7/21/2023,7/25/2023,Terlambat,18
TRX000999,USR00011,BK00468,2/17/2023,3/3/2023,2/26/2023,Dikembalikan,9
TRX001000,USR00035,BK00099,8/9/2023,8/23/2023,8/12/2023,Dikembalikan,3
TRX001001,USR00331,BK00967,7/10/2024,7/24/2024,7/26/2024,Terlambat,16
TRX001002,USR00249,BK00775,3/13/2024,3/27/2024,3/23/2024,Dikembalikan,10
TRX001003,USR00161,BK00894,10/28/2024,11/11/2024,11/4/2024,Dikembalikan,7
TRX001004,USR00182,BK00630,3/7/2025,3/21/2025,3/23/2025,Terlambat,16
TRX001005,USR00208,BK00947,9/12/2024,9/26/2024,9/29/2024,Terlambat,17
TRX001006,USR00049,BK00274,10/26/2025,11/9/2025,11/5/2025,Dikembalikan,10
TRX001007,USR00244,BK00389,12/27/2024,1/10/2025,12/31/2024,Dikembalikan,4
TRX001008,USR00004,BK01042,3/14/2024,3/28/2024,4/2/2024,Terlambat,19
TRX001009,USR00374,BK00543,5/5/2024,5/19/2024,5/9/2024,Dikembalikan,4
TRX001010,USR00091,BK00958,7/28/2024,8/11/2024,8/12/2024,Terlambat,15
TRX001011,USR00229,BK00145,12/5/2023,12/19/2023,12/16/2023,Dikembalikan,11
TRX001012,USR00090,BK01373,1/3/2025,1/17/2025,1/14/2025,Dikembalikan,11
TRX001013,USR00214,BK00547,1/18/2024,2/1/2024,1/24/2024,Dikembalikan,6
TRX001014,USR00281,BK00543,10/30/2025,11/13/2025,11/16/2025,Terlambat,17
TRX001015,USR00349,BK00881,9/27/2024,10/11/2024,10/13/2024,Terlambat,16
TRX001016,USR00047,BK00459,9/5/2024,9/19/2024,9/26/2024,Terlambat,21
TRX001017,USR00141,BK00515,6/15/2024,6/29/2024,7/2/2024,Terlambat,17
TRX001018,USR00271,BK00413,9/8/2023,9/22/2023,9/13/2023,Dikembalikan,5
TRX001019,USR00006,BK00798,4/1/2023,4/15/2023,4/11/2023,Dikembalikan,10
TRX001020,USR00038,BK00539,4/9/2025,4/23/2025,4/22/2025,Dikembalikan,13
TRX001021,USR00210,BK01218,10/26/2025,11/9/2025,10/31/2025,Dikembalikan,5
TRX001022,USR00007,BK01265,4/1/2023,4/15/2023,4/5/2023,Dikembalikan,4
TRX001023,USR00109,BK00581,12/3/2025,12/17/2025,12/13/2025,Dikembalikan,10
TRX001024,USR00184,BK00103,5/1/2025,5/15/2025,5/16/2025,Terlambat,15
TRX001025,USR00049,BK01326,1/1/2023,1/15/2023,1/4/2023,Dikembalikan,3
TRX001026,USR00352,BK01353,1/31/2024,2/14/2024,2/19/2024,Terlambat,19
TRX001027,USR00343,BK00904,5/21/2023,6/4/2023,5/29/2023,Dikembalikan,8
TRX001028,USR00015,BK00998,8/11/2025,8/25/2025,8/17/2025,Dikembalikan,6
TRX001029,USR00338,BK00771,4/23/2023,5/7/2023,5/8/2023,Terlambat,15
TRX001030,USR00119,BK01187,7/5/2023,7/19/2023,7/17/2023,Dikembalikan,12
TRX001031,USR00353,BK00008,8/26/2023,9/9/2023,9/4/2023,Dikembalikan,9
TRX001032,USR00287,BK00076,3/16/2023,3/30/2023,3/30/2023,Dikembalikan,14
TRX001033,USR00287,BK00157,3/31/2024,4/14/2024,4/21/2024,Terlambat,21
TRX001034,USR00286,BK00382,6/7/2023,6/21/2023,6/25/2023,Terlambat,18
TRX001035,USR00219,BK01344,2/22/2024,3/7/2024,3/1/2024,Dikembalikan,8
TRX001036,USR00118,BK00786,1/18/2025,2/1/2025,1/21/2025,Dikembalikan,3
TRX001037,USR00109,BK00589,6/21/2023,7/5/2023,6/28/2023,Dikembalikan,7
TRX001038,USR00297,BK01182,6/2/2023,6/16/2023,6/11/2023,Dikembalikan,9
TRX001039,USR00233,BK00584,3/28/2023,4/11/2023,4/18/2023,Terlambat,21
TRX001040,USR00009,BK00361,6/27/2024,7/11/2024,7/1/2024,Dikembalikan,4
TRX001041,USR00269,BK00853,3/12/2024,3/26/2024,3/30/2024,Terlambat,18
TRX001042,USR00279,BK00500,10/12/2025,10/26/2025,10/26/2025,Dikembalikan,14
TRX001043,USR00320,BK00757,6/6/2024,6/20/2024,6/26/2024,Terlambat,20
TRX001044,USR00367,BK01165,4/28/2025,5/12/2025,5/5/2025,Dikembalikan,7
TRX001045,USR00125,BK01032,3/6/2025,3/20/2025,3/27/2025,Terlambat,21
TRX001046,USR00299,BK00756,5/29/2025,6/12/2025,6/11/2025,Dikembalikan,13
TRX001047,USR00223,BK00723,4/9/2023,4/23/2023,4/14/2023,Dikembalikan,5
TRX001048,USR00084,BK01222,9/27/2023,10/11/2023,10/7/2023,Dikembalikan,10
TRX001049,USR00232,BK00241,2/5/2024,2/19/2024,2/9/2024,Dikembalikan,4
TRX001050,USR00247,BK00418,11/6/2025,11/20/2025,11/24/2025,Terlambat,18
TRX001051,USR00360,BK00931,3/28/2024,4/11/2024,4/3/2024,Dikembalikan,6
TRX001052,USR00212,BK01148,11/29/2024,12/13/2024,12/15/2024,Terlambat,16
TRX001053,USR00067,BK01239,8/4/2023,8/18/2023,8/7/2023,Dikembalikan,3
TRX001054,USR00035,BK00008,8/9/2023,8/23/2023,8/30/2023,Terlambat,21
TRX001055,USR00083,BK00856,4/10/2023,4/24/2023,4/22/2023,Dikembalikan,12
TRX001056,USR00012,BK00535,4/11/2023,4/25/2023,4/20/2023,Dikembalikan,9
TRX001057,USR00252,BK01364,4/9/2025,4/23/2025,4/20/2025,Dikembalikan,11
TRX001058,USR00253,BK01313,1/28/2023,2/11/2023,2/8/2023,Dikembalikan,11
TRX001059,USR00019,BK00320,6/4/2023,6/18/2023,6/22/2023,Terlambat,18
TRX001060,USR00278,BK01352,7/13/2024,7/27/2024,7/29/2024,Terlambat,16
TRX001061,USR00280,BK00745,3/3/2023,3/17/2023,3/18/2023,Terlambat,15
TRX001062,USR00128,BK01315,11/11/2024,11/25/2024,11/30/2024,Terlambat,19
TRX001063,USR00362,BK00793,7/24/2025,8/7/2025,8/4/2025,Dikembalikan,11
TRX001064,USR00284,BK00743,3/25/2023,4/8/2023,4/12/2023,Terlambat,18
TRX001065,USR00147,BK01021,10/21/2023,11/4/2023,10/24/2023,Dikembalikan,3
TRX001066,USR00363,BK00916,6/26/2025,7/10/2025,7/12/2025,Terlambat,16
TRX001067,USR00167,BK01240,12/28/2025,1/11/2026,,Dipinjam,belum_kembali
TRX001068,USR00211,BK00985,6/25/2023,7/9/2023,7/9/2023,Dikembalikan,14
TRX001069,USR00278,BK00426,8/8/2024,8/22/2024,8/26/2024,Terlambat,18
TRX001070,USR00016,BK01214,8/24/2024,9/7/2024,9/8/2024,Terlambat,15
TRX001071,USR00197,BK00628,10/3/2023,10/17/2023,10/18/2023,Terlambat,15
TRX001072,USR00157,BK00676,6/23/2023,7/7/2023,6/29/2023,Dikembalikan,6
TRX001073,USR00263,BK00391,6/10/2025,6/24/2025,6/13/2025,Dikembalikan,3
TRX001074,USR00156,BK00315,7/7/2024,7/21/2024,7/22/2024,Terlambat,15
TRX001075,USR00236,BK00675,9/16/2025,9/30/2025,9/20/2025,Dikembalikan,4
TRX001076,USR00362,BK01341,10/2/2025,10/16/2025,10/14/2025,Dikembalikan,12
TRX001077,USR00010,BK00054,9/28/2023,10/12/2023,10/7/2023,Dikembalikan,9
TRX001078,USR00301,BK00801,1/3/2024,1/17/2024,1/12/2024,Dikembalikan,9
TRX001079,USR00219,BK00967,3/11/2023,3/25/2023,3/14/2023,Dikembalikan,3
TRX001080,USR00219,BK01371,3/10/2025,3/24/2025,3/15/2025,Dikembalikan,5
TRX001081,USR00094,BK00790,4/26/2023,5/10/2023,5/9/2023,Dikembalikan,13
TRX001082,USR00180,BK00013,4/11/2024,4/25/2024,4/24/2024,Dikembalikan,13
TRX001083,USR00015,BK01167,11/20/2025,12/4/2025,12/1/2025,Dikembalikan,11
TRX001084,USR00304,BK01024,8/13/2024,8/27/2024,8/20/2024,Dikembalikan,7
TRX001085,USR00233,BK01026,9/11/2023,9/25/2023,9/14/2023,Dikembalikan,3
TRX001086,USR00183,BK01055,7/8/2024,7/22/2024,7/19/2024,Dikembalikan,11
TRX001087,USR00117,BK01224,7/21/2024,8/4/2024,7/26/2024,Dikembalikan,5
TRX001088,USR00190,BK00238,9/21/2025,10/5/2025,10/10/2025,Terlambat,19
TRX001089,USR00376,BK00325,2/8/2024,2/22/2024,2/25/2024,Terlambat,17
TRX001090,USR00031,BK00645,9/14/2024,9/28/2024,9/18/2024,Dikembalikan,4
TRX001091,USR00267,BK00613,5/24/2025,6/7/2025,6/12/2025,Terlambat,19
TRX001092,USR00124,BK01323,10/25/2025,11/8/2025,10/31/2025,Dikembalikan,6
TRX001093,USR00173,BK00297,2/23/2025,3/9/2025,3/2/2025,Dikembalikan,7
TRX001094,USR00193,BK01267,12/5/2024,12/19/2024,12/22/2024,Terlambat,17
TRX001095,USR00350,BK00970,3/20/2024,4/3/2024,4/2/2024,Dikembalikan,13
TRX001096,USR00146,BK00650,12/11/2024,12/25/2024,12/18/2024,Dikembalikan,7
TRX001097,USR00273,BK00759,2/5/2024,2/19/2024,2/23/2024,Terlambat,18
TRX001098,USR00251,BK00796,8/28/2024,9/11/2024,9/5/2024,Dikembalikan,8
TRX001099,USR00112,BK00433,8/12/2025,8/26/2025,8/31/2025,Terlambat,19
TRX001100,USR00203,BK00794,2/21/2023,3/7/2023,3/6/2023,Dikembalikan,13
TRX001101,USR00015,BK01238,12/15/2025,12/29/2025,12/23/2025,Dikembalikan,8
TRX001102,USR00081,BK00295,6/22/2025,7/6/2025,7/7/2025,Terlambat,15
TRX001103,USR00160,BK01194,12/26/2025,1/9/2026,,Dipinjam,belum_kembali
TRX001104,USR00048,BK01375,9/4/2024,9/18/2024,9/17/2024,Dikembalikan,13
TRX001105,USR00049,BK01246,7/3/2025,7/17/2025,7/8/2025,Dikembalikan,5
TRX001106,USR00328,BK00348,10/3/2024,10/17/2024,10/12/2024,Dikembalikan,9
TRX001107,USR00131,BK00753,1/7/2025,1/21/2025,1/16/2025,Dikembalikan,9
TRX001108,USR00236,BK00586,3/22/2025,4/5/2025,3/29/2025,Dikembalikan,7
TRX001109,USR00039,BK00968,6/18/2023,7/2/2023,6/29/2023,Dikembalikan,11
TRX001110,USR00266,BK01081,9/7/2023,9/21/2023,9/10/2023,Dikembalikan,3
TRX001111,USR00179,BK00553,12/29/2024,1/12/2025,1/5/2025,Dikembalikan,7
TRX001112,USR00108,BK00641,12/22/2024,1/5/2025,1/8/2025,Terlambat,17
TRX001113,USR00316,BK00123,7/18/2023,8/1/2023,7/24/2023,Dikembalikan,6
TRX001114,USR00094,BK00226,5/12/2024,5/26/2024,5/23/2024,Dikembalikan,11
TRX001115,USR00041,BK01341,12/4/2023,12/18/2023,12/20/2023,Terlambat,16
TRX001116,USR00189,BK00332,2/21/2023,3/7/2023,2/25/2023,Dikembalikan,4
TRX001117,USR00046,BK00072,9/11/2024,9/25/2024,9/21/2024,Dikembalikan,10
TRX001118,USR00263,BK00334,4/26/2025,5/10/2025,5/1/2025,Dikembalikan,5
TRX001119,USR00164,BK00421,9/2/2025,9/16/2025,9/21/2025,Terlambat,19
TRX001120,USR00171,BK00798,9/25/2023,10/9/2023,10/1/2023,Dikembalikan,6
TRX001121,USR00264,BK00535,3/21/2024,4/4/2024,4/7/2024,Terlambat,17
TRX001122,USR00234,BK00959,8/13/2024,8/27/2024,9/3/2024,Terlambat,21
TRX001123,USR00321,BK00325,3/7/2024,3/21/2024,3/16/2024,Dikembalikan,9
TRX001124,USR00038,BK00676,6/24/2024,7/8/2024,7/14/2024,Terlambat,20
TRX001125,USR00157,BK01250,2/28/2024,3/13/2024,3/5/2024,Dikembalikan,6
TRX001126,USR00300,BK00983,12/11/2025,12/25/2025,12/20/2025,Dikembalikan,9
TRX001127,USR00106,BK00112,7/30/2025,8/13/2025,8/17/2025,Terlambat,18
TRX001128,USR00048,BK01243,7/29/2025,8/12/2025,8/1/2025,Dikembalikan,3
TRX001129,USR00182,BK00582,12/24/2024,1/7/2025,1/8/2025,Terlambat,15
TRX001130,USR00251,BK00936,11/28/2023,12/12/2023,12/18/2023,Terlambat,20
TRX001131,USR00379,BK01362,9/18/2023,10/2/2023,9/24/2023,Dikembalikan,6
TRX001132,USR00272,BK00288,10/28/2025,11/11/2025,11/13/2025,Terlambat,16
TRX001133,USR00045,BK00705,6/19/2024,7/3/2024,7/6/2024,Terlambat,17
TRX001134,USR00093,BK00334,2/26/2024,3/11/2024,3/6/2024,Dikembalikan,9
TRX001135,USR00313,BK00119,1/7/2025,1/21/2025,1/28/2025,Terlambat,21
TRX001136,USR00366,BK00826,3/17/2023,3/31/2023,4/1/2023,Terlambat,15
TRX001137,USR00087,BK00895,12/22/2024,1/5/2025,1/1/2025,Dikembalikan,10
TRX001138,USR00070,BK00293,6/25/2024,7/9/2024,7/4/2024,Dikembalikan,9
TRX001139,USR00292,BK00585,7/7/2023,7/21/2023,7/13/2023,Dikembalikan,6
TRX001140,USR00005,BK01025,6/5/2025,6/19/2025,6/19/2025,Dikembalikan,14
TRX001141,USR00199,BK00511,3/7/2025,3/21/2025,3/17/2025,Dikembalikan,10
TRX001142,USR00079,BK00756,9/20/2024,10/4/2024,10/10/2024,Terlambat,20
TRX001143,USR00052,BK00194,2/9/2025,2/23/2025,2/20/2025,Dikembalikan,11
TRX001144,USR00136,BK00880,4/21/2025,5/5/2025,5/4/2025,Dikembalikan,13
TRX001145,USR00199,BK00330,2/1/2025,2/15/2025,2/22/2025,Terlambat,21
TRX001146,USR00056,BK01195,10/20/2025,11/3/2025,11/10/2025,Terlambat,21
TRX001147,USR00326,BK00345,3/3/2024,3/17/2024,3/19/2024,Terlambat,16
TRX001148,USR00070,BK00194,12/30/2023,1/13/2024,1/17/2024,Terlambat,18
TRX001149,USR00016,BK01203,1/19/2025,2/2/2025,2/9/2025,Terlambat,21
TRX001150,USR00203,BK01357,9/24/2024,10/8/2024,9/29/2024,Dikembalikan,5
TRX001151,USR00238,BK00125,3/26/2024,4/9/2024,4/15/2024,Terlambat,20
TRX001152,USR00146,BK00461,1/2/2024,1/16/2024,1/18/2024,Terlambat,16
TRX001153,USR00239,BK01092,1/29/2024,2/12/2024,2/7/2024,Dikembalikan,9
TRX001154,USR00154,BK00988,4/11/2025,4/25/2025,4/17/2025,Dikembalikan,6
TRX001155,USR00356,BK01179,4/3/2024,4/17/2024,4/9/2024,Dikembalikan,6
TRX001156,USR00206,BK00533,1/11/2024,1/25/2024,1/20/2024,Dikembalikan,9
TRX001157,USR00091,BK01026,6/19/2024,7/3/2024,7/10/2024,Terlambat,21
TRX001158,USR00290,BK00481,7/19/2023,8/2/2023,8/3/2023,Terlambat,15
TRX001159,USR00234,BK00985,5/27/2024,6/10/2024,6/13/2024,Terlambat,17
TRX001160,USR00290,BK00511,12/2/2024,12/16/2024,12/20/2024,Terlambat,18
TRX001161,USR00077,BK01193,2/19/2025,3/5/2025,3/8/2025,Terlambat,17
TRX001162,USR00150,BK01183,3/16/2023,3/30/2023,4/6/2023,Terlambat,21
TRX001163,USR00027,BK00211,2/1/2024,2/15/2024,2/18/2024,Terlambat,17
TRX001164,USR00169,BK01121,4/28/2023,5/12/2023,5/12/2023,Dikembalikan,14
TRX001165,USR00120,BK01341,6/30/2024,7/14/2024,7/14/2024,Dikembalikan,14
TRX001166,USR00333,BK01255,1/11/2025,1/25/2025,1/28/2025,Terlambat,17
TRX001167,USR00295,BK00131,8/14/2025,8/28/2025,8/17/2025,Dikembalikan,3
TRX001168,USR00262,BK01241,8/13/2025,8/27/2025,8/31/2025,Terlambat,18
TRX001169,USR00259,BK01173,4/27/2025,5/11/2025,4/30/2025,Dikembalikan,3
TRX001170,USR00253,BK01221,4/12/2025,4/26/2025,5/1/2025,Terlambat,19
TRX001171,USR00068,BK00053,5/9/2023,5/23/2023,5/13/2023,Dikembalikan,4
TRX001172,USR00127,BK00651,2/15/2024,2/29/2024,2/29/2024,Dikembalikan,14
TRX001173,USR00311,BK00434,3/11/2024,3/25/2024,3/20/2024,Dikembalikan,9
TRX001174,USR00086,BK00324,10/13/2025,10/27/2025,10/17/2025,Dikembalikan,4
TRX001175,USR00220,BK01207,5/18/2025,6/1/2025,6/1/2025,Dikembalikan,14
TRX001176,USR00076,BK00332,11/16/2024,11/30/2024,12/5/2024,Terlambat,19
TRX001177,USR00042,BK00731,6/26/2024,7/10/2024,7/13/2024,Terlambat,17
TRX001178,USR00026,BK00723,7/17/2024,7/31/2024,8/3/2024,Terlambat,17
TRX001179,USR00122,BK01148,3/15/2023,3/29/2023,3/22/2023,Dikembalikan,7
TRX001180,USR00065,BK00496,12/14/2023,12/28/2023,12/17/2023,Dikembalikan,3
TRX001181,USR00121,BK01318,12/9/2025,12/23/2025,12/24/2025,Terlambat,15
TRX001182,USR00116,BK01114,2/25/2023,3/11/2023,3/7/2023,Dikembalikan,10
TRX001183,USR00375,BK00814,9/14/2025,9/28/2025,10/3/2025,Terlambat,19
TRX001184,USR00068,BK00055,4/5/2025,4/19/2025,4/26/2025,Terlambat,21
TRX001185,USR00375,BK00923,2/16/2025,3/2/2025,2/28/2025,Dikembalikan,12
TRX001186,USR00026,BK00757,3/1/2023,3/15/2023,3/19/2023,Terlambat,18
TRX001187,USR00177,BK01095,7/16/2024,7/30/2024,7/21/2024,Dikembalikan,5
TRX001188,USR00142,BK00792,6/11/2024,6/25/2024,6/14/2024,Dikembalikan,3
TRX001189,USR00374,BK00185,10/17/2023,10/31/2023,11/2/2023,Terlambat,16
TRX001190,USR00323,BK01335,2/26/2024,3/11/2024,3/6/2024,Dikembalikan,9
TRX001191,USR00231,BK00666,8/14/2025,8/28/2025,8/25/2025,Dikembalikan,11
TRX001192,USR00247,BK00177,6/3/2025,6/17/2025,6/7/2025,Dikembalikan,4
TRX001193,USR00235,BK00640,9/21/2025,10/5/2025,9/30/2025,Dikembalikan,9
TRX001194,USR00135,BK01217,6/25/2024,7/9/2024,7/1/2024,Dikembalikan,6
TRX001195,USR00081,BK00280,5/23/2023,6/6/2023,5/27/2023,Dikembalikan,4
TRX001196,USR00247,BK00184,6/12/2025,6/26/2025,6/16/2025,Dikembalikan,4
TRX001197,USR00228,BK00299,11/2/2024,11/16/2024,11/8/2024,Dikembalikan,6
TRX001198,USR00349,BK00890,9/1/2025,9/15/2025,9/22/2025,Terlambat,21
TRX001199,USR00206,BK00527,4/28/2024,5/12/2024,5/1/2024,Dikembalikan,3
TRX001200,USR00157,BK01261,7/4/2025,7/18/2025,7/18/2025,Dikembalikan,14
TRX001201,USR00186,BK00541,11/30/2024,12/14/2024,12/3/2024,Dikembalikan,3
TRX001202,USR00371,BK00289,1/11/2024,1/25/2024,1/27/2024,Terlambat,16
TRX001203,USR00242,BK00269,12/17/2025,12/31/2025,,Dipinjam,belum_kembali
TRX001204,USR00252,BK01238,5/4/2023,5/18/2023,5/22/2023,Terlambat,18
TRX001205,USR00013,BK01305,9/3/2023,9/17/2023,9/11/2023,Dikembalikan,8
TRX001206,USR00087,BK01095,7/14/2023,7/28/2023,7/23/2023,Dikembalikan,9
TRX001207,USR00035,BK00105,1/15/2025,1/29/2025,2/5/2025,Terlambat,21
TRX001208,USR00352,BK00981,2/29/2024,3/14/2024,3/10/2024,Dikembalikan,10
TRX001209,USR00157,BK01278,10/31/2025,11/14/2025,11/3/2025,Dikembalikan,3
TRX001210,USR00362,BK01369,1/14/2025,1/28/2025,1/20/2025,Dikembalikan,6
TRX001211,USR00375,BK01302,7/1/2024,7/15/2024,7/5/2024,Dikembalikan,4
TRX001212,USR00250,BK00911,6/22/2025,7/6/2025,7/11/2025,Terlambat,19
TRX001213,USR00361,BK00722,1/22/2023,2/5/2023,2/1/2023,Dikembalikan,10
TRX001214,USR00266,BK01082,6/5/2025,6/19/2025,6/18/2025,Dikembalikan,13
TRX001215,USR00297,BK01185,1/15/2023,1/29/2023,1/27/2023,Dikembalikan,12
TRX001216,USR00249,BK00777,1/14/2024,1/28/2024,2/2/2024,Terlambat,19
TRX001217,USR00188,BK01150,11/2/2025,11/16/2025,11/12/2025,Dikembalikan,10
TRX001218,USR00337,BK01187,6/8/2024,6/22/2024,6/18/2024,Dikembalikan,10
TRX001219,USR00053,BK01199,11/29/2025,12/13/2025,12/12/2025,Dikembalikan,13
TRX001220,USR00128,BK01221,6/18/2024,7/2/2024,6/29/2024,Dikembalikan,11
TRX001221,USR00166,BK01349,3/17/2024,3/31/2024,3/20/2024,Dikembalikan,3
TRX001222,USR00303,BK00398,1/31/2025,2/14/2025,2/16/2025,Terlambat,16
TRX001223,USR00303,BK00405,4/21/2023,5/5/2023,4/27/2023,Dikembalikan,6
TRX001224,USR00200,BK01228,9/24/2023,10/8/2023,10/9/2023,Terlambat,15
TRX001225,USR00047,BK00402,12/5/2023,12/19/2023,12/15/2023,Dikembalikan,10
TRX001226,USR00227,BK00534,5/16/2024,5/30/2024,5/19/2024,Dikembalikan,3
TRX001227,USR00172,BK00840,7/17/2024,7/31/2024,7/21/2024,Dikembalikan,4
TRX001228,USR00359,BK00938,3/2/2024,3/16/2024,3/10/2024,Dikembalikan,8
TRX001229,USR00063,BK00457,1/1/2025,1/15/2025,1/10/2025,Dikembalikan,9
TRX001230,USR00054,BK00970,8/21/2024,9/4/2024,8/28/2024,Dikembalikan,7
TRX001231,USR00304,BK01022,2/26/2025,3/12/2025,3/17/2025,Terlambat,19
TRX001232,USR00121,BK00914,3/8/2023,3/22/2023,3/29/2023,Terlambat,21
TRX001233,USR00130,BK00263,12/10/2024,12/24/2024,12/22/2024,Dikembalikan,12
TRX001234,USR00110,BK00952,6/27/2025,7/11/2025,7/15/2025,Terlambat,18
TRX001235,USR00049,BK01360,12/12/2025,12/26/2025,12/19/2025,Dikembalikan,7
TRX001236,USR00231,BK01193,4/29/2024,5/13/2024,5/18/2024,Terlambat,19
TRX001237,USR00314,BK00724,11/18/2023,12/2/2023,12/6/2023,Terlambat,18
TRX001238,USR00265,BK00370,10/10/2023,10/24/2023,10/26/2023,Terlambat,16
TRX001239,USR00196,BK00074,12/28/2024,1/11/2025,1/3/2025,Dikembalikan,6
TRX001240,USR00181,BK00476,5/7/2025,5/21/2025,5/26/2025,Terlambat,19
TRX001241,USR00116,BK01086,6/12/2023,6/26/2023,6/25/2023,Dikembalikan,13
TRX001242,USR00233,BK00958,4/20/2023,5/4/2023,5/9/2023,Terlambat,19
TRX001243,USR00057,BK00958,11/3/2024,11/17/2024,11/15/2024,Dikembalikan,12
TRX001244,USR00188,BK01098,1/31/2023,2/14/2023,2/12/2023,Dikembalikan,12
TRX001245,USR00169,BK01095,10/28/2024,11/11/2024,10/31/2024,Dikembalikan,3
TRX001246,USR00352,BK01268,8/17/2024,8/31/2024,8/21/2024,Dikembalikan,4
TRX001247,USR00245,BK00948,1/9/2025,1/23/2025,1/23/2025,Dikembalikan,14
TRX001248,USR00012,BK00530,1/24/2025,2/7/2025,2/6/2025,Dikembalikan,13
TRX001249,USR00233,BK00979,11/9/2023,11/23/2023,11/26/2023,Terlambat,17
TRX001250,USR00232,BK00191,10/14/2025,10/28/2025,11/1/2025,Terlambat,18
TRX001251,USR00316,BK00130,8/29/2023,9/12/2023,9/5/2023,Dikembalikan,7
TRX001252,USR00103,BK00698,5/23/2024,6/6/2024,6/10/2024,Terlambat,18
TRX001253,USR00297,BK01198,8/6/2024,8/20/2024,8/19/2024,Dikembalikan,13
TRX001254,USR00176,BK00620,9/27/2024,10/11/2024,10/18/2024,Terlambat,21
TRX001255,USR00293,BK00494,8/5/2023,8/19/2023,8/21/2023,Terlambat,16
TRX001256,USR00020,BK00491,9/27/2025,10/11/2025,10/3/2025,Dikembalikan,6
TRX001257,USR00255,BK00745,12/12/2023,12/26/2023,12/29/2023,Terlambat,17
TRX001258,USR00125,BK00953,2/12/2023,2/26/2023,2/27/2023,Terlambat,15
TRX001259,USR00334,BK00822,11/10/2023,11/24/2023,11/28/2023,Terlambat,18
TRX001260,USR00358,BK01077,8/2/2024,8/16/2024,8/16/2024,Dikembalikan,14
TRX001261,USR00236,BK00481,2/18/2024,3/3/2024,2/29/2024,Dikembalikan,11
TRX001262,USR00229,BK00433,4/25/2023,5/9/2023,5/8/2023,Dikembalikan,13
TRX001263,USR00249,BK00768,12/24/2024,1/7/2025,1/7/2025,Dikembalikan,14
TRX001264,USR00278,BK01260,6/10/2025,6/24/2025,6/18/2025,Dikembalikan,8
TRX001265,USR00052,BK00410,2/21/2024,3/6/2024,3/6/2024,Dikembalikan,14
TRX001266,USR00306,BK01367,9/17/2025,10/1/2025,10/3/2025,Terlambat,16
TRX001267,USR00162,BK00156,12/30/2024,1/13/2025,1/2/2025,Dikembalikan,3
TRX001268,USR00028,BK00474,10/26/2025,11/9/2025,11/11/2025,Terlambat,16
TRX001269,USR00183,BK01338,6/12/2023,6/26/2023,6/30/2023,Terlambat,18
TRX001270,USR00107,BK00205,10/19/2024,11/2/2024,10/27/2024,Dikembalikan,8
TRX001271,USR00120,BK01366,4/1/2024,4/15/2024,4/16/2024,Terlambat,15
TRX001272,USR00342,BK01238,5/11/2024,5/25/2024,5/16/2024,Dikembalikan,5
TRX001273,USR00233,BK00961,2/20/2023,3/6/2023,2/25/2023,Dikembalikan,5
TRX001274,USR00310,BK00053,2/8/2024,2/22/2024,2/13/2024,Dikembalikan,5
TRX001275,USR00277,BK00473,11/28/2023,12/12/2023,12/13/2023,Terlambat,15
TRX001276,USR00042,BK00193,5/1/2024,5/15/2024,5/10/2024,Dikembalikan,9
TRX001277,USR00116,BK01133,3/29/2023,4/12/2023,4/6/2023,Dikembalikan,8
TRX001278,USR00088,BK00949,4/28/2024,5/12/2024,5/18/2024,Terlambat,20
TRX001279,USR00318,BK00925,12/26/2025,1/9/2026,,Dipinjam,belum_kembali
TRX001280,USR00317,BK00706,7/10/2025,7/24/2025,7/29/2025,Terlambat,19
TRX001281,USR00344,BK01335,6/4/2025,6/18/2025,6/19/2025,Terlambat,15
TRX001282,USR00209,BK01313,10/4/2023,10/18/2023,10/7/2023,Dikembalikan,3
TRX001283,USR00156,BK00102,1/16/2024,1/30/2024,1/28/2024,Dikembalikan,12
TRX001284,USR00005,BK01221,7/23/2024,8/6/2024,7/30/2024,Dikembalikan,7
TRX001285,USR00169,BK01129,3/3/2023,3/17/2023,3/14/2023,Dikembalikan,11
TRX001286,USR00157,BK01376,12/7/2023,12/21/2023,12/25/2023,Terlambat,18
TRX001287,USR00110,BK01006,11/27/2025,12/11/2025,12/2/2025,Dikembalikan,5
TRX001288,USR00261,BK01159,9/11/2024,9/25/2024,9/22/2024,Dikembalikan,11
TRX001289,USR00025,BK00555,12/14/2025,12/28/2025,12/31/2025,Terlambat,17
TRX001290,USR00011,BK00650,2/25/2025,3/11/2025,3/6/2025,Dikembalikan,9
TRX001291,USR00217,BK01109,5/25/2024,6/8/2024,5/30/2024,Dikembalikan,5
TRX001292,USR00057,BK01136,4/6/2025,4/20/2025,4/18/2025,Dikembalikan,12
TRX001293,USR00025,BK00532,1/21/2023,2/4/2023,1/28/2023,Dikembalikan,7
TRX001294,USR00075,BK00331,1/23/2023,2/6/2023,2/12/2023,Terlambat,20
TRX001295,USR00139,BK00759,7/3/2024,7/17/2024,7/24/2024,Terlambat,21
TRX001296,USR00153,BK00159,11/29/2025,12/13/2025,12/4/2025,Dikembalikan,5
TRX001297,USR00027,BK00172,10/12/2023,10/26/2023,11/2/2023,Terlambat,21
TRX001298,USR00123,BK00514,6/29/2024,7/13/2024,7/14/2024,Terlambat,15
TRX001299,USR00116,BK00366,4/8/2024,4/22/2024,4/25/2024,Terlambat,17
TRX001300,USR00063,BK00302,4/20/2023,5/4/2023,5/5/2023,Terlambat,15
TRX001301,USR00019,BK00432,10/4/2025,10/18/2025,10/16/2025,Dikembalikan,12
TRX001302,USR00165,BK00566,10/31/2024,11/14/2024,11/18/2024,Terlambat,18
TRX001303,USR00208,BK00972,11/2/2024,11/16/2024,11/23/2024,Terlambat,21
TRX001304,USR00348,BK00756,7/9/2025,7/23/2025,7/24/2025,Terlambat,15
TRX001305,USR00124,BK00985,1/31/2025,2/14/2025,2/17/2025,Terlambat,17
TRX001306,USR00039,BK01000,11/21/2024,12/5/2024,11/26/2024,Dikembalikan,5
TRX001307,USR00077,BK01221,9/7/2025,9/21/2025,9/23/2025,Terlambat,16
TRX001308,USR00074,BK01195,4/28/2025,5/12/2025,5/8/2025,Dikembalikan,10
TRX001309,USR00323,BK01342,6/8/2025,6/22/2025,6/22/2025,Dikembalikan,14
TRX001310,USR00055,BK01218,5/6/2023,5/20/2023,5/18/2023,Dikembalikan,12
TRX001311,USR00059,BK01298,5/27/2024,6/10/2024,6/13/2024,Terlambat,17
TRX001312,USR00183,BK00870,10/9/2023,10/23/2023,10/13/2023,Dikembalikan,4
TRX001313,USR00372,BK00921,2/14/2023,2/28/2023,2/27/2023,Dikembalikan,13
TRX001314,USR00232,BK00144,10/16/2024,10/30/2024,10/20/2024,Dikembalikan,4
TRX001315,USR00139,BK00160,1/16/2024,1/30/2024,1/24/2024,Dikembalikan,8
TRX001316,USR00297,BK01221,5/16/2025,5/30/2025,6/1/2025,Terlambat,16
TRX001317,USR00329,BK01210,4/8/2023,4/22/2023,4/19/2023,Dikembalikan,11
TRX001318,USR00234,BK01015,3/25/2023,4/8/2023,4/13/2023,Terlambat,19
TRX001319,USR00184,BK00358,3/30/2023,4/13/2023,4/3/2023,Dikembalikan,4
TRX001320,USR00227,BK00527,12/16/2024,12/30/2024,1/2/2025,Terlambat,17
TRX001321,USR00373,BK01246,8/28/2024,9/11/2024,9/18/2024,Terlambat,21
TRX001322,USR00044,BK00427,11/14/2024,11/28/2024,11/21/2024,Dikembalikan,7
TRX001323,USR00174,BK00153,7/15/2023,7/29/2023,7/21/2023,Dikembalikan,6
TRX001324,USR00029,BK01188,4/2/2023,4/16/2023,4/14/2023,Dikembalikan,12
TRX001325,USR00179,BK00550,9/8/2025,9/22/2025,9/22/2025,Dikembalikan,14
TRX001326,USR00116,BK01149,10/14/2023,10/28/2023,10/20/2023,Dikembalikan,6
TRX001327,USR00072,BK01176,7/30/2025,8/13/2025,8/5/2025,Dikembalikan,6
TRX001328,USR00321,BK00419,11/14/2023,11/28/2023,11/18/2023,Dikembalikan,4
TRX001329,USR00211,BK01004,5/24/2024,6/7/2024,5/29/2024,Dikembalikan,5
TRX001330,USR00373,BK00929,12/26/2023,1/9/2024,1/5/2024,Dikembalikan,10
TRX001331,USR00333,BK01261,11/26/2024,12/10/2024,12/15/2024,Terlambat,19
TRX001332,USR00002,BK01316,11/10/2024,11/24/2024,11/23/2024,Dikembalikan,13
TRX001333,USR00276,BK01325,5/10/2024,5/24/2024,5/25/2024,Terlambat,15
TRX001334,USR00185,BK00724,10/22/2023,11/5/2023,11/8/2023,Terlambat,17
TRX001335,USR00195,BK00337,12/30/2024,1/13/2025,1/15/2025,Terlambat,16
TRX001336,USR00074,BK01181,8/4/2025,8/18/2025,8/9/2025,Dikembalikan,5
TRX001337,USR00218,BK00635,6/20/2023,7/4/2023,7/9/2023,Terlambat,19
TRX001338,USR00141,BK00626,2/19/2024,3/4/2024,2/27/2024,Dikembalikan,8
TRX001339,USR00251,BK00876,4/15/2024,4/29/2024,4/25/2024,Dikembalikan,10
TRX001340,USR00333,BK01266,10/16/2024,10/30/2024,10/21/2024,Dikembalikan,5
TRX001341,USR00356,BK01228,4/25/2023,5/9/2023,5/12/2023,Terlambat,17
TRX001342,USR00282,BK00791,12/17/2025,12/31/2025,,Dipinjam,belum_kembali
TRX001343,USR00285,BK01089,12/28/2023,1/11/2024,1/12/2024,Terlambat,15
TRX001344,USR00073,BK00548,11/8/2024,11/22/2024,11/14/2024,Dikembalikan,6
TRX001345,USR00174,BK00127,5/13/2023,5/27/2023,5/26/2023,Dikembalikan,13
TRX001346,USR00099,BK01171,10/9/2024,10/23/2024,10/15/2024,Dikembalikan,6
TRX001347,USR00140,BK01257,5/22/2024,6/5/2024,6/1/2024,Dikembalikan,10
TRX001348,USR00257,BK00513,1/14/2023,1/28/2023,1/27/2023,Dikembalikan,13
TRX001349,USR00351,BK00161,2/1/2024,2/15/2024,2/18/2024,Terlambat,17
TRX001350,USR00228,BK00547,9/2/2023,9/16/2023,9/17/2023,Terlambat,15
TRX001351,USR00151,BK00790,7/8/2025,7/22/2025,7/12/2025,Dikembalikan,4
TRX001352,USR00246,BK01039,1/22/2023,2/5/2023,2/2/2023,Dikembalikan,11
TRX001353,USR00068,BK00019,4/3/2024,4/17/2024,4/12/2024,Dikembalikan,9
TRX001354,USR00191,BK01231,7/9/2023,7/23/2023,7/26/2023,Terlambat,17
TRX001355,USR00056,BK01138,2/5/2025,2/19/2025,2/20/2025,Terlambat,15
TRX001356,USR00266,BK01037,3/17/2023,3/31/2023,3/31/2023,Dikembalikan,14
TRX001357,USR00101,BK00332,5/4/2024,5/18/2024,5/7/2024,Dikembalikan,3
TRX001358,USR00339,BK01214,12/11/2024,12/25/2024,12/25/2024,Dikembalikan,14
TRX001359,USR00373,BK00894,1/23/2024,2/6/2024,2/2/2024,Dikembalikan,10
TRX001360,USR00251,BK00872,2/8/2025,2/22/2025,2/20/2025,Dikembalikan,12
TRX001361,USR00377,BK00133,9/6/2024,9/20/2024,9/10/2024,Dikembalikan,4
TRX001362,USR00118,BK00800,8/29/2024,9/12/2024,9/12/2024,Dikembalikan,14
TRX001363,USR00184,BK00999,11/15/2024,11/29/2024,12/6/2024,Terlambat,21
TRX001364,USR00301,BK00799,2/21/2025,3/7/2025,3/7/2025,Dikembalikan,14
TRX001365,USR00290,BK00482,8/18/2025,9/1/2025,9/7/2025,Terlambat,20
TRX001366,USR00278,BK01360,1/9/2024,1/23/2024,1/26/2024,Terlambat,17
TRX001367,USR00273,BK00780,9/21/2023,10/5/2023,10/6/2023,Terlambat,15
TRX001368,USR00041,BK00663,5/13/2023,5/27/2023,5/19/2023,Dikembalikan,6
TRX001369,USR00286,BK00354,8/29/2023,9/12/2023,9/1/2023,Dikembalikan,3
TRX001370,USR00191,BK01128,3/27/2024,4/10/2024,4/12/2024,Terlambat,16
TRX001371,USR00090,BK01327,7/24/2024,8/7/2024,8/14/2024,Terlambat,21
TRX001372,USR00178,BK00711,4/11/2023,4/25/2023,4/15/2023,Dikembalikan,4
TRX001373,USR00223,BK00171,10/20/2025,11/3/2025,11/4/2025,Terlambat,15
TRX001374,USR00039,BK01003,12/8/2025,12/22/2025,12/25/2025,Terlambat,17
TRX001375,USR00029,BK01196,6/23/2023,7/7/2023,7/4/2023,Dikembalikan,11
TRX001376,USR00224,BK00441,11/3/2025,11/17/2025,11/10/2025,Dikembalikan,7
TRX001377,USR00053,BK01188,5/24/2025,6/7/2025,6/8/2025,Terlambat,15
TRX001378,USR00078,BK00589,10/13/2024,10/27/2024,10/27/2024,Dikembalikan,14
TRX001379,USR00349,BK01110,12/9/2023,12/23/2023,12/16/2023,Dikembalikan,7
TRX001380,USR00376,BK01147,9/4/2023,9/18/2023,9/13/2023,Dikembalikan,9
TRX001381,USR00290,BK00905,7/30/2025,8/13/2025,8/11/2025,Dikembalikan,12
TRX001382,USR00344,BK01057,12/24/2023,1/7/2024,1/7/2024,Dikembalikan,14
TRX001383,USR00376,BK00521,6/28/2024,7/12/2024,7/17/2024,Terlambat,19
TRX001384,USR00189,BK00333,9/25/2023,10/9/2023,10/1/2023,Dikembalikan,6
TRX001385,USR00340,BK00619,10/19/2025,11/2/2025,11/5/2025,Terlambat,17
TRX001386,USR00212,BK00973,9/20/2024,10/4/2024,9/29/2024,Dikembalikan,9
TRX001387,USR00281,BK00497,9/12/2023,9/26/2023,9/20/2023,Dikembalikan,8
TRX001388,USR00347,BK00555,2/14/2024,2/28/2024,2/18/2024,Dikembalikan,4
TRX001389,USR00017,BK00174,5/22/2025,6/5/2025,6/12/2025,Terlambat,21
TRX001390,USR00252,BK01305,5/10/2025,5/24/2025,5/31/2025,Terlambat,21
TRX001391,USR00221,BK01367,3/11/2024,3/25/2024,3/16/2024,Dikembalikan,5
TRX001392,USR00348,BK00635,10/19/2024,11/2/2024,11/3/2024,Terlambat,15
TRX001393,USR00329,BK01268,9/4/2025,9/18/2025,9/18/2025,Dikembalikan,14
TRX001394,USR00076,BK00743,12/18/2023,1/1/2024,12/22/2023,Dikembalikan,4
TRX001395,USR00228,BK00254,10/2/2025,10/16/2025,10/13/2025,Dikembalikan,11
TRX001396,USR00200,BK01186,4/5/2025,4/19/2025,4/26/2025,Terlambat,21
TRX001397,USR00266,BK01039,1/24/2025,2/7/2025,1/30/2025,Dikembalikan,6
TRX001398,USR00261,BK01056,10/9/2023,10/23/2023,10/30/2023,Terlambat,21
TRX001399,USR00108,BK00662,11/18/2024,12/2/2024,11/21/2024,Dikembalikan,3
TRX001400,USR00100,BK01207,6/18/2025,7/2/2025,7/2/2025,Dikembalikan,14
TRX001401,USR00282,BK01209,10/9/2024,10/23/2024,10/22/2024,Dikembalikan,13
TRX001402,USR00263,BK00201,10/10/2025,10/24/2025,10/28/2025,Terlambat,18
TRX001403,USR00002,BK01376,9/7/2024,9/21/2024,9/16/2024,Dikembalikan,9
TRX001404,USR00023,BK01302,10/15/2024,10/29/2024,10/24/2024,Dikembalikan,9
TRX001405,USR00109,BK00721,5/21/2023,6/4/2023,6/3/2023,Dikembalikan,13
TRX001406,USR00053,BK01190,11/20/2023,12/4/2023,11/24/2023,Dikembalikan,4
TRX001407,USR00279,BK00543,2/18/2025,3/4/2025,3/11/2025,Terlambat,21
TRX001408,USR00245,BK00986,5/5/2025,5/19/2025,5/13/2025,Dikembalikan,8
TRX001409,USR00174,BK00101,7/25/2023,8/8/2023,8/10/2023,Terlambat,16
TRX001410,USR00205,BK00951,1/10/2023,1/24/2023,1/29/2023,Terlambat,19
TRX001411,USR00158,BK00590,4/11/2024,4/25/2024,5/2/2024,Terlambat,21
TRX001412,USR00220,BK01188,5/4/2023,5/18/2023,5/9/2023,Dikembalikan,5
TRX001413,USR00160,BK01222,6/17/2024,7/1/2024,6/26/2024,Dikembalikan,9
TRX001414,USR00028,BK00437,8/7/2023,8/21/2023,8/26/2023,Terlambat,19
TRX001415,USR00033,BK00225,8/21/2023,9/4/2023,8/30/2023,Dikembalikan,9
TRX001416,USR00050,BK00183,5/17/2024,5/31/2024,5/31/2024,Dikembalikan,14
TRX001417,USR00149,BK01061,10/26/2025,11/9/2025,10/31/2025,Dikembalikan,5
TRX001418,USR00017,BK00646,9/5/2024,9/19/2024,9/22/2024,Terlambat,17
TRX001419,USR00115,BK01046,8/9/2024,8/23/2024,8/17/2024,Dikembalikan,8
TRX001420,USR00298,BK00564,10/24/2024,11/7/2024,11/5/2024,Dikembalikan,12
TRX001421,USR00138,BK00241,9/10/2023,9/24/2023,9/20/2023,Dikembalikan,10
TRX001422,USR00022,BK00429,10/23/2023,11/6/2023,11/2/2023,Dikembalikan,10
TRX001423,USR00218,BK00742,6/20/2023,7/4/2023,7/7/2023,Terlambat,17
TRX001424,USR00124,BK01281,5/8/2023,5/22/2023,5/21/2023,Dikembalikan,13
TRX001425,USR00159,BK00317,4/14/2023,4/28/2023,4/30/2023,Terlambat,16
TRX001426,USR00357,BK01313,12/12/2025,12/26/2025,12/17/2025,Dikembalikan,5
TRX001427,USR00281,BK00166,8/10/2023,8/24/2023,8/25/2023,Terlambat,15
TRX001428,USR00066,BK01054,12/30/2023,1/13/2024,1/2/2024,Dikembalikan,3
TRX001429,USR00343,BK01023,9/25/2025,10/9/2025,10/8/2025,Dikembalikan,13
TRX001430,USR00042,BK00764,6/12/2025,6/26/2025,6/23/2025,Dikembalikan,11
TRX001431,USR00040,BK00851,7/6/2024,7/20/2024,7/12/2024,Dikembalikan,6
TRX001432,USR00117,BK01186,1/26/2023,2/9/2023,2/2/2023,Dikembalikan,7
TRX001433,USR00138,BK01208,11/4/2024,11/18/2024,11/20/2024,Terlambat,16
TRX001434,USR00174,BK00259,8/27/2023,9/10/2023,9/13/2023,Terlambat,17
TRX001435,USR00130,BK00507,8/27/2025,9/10/2025,9/16/2025,Terlambat,20
TRX001436,USR00190,BK00059,1/1/2024,1/15/2024,1/9/2024,Dikembalikan,8
TRX001437,USR00111,BK00975,8/2/2024,8/16/2024,8/10/2024,Dikembalikan,8
TRX001438,USR00243,BK00357,8/17/2024,8/31/2024,8/23/2024,Dikembalikan,6
TRX001439,USR00247,BK00185,3/23/2025,4/6/2025,4/13/2025,Terlambat,21
TRX001440,USR00012,BK00505,4/24/2025,5/8/2025,5/7/2025,Dikembalikan,13
TRX001441,USR00054,BK00998,3/4/2023,3/18/2023,3/10/2023,Dikembalikan,6
TRX001442,USR00167,BK01326,9/21/2024,10/5/2024,10/7/2024,Terlambat,16
TRX001443,USR00024,BK01001,4/5/2025,4/19/2025,4/19/2025,Dikembalikan,14
TRX001444,USR00006,BK00824,8/6/2025,8/20/2025,8/14/2025,Dikembalikan,8
TRX001445,USR00069,BK01080,2/28/2025,3/14/2025,3/17/2025,Terlambat,17
TRX001446,USR00360,BK00872,5/2/2025,5/16/2025,5/14/2025,Dikembalikan,12
TRX001447,USR00374,BK00454,9/11/2023,9/25/2023,9/24/2023,Dikembalikan,13
TRX001448,USR00372,BK00943,7/14/2023,7/28/2023,7/20/2023,Dikembalikan,6
TRX001449,USR00210,BK01248,3/21/2024,4/4/2024,3/27/2024,Dikembalikan,6
TRX001450,USR00092,BK00311,4/27/2024,5/11/2024,5/9/2024,Dikembalikan,12
TRX001451,USR00359,BK01105,1/26/2023,2/9/2023,2/2/2023,Dikembalikan,7
TRX001452,USR00059,BK01246,5/30/2024,6/13/2024,6/14/2024,Terlambat,15
TRX001453,USR00356,BK00963,5/12/2024,5/26/2024,5/20/2024,Dikembalikan,8
TRX001454,USR00010,BK00005,11/22/2023,12/6/2023,12/2/2023,Dikembalikan,10
TRX001455,USR00230,BK00730,8/28/2025,9/11/2025,9/12/2025,Terlambat,15
TRX001456,USR00263,BK00362,10/7/2025,10/21/2025,10/23/2025,Terlambat,16
TRX001457,USR00115,BK01138,9/11/2024,9/25/2024,9/15/2024,Dikembalikan,4
TRX001458,USR00045,BK00504,10/19/2025,11/2/2025,11/6/2025,Terlambat,18
TRX001459,USR00085,BK01019,11/23/2024,12/7/2024,12/1/2024,Dikembalikan,8
TRX001460,USR00083,BK01072,4/17/2023,5/1/2023,4/20/2023,Dikembalikan,3
TRX001461,USR00050,BK00733,5/30/2023,6/13/2023,6/2/2023,Dikembalikan,3
TRX001462,USR00240,BK00708,10/6/2025,10/20/2025,10/13/2025,Dikembalikan,7
TRX001463,USR00056,BK00489,12/6/2024,12/20/2024,12/17/2024,Dikembalikan,11
TRX001464,USR00069,BK00893,6/13/2025,6/27/2025,7/3/2025,Terlambat,20
TRX001465,USR00253,BK01197,4/24/2024,5/8/2024,5/15/2024,Terlambat,21
TRX001466,USR00337,BK01190,12/13/2023,12/27/2023,1/1/2024,Terlambat,19
TRX001467,USR00285,BK01084,7/29/2025,8/12/2025,8/18/2025,Terlambat,20
TRX001468,USR00364,BK00129,3/23/2023,4/6/2023,4/3/2023,Dikembalikan,11
TRX001469,USR00257,BK00552,4/18/2024,5/2/2024,4/23/2024,Dikembalikan,5
TRX001470,USR00307,BK00740,6/15/2023,6/29/2023,7/1/2023,Terlambat,16
TRX001471,USR00137,BK00475,1/27/2024,2/10/2024,2/9/2024,Dikembalikan,13
TRX001472,USR00353,BK00054,12/9/2024,12/23/2024,12/12/2024,Dikembalikan,3
TRX001473,USR00100,BK01338,1/7/2023,1/21/2023,1/25/2023,Terlambat,18
TRX001474,USR00232,BK00151,8/1/2024,8/15/2024,8/22/2024,Terlambat,21
TRX001475,USR00253,BK00849,3/29/2025,4/12/2025,4/7/2025,Dikembalikan,9
TRX001476,USR00256,BK01361,4/29/2025,5/13/2025,5/6/2025,Dikembalikan,7
TRX001477,USR00192,BK00830,10/28/2024,11/11/2024,11/18/2024,Terlambat,21
TRX001478,USR00341,BK01361,7/26/2024,8/9/2024,8/9/2024,Dikembalikan,14
TRX001479,USR00255,BK00712,11/12/2024,11/26/2024,11/25/2024,Dikembalikan,13
TRX001480,USR00075,BK00124,3/12/2023,3/26/2023,3/25/2023,Dikembalikan,13
TRX001481,USR00347,BK00720,4/26/2025,5/10/2025,5/5/2025,Dikembalikan,9
TRX001482,USR00270,BK00074,2/23/2023,3/9/2023,3/11/2023,Terlambat,16
TRX001483,USR00001,BK00368,5/28/2025,6/11/2025,6/7/2025,Dikembalikan,10
TRX001484,USR00298,BK00906,3/4/2023,3/18/2023,3/15/2023,Dikembalikan,11
TRX001485,USR00082,BK01268,10/19/2023,11/2/2023,10/26/2023,Dikembalikan,7
TRX001486,USR00207,BK01175,9/24/2025,10/8/2025,10/13/2025,Terlambat,19
TRX001487,USR00178,BK00778,2/11/2024,2/25/2024,2/19/2024,Dikembalikan,8
TRX001488,USR00176,BK00635,6/22/2025,7/6/2025,6/27/2025,Dikembalikan,5
TRX001489,USR00247,BK00360,4/16/2024,4/30/2024,4/30/2024,Dikembalikan,14
TRX001490,USR00126,BK00873,10/17/2024,10/31/2024,10/24/2024,Dikembalikan,7
TRX001491,USR00342,BK00801,6/22/2025,7/6/2025,7/5/2025,Dikembalikan,13
TRX001492,USR00039,BK00966,3/21/2024,4/4/2024,3/26/2024,Dikembalikan,5
TRX001493,USR00206,BK00063,5/3/2024,5/17/2024,5/9/2024,Dikembalikan,6
TRX001494,USR00116,BK01335,10/28/2025,11/11/2025,11/12/2025,Terlambat,15
TRX001495,USR00156,BK00338,11/15/2024,11/29/2024,12/6/2024,Terlambat,21
TRX001496,USR00022,BK00295,2/23/2023,3/9/2023,2/26/2023,Dikembalikan,3
TRX001497,USR00358,BK01044,5/13/2024,5/27/2024,5/29/2024,Terlambat,16
TRX001498,USR00330,BK00863,3/18/2023,4/1/2023,3/22/2023,Dikembalikan,4
TRX001499,USR00120,BK01272,2/18/2023,3/4/2023,3/10/2023,Terlambat,20
TRX001500,USR00171,BK00508,5/9/2023,5/23/2023,5/25/2023,Terlambat,16
TRX001501,USR00320,BK00743,1/28/2024,2/11/2024,2/5/2024,Dikembalikan,8
TRX001502,USR00101,BK00359,1/23/2023,2/6/2023,2/1/2023,Dikembalikan,9
TRX001503,USR00285,BK00141,7/27/2024,8/10/2024,8/5/2024,Dikembalikan,9
TRX001504,USR00333,BK01072,6/7/2024,6/21/2024,6/16/2024,Dikembalikan,9
TRX001505,USR00329,BK01197,8/2/2023,8/16/2023,8/6/2023,Dikembalikan,4
TRX001506,USR00223,BK00775,8/25/2024,9/8/2024,9/9/2024,Terlambat,15
TRX001507,USR00242,BK00068,9/7/2023,9/21/2023,9/17/2023,Dikembalikan,10
TRX001508,USR00302,BK00549,9/13/2024,9/27/2024,9/20/2024,Dikembalikan,7
TRX001509,USR00191,BK00170,10/28/2023,11/11/2023,11/4/2023,Dikembalikan,7
TRX001510,USR00048,BK01366,5/16/2025,5/30/2025,6/2/2025,Terlambat,17
TRX001511,USR00024,BK00955,12/6/2025,12/20/2025,12/26/2025,Terlambat,20
TRX001512,USR00291,BK01146,10/2/2025,10/16/2025,10/18/2025,Terlambat,16
TRX001513,USR00171,BK00520,3/21/2024,4/4/2024,4/9/2024,Terlambat,19
TRX001514,USR00310,BK00534,6/22/2023,7/6/2023,7/12/2023,Terlambat,20
TRX001515,USR00082,BK01371,11/26/2023,12/10/2023,11/30/2023,Dikembalikan,4
TRX001516,USR00296,BK00793,8/28/2023,9/11/2023,9/18/2023,Terlambat,21
TRX001517,USR00278,BK01327,7/23/2025,8/6/2025,8/2/2025,Dikembalikan,10
TRX001518,USR00120,BK01190,3/4/2023,3/18/2023,3/22/2023,Terlambat,18
TRX001519,USR00251,BK00831,9/30/2024,10/14/2024,10/4/2024,Dikembalikan,4
TRX001520,USR00161,BK00819,10/15/2024,10/29/2024,11/3/2024,Terlambat,19
TRX001521,USR00341,BK01342,5/3/2024,5/17/2024,5/18/2024,Terlambat,15
TRX001522,USR00255,BK00781,9/18/2024,10/2/2024,9/27/2024,Dikembalikan,9
TRX001523,USR00199,BK00506,6/16/2023,6/30/2023,7/7/2023,Terlambat,21
TRX001524,USR00038,BK00662,5/11/2025,5/25/2025,5/28/2025,Terlambat,17
TRX001525,USR00024,BK01327,6/2/2023,6/16/2023,6/16/2023,Dikembalikan,14
TRX001526,USR00021,BK00396,12/10/2024,12/24/2024,12/24/2024,Dikembalikan,14
TRX001527,USR00154,BK01021,3/24/2024,4/7/2024,4/6/2024,Dikembalikan,13
TRX001528,USR00376,BK00013,7/10/2025,7/24/2025,7/29/2025,Terlambat,19
TRX001529,USR00221,BK01305,7/22/2025,8/5/2025,8/8/2025,Terlambat,17
TRX001530,USR00049,BK01304,10/5/2023,10/19/2023,10/11/2023,Dikembalikan,6
TRX001531,USR00076,BK00764,7/21/2025,8/4/2025,7/28/2025,Dikembalikan,7
TRX001532,USR00368,BK01344,2/14/2023,2/28/2023,2/26/2023,Dikembalikan,12
TRX001533,USR00107,BK01307,12/22/2023,1/5/2024,1/3/2024,Dikembalikan,12
TRX001534,USR00369,BK00758,2/1/2023,2/15/2023,2/12/2023,Dikembalikan,11
TRX001535,USR00254,BK00126,9/28/2024,10/12/2024,10/18/2024,Terlambat,20
TRX001536,USR00133,BK01015,7/13/2024,7/27/2024,7/20/2024,Dikembalikan,7
TRX001537,USR00079,BK00745,9/7/2024,9/21/2024,9/25/2024,Terlambat,18
TRX001538,USR00225,BK00676,6/18/2023,7/2/2023,6/24/2023,Dikembalikan,6
TRX001539,USR00237,BK00100,10/25/2025,11/8/2025,11/11/2025,Terlambat,17
TRX001540,USR00116,BK01093,8/6/2025,8/20/2025,8/10/2025,Dikembalikan,4
TRX001541,USR00318,BK01281,4/4/2024,4/18/2024,4/7/2024,Dikembalikan,3
TRX001542,USR00187,BK00786,5/16/2025,5/30/2025,6/4/2025,Terlambat,19
TRX001543,USR00375,BK00922,5/3/2023,5/17/2023,5/12/2023,Dikembalikan,9
TRX001544,USR00030,BK00692,11/17/2025,12/1/2025,11/23/2025,Dikembalikan,6
TRX001545,USR00038,BK00692,6/18/2024,7/2/2024,7/3/2024,Terlambat,15
TRX001546,USR00037,BK01196,2/15/2023,3/1/2023,2/27/2023,Dikembalikan,12
TRX001547,USR00343,BK00948,5/2/2023,5/16/2023,5/7/2023,Dikembalikan,5
TRX001548,USR00158,BK00682,5/21/2024,6/4/2024,5/26/2024,Dikembalikan,5
TRX001549,USR00137,BK00781,2/15/2025,3/1/2025,3/1/2025,Dikembalikan,14
TRX001550,USR00358,BK01111,6/15/2023,6/29/2023,7/3/2023,Terlambat,18
TRX001551,USR00084,BK01182,7/8/2024,7/22/2024,7/17/2024,Dikembalikan,9
TRX001552,USR00106,BK00119,8/18/2025,9/1/2025,8/30/2025,Dikembalikan,12
TRX001553,USR00017,BK00535,11/8/2024,11/22/2024,11/17/2024,Dikembalikan,9
TRX001554,USR00374,BK00076,11/14/2023,11/28/2023,11/23/2023,Dikembalikan,9
TRX001555,USR00328,BK00400,8/21/2023,9/4/2023,9/11/2023,Terlambat,21
TRX001556,USR00243,BK01196,10/9/2023,10/23/2023,10/12/2023,Dikembalikan,3
TRX001557,USR00198,BK00642,2/22/2024,3/7/2024,2/26/2024,Dikembalikan,4
TRX001558,USR00267,BK00591,12/28/2023,1/11/2024,1/2/2024,Dikembalikan,5
TRX001559,USR00281,BK00503,5/18/2025,6/1/2025,6/4/2025,Terlambat,17
TRX001560,USR00168,BK00342,1/18/2025,2/1/2025,1/27/2025,Dikembalikan,9
TRX001561,USR00296,BK00797,9/3/2023,9/17/2023,9/9/2023,Dikembalikan,6
TRX001562,USR00247,BK00167,9/29/2024,10/13/2024,10/10/2024,Dikembalikan,11
TRX001563,USR00105,BK00957,12/29/2025,1/12/2026,,Dipinjam,belum_kembali
TRX001564,USR00195,BK00594,11/5/2024,11/19/2024,11/18/2024,Dikembalikan,13
TRX001565,USR00167,BK00189,10/10/2024,10/24/2024,10/30/2024,Terlambat,20
TRX001566,USR00367,BK01152,1/25/2025,2/8/2025,1/29/2025,Dikembalikan,4
TRX001567,USR00131,BK00751,3/6/2023,3/20/2023,3/14/2023,Dikembalikan,8
TRX001568,USR00370,BK00360,1/28/2025,2/11/2025,2/18/2025,Terlambat,21
TRX001569,USR00303,BK00362,11/13/2024,11/27/2024,11/21/2024,Dikembalikan,8
TRX001570,USR00217,BK01129,10/9/2024,10/23/2024,10/13/2024,Dikembalikan,4
TRX001571,USR00232,BK00243,11/7/2025,11/21/2025,11/12/2025,Dikembalikan,5
TRX001572,USR00004,BK01038,3/9/2024,3/23/2024,3/23/2024,Dikembalikan,14
TRX001573,USR00183,BK01305,1/3/2025,1/17/2025,1/11/2025,Dikembalikan,8
TRX001574,USR00119,BK00973,6/2/2024,6/16/2024,6/14/2024,Dikembalikan,12
TRX001575,USR00049,BK01326,6/25/2024,7/9/2024,7/16/2024,Terlambat,21
TRX001576,USR00053,BK01211,4/10/2023,4/24/2023,4/26/2023,Terlambat,16
TRX001577,USR00315,BK00116,10/5/2023,10/19/2023,10/20/2023,Terlambat,15
TRX001578,USR00325,BK00422,7/25/2025,8/8/2025,8/8/2025,Dikembalikan,14
TRX001579,USR00051,BK00546,10/14/2025,10/28/2025,10/31/2025,Terlambat,17
TRX001580,USR00362,BK01070,12/21/2024,1/4/2025,1/2/2025,Dikembalikan,12
TRX001581,USR00283,BK00535,10/14/2023,10/28/2023,10/20/2023,Dikembalikan,6
TRX001582,USR00310,BK00534,1/8/2025,1/22/2025,1/19/2025,Dikembalikan,11
TRX001583,USR00173,BK00512,6/10/2025,6/24/2025,6/14/2025,Dikembalikan,4
TRX001584,USR00167,BK01356,10/17/2023,10/31/2023,10/28/2023,Dikembalikan,11
TRX001585,USR00047,BK00462,1/8/2025,1/22/2025,1/14/2025,Dikembalikan,6
TRX001586,USR00253,BK01219,3/18/2025,4/1/2025,3/22/2025,Dikembalikan,4
TRX001587,USR00378,BK00539,8/31/2024,9/14/2024,9/10/2024,Dikembalikan,10
TRX001588,USR00039,BK00974,7/1/2024,7/15/2024,7/8/2024,Dikembalikan,7
TRX001589,USR00094,BK00166,5/25/2025,6/8/2025,5/30/2025,Dikembalikan,5
TRX001590,USR00360,BK00835,4/28/2025,5/12/2025,5/9/2025,Dikembalikan,11
TRX001591,USR00363,BK00497,12/26/2024,1/9/2025,1/12/2025,Terlambat,17
TRX001592,USR00079,BK00201,12/21/2023,1/4/2024,1/7/2024,Terlambat,17
TRX001593,USR00124,BK00815,10/6/2025,10/20/2025,10/18/2025,Dikembalikan,12
TRX001594,USR00054,BK01092,10/22/2023,11/5/2023,11/8/2023,Terlambat,17
TRX001595,USR00350,BK01023,10/25/2023,11/8/2023,11/5/2023,Dikembalikan,11
TRX001596,USR00248,BK01173,3/18/2025,4/1/2025,3/25/2025,Dikembalikan,7
TRX001597,USR00088,BK01286,3/4/2023,3/18/2023,3/15/2023,Dikembalikan,11
TRX001598,USR00266,BK01043,11/19/2024,12/3/2024,12/3/2024,Dikembalikan,14
TRX001599,USR00372,BK00862,9/9/2023,9/23/2023,9/12/2023,Dikembalikan,3
TRX001600,USR00130,BK00391,9/26/2023,10/10/2023,10/16/2023,Terlambat,20
TRX001601,USR00186,BK00481,8/20/2024,9/3/2024,9/2/2024,Dikembalikan,13
TRX001602,USR00190,BK01146,12/13/2025,12/27/2025,12/20/2025,Dikembalikan,7
TRX001603,USR00359,BK01172,7/12/2024,7/26/2024,7/20/2024,Dikembalikan,8
TRX001604,USR00045,BK00149,3/20/2024,4/3/2024,3/30/2024,Dikembalikan,10
TRX001605,USR00118,BK01212,7/24/2025,8/7/2025,8/2/2025,Dikembalikan,9
TRX001606,USR00278,BK01298,12/1/2025,12/15/2025,12/10/2025,Dikembalikan,9
TRX001607,USR00037,BK01288,1/19/2024,2/2/2024,1/24/2024,Dikembalikan,5
TRX001608,USR00031,BK00635,1/25/2023,2/8/2023,2/1/2023,Dikembalikan,7
TRX001609,USR00214,BK00455,5/19/2023,6/2/2023,5/30/2023,Dikembalikan,11
TRX001610,USR00348,BK00561,2/22/2025,3/8/2025,3/7/2025,Dikembalikan,13
TRX001611,USR00361,BK00757,9/2/2025,9/16/2025,9/12/2025,Dikembalikan,10
TRX001612,USR00019,BK00375,5/15/2023,5/29/2023,6/4/2023,Terlambat,20
TRX001613,USR00321,BK00146,1/10/2025,1/24/2025,1/14/2025,Dikembalikan,4
TRX001614,USR00246,BK01065,4/11/2024,4/25/2024,4/17/2024,Dikembalikan,6
TRX001615,USR00296,BK00900,7/17/2024,7/31/2024,7/22/2024,Dikembalikan,5
TRX001616,USR00143,BK00355,11/24/2023,12/8/2023,12/11/2023,Terlambat,17
TRX001617,USR00329,BK00199,2/24/2023,3/10/2023,3/15/2023,Terlambat,19
TRX001618,USR00360,BK00893,8/24/2025,9/7/2025,8/31/2025,Dikembalikan,7
TRX001619,USR00189,BK00393,11/17/2023,12/1/2023,11/23/2023,Dikembalikan,6
TRX001620,USR00219,BK00698,12/12/2024,12/26/2024,12/20/2024,Dikembalikan,8
TRX001621,USR00107,BK00057,4/26/2025,5/10/2025,4/30/2025,Dikembalikan,4
TRX001622,USR00215,BK00900,11/22/2025,12/6/2025,12/9/2025,Terlambat,17
TRX001623,USR00339,BK01216,7/1/2025,7/15/2025,7/4/2025,Dikembalikan,3
TRX001624,USR00196,BK00500,12/12/2025,12/26/2025,1/1/2026,Terlambat,20
TRX001625,USR00328,BK00351,5/18/2023,6/1/2023,6/4/2023,Terlambat,17
TRX001626,USR00243,BK00115,7/26/2024,8/9/2024,8/1/2024,Dikembalikan,6
TRX001627,USR00136,BK00467,4/7/2023,4/21/2023,4/24/2023,Terlambat,17
TRX001628,USR00348,BK00583,11/22/2025,12/6/2025,12/10/2025,Terlambat,18
TRX001629,USR00314,BK00763,11/24/2024,12/8/2024,12/15/2024,Terlambat,21
TRX001630,USR00370,BK00392,8/30/2024,9/13/2024,9/16/2024,Terlambat,17
TRX001631,USR00375,BK00902,3/16/2025,3/30/2025,3/23/2025,Dikembalikan,7
TRX001632,USR00317,BK00005,8/2/2023,8/16/2023,8/22/2023,Terlambat,20
TRX001633,USR00002,BK01241,3/22/2023,4/5/2023,4/3/2023,Dikembalikan,12
TRX001634,USR00104,BK00430,7/7/2024,7/21/2024,7/20/2024,Dikembalikan,13
TRX001635,USR00346,BK00830,6/14/2024,6/28/2024,6/29/2024,Terlambat,15
TRX001636,USR00019,BK00356,8/28/2024,9/11/2024,9/6/2024,Dikembalikan,9
TRX001637,USR00084,BK00221,8/7/2023,8/21/2023,8/23/2023,Terlambat,16
TRX001638,USR00279,BK00828,2/12/2025,2/26/2025,3/1/2025,Terlambat,17
TRX001639,USR00064,BK01175,11/12/2025,11/26/2025,11/26/2025,Dikembalikan,14
TRX001640,USR00246,BK01031,4/22/2023,5/6/2023,5/7/2023,Terlambat,15
TRX001641,USR00253,BK00864,7/26/2025,8/9/2025,8/2/2025,Dikembalikan,7
TRX001642,USR00061,BK01106,10/29/2025,11/12/2025,11/15/2025,Terlambat,17
TRX001643,USR00002,BK00812,7/10/2025,7/24/2025,7/30/2025,Terlambat,20
TRX001644,USR00290,BK00498,8/26/2025,9/9/2025,8/30/2025,Dikembalikan,4
TRX001645,USR00121,BK00876,6/2/2025,6/16/2025,6/13/2025,Dikembalikan,11
TRX001646,USR00370,BK00339,6/13/2024,6/27/2024,6/23/2024,Dikembalikan,10
TRX001647,USR00232,BK00313,7/7/2024,7/21/2024,7/24/2024,Terlambat,17
TRX001648,USR00314,BK00766,3/7/2025,3/21/2025,3/21/2025,Dikembalikan,14
TRX001649,USR00312,BK00507,1/1/2024,1/15/2024,1/17/2024,Terlambat,16
TRX001650,USR00200,BK00823,10/13/2023,10/27/2023,10/17/2023,Dikembalikan,4
TRX001651,USR00147,BK00872,3/27/2024,4/10/2024,4/4/2024,Dikembalikan,8
TRX001652,USR00123,BK00522,8/30/2023,9/13/2023,9/6/2023,Dikembalikan,7
TRX001653,USR00134,BK00556,5/29/2023,6/12/2023,6/5/2023,Dikembalikan,7
TRX001654,USR00026,BK00768,7/26/2025,8/9/2025,8/14/2025,Terlambat,19
TRX001655,USR00347,BK00750,1/22/2025,2/5/2025,2/1/2025,Dikembalikan,10
TRX001656,USR00366,BK00877,2/18/2025,3/4/2025,2/21/2025,Dikembalikan,3
TRX001657,USR00046,BK00345,1/2/2023,1/16/2023,1/15/2023,Dikembalikan,13
TRX001658,USR00265,BK00183,3/11/2024,3/25/2024,3/27/2024,Terlambat,16
TRX001659,USR00287,BK00009,3/5/2023,3/19/2023,3/14/2023,Dikembalikan,9
TRX001660,USR00137,BK00467,4/10/2025,4/24/2025,4/23/2025,Dikembalikan,13
TRX001661,USR00342,BK00885,6/7/2025,6/21/2025,6/27/2025,Terlambat,20
TRX001662,USR00360,BK00838,6/22/2025,7/6/2025,6/25/2025,Dikembalikan,3
TRX001663,USR00243,BK00636,5/22/2025,6/5/2025,5/26/2025,Dikembalikan,4
TRX001664,USR00002,BK01313,5/5/2024,5/19/2024,5/15/2024,Dikembalikan,10
TRX001665,USR00159,BK00339,7/22/2024,8/5/2024,8/12/2024,Terlambat,21
TRX001666,USR00347,BK00728,8/4/2024,8/18/2024,8/13/2024,Dikembalikan,9
TRX001667,USR00245,BK01110,2/20/2025,3/6/2025,3/2/2025,Dikembalikan,10
TRX001668,USR00211,BK01007,1/2/2025,1/16/2025,1/20/2025,Terlambat,18
TRX001669,USR00285,BK01354,1/13/2023,1/27/2023,1/26/2023,Dikembalikan,13
TRX001670,USR00147,BK01001,9/7/2023,9/21/2023,9/26/2023,Terlambat,19
TRX001671,USR00057,BK01332,9/21/2024,10/5/2024,9/26/2024,Dikembalikan,5
TRX001672,USR00218,BK00153,5/11/2023,5/25/2023,5/22/2023,Dikembalikan,11
TRX001673,USR00020,BK00495,12/21/2023,1/4/2024,1/6/2024,Terlambat,16
TRX001674,USR00200,BK01220,11/26/2023,12/10/2023,12/3/2023,Dikembalikan,7
TRX001675,USR00013,BK00941,12/9/2025,12/23/2025,12/17/2025,Dikembalikan,8
TRX001676,USR00185,BK00785,9/9/2023,9/23/2023,9/18/2023,Dikembalikan,9
TRX001677,USR00180,BK00043,8/15/2024,8/29/2024,8/26/2024,Dikembalikan,11
TRX001678,USR00270,BK00185,5/9/2025,5/23/2025,5/26/2025,Terlambat,17
TRX001679,USR00321,BK00436,6/28/2024,7/12/2024,7/4/2024,Dikembalikan,6
TRX001680,USR00133,BK01028,3/10/2025,3/24/2025,3/13/2025,Dikembalikan,3
TRX001681,USR00277,BK00471,6/23/2023,7/7/2023,6/29/2023,Dikembalikan,6
TRX001682,USR00005,BK01220,3/31/2025,4/14/2025,4/18/2025,Terlambat,18
TRX001683,USR00262,BK00943,7/10/2025,7/24/2025,7/25/2025,Terlambat,15
TRX001684,USR00277,BK00563,6/5/2025,6/19/2025,6/20/2025,Terlambat,15
TRX001685,USR00130,BK00813,4/6/2023,4/20/2023,4/26/2023,Terlambat,20
TRX001686,USR00244,BK00252,12/1/2024,12/15/2024,12/8/2024,Dikembalikan,7
TRX001687,USR00118,BK01007,1/14/2024,1/28/2024,1/19/2024,Dikembalikan,5
TRX001688,USR00242,BK00232,12/19/2025,1/2/2026,,Dipinjam,belum_kembali
TRX001689,USR00200,BK01207,10/22/2023,11/5/2023,11/8/2023,Terlambat,17
TRX001690,USR00058,BK00926,6/1/2025,6/15/2025,6/6/2025,Dikembalikan,5
TRX001691,USR00110,BK00967,4/28/2025,5/12/2025,5/6/2025,Dikembalikan,8
TRX001692,USR00335,BK00820,4/20/2024,5/4/2024,5/9/2024,Terlambat,19
TRX001693,USR00098,BK00321,9/7/2025,9/21/2025,9/14/2025,Dikembalikan,7
TRX001694,USR00278,BK01322,5/18/2024,6/1/2024,5/26/2024,Dikembalikan,8
TRX001695,USR00240,BK00596,4/24/2023,5/8/2023,5/3/2023,Dikembalikan,9
TRX001696,USR00033,BK00875,5/4/2024,5/18/2024,5/14/2024,Dikembalikan,10
TRX001697,USR00232,BK00458,8/11/2023,8/25/2023,8/17/2023,Dikembalikan,6
TRX001698,USR00089,BK00458,3/31/2025,4/14/2025,4/14/2025,Dikembalikan,14
TRX001699,USR00047,BK00445,10/16/2024,10/30/2024,10/30/2024,Dikembalikan,14
TRX001700,USR00034,BK00622,8/2/2023,8/16/2023,8/15/2023,Dikembalikan,13
TRX001701,USR00184,BK00382,12/10/2024,12/24/2024,12/27/2024,Terlambat,17
TRX001702,USR00173,BK00554,5/30/2023,6/13/2023,6/16/2023,Terlambat,17
TRX001703,USR00241,BK00945,2/14/2024,2/28/2024,3/4/2024,Terlambat,19
TRX001704,USR00006,BK01145,11/3/2024,11/17/2024,11/17/2024,Dikembalikan,14
TRX001705,USR00207,BK01340,6/3/2025,6/17/2025,6/13/2025,Dikembalikan,10
TRX001706,USR00070,BK00188,6/14/2025,6/28/2025,6/25/2025,Dikembalikan,11
TRX001707,USR00120,BK00376,10/31/2024,11/14/2024,11/15/2024,Terlambat,15
TRX001708,USR00284,BK00254,8/16/2023,8/30/2023,9/1/2023,Terlambat,16
TRX001709,USR00132,BK01319,9/19/2024,10/3/2024,10/7/2024,Terlambat,18
TRX001710,USR00221,BK01340,8/4/2024,8/18/2024,8/11/2024,Dikembalikan,7
TRX001711,USR00348,BK00781,9/20/2025,10/4/2025,10/11/2025,Terlambat,21
TRX001712,USR00301,BK00797,7/5/2023,7/19/2023,7/8/2023,Dikembalikan,3
TRX001713,USR00311,BK00741,10/9/2025,10/23/2025,10/14/2025,Dikembalikan,5
TRX001714,USR00319,BK01232,9/18/2023,10/2/2023,9/21/2023,Dikembalikan,3
TRX001715,USR00366,BK00848,9/21/2023,10/5/2023,9/27/2023,Dikembalikan,6
TRX001716,USR00257,BK00458,6/4/2023,6/18/2023,6/25/2023,Terlambat,21
TRX001717,USR00180,BK00054,12/18/2023,1/1/2024,12/30/2023,Dikembalikan,12
TRX001718,USR00091,BK00949,5/4/2025,5/18/2025,5/12/2025,Dikembalikan,8
TRX001719,USR00154,BK01006,3/20/2024,4/3/2024,3/30/2024,Dikembalikan,10
TRX001720,USR00153,BK00195,12/23/2024,1/6/2025,12/27/2024,Dikembalikan,4
TRX001721,USR00358,BK01131,2/23/2025,3/9/2025,3/2/2025,Dikembalikan,7
TRX001722,USR00295,BK00132,1/30/2023,2/13/2023,2/9/2023,Dikembalikan,10
TRX001723,USR00198,BK00684,5/15/2023,5/29/2023,5/26/2023,Dikembalikan,11
TRX001724,USR00027,BK00172,12/19/2025,1/2/2026,,Dipinjam,belum_kembali
TRX001725,USR00274,BK00629,4/11/2023,4/25/2023,4/29/2023,Terlambat,18
TRX001726,USR00266,BK00593,3/10/2024,3/24/2024,3/20/2024,Dikembalikan,10
TRX001727,USR00098,BK00330,2/20/2023,3/6/2023,2/27/2023,Dikembalikan,7
TRX001728,USR00157,BK00683,2/19/2024,3/4/2024,2/24/2024,Dikembalikan,5
TRX001729,USR00216,BK00036,12/23/2023,1/6/2024,1/2/2024,Dikembalikan,10
TRX001730,USR00062,BK00324,5/9/2024,5/23/2024,5/16/2024,Dikembalikan,7
TRX001731,USR00094,BK00207,9/29/2025,10/13/2025,10/15/2025,Terlambat,16
TRX001732,USR00261,BK01094,9/18/2023,10/2/2023,10/5/2023,Terlambat,17
TRX001733,USR00364,BK00103,8/7/2023,8/21/2023,8/19/2023,Dikembalikan,12
TRX001734,USR00014,BK00340,4/12/2025,4/26/2025,4/28/2025,Terlambat,16
TRX001735,USR00182,BK00545,9/19/2023,10/3/2023,9/30/2023,Dikembalikan,11
TRX001736,USR00217,BK01356,5/22/2023,6/5/2023,6/5/2023,Dikembalikan,14
TRX001737,USR00262,BK01317,3/31/2024,4/14/2024,4/10/2024,Dikembalikan,10
TRX001738,USR00219,BK01356,10/29/2025,11/12/2025,11/6/2025,Dikembalikan,8
TRX001739,USR00245,BK00845,8/27/2025,9/10/2025,9/5/2025,Dikembalikan,9
TRX001740,USR00145,BK01334,3/30/2023,4/13/2023,4/9/2023,Dikembalikan,10
TRX001741,USR00290,BK00484,6/23/2025,7/7/2025,7/7/2025,Dikembalikan,14
TRX001742,USR00367,BK01266,10/7/2024,10/21/2024,10/24/2024,Terlambat,17
TRX001743,USR00338,BK00755,1/6/2024,1/20/2024,1/11/2024,Dikembalikan,5
TRX001744,USR00316,BK00220,12/30/2023,1/13/2024,1/3/2024,Dikembalikan,4
TRX001745,USR00111,BK00797,10/28/2024,11/11/2024,11/2/2024,Dikembalikan,5
TRX001746,USR00060,BK00759,1/24/2024,2/7/2024,2/8/2024,Terlambat,15
TRX001747,USR00340,BK00591,3/6/2024,3/20/2024,3/14/2024,Dikembalikan,8
TRX001748,USR00088,BK01248,7/10/2023,7/24/2023,7/21/2023,Dikembalikan,11
TRX001749,USR00274,BK00935,1/16/2023,1/30/2023,1/20/2023,Dikembalikan,4
TRX001750,USR00358,BK00396,6/23/2025,7/7/2025,7/8/2025,Terlambat,15
TRX001751,USR00256,BK01315,8/3/2025,8/17/2025,8/22/2025,Terlambat,19
TRX001752,USR00360,BK00062,7/2/2025,7/16/2025,7/22/2025,Terlambat,20
TRX001753,USR00199,BK00555,1/21/2024,2/4/2024,2/10/2024,Terlambat,20
TRX001754,USR00248,BK01207,3/31/2023,4/14/2023,4/21/2023,Terlambat,21
TRX001755,USR00114,BK00946,12/1/2024,12/15/2024,12/20/2024,Terlambat,19
TRX001756,USR00263,BK00371,7/2/2025,7/16/2025,7/15/2025,Dikembalikan,13
TRX001757,USR00262,BK01362,12/6/2023,12/20/2023,12/26/2023,Terlambat,20
TRX001758,USR00110,BK00744,2/26/2023,3/12/2023,3/8/2023,Dikembalikan,10
TRX001759,USR00244,BK00359,1/12/2024,1/26/2024,1/24/2024,Dikembalikan,12
TRX001760,USR00314,BK00730,12/18/2025,1/1/2026,,Dipinjam,belum_kembali
TRX001761,USR00251,BK00412,5/14/2023,5/28/2023,5/27/2023,Dikembalikan,13
TRX001762,USR00375,BK00849,8/11/2025,8/25/2025,8/24/2025,Dikembalikan,13
TRX001763,USR00011,BK01183,5/20/2023,6/3/2023,6/8/2023,Terlambat,19
TRX001764,USR00362,BK01035,10/20/2025,11/3/2025,11/4/2025,Terlambat,15
TRX001765,USR00380,BK00565,1/9/2025,1/23/2025,1/30/2025,Terlambat,21
TRX001766,USR00146,BK00316,3/24/2024,4/7/2024,4/10/2024,Terlambat,17
TRX001767,USR00209,BK01278,7/11/2024,7/25/2024,7/30/2024,Terlambat,19
TRX001768,USR00369,BK00757,1/12/2024,1/26/2024,1/19/2024,Dikembalikan,7
TRX001769,USR00292,BK00585,1/24/2025,2/7/2025,2/2/2025,Dikembalikan,9
TRX001770,USR00252,BK01276,4/3/2023,4/17/2023,4/14/2023,Dikembalikan,11
TRX001771,USR00304,BK00973,4/28/2023,5/12/2023,5/6/2023,Dikembalikan,8
TRX001772,USR00248,BK01176,3/27/2024,4/10/2024,4/14/2024,Terlambat,18
TRX001773,USR00084,BK01178,2/15/2024,2/29/2024,2/29/2024,Dikembalikan,14
TRX001774,USR00048,BK01290,11/9/2023,11/23/2023,11/17/2023,Dikembalikan,8
TRX001775,USR00179,BK00532,9/17/2024,10/1/2024,10/8/2024,Terlambat,21
TRX001776,USR00232,BK00199,6/4/2025,6/18/2025,6/25/2025,Terlambat,21
TRX001777,USR00005,BK01216,8/16/2025,8/30/2025,9/5/2025,Terlambat,20
TRX001778,USR00374,BK00141,8/25/2024,9/8/2024,9/12/2024,Terlambat,18
TRX001779,USR00251,BK00832,11/1/2025,11/15/2025,11/8/2025,Dikembalikan,7
TRX001780,USR00186,BK00903,2/11/2025,2/25/2025,2/23/2025,Dikembalikan,12
TRX001781,USR00330,BK01279,9/25/2024,10/9/2024,10/4/2024,Dikembalikan,9
TRX001782,USR00286,BK00278,12/30/2024,1/13/2025,1/2/2025,Dikembalikan,3
TRX001783,USR00101,BK00340,12/5/2023,12/19/2023,12/26/2023,Terlambat,21
TRX001784,USR00008,BK00551,3/7/2024,3/21/2024,3/14/2024,Dikembalikan,7
TRX001785,USR00157,BK01237,9/14/2024,9/28/2024,9/30/2024,Terlambat,16
TRX001786,USR00258,BK00438,12/6/2023,12/20/2023,12/24/2023,Terlambat,18
TRX001787,USR00363,BK00028,7/7/2024,7/21/2024,7/24/2024,Terlambat,17
TRX001788,USR00293,BK00508,6/2/2024,6/16/2024,6/13/2024,Dikembalikan,11
TRX001789,USR00363,BK01173,5/2/2025,5/16/2025,5/17/2025,Terlambat,15
TRX001790,USR00052,BK00947,9/2/2024,9/16/2024,9/17/2024,Terlambat,15
TRX001791,USR00214,BK00483,12/12/2023,12/26/2023,12/31/2023,Terlambat,19
TRX001792,USR00155,BK00100,12/13/2023,12/27/2023,12/24/2023,Dikembalikan,11
TRX001793,USR00152,BK00569,2/8/2023,2/22/2023,2/18/2023,Dikembalikan,10
TRX001794,USR00009,BK00081,1/7/2025,1/21/2025,1/12/2025,Dikembalikan,5
TRX001795,USR00048,BK00879,5/4/2025,5/18/2025,5/9/2025,Dikembalikan,5
TRX001796,USR00301,BK00838,4/26/2024,5/10/2024,5/2/2024,Dikembalikan,6
TRX001797,USR00053,BK01217,7/2/2024,7/16/2024,7/20/2024,Terlambat,18
TRX001798,USR00195,BK00393,10/8/2025,10/22/2025,10/26/2025,Terlambat,18
TRX001799,USR00139,BK00543,1/5/2023,1/19/2023,1/10/2023,Dikembalikan,5
TRX001800,USR00266,BK01289,11/24/2023,12/8/2023,11/27/2023,Dikembalikan,3
TRX001801,USR00296,BK00843,1/5/2024,1/19/2024,1/8/2024,Dikembalikan,3
TRX001802,USR00042,BK00751,11/8/2023,11/22/2023,11/17/2023,Dikembalikan,9
TRX001803,USR00253,BK01037,3/19/2025,4/2/2025,3/28/2025,Dikembalikan,9
TRX001804,USR00300,BK01023,12/30/2023,1/13/2024,1/4/2024,Dikembalikan,5
TRX001805,USR00349,BK00883,9/18/2025,10/2/2025,9/26/2025,Dikembalikan,8
TRX001806,USR00340,BK00687,5/16/2024,5/30/2024,5/22/2024,Dikembalikan,6
TRX001807,USR00191,BK01213,3/27/2025,4/10/2025,4/17/2025,Terlambat,21
TRX001808,USR00341,BK01357,8/4/2023,8/18/2023,8/25/2023,Terlambat,21
TRX001809,USR00127,BK00690,6/12/2023,6/26/2023,6/29/2023,Terlambat,17
TRX001810,USR00114,BK00394,3/11/2024,3/25/2024,3/19/2024,Dikembalikan,8
TRX001811,USR00365,BK01362,12/20/2025,1/3/2026,,Dipinjam,belum_kembali
TRX001812,USR00137,BK00428,11/11/2025,11/25/2025,11/29/2025,Terlambat,18
TRX001813,USR00050,BK00759,9/15/2024,9/29/2024,10/1/2024,Terlambat,16
TRX001814,USR00203,BK01343,7/15/2025,7/29/2025,7/18/2025,Dikembalikan,3
TRX001815,USR00057,BK00851,3/9/2023,3/23/2023,3/20/2023,Dikembalikan,11
TRX001816,USR00160,BK01259,11/30/2025,12/14/2025,12/3/2025,Dikembalikan,3
TRX001817,USR00115,BK01063,8/2/2024,8/16/2024,8/23/2024,Terlambat,21
TRX001818,USR00295,BK00118,12/10/2023,12/24/2023,12/16/2023,Dikembalikan,6
TRX001819,USR00067,BK01022,12/31/2023,1/14/2024,1/11/2024,Dikembalikan,11
TRX001820,USR00008,BK00506,12/18/2024,1/1/2025,12/26/2024,Dikembalikan,8
TRX001821,USR00315,BK00771,10/30/2023,11/13/2023,11/3/2023,Dikembalikan,4
TRX001822,USR00252,BK01339,7/22/2023,8/5/2023,8/7/2023,Terlambat,16
TRX001823,USR00152,BK00682,12/9/2023,12/23/2023,12/24/2023,Terlambat,15
TRX001824,USR00037,BK01089,6/20/2023,7/4/2023,7/5/2023,Terlambat,15
TRX001825,USR00171,BK00764,8/17/2025,8/31/2025,9/6/2025,Terlambat,20
TRX001826,USR00325,BK00494,10/17/2024,10/31/2024,10/23/2024,Dikembalikan,6
TRX001827,USR00341,BK00998,12/13/2023,12/27/2023,12/29/2023,Terlambat,16
TRX001828,USR00335,BK00857,9/4/2024,9/18/2024,9/9/2024,Dikembalikan,5
TRX001829,USR00288,BK01305,3/3/2024,3/17/2024,3/6/2024,Dikembalikan,3
TRX001830,USR00277,BK00464,6/8/2023,6/22/2023,6/27/2023,Terlambat,19
TRX001831,USR00226,BK01220,2/26/2023,3/12/2023,3/15/2023,Terlambat,17
TRX001832,USR00178,BK00768,12/2/2023,12/16/2023,12/22/2023,Terlambat,20
TRX001833,USR00132,BK00511,10/13/2025,10/27/2025,11/1/2025,Terlambat,19
TRX001834,USR00374,BK00523,4/10/2024,4/24/2024,4/13/2024,Dikembalikan,3
TRX001835,USR00210,BK01196,3/24/2023,4/7/2023,4/6/2023,Dikembalikan,13
TRX001836,USR00143,BK00346,1/16/2023,1/30/2023,1/21/2023,Dikembalikan,5
TRX001837,USR00099,BK01211,5/11/2024,5/25/2024,5/18/2024,Dikembalikan,7
TRX001838,USR00271,BK00686,9/25/2023,10/9/2023,9/28/2023,Dikembalikan,3
TRX001839,USR00162,BK00721,6/7/2024,6/21/2024,6/10/2024,Dikembalikan,3
TRX001840,USR00071,BK01223,5/30/2023,6/13/2023,6/3/2023,Dikembalikan,4
TRX001841,USR00137,BK00381,5/12/2023,5/26/2023,5/17/2023,Dikembalikan,5
TRX001842,USR00222,BK00414,8/30/2025,9/13/2025,9/4/2025,Dikembalikan,5
TRX001843,USR00305,BK00265,7/10/2024,7/24/2024,7/30/2024,Terlambat,20
TRX001844,USR00203,BK01284,11/10/2025,11/24/2025,11/30/2025,Terlambat,20
TRX001845,USR00109,BK00655,12/1/2023,12/15/2023,12/12/2023,Dikembalikan,11
TRX001846,USR00361,BK00732,9/22/2024,10/6/2024,10/4/2024,Dikembalikan,12
TRX001847,USR00200,BK01195,5/8/2023,5/22/2023,5/14/2023,Dikembalikan,6
TRX001848,USR00148,BK00488,11/17/2024,12/1/2024,12/3/2024,Terlambat,16
TRX001849,USR00089,BK00407,5/26/2023,6/9/2023,6/16/2023,Terlambat,21
TRX001850,USR00247,BK00211,3/1/2023,3/15/2023,3/7/2023,Dikembalikan,6
TRX001851,USR00338,BK00260,7/10/2025,7/24/2025,7/26/2025,Terlambat,16
TRX001852,USR00093,BK00593,8/13/2025,8/27/2025,8/17/2025,Dikembalikan,4
TRX001853,USR00215,BK01180,5/30/2024,6/13/2024,6/13/2024,Dikembalikan,14
TRX001854,USR00163,BK01230,6/20/2025,7/4/2025,7/7/2025,Terlambat,17
TRX001855,USR00020,BK00530,11/1/2023,11/15/2023,11/5/2023,Dikembalikan,4
TRX001856,USR00208,BK00955,12/25/2025,1/8/2026,,Dipinjam,belum_kembali
TRX001857,USR00134,BK00756,4/27/2024,5/11/2024,5/11/2024,Dikembalikan,14
TRX001858,USR00198,BK00701,12/18/2023,1/1/2024,12/27/2023,Dikembalikan,9
TRX001859,USR00165,BK00619,2/2/2023,2/16/2023,2/10/2023,Dikembalikan,8
TRX001860,USR00084,BK01235,10/27/2025,11/10/2025,11/11/2025,Terlambat,15
TRX001861,USR00230,BK00736,2/25/2025,3/11/2025,3/9/2025,Dikembalikan,12
TRX001862,USR00034,BK00595,5/23/2024,6/6/2024,6/13/2024,Terlambat,21
TRX001863,USR00219,BK01294,12/11/2024,12/25/2024,12/18/2024,Dikembalikan,7
TRX001864,USR00055,BK01180,7/18/2025,8/1/2025,8/2/2025,Terlambat,15
TRX001865,USR00249,BK00782,4/7/2024,4/21/2024,4/17/2024,Dikembalikan,10
TRX001866,USR00061,BK01035,3/10/2025,3/24/2025,3/18/2025,Dikembalikan,8
TRX001867,USR00075,BK00116,7/7/2024,7/21/2024,7/11/2024,Dikembalikan,4
TRX001868,USR00066,BK01075,3/26/2025,4/9/2025,4/4/2025,Dikembalikan,9
TRX001869,USR00240,BK00666,3/9/2024,3/23/2024,3/24/2024,Terlambat,15
TRX001870,USR00017,BK00704,3/20/2024,4/3/2024,3/29/2024,Dikembalikan,9
TRX001871,USR00074,BK01214,1/13/2025,1/27/2025,1/19/2025,Dikembalikan,6
TRX001872,USR00066,BK00933,9/19/2024,10/3/2024,9/28/2024,Dikembalikan,9
TRX001873,USR00213,BK00428,8/4/2023,8/18/2023,8/21/2023,Terlambat,17
TRX001874,USR00014,BK01297,9/6/2025,9/20/2025,9/18/2025,Dikembalikan,12
TRX001875,USR00340,BK00595,1/3/2024,1/17/2024,1/15/2024,Dikembalikan,12
TRX001876,USR00177,BK00611,6/2/2023,6/16/2023,6/10/2023,Dikembalikan,8
TRX001877,USR00216,BK00058,7/13/2024,7/27/2024,7/31/2024,Terlambat,18
TRX001878,USR00327,BK00498,3/4/2025,3/18/2025,3/16/2025,Dikembalikan,12
TRX001879,USR00248,BK01180,12/22/2023,1/5/2024,1/2/2024,Dikembalikan,11
TRX001880,USR00133,BK01007,2/6/2025,2/20/2025,2/27/2025,Terlambat,21
TRX001881,USR00098,BK00316,5/6/2023,5/20/2023,5/23/2023,Terlambat,17
TRX001882,USR00079,BK00732,12/19/2025,1/2/2026,,Dipinjam,belum_kembali
TRX001883,USR00052,BK00495,9/10/2025,9/24/2025,10/1/2025,Terlambat,21
TRX001884,USR00205,BK00818,8/11/2025,8/25/2025,8/31/2025,Terlambat,20
TRX001885,USR00331,BK00950,2/22/2023,3/8/2023,3/13/2023,Terlambat,19
TRX001886,USR00358,BK01008,5/3/2024,5/17/2024,5/21/2024,Terlambat,18
TRX001887,USR00061,BK01246,12/11/2023,12/25/2023,12/23/2023,Dikembalikan,12
TRX001888,USR00001,BK00417,5/26/2023,6/9/2023,6/6/2023,Dikembalikan,11
TRX001889,USR00153,BK00467,3/8/2025,3/22/2025,3/14/2025,Dikembalikan,6
TRX001890,USR00041,BK00333,5/11/2024,5/25/2024,5/28/2024,Terlambat,17
TRX001891,USR00195,BK00362,5/11/2023,5/25/2023,5/30/2023,Terlambat,19
TRX001892,USR00016,BK01206,3/1/2025,3/15/2025,3/14/2025,Dikembalikan,13
TRX001893,USR00123,BK00308,6/15/2025,6/29/2025,6/20/2025,Dikembalikan,5
TRX001894,USR00047,BK00408,10/14/2024,10/28/2024,10/17/2024,Dikembalikan,3
TRX001895,USR00289,BK00954,1/4/2023,1/18/2023,1/15/2023,Dikembalikan,11
TRX001896,USR00243,BK00350,12/5/2023,12/19/2023,12/25/2023,Terlambat,20
TRX001897,USR00067,BK01023,11/13/2025,11/27/2025,11/23/2025,Dikembalikan,10
TRX001898,USR00134,BK00743,5/4/2023,5/18/2023,5/24/2023,Terlambat,20
TRX001899,USR00103,BK00752,8/27/2024,9/10/2024,9/3/2024,Dikembalikan,7
TRX001900,USR00042,BK00732,7/16/2025,7/30/2025,8/4/2025,Terlambat,19
TRX001901,USR00095,BK00442,5/19/2023,6/2/2023,5/31/2023,Dikembalikan,12
TRX001902,USR00183,BK01277,1/29/2023,2/12/2023,2/16/2023,Terlambat,18
TRX001903,USR00208,BK01024,5/19/2023,6/2/2023,6/2/2023,Dikembalikan,14
TRX001904,USR00018,BK01328,10/21/2024,11/4/2024,11/1/2024,Dikembalikan,11
TRX001905,USR00329,BK01170,3/12/2024,3/26/2024,3/30/2024,Terlambat,18
TRX001906,USR00229,BK00464,4/15/2024,4/29/2024,4/18/2024,Dikembalikan,3
TRX001907,USR00014,BK01247,3/9/2025,3/23/2025,3/26/2025,Terlambat,17
TRX001908,USR00025,BK00209,7/24/2023,8/7/2023,7/28/2023,Dikembalikan,4
TRX001909,USR00202,BK01182,10/10/2024,10/24/2024,10/13/2024,Dikembalikan,3
TRX001910,USR00244,BK00530,4/15/2024,4/29/2024,5/6/2024,Terlambat,21
TRX001911,USR00095,BK01283,6/7/2025,6/21/2025,6/10/2025,Dikembalikan,3
TRX001912,USR00309,BK01311,2/23/2025,3/9/2025,3/11/2025,Terlambat,16
TRX001913,USR00138,BK01105,5/8/2025,5/22/2025,5/17/2025,Dikembalikan,9
TRX001914,USR00332,BK01200,3/15/2025,3/29/2025,3/18/2025,Dikembalikan,3
TRX001915,USR00276,BK01312,12/18/2023,1/1/2024,12/23/2023,Dikembalikan,5
TRX001916,USR00182,BK00484,10/8/2023,10/22/2023,10/23/2023,Terlambat,15
TRX001917,USR00222,BK00739,12/14/2025,12/28/2025,12/17/2025,Dikembalikan,3
TRX001918,USR00185,BK00748,12/8/2024,12/22/2024,12/29/2024,Terlambat,21
TRX001919,USR00206,BK00060,4/24/2024,5/8/2024,5/7/2024,Dikembalikan,13
TRX001920,USR00046,BK00157,5/15/2024,5/29/2024,6/2/2024,Terlambat,18
TRX001921,USR00229,BK00568,11/8/2024,11/22/2024,11/12/2024,Dikembalikan,4
TRX001922,USR00048,BK01221,5/4/2025,5/18/2025,5/18/2025,Dikembalikan,14
TRX001923,USR00189,BK00335,9/22/2025,10/6/2025,10/3/2025,Dikembalikan,11
TRX001924,USR00242,BK00546,11/13/2023,11/27/2023,11/26/2023,Dikembalikan,13
TRX001925,USR00037,BK01212,5/8/2025,5/22/2025,5/25/2025,Terlambat,17
TRX001926,USR00311,BK00289,4/16/2023,4/30/2023,4/21/2023,Dikembalikan,5
TRX001927,USR00236,BK00511,12/14/2023,12/28/2023,12/22/2023,Dikembalikan,8
TRX001928,USR00121,BK00933,7/14/2024,7/28/2024,8/4/2024,Terlambat,21
TRX001929,USR00084,BK01071,5/26/2025,6/9/2025,6/8/2025,Dikembalikan,13
TRX001930,USR00291,BK01147,10/13/2025,10/27/2025,10/24/2025,Dikembalikan,11
TRX001931,USR00319,BK01180,10/19/2023,11/2/2023,10/23/2023,Dikembalikan,4
TRX001932,USR00233,BK01179,11/26/2024,12/10/2024,12/7/2024,Dikembalikan,11
TRX001933,USR00177,BK00774,12/2/2024,12/16/2024,12/23/2024,Terlambat,21
TRX001934,USR00001,BK01185,8/2/2024,8/16/2024,8/9/2024,Dikembalikan,7
TRX001935,USR00250,BK00876,3/29/2024,4/12/2024,4/18/2024,Terlambat,20
TRX001936,USR00269,BK00122,2/7/2025,2/21/2025,2/17/2025,Dikembalikan,10
TRX001937,USR00164,BK00457,9/25/2023,10/9/2023,10/11/2023,Terlambat,16
TRX001938,USR00126,BK00853,11/12/2025,11/26/2025,11/26/2025,Dikembalikan,14
TRX001939,USR00303,BK00412,4/14/2025,4/28/2025,4/19/2025,Dikembalikan,5
TRX001940,USR00020,BK00481,7/8/2025,7/22/2025,7/15/2025,Dikembalikan,7
TRX001941,USR00043,BK00440,1/22/2024,2/5/2024,1/31/2024,Dikembalikan,9
TRX001942,USR00181,BK00556,5/16/2023,5/30/2023,6/3/2023,Terlambat,18
TRX001943,USR00004,BK01074,2/19/2024,3/4/2024,2/29/2024,Dikembalikan,10
TRX001944,USR00005,BK01175,12/19/2025,1/2/2026,,Dipinjam,belum_kembali
TRX001945,USR00324,BK01071,4/22/2023,5/6/2023,4/30/2023,Dikembalikan,8
TRX001946,USR00302,BK00074,6/28/2023,7/12/2023,7/8/2023,Dikembalikan,10
TRX001947,USR00346,BK01194,5/17/2023,5/31/2023,5/21/2023,Dikembalikan,4
TRX001948,USR00353,BK00554,10/18/2025,11/1/2025,11/4/2025,Terlambat,17
TRX001949,USR00173,BK00522,12/1/2024,12/15/2024,12/18/2024,Terlambat,17
TRX001950,USR00007,BK00963,3/2/2024,3/16/2024,3/13/2024,Dikembalikan,11
TRX001951,USR00067,BK00952,5/27/2024,6/10/2024,6/5/2024,Dikembalikan,9
TRX001952,USR00089,BK00399,10/14/2023,10/28/2023,10/29/2023,Terlambat,15
TRX001953,USR00157,BK01241,2/25/2024,3/10/2024,3/6/2024,Dikembalikan,10
TRX001954,USR00320,BK00768,1/29/2024,2/12/2024,2/8/2024,Dikembalikan,10
TRX001955,USR00219,BK01310,5/24/2023,6/7/2023,6/5/2023,Dikembalikan,12
TRX001956,USR00228,BK00534,2/28/2023,3/14/2023,3/17/2023,Terlambat,17
TRX001957,USR00325,BK00535,5/15/2025,5/29/2025,5/18/2025,Dikembalikan,3
TRX001958,USR00240,BK00561,8/31/2024,9/14/2024,9/12/2024,Dikembalikan,12
TRX001959,USR00220,BK01197,8/8/2023,8/22/2023,8/24/2023,Terlambat,16
TRX001960,USR00284,BK00765,6/6/2024,6/20/2024,6/13/2024,Dikembalikan,7
TRX001961,USR00203,BK01247,7/17/2025,7/31/2025,7/27/2025,Dikembalikan,10
TRX001962,USR00023,BK01248,9/5/2025,9/19/2025,9/13/2025,Dikembalikan,8
TRX001963,USR00128,BK01223,11/4/2025,11/18/2025,11/13/2025,Dikembalikan,9
TRX001964,USR00298,BK00826,6/25/2024,7/9/2024,7/14/2024,Terlambat,19
TRX001965,USR00309,BK01279,9/6/2024,9/20/2024,9/20/2024,Dikembalikan,14
TRX001966,USR00047,BK00462,5/18/2023,6/1/2023,6/8/2023,Terlambat,21
TRX001967,USR00163,BK01198,9/3/2024,9/17/2024,9/19/2024,Terlambat,16
TRX001968,USR00013,BK01058,3/3/2023,3/17/2023,3/14/2023,Dikembalikan,11
TRX001969,USR00329,BK01225,12/13/2025,12/27/2025,12/28/2025,Terlambat,15
TRX001970,USR00216,BK00016,5/22/2023,6/5/2023,6/10/2023,Terlambat,19
TRX001971,USR00243,BK00351,4/3/2023,4/17/2023,4/9/2023,Dikembalikan,6
TRX001972,USR00029,BK01172,3/31/2023,4/14/2023,4/10/2023,Dikembalikan,10
TRX001973,USR00255,BK00785,4/2/2023,4/16/2023,4/9/2023,Dikembalikan,7
TRX001974,USR00213,BK00444,4/28/2023,5/12/2023,5/10/2023,Dikembalikan,12
TRX001975,USR00081,BK00131,10/11/2025,10/25/2025,10/21/2025,Dikembalikan,10
TRX001976,USR00052,BK00422,8/5/2023,8/19/2023,8/21/2023,Terlambat,16
TRX001977,USR00086,BK00343,9/19/2023,10/3/2023,9/24/2023,Dikembalikan,5
TRX001978,USR00225,BK00633,9/26/2025,10/10/2025,10/10/2025,Dikembalikan,14
TRX001979,USR00083,BK00796,9/15/2023,9/29/2023,10/5/2023,Terlambat,20
TRX001980,USR00006,BK00809,7/4/2023,7/18/2023,7/18/2023,Dikembalikan,14
TRX001981,USR00177,BK00784,12/3/2025,12/17/2025,12/22/2025,Terlambat,19
TRX001982,USR00086,BK00358,1/17/2025,1/31/2025,2/2/2025,Terlambat,16
TRX001983,USR00118,BK01275,4/29/2025,5/13/2025,5/19/2025,Terlambat,20
TRX001984,USR00109,BK00714,3/30/2023,4/13/2023,4/20/2023,Terlambat,21
TRX001985,USR00268,BK00509,4/14/2025,4/28/2025,4/17/2025,Dikembalikan,3
TRX001986,USR00294,BK00102,8/27/2023,9/10/2023,9/1/2023,Dikembalikan,5
TRX001987,USR00030,BK00633,1/19/2024,2/2/2024,1/26/2024,Dikembalikan,7
TRX001988,USR00317,BK00699,2/3/2025,2/17/2025,2/18/2025,Terlambat,15
TRX001989,USR00118,BK01370,6/16/2023,6/30/2023,6/23/2023,Dikembalikan,7
TRX001990,USR00240,BK00667,9/30/2024,10/14/2024,10/20/2024,Terlambat,20
TRX001991,USR00248,BK01003,3/5/2025,3/19/2025,3/26/2025,Terlambat,21
TRX001992,USR00112,BK00465,2/10/2024,2/24/2024,2/15/2024,Dikembalikan,5
TRX001993,USR00210,BK01173,10/10/2025,10/24/2025,10/14/2025,Dikembalikan,4
TRX001994,USR00037,BK01190,1/5/2024,1/19/2024,1/19/2024,Dikembalikan,14
TRX001995,USR00054,BK01256,5/14/2025,5/28/2025,5/25/2025,Dikembalikan,11
TRX001996,USR00191,BK01204,7/30/2024,8/13/2024,8/14/2024,Terlambat,15
TRX001997,USR00064,BK01192,3/10/2025,3/24/2025,3/19/2025,Dikembalikan,9
TRX001998,USR00082,BK01224,7/5/2023,7/19/2023,7/26/2023,Terlambat,21
TRX001999,USR00212,BK01059,5/14/2024,5/28/2024,5/31/2024,Terlambat,17
TRX002000,USR00161,BK01060,12/9/2025,12/23/2025,12/23/2025,Dikembalikan,14
TRX002001,USR00062,BK00329,1/10/2023,1/24/2023,1/26/2023,Terlambat,16
TRX002002,USR00255,BK00724,4/26/2025,5/10/2025,5/5/2025,Dikembalikan,9
TRX002003,USR00178,BK00752,10/1/2025,10/15/2025,10/18/2025,Terlambat,17
TRX002004,USR00137,BK00346,5/13/2023,5/27/2023,5/16/2023,Dikembalikan,3
TRX002005,USR00361,BK00563,3/14/2023,3/28/2023,3/23/2023,Dikembalikan,9
TRX002006,USR00098,BK00371,2/7/2023,2/21/2023,2/16/2023,Dikembalikan,9
TRX002007,USR00267,BK00591,6/29/2025,7/13/2025,7/11/2025,Dikembalikan,12
TRX002008,USR00336,BK00750,2/28/2024,3/13/2024,3/12/2024,Dikembalikan,13
TRX002009,USR00080,BK00132,4/26/2025,5/10/2025,5/1/2025,Dikembalikan,5
TRX002010,USR00268,BK00318,1/27/2023,2/10/2023,2/6/2023,Dikembalikan,10
TRX002011,USR00350,BK00969,11/5/2024,11/19/2024,11/24/2024,Terlambat,19
TRX002012,USR00090,BK01318,5/18/2023,6/1/2023,6/7/2023,Terlambat,20
TRX002013,USR00053,BK01110,5/12/2023,5/26/2023,5/18/2023,Dikembalikan,6
TRX002014,USR00081,BK00091,8/13/2025,8/27/2025,8/31/2025,Terlambat,18
TRX002015,USR00052,BK00450,3/12/2025,3/26/2025,3/28/2025,Terlambat,16
TRX002016,USR00100,BK00815,9/14/2024,9/28/2024,10/2/2024,Terlambat,18
TRX002017,USR00337,BK01202,10/30/2024,11/13/2024,11/20/2024,Terlambat,21
TRX002018,USR00347,BK00767,4/11/2023,4/25/2023,4/19/2023,Dikembalikan,8
TRX002019,USR00127,BK00580,4/5/2024,4/19/2024,4/23/2024,Terlambat,18
TRX002020,USR00201,BK01197,8/9/2023,8/23/2023,8/18/2023,Dikembalikan,9
TRX002021,USR00264,BK00530,11/6/2024,11/20/2024,11/22/2024,Terlambat,16
TRX002022,USR00102,BK00834,5/26/2024,6/9/2024,5/30/2024,Dikembalikan,4
TRX002023,USR00264,BK00490,5/18/2023,6/1/2023,5/25/2023,Dikembalikan,7
TRX002024,USR00192,BK01235,11/6/2024,11/20/2024,11/13/2024,Dikembalikan,7
TRX002025,USR00082,BK01304,10/22/2025,11/5/2025,11/5/2025,Dikembalikan,14
TRX002026,USR00131,BK01162,5/2/2024,5/16/2024,5/21/2024,Terlambat,19
TRX002027,USR00118,BK01354,11/2/2024,11/16/2024,11/8/2024,Dikembalikan,6
TRX002028,USR00068,BK00059,7/2/2023,7/16/2023,7/12/2023,Dikembalikan,10
TRX002029,USR00059,BK00856,6/21/2025,7/5/2025,7/7/2025,Terlambat,16
TRX002030,USR00166,BK01350,10/2/2023,10/16/2023,10/17/2023,Terlambat,15
TRX002031,USR00128,BK01221,2/18/2023,3/4/2023,2/25/2023,Dikembalikan,7
TRX002032,USR00034,BK00572,1/24/2024,2/7/2024,2/4/2024,Dikembalikan,11
TRX002033,USR00022,BK00466,4/18/2025,5/2/2025,5/3/2025,Terlambat,15
TRX002034,USR00161,BK01237,6/13/2025,6/27/2025,6/26/2025,Dikembalikan,13
TRX002035,USR00222,BK00442,7/5/2023,7/19/2023,7/19/2023,Dikembalikan,14
TRX002036,USR00172,BK01156,11/21/2025,12/5/2025,11/30/2025,Dikembalikan,9
TRX002037,USR00029,BK00793,1/16/2025,1/30/2025,2/6/2025,Terlambat,21
TRX002038,USR00214,BK00526,8/28/2023,9/11/2023,9/18/2023,Terlambat,21
TRX002039,USR00235,BK00572,3/4/2023,3/18/2023,3/20/2023,Terlambat,16
TRX002040,USR00053,BK01207,4/19/2025,5/3/2025,4/23/2025,Dikembalikan,4
TRX002041,USR00065,BK00480,6/16/2025,6/30/2025,6/23/2025,Dikembalikan,7
TRX002042,USR00169,BK00648,4/2/2024,4/16/2024,4/11/2024,Dikembalikan,9
TRX002043,USR00320,BK01217,11/20/2023,12/4/2023,11/23/2023,Dikembalikan,3
TRX002044,USR00082,BK01338,3/22/2025,4/5/2025,4/9/2025,Terlambat,18
TRX002045,USR00238,BK00105,2/13/2024,2/27/2024,3/1/2024,Terlambat,17
TRX002046,USR00348,BK00603,1/10/2025,1/24/2025,1/26/2025,Terlambat,16
TRX002047,USR00087,BK00863,12/12/2024,12/26/2024,12/27/2024,Terlambat,15
TRX002048,USR00225,BK00660,2/1/2024,2/15/2024,2/22/2024,Terlambat,21
TRX002049,USR00373,BK00915,7/11/2025,7/25/2025,7/20/2025,Dikembalikan,9
TRX002050,USR00279,BK00531,1/12/2023,1/26/2023,2/2/2023,Terlambat,21
TRX002051,USR00031,BK00340,7/8/2024,7/22/2024,7/24/2024,Terlambat,16
TRX002052,USR00148,BK00629,10/11/2025,10/25/2025,10/21/2025,Dikembalikan,10
TRX002053,USR00164,BK00415,11/25/2025,12/9/2025,12/14/2025,Terlambat,19
TRX002054,USR00113,BK00219,11/7/2024,11/21/2024,11/16/2024,Dikembalikan,9
TRX002055,USR00213,BK00398,5/15/2025,5/29/2025,5/31/2025,Terlambat,16
TRX002056,USR00084,BK01221,3/8/2023,3/22/2023,3/29/2023,Terlambat,21
TRX002057,USR00009,BK00496,8/24/2024,9/7/2024,9/8/2024,Terlambat,15
TRX002058,USR00062,BK00649,1/27/2023,2/10/2023,1/31/2023,Dikembalikan,4
TRX002059,USR00163,BK01091,3/13/2023,3/27/2023,3/30/2023,Terlambat,17
TRX002060,USR00243,BK00333,6/22/2025,7/6/2025,7/2/2025,Dikembalikan,10
TRX002061,USR00076,BK00219,8/2/2024,8/16/2024,8/12/2024,Dikembalikan,10
TRX002062,USR00203,BK00980,4/20/2024,5/4/2024,5/11/2024,Terlambat,21
TRX002063,USR00018,BK01311,8/3/2023,8/17/2023,8/12/2023,Dikembalikan,9
TRX002064,USR00220,BK00430,2/13/2025,2/27/2025,3/3/2025,Terlambat,18
TRX002065,USR00142,BK00829,12/18/2024,1/1/2025,12/30/2024,Dikembalikan,12
TRX002066,USR00269,BK00055,1/4/2025,1/18/2025,1/9/2025,Dikembalikan,5
TRX002067,USR00168,BK00738,2/7/2024,2/21/2024,2/21/2024,Dikembalikan,14
TRX002068,USR00334,BK01011,1/30/2023,2/13/2023,2/20/2023,Terlambat,21
TRX002069,USR00225,BK00708,10/4/2024,10/18/2024,10/25/2024,Terlambat,21
TRX002070,USR00377,BK00065,3/16/2023,3/30/2023,3/26/2023,Dikembalikan,10
TRX002071,USR00127,BK00658,5/7/2025,5/21/2025,5/24/2025,Terlambat,17
TRX002072,USR00038,BK00385,3/4/2025,3/18/2025,3/12/2025,Dikembalikan,8
TRX002073,USR00199,BK00520,5/26/2023,6/9/2023,6/4/2023,Dikembalikan,9
TRX002074,USR00111,BK01110,2/4/2023,2/18/2023,2/13/2023,Dikembalikan,9
TRX002075,USR00258,BK00077,12/29/2025,1/12/2026,,Dipinjam,belum_kembali
TRX002076,USR00251,BK00901,2/13/2023,2/27/2023,3/4/2023,Terlambat,19
TRX002077,USR00182,BK00501,7/5/2025,7/19/2025,7/8/2025,Dikembalikan,3
TRX002078,USR00314,BK00748,1/10/2023,1/24/2023,1/28/2023,Terlambat,18
TRX002079,USR00050,BK00751,8/29/2023,9/12/2023,9/8/2023,Dikembalikan,10
TRX002080,USR00084,BK01231,11/9/2025,11/23/2025,11/25/2025,Terlambat,16
TRX002081,USR00273,BK00729,10/7/2025,10/21/2025,10/12/2025,Dikembalikan,5
TRX002082,USR00206,BK00405,10/4/2023,10/18/2023,10/8/2023,Dikembalikan,4
TRX002083,USR00049,BK01311,12/22/2025,1/5/2026,,Dipinjam,belum_kembali
TRX002084,USR00069,BK01137,7/6/2024,7/20/2024,7/10/2024,Dikembalikan,4
TRX002085,USR00267,BK00996,5/2/2024,5/16/2024,5/5/2024,Dikembalikan,3
TRX002086,USR00077,BK01177,8/15/2023,8/29/2023,8/23/2023,Dikembalikan,8
TRX002087,USR00014,BK01235,12/25/2023,1/8/2024,1/9/2024,Terlambat,15
TRX002088,USR00142,BK00801,4/9/2025,4/23/2025,4/21/2025,Dikembalikan,12
TRX002089,USR00350,BK00836,1/14/2025,1/28/2025,1/20/2025,Dikembalikan,6
TRX002090,USR00360,BK00920,7/15/2025,7/29/2025,7/29/2025,Dikembalikan,14
TRX002091,USR00123,BK00537,8/31/2024,9/14/2024,9/19/2024,Terlambat,19
TRX002092,USR00324,BK01047,4/10/2023,4/24/2023,4/16/2023,Dikembalikan,6
TRX002093,USR00258,BK00077,7/30/2023,8/13/2023,8/5/2023,Dikembalikan,6
TRX002094,USR00317,BK00156,4/20/2024,5/4/2024,5/10/2024,Terlambat,20
TRX002095,USR00173,BK00512,5/26/2025,6/9/2025,6/7/2025,Dikembalikan,12
TRX002096,USR00245,BK00976,1/24/2025,2/7/2025,1/28/2025,Dikembalikan,4
TRX002097,USR00096,BK01014,12/25/2025,1/8/2026,,Dipinjam,belum_kembali
TRX002098,USR00251,BK00672,2/19/2024,3/4/2024,3/9/2024,Terlambat,19
TRX002099,USR00198,BK00443,4/2/2024,4/16/2024,4/13/2024,Dikembalikan,11
TRX002100,USR00278,BK01237,10/17/2024,10/31/2024,11/5/2024,Terlambat,19
TRX002101,USR00167,BK01351,12/5/2024,12/19/2024,12/20/2024,Terlambat,15
TRX002102,USR00157,BK01287,5/15/2024,5/29/2024,5/27/2024,Dikembalikan,12
TRX002103,USR00224,BK00778,10/11/2023,10/25/2023,10/22/2023,Dikembalikan,11
TRX002104,USR00093,BK00780,6/7/2023,6/21/2023,6/20/2023,Dikembalikan,13
TRX002105,USR00057,BK00913,8/21/2025,9/4/2025,9/9/2025,Terlambat,19
TRX002106,USR00324,BK01056,1/29/2024,2/12/2024,2/18/2024,Terlambat,20
TRX002107,USR00060,BK00475,7/5/2024,7/19/2024,7/12/2024,Dikembalikan,7
TRX002108,USR00090,BK01308,3/9/2025,3/23/2025,3/17/2025,Dikembalikan,8
TRX002109,USR00193,BK00895,2/12/2025,2/26/2025,3/5/2025,Terlambat,21
TRX002110,USR00134,BK01147,5/28/2024,6/11/2024,6/15/2024,Terlambat,18
TRX002111,USR00132,BK00600,3/17/2024,3/31/2024,4/4/2024,Terlambat,18
TRX002112,USR00105,BK01008,8/19/2025,9/2/2025,9/8/2025,Terlambat,20
TRX002113,USR00249,BK00676,1/15/2024,1/29/2024,1/31/2024,Terlambat,16
TRX002114,USR00302,BK00588,9/9/2023,9/23/2023,9/16/2023,Dikembalikan,7
TRX002115,USR00249,BK00743,4/1/2024,4/15/2024,4/8/2024,Dikembalikan,7
TRX002116,USR00312,BK00238,3/13/2025,3/27/2025,3/21/2025,Dikembalikan,8
TRX002117,USR00036,BK00761,10/24/2025,11/7/2025,11/7/2025,Dikembalikan,14
TRX002118,USR00373,BK00935,10/13/2024,10/27/2024,11/2/2024,Terlambat,20
TRX002119,USR00027,BK00609,5/4/2024,5/18/2024,5/9/2024,Dikembalikan,5
TRX002120,USR00307,BK00774,12/11/2024,12/25/2024,12/26/2024,Terlambat,15
TRX002121,USR00194,BK00664,10/31/2025,11/14/2025,11/7/2025,Dikembalikan,7
TRX002122,USR00320,BK00009,1/19/2023,2/2/2023,1/31/2023,Dikembalikan,12
TRX002123,USR00319,BK01228,1/7/2025,1/21/2025,1/24/2025,Terlambat,17
TRX002124,USR00118,BK01254,10/13/2023,10/27/2023,10/18/2023,Dikembalikan,5
TRX002125,USR00296,BK00912,5/3/2023,5/17/2023,5/22/2023,Terlambat,19
TRX002126,USR00370,BK00320,3/1/2025,3/15/2025,3/13/2025,Dikembalikan,12
TRX002127,USR00280,BK00764,3/2/2025,3/16/2025,3/6/2025,Dikembalikan,4
TRX002128,USR00024,BK00992,3/7/2024,3/21/2024,3/10/2024,Dikembalikan,3
TRX002129,USR00005,BK01190,12/2/2025,12/16/2025,12/14/2025,Dikembalikan,12
TRX002130,USR00078,BK00345,3/15/2025,3/29/2025,3/24/2025,Dikembalikan,9
TRX002131,USR00041,BK00347,3/4/2025,3/18/2025,3/8/2025,Dikembalikan,4
TRX002132,USR00166,BK01364,11/18/2025,12/2/2025,11/21/2025,Dikembalikan,3
TRX002133,USR00146,BK00764,9/30/2024,10/14/2024,10/4/2024,Dikembalikan,4
TRX002134,USR00139,BK00537,10/20/2025,11/3/2025,11/1/2025,Dikembalikan,12
TRX002135,USR00272,BK00592,6/4/2024,6/18/2024,6/14/2024,Dikembalikan,10
TRX002136,USR00358,BK00949,4/13/2024,4/27/2024,4/19/2024,Dikembalikan,6
TRX002137,USR00101,BK00360,4/26/2024,5/10/2024,5/11/2024,Terlambat,15
TRX002138,USR00352,BK00293,12/9/2025,12/23/2025,12/20/2025,Dikembalikan,11
TRX002139,USR00321,BK00454,12/28/2025,1/11/2026,,Dipinjam,belum_kembali
TRX002140,USR00224,BK00410,11/8/2023,11/22/2023,11/16/2023,Dikembalikan,8
TRX002141,USR00310,BK00504,1/4/2023,1/18/2023,1/23/2023,Terlambat,19
TRX002142,USR00259,BK00965,3/31/2023,4/14/2023,4/4/2023,Dikembalikan,4
TRX002143,USR00074,BK01211,2/6/2023,2/20/2023,2/12/2023,Dikembalikan,6
TRX002144,USR00033,BK00208,2/16/2025,3/2/2025,2/23/2025,Dikembalikan,7
TRX002145,USR00175,BK01047,5/2/2025,5/16/2025,5/17/2025,Terlambat,15
TRX002146,USR00311,BK00431,10/16/2024,10/30/2024,11/3/2024,Terlambat,18
TRX002147,USR00162,BK00745,6/5/2023,6/19/2023,6/21/2023,Terlambat,16
TRX002148,USR00362,BK00275,7/14/2024,7/28/2024,7/21/2024,Dikembalikan,7
TRX002149,USR00045,BK00371,2/4/2024,2/18/2024,2/18/2024,Dikembalikan,14
TRX002150,USR00350,BK00834,8/1/2025,8/15/2025,8/6/2025,Dikembalikan,5
TRX002151,USR00351,BK00573,8/8/2025,8/22/2025,8/16/2025,Dikembalikan,8
TRX002152,USR00128,BK01235,5/14/2024,5/28/2024,5/17/2024,Dikembalikan,3
TRX002153,USR00061,BK01161,5/21/2025,6/4/2025,6/6/2025,Terlambat,16
TRX002154,USR00283,BK00525,2/12/2024,2/26/2024,2/18/2024,Dikembalikan,6
TRX002155,USR00031,BK00601,12/31/2024,1/14/2025,1/11/2025,Dikembalikan,11
TRX002156,USR00063,BK00217,8/22/2024,9/5/2024,9/12/2024,Terlambat,21
TRX002157,USR00093,BK00470,11/5/2025,11/19/2025,11/25/2025,Terlambat,20
TRX002158,USR00045,BK00644,10/12/2023,10/26/2023,10/18/2023,Dikembalikan,6
TRX002159,USR00278,BK01312,1/8/2023,1/22/2023,1/14/2023,Dikembalikan,6
TRX002160,USR00199,BK00525,12/7/2023,12/21/2023,12/20/2023,Dikembalikan,13
TRX002161,USR00025,BK00025,4/27/2023,5/11/2023,5/15/2023,Terlambat,18
TRX002162,USR00187,BK00863,10/6/2023,10/20/2023,10/17/2023,Dikembalikan,11
TRX002163,USR00248,BK01216,8/27/2024,9/10/2024,9/6/2024,Dikembalikan,10
TRX002164,USR00167,BK01265,12/12/2023,12/26/2023,12/26/2023,Dikembalikan,14
TRX002165,USR00079,BK00747,11/8/2023,11/22/2023,11/18/2023,Dikembalikan,10
TRX002166,USR00285,BK01029,4/20/2024,5/4/2024,5/8/2024,Terlambat,18
TRX002167,USR00296,BK00884,6/28/2024,7/12/2024,7/5/2024,Dikembalikan,7
TRX002168,USR00002,BK01356,12/10/2025,12/24/2025,12/13/2025,Dikembalikan,3
TRX002169,USR00117,BK01212,7/16/2023,7/30/2023,7/28/2023,Dikembalikan,12
TRX002170,USR00250,BK00833,4/6/2023,4/20/2023,4/25/2023,Terlambat,19
TRX002171,USR00305,BK00228,7/11/2024,7/25/2024,7/30/2024,Terlambat,19
TRX002172,USR00147,BK00944,11/16/2024,11/30/2024,12/7/2024,Terlambat,21
TRX002173,USR00245,BK01007,8/13/2025,8/27/2025,8/31/2025,Terlambat,18
TRX002174,USR00305,BK00250,8/14/2024,8/28/2024,8/25/2024,Dikembalikan,11
TRX002175,USR00362,BK01294,8/23/2025,9/6/2025,8/29/2025,Dikembalikan,6
TRX002176,USR00368,BK01147,3/2/2023,3/16/2023,3/11/2023,Dikembalikan,9
TRX002177,USR00060,BK00424,12/21/2025,1/4/2026,,Dipinjam,belum_kembali
TRX002178,USR00059,BK01268,3/2/2024,3/16/2024,3/20/2024,Terlambat,18
TRX002179,USR00147,BK01023,1/11/2023,1/25/2023,1/28/2023,Terlambat,17
TRX002180,USR00350,BK01320,8/21/2024,9/4/2024,9/8/2024,Terlambat,18
TRX002181,USR00058,BK00934,1/31/2024,2/14/2024,2/16/2024,Terlambat,16
TRX002182,USR00166,BK01312,9/29/2023,10/13/2023,10/19/2023,Terlambat,20
TRX002183,USR00175,BK01057,1/10/2023,1/24/2023,1/22/2023,Dikembalikan,12
TRX002184,USR00288,BK00561,2/7/2023,2/21/2023,2/14/2023,Dikembalikan,7
TRX002185,USR00361,BK00782,2/3/2025,2/17/2025,2/10/2025,Dikembalikan,7
TRX002186,USR00084,BK01175,4/16/2023,4/30/2023,4/25/2023,Dikembalikan,9
TRX002187,USR00089,BK00396,3/30/2025,4/13/2025,4/17/2025,Terlambat,18
TRX002188,USR00317,BK00673,5/23/2024,6/6/2024,6/5/2024,Dikembalikan,13
TRX002189,USR00180,BK00036,3/26/2024,4/9/2024,3/29/2024,Dikembalikan,3
TRX002190,USR00162,BK01063,5/7/2024,5/21/2024,5/21/2024,Dikembalikan,14
TRX002191,USR00367,BK00971,3/27/2023,4/10/2023,4/15/2023,Terlambat,19
TRX002192,USR00089,BK01121,1/21/2024,2/4/2024,1/29/2024,Dikembalikan,8
TRX002193,USR00017,BK00683,4/29/2024,5/13/2024,5/11/2024,Dikembalikan,12
TRX002194,USR00017,BK00661,6/4/2024,6/18/2024,6/22/2024,Terlambat,18
TRX002195,USR00237,BK01171,7/11/2024,7/25/2024,7/29/2024,Terlambat,18
TRX002196,USR00094,BK00211,3/17/2023,3/31/2023,3/28/2023,Dikembalikan,11
TRX002197,USR00075,BK00671,3/23/2023,4/6/2023,4/13/2023,Terlambat,21
TRX002198,USR00111,BK01020,9/26/2024,10/10/2024,10/10/2024,Dikembalikan,14
TRX002199,USR00290,BK00481,9/8/2025,9/22/2025,9/25/2025,Terlambat,17
TRX002200,USR00040,BK01273,3/6/2023,3/20/2023,3/15/2023,Dikembalikan,9
TRX002201,USR00350,BK00988,8/20/2025,9/3/2025,8/29/2025,Dikembalikan,9
TRX002202,USR00289,BK00985,4/15/2023,4/29/2023,5/4/2023,Terlambat,19
TRX002203,USR00187,BK00596,10/14/2025,10/28/2025,10/27/2025,Dikembalikan,13
TRX002204,USR00190,BK00494,3/6/2023,3/20/2023,3/24/2023,Terlambat,18
TRX002205,USR00030,BK00798,8/2/2023,8/16/2023,8/21/2023,Terlambat,19
TRX002206,USR00345,BK00438,5/20/2023,6/3/2023,6/5/2023,Terlambat,16
TRX002207,USR00304,BK00963,3/3/2025,3/17/2025,3/16/2025,Dikembalikan,13
TRX002208,USR00197,BK00579,5/24/2023,6/7/2023,5/30/2023,Dikembalikan,6
TRX002209,USR00303,BK00427,7/9/2025,7/23/2025,7/15/2025,Dikembalikan,6
TRX002210,USR00074,BK01213,11/24/2023,12/8/2023,12/14/2023,Terlambat,20
TRX002211,USR00125,BK01070,8/29/2023,9/12/2023,9/6/2023,Dikembalikan,8
TRX002212,USR00178,BK00687,12/29/2025,1/12/2026,,Dipinjam,belum_kembali
TRX002213,USR00255,BK00784,6/12/2024,6/26/2024,7/3/2024,Terlambat,21
TRX002214,USR00195,BK00335,2/22/2023,3/8/2023,3/13/2023,Terlambat,19
TRX002215,USR00241,BK00961,1/23/2025,2/6/2025,2/1/2025,Dikembalikan,9
TRX002216,USR00018,BK01157,7/23/2024,8/6/2024,8/1/2024,Dikembalikan,9
TRX002217,USR00223,BK00762,1/24/2025,2/7/2025,2/14/2025,Terlambat,21
TRX002218,USR00254,BK01209,6/10/2025,6/24/2025,6/21/2025,Dikembalikan,11
TRX002219,USR00031,BK00606,7/8/2024,7/22/2024,7/20/2024,Dikembalikan,12
TRX002220,USR00141,BK00677,3/16/2023,3/30/2023,4/2/2023,Terlambat,17
TRX002221,USR00211,BK00962,4/15/2023,4/29/2023,5/1/2023,Terlambat,16
TRX002222,USR00027,BK00228,11/22/2023,12/6/2023,12/13/2023,Terlambat,21
TRX002223,USR00136,BK00898,9/17/2024,10/1/2024,9/24/2024,Dikembalikan,7
TRX002224,USR00288,BK00613,11/2/2023,11/16/2023,11/16/2023,Dikembalikan,14
TRX002225,USR00206,BK00562,9/10/2025,9/24/2025,9/19/2025,Dikembalikan,9
TRX002226,USR00096,BK00993,7/18/2024,8/1/2024,8/4/2024,Terlambat,17
TRX002227,USR00157,BK01252,5/13/2024,5/27/2024,5/31/2024,Terlambat,18
TRX002228,USR00201,BK00151,10/22/2024,11/5/2024,10/31/2024,Dikembalikan,9
TRX002229,USR00346,BK01235,10/20/2023,11/3/2023,11/3/2023,Dikembalikan,14
TRX002230,USR00074,BK01216,10/11/2025,10/25/2025,10/28/2025,Terlambat,17
TRX002231,USR00241,BK00859,1/5/2023,1/19/2023,1/11/2023,Dikembalikan,6
TRX002232,USR00089,BK00652,6/10/2024,6/24/2024,6/14/2024,Dikembalikan,4
TRX002233,USR00266,BK01030,5/1/2023,5/15/2023,5/5/2023,Dikembalikan,4
TRX002234,USR00290,BK00507,10/9/2025,10/23/2025,10/26/2025,Terlambat,17
TRX002235,USR00378,BK00724,6/15/2025,6/29/2025,6/21/2025,Dikembalikan,6
TRX002236,USR00024,BK01087,8/17/2025,8/31/2025,8/23/2025,Dikembalikan,6
TRX002237,USR00311,BK00632,1/19/2023,2/2/2023,2/4/2023,Terlambat,16
TRX002238,USR00072,BK01284,1/1/2024,1/15/2024,1/18/2024,Terlambat,17
TRX002239,USR00293,BK00228,8/25/2024,9/8/2024,9/3/2024,Dikembalikan,9
TRX002240,USR00242,BK00305,8/3/2025,8/17/2025,8/18/2025,Terlambat,15
TRX002241,USR00265,BK00396,6/16/2025,6/30/2025,6/20/2025,Dikembalikan,4
TRX002242,USR00304,BK01025,3/22/2025,4/5/2025,4/1/2025,Dikembalikan,10
TRX002243,USR00335,BK00842,7/12/2024,7/26/2024,7/30/2024,Terlambat,18
TRX002244,USR00141,BK00660,2/25/2025,3/11/2025,3/14/2025,Terlambat,17
TRX002245,USR00351,BK00589,2/23/2024,3/8/2024,3/10/2024,Terlambat,16
TRX002246,USR00086,BK00378,10/17/2024,10/31/2024,10/31/2024,Dikembalikan,14
TRX002247,USR00275,BK00476,5/1/2024,5/15/2024,5/12/2024,Dikembalikan,11
TRX002248,USR00097,BK00887,4/8/2024,4/22/2024,4/13/2024,Dikembalikan,5
TRX002249,USR00291,BK01102,6/3/2025,6/17/2025,6/18/2025,Terlambat,15
TRX002250,USR00002,BK01261,10/26/2024,11/9/2024,11/5/2024,Dikembalikan,10
TRX002251,USR00366,BK00807,8/22/2023,9/5/2023,9/7/2023,Terlambat,16
TRX002252,USR00098,BK00327,4/3/2024,4/17/2024,4/11/2024,Dikembalikan,8
TRX002253,USR00341,BK01318,5/31/2023,6/14/2023,6/17/2023,Terlambat,17
TRX002254,USR00072,BK01185,5/6/2024,5/20/2024,5/25/2024,Terlambat,19
TRX002255,USR00215,BK01178,4/2/2024,4/16/2024,4/17/2024,Terlambat,15
TRX002256,USR00256,BK01322,8/30/2024,9/13/2024,9/13/2024,Dikembalikan,14
TRX002257,USR00099,BK01217,9/2/2023,9/16/2023,9/5/2023,Dikembalikan,3
TRX002258,USR00082,BK01375,10/16/2025,10/30/2025,10/19/2025,Dikembalikan,3
TRX002259,USR00156,BK00232,3/15/2023,3/29/2023,4/4/2023,Terlambat,20
TRX002260,USR00152,BK00254,8/15/2024,8/29/2024,8/20/2024,Dikembalikan,5
TRX002261,USR00175,BK00615,6/7/2025,6/21/2025,6/15/2025,Dikembalikan,8
TRX002262,USR00347,BK00751,11/5/2023,11/19/2023,11/20/2023,Terlambat,15
TRX002263,USR00299,BK00770,11/16/2024,11/30/2024,11/30/2024,Dikembalikan,14
TRX002264,USR00010,BK00093,7/3/2025,7/17/2025,7/17/2025,Dikembalikan,14
TRX002265,USR00088,BK01267,11/16/2024,11/30/2024,11/25/2024,Dikembalikan,9
TRX002266,USR00376,BK00481,7/1/2024,7/15/2024,7/12/2024,Dikembalikan,11
TRX002267,USR00366,BK00826,5/16/2023,5/30/2023,6/3/2023,Terlambat,18
TRX002268,USR00293,BK00487,5/3/2025,5/17/2025,5/8/2025,Dikembalikan,5
TRX002269,USR00322,BK01250,6/2/2025,6/16/2025,6/15/2025,Dikembalikan,13
TRX002270,USR00146,BK00404,7/9/2025,7/23/2025,7/13/2025,Dikembalikan,4
TRX002271,USR00086,BK00316,8/8/2023,8/22/2023,8/19/2023,Dikembalikan,11
TRX002272,USR00226,BK01287,5/29/2023,6/12/2023,6/18/2023,Terlambat,20
TRX002273,USR00207,BK01280,5/29/2024,6/12/2024,6/8/2024,Dikembalikan,10
TRX002274,USR00112,BK00438,10/6/2023,10/20/2023,10/21/2023,Terlambat,15
TRX002275,USR00331,BK00586,5/26/2024,6/9/2024,5/29/2024,Dikembalikan,3
TRX002276,USR00177,BK00738,10/24/2024,11/7/2024,11/12/2024,Terlambat,19
TRX002277,USR00135,BK01270,11/6/2024,11/20/2024,11/25/2024,Terlambat,19
TRX002278,USR00179,BK00521,8/1/2024,8/15/2024,8/4/2024,Dikembalikan,3
TRX002279,USR00019,BK00264,8/19/2023,9/2/2023,8/23/2023,Dikembalikan,4
TRX002280,USR00120,BK01205,11/29/2024,12/13/2024,12/18/2024,Terlambat,19
TRX002281,USR00356,BK00833,3/19/2023,4/2/2023,3/27/2023,Dikembalikan,8
TRX002282,USR00370,BK00251,5/21/2023,6/4/2023,5/27/2023,Dikembalikan,6
TRX002283,USR00306,BK00186,10/8/2023,10/22/2023,10/13/2023,Dikembalikan,5
TRX002284,USR00192,BK00853,7/6/2025,7/20/2025,7/22/2025,Terlambat,16
TRX002285,USR00296,BK00872,11/2/2023,11/16/2023,11/16/2023,Dikembalikan,14
TRX002286,USR00198,BK00624,4/16/2023,4/30/2023,5/3/2023,Terlambat,17
TRX002287,USR00259,BK00987,10/19/2024,11/2/2024,10/24/2024,Dikembalikan,5
TRX002288,USR00090,BK01370,1/1/2023,1/15/2023,1/11/2023,Dikembalikan,10
TRX002289,USR00353,BK00490,1/26/2025,2/9/2025,2/11/2025,Terlambat,16
TRX002290,USR00275,BK00486,5/9/2025,5/23/2025,5/24/2025,Terlambat,15
TRX002291,USR00354,BK00431,7/17/2023,7/31/2023,7/26/2023,Dikembalikan,9
TRX002292,USR00088,BK01267,9/12/2024,9/26/2024,9/22/2024,Dikembalikan,10
TRX002293,USR00371,BK01221,8/18/2024,9/1/2024,8/24/2024,Dikembalikan,6
TRX002294,USR00377,BK00210,10/23/2024,11/6/2024,11/1/2024,Dikembalikan,9
TRX002295,USR00308,BK00107,4/8/2024,4/22/2024,4/11/2024,Dikembalikan,3
TRX002296,USR00011,BK00683,2/28/2025,3/14/2025,3/11/2025,Dikembalikan,11
TRX002297,USR00090,BK01312,1/15/2025,1/29/2025,1/29/2025,Dikembalikan,14
TRX002298,USR00046,BK00139,10/23/2024,11/6/2024,11/11/2024,Terlambat,19
TRX002299,USR00241,BK00922,3/16/2023,3/30/2023,4/4/2023,Terlambat,19
TRX002300,USR00300,BK00809,7/25/2024,8/8/2024,8/1/2024,Dikembalikan,7
TRX002301,USR00353,BK00521,11/10/2025,11/24/2025,11/16/2025,Dikembalikan,6
TRX002302,USR00064,BK01206,2/19/2025,3/5/2025,2/28/2025,Dikembalikan,9
TRX002303,USR00019,BK00393,7/27/2025,8/10/2025,8/12/2025,Terlambat,16
TRX002304,USR00153,BK00404,4/28/2024,5/12/2024,5/3/2024,Dikembalikan,5
TRX002305,USR00338,BK00738,6/4/2024,6/18/2024,6/10/2024,Dikembalikan,6
TRX002306,USR00052,BK00427,11/25/2024,12/9/2024,12/13/2024,Terlambat,18
TRX002307,USR00050,BK00649,3/9/2023,3/23/2023,3/17/2023,Dikembalikan,8
TRX002308,USR00371,BK01202,10/2/2023,10/16/2023,10/21/2023,Terlambat,19
TRX002309,USR00004,BK01031,5/11/2025,5/25/2025,5/18/2025,Dikembalikan,7
TRX002310,USR00234,BK00800,10/1/2023,10/15/2023,10/16/2023,Terlambat,15
TRX002311,USR00283,BK00540,7/20/2025,8/3/2025,7/30/2025,Dikembalikan,10
TRX002312,USR00131,BK00624,7/22/2024,8/5/2024,7/28/2024,Dikembalikan,6
TRX002313,USR00044,BK00283,7/31/2024,8/14/2024,8/10/2024,Dikembalikan,10
TRX002314,USR00040,BK00865,1/17/2024,1/31/2024,1/27/2024,Dikembalikan,10
TRX002315,USR00160,BK01203,5/24/2025,6/7/2025,6/10/2025,Terlambat,17
TRX002316,USR00105,BK00980,5/14/2025,5/28/2025,6/1/2025,Terlambat,18
TRX002317,USR00259,BK00952,10/6/2023,10/20/2023,10/10/2023,Dikembalikan,4
TRX002318,USR00047,BK00410,8/27/2024,9/10/2024,8/30/2024,Dikembalikan,3
TRX002319,USR00320,BK00786,12/22/2023,1/5/2024,1/6/2024,Terlambat,15
TRX002320,USR00081,BK00248,9/1/2025,9/15/2025,9/15/2025,Dikembalikan,14
TRX002321,USR00315,BK00736,10/19/2023,11/2/2023,10/26/2023,Dikembalikan,7
TRX002322,USR00227,BK01301,9/23/2023,10/7/2023,9/30/2023,Dikembalikan,7
TRX002323,USR00375,BK01324,9/3/2025,9/17/2025,9/20/2025,Terlambat,17
TRX002324,USR00326,BK00098,1/11/2025,1/25/2025,1/28/2025,Terlambat,17
TRX002325,USR00104,BK01364,12/3/2025,12/17/2025,12/22/2025,Terlambat,19
TRX002326,USR00340,BK00656,7/31/2024,8/14/2024,8/19/2024,Terlambat,19
TRX002327,USR00199,BK00536,1/24/2024,2/7/2024,2/12/2024,Terlambat,19
TRX002328,USR00201,BK00953,12/30/2025,1/13/2026,,Dipinjam,belum_kembali
TRX002329,USR00318,BK00884,12/28/2023,1/11/2024,12/31/2023,Dikembalikan,3
TRX002330,USR00190,BK00693,8/7/2024,8/21/2024,8/24/2024,Terlambat,17
TRX002331,USR00280,BK00111,5/20/2024,6/3/2024,6/3/2024,Dikembalikan,14
TRX002332,USR00310,BK00485,9/29/2024,10/13/2024,10/16/2024,Terlambat,17
TRX002333,USR00101,BK00392,5/15/2024,5/29/2024,6/5/2024,Terlambat,21
TRX002334,USR00133,BK00996,11/4/2023,11/18/2023,11/17/2023,Dikembalikan,13
TRX002335,USR00182,BK00510,8/16/2024,8/30/2024,9/1/2024,Terlambat,16
TRX002336,USR00001,BK00578,12/11/2025,12/25/2025,12/16/2025,Dikembalikan,5
TRX002337,USR00091,BK01017,3/16/2024,3/30/2024,4/1/2024,Terlambat,16
TRX002338,USR00118,BK01321,10/28/2024,11/11/2024,11/9/2024,Dikembalikan,12
TRX002339,USR00216,BK00055,5/13/2023,5/27/2023,5/19/2023,Dikembalikan,6
TRX002340,USR00254,BK01222,12/21/2023,1/4/2024,12/31/2023,Dikembalikan,10
TRX002341,USR00137,BK00455,6/28/2023,7/12/2023,7/9/2023,Dikembalikan,11
TRX002342,USR00202,BK01199,4/1/2025,4/15/2025,4/10/2025,Dikembalikan,9
TRX002343,USR00320,BK00727,8/21/2024,9/4/2024,9/11/2024,Terlambat,21
TRX002344,USR00269,BK00748,8/9/2025,8/23/2025,8/30/2025,Terlambat,21
TRX002345,USR00252,BK01334,10/4/2023,10/18/2023,10/7/2023,Dikembalikan,3
TRX002346,USR00174,BK00072,7/19/2023,8/2/2023,7/30/2023,Dikembalikan,11
TRX002347,USR00107,BK00667,4/29/2023,5/13/2023,5/14/2023,Terlambat,15
TRX002348,USR00340,BK00582,8/9/2023,8/23/2023,8/20/2023,Dikembalikan,11
TRX002349,USR00216,BK00055,3/29/2023,4/12/2023,4/19/2023,Terlambat,21
TRX002350,USR00069,BK01035,11/13/2025,11/27/2025,11/16/2025,Dikembalikan,3
TRX002351,USR00049,BK00968,11/20/2025,12/4/2025,12/8/2025,Terlambat,18
TRX002352,USR00048,BK01280,9/17/2025,10/1/2025,9/29/2025,Dikembalikan,12
TRX002353,USR00201,BK00911,3/18/2025,4/1/2025,4/3/2025,Terlambat,16
TRX002354,USR00055,BK01172,4/2/2023,4/16/2023,4/16/2023,Dikembalikan,14
TRX002355,USR00333,BK01275,5/11/2023,5/25/2023,5/19/2023,Dikembalikan,8
TRX002356,USR00303,BK00647,6/8/2024,6/22/2024,6/17/2024,Dikembalikan,9
TRX002357,USR00350,BK00976,6/3/2025,6/17/2025,6/20/2025,Terlambat,17
TRX002358,USR00272,BK00592,3/11/2024,3/25/2024,3/22/2024,Dikembalikan,11
TRX002359,USR00370,BK00117,9/24/2023,10/8/2023,10/9/2023,Terlambat,15
TRX002360,USR00262,BK01330,12/25/2025,1/8/2026,,Dipinjam,belum_kembali
TRX002361,USR00170,BK00024,5/23/2023,6/6/2023,5/26/2023,Dikembalikan,3
TRX002362,USR00376,BK00499,6/9/2024,6/23/2024,6/12/2024,Dikembalikan,3
TRX002363,USR00290,BK00558,11/10/2025,11/24/2025,11/13/2025,Dikembalikan,3
TRX002364,USR00171,BK00506,9/12/2025,9/26/2025,9/23/2025,Dikembalikan,11
TRX002365,USR00055,BK01233,10/15/2025,10/29/2025,10/26/2025,Dikembalikan,11
TRX002366,USR00289,BK01240,7/4/2023,7/18/2023,7/21/2023,Terlambat,17
TRX002367,USR00103,BK00561,1/24/2025,2/7/2025,2/8/2025,Terlambat,15
TRX002368,USR00062,BK00435,3/22/2024,4/5/2024,3/29/2024,Dikembalikan,7
TRX002369,USR00293,BK00542,1/31/2025,2/14/2025,2/7/2025,Dikembalikan,7
TRX002370,USR00110,BK01020,2/16/2025,3/2/2025,3/6/2025,Terlambat,18
TRX002371,USR00312,BK00549,4/24/2023,5/8/2023,5/12/2023,Terlambat,18
TRX002372,USR00231,BK01112,9/1/2024,9/15/2024,9/18/2024,Terlambat,17
TRX002373,USR00320,BK00748,5/28/2023,6/11/2023,6/5/2023,Dikembalikan,8
TRX002374,USR00109,BK00599,4/9/2025,4/23/2025,4/19/2025,Dikembalikan,10
TRX002375,USR00169,BK01158,11/14/2024,11/28/2024,11/29/2024,Terlambat,15
TRX002376,USR00141,BK00537,10/14/2024,10/28/2024,10/19/2024,Dikembalikan,5
TRX002377,USR00118,BK01368,3/16/2025,3/30/2025,3/31/2025,Terlambat,15
TRX002378,USR00001,BK00497,2/16/2024,3/1/2024,3/2/2024,Terlambat,15
TRX002379,USR00181,BK00484,4/21/2023,5/5/2023,5/5/2023,Dikembalikan,14
TRX002380,USR00146,BK00370,7/1/2025,7/15/2025,7/20/2025,Terlambat,19
TRX002381,USR00339,BK00674,4/24/2023,5/8/2023,5/6/2023,Dikembalikan,12
TRX002382,USR00267,BK00630,2/23/2024,3/8/2024,3/8/2024,Dikembalikan,14
TRX002383,USR00336,BK00019,2/5/2024,2/19/2024,2/23/2024,Terlambat,18
TRX002384,USR00263,BK00521,5/19/2024,6/2/2024,6/4/2024,Terlambat,16
TRX002385,USR00272,BK01241,12/1/2023,12/15/2023,12/14/2023,Dikembalikan,13
TRX002386,USR00295,BK00117,5/6/2023,5/20/2023,5/19/2023,Dikembalikan,13
TRX002387,USR00061,BK01126,8/29/2025,9/12/2025,9/3/2025,Dikembalikan,5
TRX002388,USR00263,BK00301,2/25/2025,3/11/2025,3/3/2025,Dikembalikan,6
TRX002389,USR00110,BK00973,1/20/2023,2/3/2023,1/24/2023,Dikembalikan,4
TRX002390,USR00130,BK00492,8/3/2023,8/17/2023,8/12/2023,Dikembalikan,9
TRX002391,USR00172,BK00859,8/22/2025,9/5/2025,9/2/2025,Dikembalikan,11
TRX002392,USR00366,BK00885,6/5/2023,6/19/2023,6/19/2023,Dikembalikan,14
TRX002393,USR00016,BK01204,12/13/2025,12/27/2025,12/24/2025,Dikembalikan,11
TRX002394,USR00017,BK00703,4/27/2025,5/11/2025,5/2/2025,Dikembalikan,5
TRX002395,USR00099,BK00236,11/19/2024,12/3/2024,12/9/2024,Terlambat,20
TRX002396,USR00219,BK01356,1/10/2025,1/24/2025,1/17/2025,Dikembalikan,7
TRX002397,USR00158,BK00560,2/22/2023,3/8/2023,3/10/2023,Terlambat,16
TRX002398,USR00216,BK00005,12/30/2023,1/13/2024,1/9/2024,Dikembalikan,10
TRX002399,USR00051,BK00056,6/17/2025,7/1/2025,7/6/2025,Terlambat,19
TRX002400,USR00291,BK01119,12/19/2024,1/2/2025,1/4/2025,Terlambat,16
TRX002401,USR00281,BK00515,10/18/2025,11/1/2025,10/29/2025,Dikembalikan,11
TRX002402,USR00277,BK00322,11/6/2023,11/20/2023,11/25/2023,Terlambat,19
TRX002403,USR00246,BK00296,9/9/2023,9/23/2023,9/29/2023,Terlambat,20
TRX002404,USR00028,BK00696,4/11/2023,4/25/2023,4/30/2023,Terlambat,19
TRX002405,USR00108,BK00702,9/27/2024,10/11/2024,10/11/2024,Dikembalikan,14
TRX002406,USR00025,BK00662,11/24/2024,12/8/2024,12/14/2024,Terlambat,20
TRX002407,USR00301,BK00795,1/4/2023,1/18/2023,1/24/2023,Terlambat,20
TRX002408,USR00341,BK01348,9/23/2025,10/7/2025,10/11/2025,Terlambat,18
TRX002409,USR00362,BK01308,6/10/2025,6/24/2025,6/15/2025,Dikembalikan,5
TRX002410,USR00310,BK00090,5/24/2025,6/7/2025,6/8/2025,Terlambat,15
TRX002411,USR00224,BK00415,11/7/2024,11/21/2024,11/17/2024,Dikembalikan,10
TRX002412,USR00084,BK01185,6/25/2025,7/9/2025,7/6/2025,Dikembalikan,11
TRX002413,USR00041,BK00396,2/11/2024,2/25/2024,2/29/2024,Terlambat,18
TRX002414,USR00347,BK00756,12/15/2023,12/29/2023,1/3/2024,Terlambat,19
TRX002415,USR00360,BK00941,3/23/2024,4/6/2024,4/10/2024,Terlambat,18
TRX002416,USR00048,BK01280,8/13/2024,8/27/2024,8/26/2024,Dikembalikan,13
TRX002417,USR00122,BK01227,1/18/2023,2/1/2023,1/31/2023,Dikembalikan,13
TRX002418,USR00088,BK01267,9/25/2023,10/9/2023,10/11/2023,Terlambat,16
TRX002419,USR00178,BK00628,5/24/2025,6/7/2025,6/1/2025,Dikembalikan,8
TRX002420,USR00334,BK01045,9/23/2025,10/7/2025,10/10/2025,Terlambat,17
TRX002421,USR00238,BK00129,8/24/2023,9/7/2023,9/13/2023,Terlambat,20
TRX002422,USR00295,BK00122,3/7/2025,3/21/2025,3/23/2025,Terlambat,16
TRX002423,USR00060,BK00471,12/9/2025,12/23/2025,12/26/2025,Terlambat,17
TRX002424,USR00240,BK00695,1/11/2025,1/25/2025,1/28/2025,Terlambat,17
TRX002425,USR00254,BK01174,6/21/2024,7/5/2024,7/2/2024,Dikembalikan,11
TRX002426,USR00374,BK00040,3/10/2025,3/24/2025,3/15/2025,Dikembalikan,5
TRX002427,USR00194,BK00019,1/6/2024,1/20/2024,1/19/2024,Dikembalikan,13
TRX002428,USR00216,BK00036,6/17/2025,7/1/2025,6/25/2025,Dikembalikan,8
TRX002429,USR00084,BK01206,6/29/2025,7/13/2025,7/13/2025,Dikembalikan,14
TRX002430,USR00302,BK00026,6/16/2023,6/30/2023,7/6/2023,Terlambat,20
TRX002431,USR00183,BK00824,8/18/2025,9/1/2025,8/31/2025,Dikembalikan,13
TRX002432,USR00180,BK00250,3/28/2024,4/11/2024,4/4/2024,Dikembalikan,7
TRX002433,USR00367,BK01125,3/24/2023,4/7/2023,3/27/2023,Dikembalikan,3
TRX002434,USR00034,BK00639,10/16/2024,10/30/2024,10/28/2024,Dikembalikan,12
TRX002435,USR00292,BK00587,1/16/2025,1/30/2025,1/28/2025,Dikembalikan,12
TRX002436,USR00067,BK01001,7/21/2024,8/4/2024,8/2/2024,Dikembalikan,12
TRX002437,USR00110,BK00997,8/19/2025,9/2/2025,8/25/2025,Dikembalikan,6
TRX002438,USR00299,BK00725,5/20/2024,6/3/2024,5/24/2024,Dikembalikan,4
TRX002439,USR00376,BK00760,11/19/2024,12/3/2024,11/29/2024,Dikembalikan,10
TRX002440,USR00215,BK01217,8/25/2025,9/8/2025,9/7/2025,Dikembalikan,13
TRX002441,USR00259,BK00828,2/11/2023,2/25/2023,3/4/2023,Terlambat,21
TRX002442,USR00221,BK01353,4/6/2025,4/20/2025,4/9/2025,Dikembalikan,3
TRX002443,USR00045,BK00724,10/28/2024,11/11/2024,11/15/2024,Terlambat,18
TRX002444,USR00371,BK01209,1/25/2024,2/8/2024,2/11/2024,Terlambat,17
TRX002445,USR00322,BK01254,8/18/2025,9/1/2025,9/4/2025,Terlambat,17
TRX002446,USR00364,BK00068,6/14/2025,6/28/2025,6/29/2025,Terlambat,15
TRX002447,USR00120,BK01254,10/18/2025,11/1/2025,11/6/2025,Terlambat,19
TRX002448,USR00063,BK00665,1/23/2023,2/6/2023,1/27/2023,Dikembalikan,4
TRX002449,USR00131,BK00771,4/5/2023,4/19/2023,4/22/2023,Terlambat,17
TRX002450,USR00009,BK00545,2/25/2023,3/11/2023,3/2/2023,Dikembalikan,5
TRX002451,USR00010,BK00064,10/30/2023,11/13/2023,11/14/2023,Terlambat,15
TRX002452,USR00285,BK01074,3/1/2025,3/15/2025,3/11/2025,Dikembalikan,10
TRX002453,USR00249,BK00346,12/20/2024,1/3/2025,1/5/2025,Terlambat,16
TRX002454,USR00046,BK00210,6/24/2025,7/8/2025,7/2/2025,Dikembalikan,8
TRX002455,USR00006,BK00827,3/12/2023,3/26/2023,3/31/2023,Terlambat,19
TRX002456,USR00310,BK00536,11/5/2024,11/19/2024,11/18/2024,Dikembalikan,13
TRX002457,USR00256,BK01333,1/5/2023,1/19/2023,1/19/2023,Dikembalikan,14
TRX002458,USR00143,BK00371,10/18/2023,11/1/2023,11/3/2023,Terlambat,16
TRX002459,USR00148,BK00366,3/10/2023,3/24/2023,3/27/2023,Terlambat,17
TRX002460,USR00036,BK01120,12/16/2024,12/30/2024,12/21/2024,Dikembalikan,5
TRX002461,USR00297,BK00908,4/17/2025,5/1/2025,5/3/2025,Terlambat,16
TRX002462,USR00094,BK00198,10/12/2024,10/26/2024,10/27/2024,Terlambat,15
TRX002463,USR00075,BK00175,1/11/2024,1/25/2024,1/29/2024,Terlambat,18
TRX002464,USR00348,BK00611,4/4/2024,4/18/2024,4/21/2024,Terlambat,17
TRX002465,USR00093,BK00286,8/17/2023,8/31/2023,8/29/2023,Dikembalikan,12
TRX002466,USR00152,BK00199,12/16/2023,12/30/2023,12/28/2023,Dikembalikan,12
TRX002467,USR00042,BK00779,5/22/2025,6/5/2025,5/31/2025,Dikembalikan,9
TRX002468,USR00069,BK01045,3/10/2023,3/24/2023,3/26/2023,Terlambat,16
TRX002469,USR00197,BK00615,11/22/2025,12/6/2025,11/28/2025,Dikembalikan,6
TRX002470,USR00129,BK00946,11/19/2024,12/3/2024,12/5/2024,Terlambat,16
TRX002471,USR00316,BK00071,12/29/2024,1/12/2025,1/15/2025,Terlambat,17
TRX002472,USR00241,BK01116,10/31/2024,11/14/2024,11/12/2024,Dikembalikan,12
TRX002473,USR00116,BK00527,6/24/2025,7/8/2025,7/12/2025,Terlambat,18
TRX002474,USR00329,BK01220,8/24/2024,9/7/2024,8/28/2024,Dikembalikan,4
TRX002475,USR00218,BK00166,12/27/2025,1/10/2026,,Dipinjam,belum_kembali
TRX002476,USR00185,BK00757,10/17/2024,10/31/2024,10/30/2024,Dikembalikan,13
TRX002477,USR00264,BK00536,1/6/2025,1/20/2025,1/24/2025,Terlambat,18
TRX002478,USR00342,BK00789,11/10/2023,11/24/2023,11/22/2023,Dikembalikan,12
TRX002479,USR00216,BK00006,6/25/2023,7/9/2023,7/9/2023,Dikembalikan,14
TRX002480,USR00275,BK00235,9/12/2024,9/26/2024,10/3/2024,Terlambat,21
TRX002481,USR00359,BK01224,5/26/2025,6/9/2025,6/1/2025,Dikembalikan,6
TRX002482,USR00108,BK00644,7/2/2023,7/16/2023,7/12/2023,Dikembalikan,10
TRX002483,USR00018,BK01363,6/21/2025,7/5/2025,7/5/2025,Dikembalikan,14
TRX002484,USR00068,BK00343,11/18/2024,12/2/2024,12/8/2024,Terlambat,20
TRX002485,USR00236,BK00677,9/24/2023,10/8/2023,10/12/2023,Terlambat,18
TRX002486,USR00042,BK00769,2/26/2025,3/12/2025,3/10/2025,Dikembalikan,12
TRX002487,USR00188,BK01044,11/11/2024,11/25/2024,11/27/2024,Terlambat,16
TRX002488,USR00266,BK00850,11/2/2025,11/16/2025,11/6/2025,Dikembalikan,4
TRX002489,USR00217,BK01096,3/8/2024,3/22/2024,3/28/2024,Terlambat,20
TRX002490,USR00352,BK01255,9/15/2024,9/29/2024,9/29/2024,Dikembalikan,14
TRX002491,USR00176,BK00367,9/19/2025,10/3/2025,9/23/2025,Dikembalikan,4
TRX002492,USR00369,BK00743,1/12/2024,1/26/2024,1/23/2024,Dikembalikan,11
TRX002493,USR00190,BK00220,4/13/2025,4/27/2025,4/28/2025,Terlambat,15
TRX002494,USR00274,BK00268,3/14/2023,3/28/2023,3/18/2023,Dikembalikan,4
TRX002495,USR00245,BK00995,2/7/2023,2/21/2023,2/18/2023,Dikembalikan,11
TRX002496,USR00255,BK00197,5/4/2025,5/18/2025,5/22/2025,Terlambat,18
TRX002497,USR00319,BK00997,8/2/2023,8/16/2023,8/14/2023,Dikembalikan,12
TRX002498,USR00142,BK00816,4/15/2023,4/29/2023,5/6/2023,Terlambat,21
TRX002499,USR00115,BK01082,1/29/2023,2/12/2023,2/19/2023,Terlambat,21
TRX002500,USR00166,BK01313,12/28/2025,1/11/2026,,Dipinjam,belum_kembali
TRX002501,USR00192,BK00798,4/15/2024,4/29/2024,5/5/2024,Terlambat,20
TRX002502,USR00265,BK00726,7/16/2023,7/30/2023,7/30/2023,Dikembalikan,14
TRX002503,USR00314,BK00720,2/27/2025,3/13/2025,3/6/2025,Dikembalikan,7
TRX002504,USR00235,BK00619,3/24/2024,4/7/2024,4/9/2024,Terlambat,16
TRX002505,USR00204,BK00426,3/19/2025,4/2/2025,3/27/2025,Dikembalikan,8
TRX002506,USR00221,BK01363,10/17/2025,10/31/2025,11/7/2025,Terlambat,21
TRX002507,USR00214,BK00527,3/18/2023,4/1/2023,4/7/2023,Terlambat,20
TRX002508,USR00105,BK00955,9/3/2023,9/17/2023,9/20/2023,Terlambat,17
TRX002509,USR00150,BK01115,7/3/2023,7/17/2023,7/16/2023,Dikembalikan,13
TRX002510,USR00059,BK01244,3/17/2023,3/31/2023,3/28/2023,Dikembalikan,11
TRX002511,USR00272,BK00627,6/26/2024,7/10/2024,7/7/2024,Dikembalikan,11
TRX002512,USR00031,BK00568,6/21/2024,7/5/2024,6/27/2024,Dikembalikan,6
TRX002513,USR00271,BK00670,10/21/2025,11/4/2025,10/28/2025,Dikembalikan,7
TRX002514,USR00058,BK01313,8/8/2024,8/22/2024,8/22/2024,Dikembalikan,14
TRX002515,USR00112,BK00143,8/23/2023,9/6/2023,9/2/2023,Dikembalikan,10
TRX002516,USR00055,BK01339,4/2/2023,4/16/2023,4/13/2023,Dikembalikan,11
TRX002517,USR00299,BK00726,1/23/2024,2/6/2024,2/12/2024,Terlambat,20
TRX002518,USR00313,BK00893,10/28/2024,11/11/2024,11/5/2024,Dikembalikan,8
TRX002519,USR00169,BK01126,1/5/2023,1/19/2023,1/23/2023,Terlambat,18
TRX002520,USR00084,BK01229,7/7/2024,7/21/2024,7/10/2024,Dikembalikan,3
TRX002521,USR00356,BK01212,1/25/2024,2/8/2024,2/8/2024,Dikembalikan,14
TRX002522,USR00362,BK01350,6/26/2023,7/10/2023,7/16/2023,Terlambat,20
TRX002523,USR00314,BK00752,6/30/2023,7/14/2023,7/9/2023,Dikembalikan,9
TRX002524,USR00366,BK01181,1/7/2025,1/21/2025,1/21/2025,Dikembalikan,14
TRX002525,USR00265,BK00485,7/13/2024,7/27/2024,7/20/2024,Dikembalikan,7
TRX002526,USR00376,BK00539,9/12/2025,9/26/2025,9/25/2025,Dikembalikan,13
TRX002527,USR00308,BK00084,11/11/2025,11/25/2025,11/22/2025,Dikembalikan,11
TRX002528,USR00139,BK00543,1/28/2023,2/11/2023,2/14/2023,Terlambat,17
TRX002529,USR00083,BK00842,9/20/2024,10/4/2024,9/24/2024,Dikembalikan,4
TRX002530,USR00267,BK00586,9/27/2025,10/11/2025,10/16/2025,Terlambat,19
TRX002531,USR00014,BK00960,5/23/2024,6/6/2024,5/30/2024,Dikembalikan,7
TRX002532,USR00248,BK01207,4/18/2025,5/2/2025,4/25/2025,Dikembalikan,7
TRX002533,USR00289,BK01018,6/8/2025,6/22/2025,6/21/2025,Dikembalikan,13
TRX002534,USR00039,BK01069,9/11/2023,9/25/2023,10/2/2023,Terlambat,21
TRX002535,USR00341,BK01345,7/3/2025,7/17/2025,7/20/2025,Terlambat,17
TRX002536,USR00303,BK00344,8/15/2024,8/29/2024,8/26/2024,Dikembalikan,11
TRX002537,USR00299,BK00780,2/17/2024,3/2/2024,3/4/2024,Terlambat,16
TRX002538,USR00120,BK01303,4/17/2025,5/1/2025,5/6/2025,Terlambat,19
TRX002539,USR00216,BK00688,1/10/2023,1/24/2023,1/23/2023,Dikembalikan,13
TRX002540,USR00287,BK00694,10/23/2025,11/6/2025,11/1/2025,Dikembalikan,9
TRX002541,USR00305,BK00235,3/23/2025,4/6/2025,3/29/2025,Dikembalikan,6
TRX002542,USR00145,BK00799,2/27/2024,3/12/2024,3/4/2024,Dikembalikan,6
TRX002543,USR00009,BK00494,3/26/2023,4/9/2023,4/4/2023,Dikembalikan,9
TRX002544,USR00031,BK00660,10/15/2024,10/29/2024,10/21/2024,Dikembalikan,6
TRX002545,USR00158,BK00711,11/19/2023,12/3/2023,11/29/2023,Dikembalikan,10
TRX002546,USR00360,BK00850,3/30/2024,4/13/2024,4/18/2024,Terlambat,19
TRX002547,USR00073,BK00326,1/18/2025,2/1/2025,1/27/2025,Dikembalikan,9
TRX002548,USR00258,BK00443,5/8/2024,5/22/2024,5/29/2024,Terlambat,21
TRX002549,USR00245,BK01010,6/16/2024,6/30/2024,6/21/2024,Dikembalikan,5
TRX002550,USR00082,BK01351,2/14/2023,2/28/2023,3/1/2023,Terlambat,15
TRX002551,USR00337,BK01198,1/11/2024,1/25/2024,1/21/2024,Dikembalikan,10
TRX002552,USR00027,BK00229,3/24/2025,4/7/2025,3/28/2025,Dikembalikan,4
TRX002553,USR00174,BK00107,10/21/2023,11/4/2023,11/2/2023,Dikembalikan,12
TRX002554,USR00336,BK00654,10/24/2023,11/7/2023,11/6/2023,Dikembalikan,13
TRX002555,USR00336,BK01225,10/27/2023,11/10/2023,11/12/2023,Terlambat,16
TRX002556,USR00060,BK00466,11/21/2024,12/5/2024,11/25/2024,Dikembalikan,4
TRX002557,USR00181,BK00544,12/20/2025,1/3/2026,,Dipinjam,belum_kembali
TRX002558,USR00054,BK01007,9/10/2025,9/24/2025,10/1/2025,Terlambat,21
TRX002559,USR00065,BK00512,3/18/2023,4/1/2023,4/8/2023,Terlambat,21
TRX002560,USR00345,BK00436,1/12/2024,1/26/2024,1/28/2024,Terlambat,16
TRX002561,USR00305,BK00312,5/7/2025,5/21/2025,5/27/2025,Terlambat,20
TRX002562,USR00032,BK01154,12/2/2023,12/16/2023,12/8/2023,Dikembalikan,6
TRX002563,USR00067,BK00998,4/21/2023,5/5/2023,5/10/2023,Terlambat,19
TRX002564,USR00230,BK00724,2/9/2024,2/23/2024,3/1/2024,Terlambat,21
TRX002565,USR00337,BK01204,2/23/2023,3/9/2023,2/27/2023,Dikembalikan,4
TRX002566,USR00035,BK00250,12/29/2023,1/12/2024,1/13/2024,Terlambat,15
TRX002567,USR00378,BK00476,8/5/2024,8/19/2024,8/23/2024,Terlambat,18
TRX002568,USR00328,BK00545,7/8/2025,7/22/2025,7/27/2025,Terlambat,19
TRX002569,USR00200,BK01074,12/18/2023,1/1/2024,12/23/2023,Dikembalikan,5
TRX002570,USR00297,BK01228,12/23/2023,1/6/2024,12/30/2023,Dikembalikan,7
TRX002571,USR00228,BK00538,12/24/2023,1/7/2024,1/6/2024,Dikembalikan,13
TRX002572,USR00228,BK00500,8/28/2024,9/11/2024,9/15/2024,Terlambat,18
TRX002573,USR00253,BK01172,6/24/2023,7/8/2023,7/13/2023,Terlambat,19
TRX002574,USR00259,BK00991,7/19/2025,8/2/2025,8/8/2025,Terlambat,20
TRX002575,USR00156,BK00231,7/6/2024,7/20/2024,7/22/2024,Terlambat,16
TRX002576,USR00300,BK00976,9/6/2025,9/20/2025,9/20/2025,Dikembalikan,14
TRX002577,USR00104,BK01304,7/27/2024,8/10/2024,8/9/2024,Dikembalikan,13
TRX002578,USR00065,BK00519,10/20/2025,11/3/2025,11/6/2025,Terlambat,17
TRX002579,USR00204,BK00463,1/21/2024,2/4/2024,1/27/2024,Dikembalikan,6
TRX002580,USR00133,BK00998,4/9/2024,4/23/2024,4/23/2024,Dikembalikan,14
TRX002581,USR00242,BK00065,1/5/2023,1/19/2023,1/17/2023,Dikembalikan,12
TRX002582,USR00302,BK00289,2/6/2025,2/20/2025,2/22/2025,Terlambat,16
TRX002583,USR00215,BK01176,10/1/2024,10/15/2024,10/16/2024,Terlambat,15
TRX002584,USR00218,BK00786,3/3/2024,3/17/2024,3/16/2024,Dikembalikan,13
TRX002585,USR00324,BK01121,2/23/2025,3/9/2025,2/27/2025,Dikembalikan,4
TRX002586,USR00055,BK01206,7/19/2024,8/2/2024,7/26/2024,Dikembalikan,7
TRX002587,USR00368,BK01315,4/18/2024,5/2/2024,4/24/2024,Dikembalikan,6
TRX002588,USR00061,BK00043,11/16/2023,11/30/2023,11/25/2023,Dikembalikan,9
TRX002589,USR00063,BK00265,9/5/2023,9/19/2023,9/26/2023,Terlambat,21
TRX002590,USR00136,BK00950,4/5/2023,4/19/2023,4/18/2023,Dikembalikan,13
TRX002591,USR00203,BK01250,3/1/2023,3/15/2023,3/21/2023,Terlambat,20
TRX002592,USR00146,BK00457,4/25/2025,5/9/2025,5/12/2025,Terlambat,17
TRX002593,USR00053,BK01202,11/19/2023,12/3/2023,12/5/2023,Terlambat,16
TRX002594,USR00120,BK01241,6/28/2023,7/12/2023,7/16/2023,Terlambat,18
TRX002595,USR00250,BK00921,6/24/2024,7/8/2024,6/30/2024,Dikembalikan,6
TRX002596,USR00110,BK00960,12/15/2025,12/29/2025,12/30/2025,Terlambat,15
TRX002597,USR00262,BK01305,5/17/2025,5/31/2025,5/20/2025,Dikembalikan,3
TRX002598,USR00046,BK01172,1/20/2025,2/3/2025,2/6/2025,Terlambat,17
TRX002599,USR00205,BK00877,3/31/2023,4/14/2023,4/14/2023,Dikembalikan,14
TRX002600,USR00096,BK00963,10/12/2025,10/26/2025,10/30/2025,Terlambat,18
TRX002601,USR00337,BK01211,12/13/2024,12/27/2024,12/21/2024,Dikembalikan,8
TRX002602,USR00043,BK01341,4/1/2025,4/15/2025,4/21/2025,Terlambat,20
TRX002603,USR00111,BK00981,10/11/2024,10/25/2024,10/17/2024,Dikembalikan,6
TRX002604,USR00205,BK00957,8/26/2023,9/9/2023,9/3/2023,Dikembalikan,8
TRX002605,USR00174,BK00170,9/17/2024,10/1/2024,10/3/2024,Terlambat,16
TRX002606,USR00361,BK00008,2/22/2024,3/7/2024,3/10/2024,Terlambat,17
TRX002607,USR00089,BK00425,6/24/2024,7/8/2024,6/29/2024,Dikembalikan,5
TRX002608,USR00016,BK00992,4/3/2025,4/17/2025,4/16/2025,Dikembalikan,13
TRX002609,USR00351,BK00182,12/21/2024,1/4/2025,1/8/2025,Terlambat,18
TRX002610,USR00323,BK01315,1/16/2023,1/30/2023,1/22/2023,Dikembalikan,6
TRX002611,USR00096,BK01105,10/6/2025,10/20/2025,10/21/2025,Terlambat,15
TRX002612,USR00021,BK00455,3/3/2025,3/17/2025,3/9/2025,Dikembalikan,6
TRX002613,USR00207,BK01252,7/14/2025,7/28/2025,7/23/2025,Dikembalikan,9
TRX002614,USR00346,BK01206,12/5/2025,12/19/2025,12/10/2025,Dikembalikan,5
TRX002615,USR00306,BK00050,8/20/2025,9/3/2025,9/10/2025,Terlambat,21
TRX002616,USR00090,BK01321,3/4/2023,3/18/2023,3/9/2023,Dikembalikan,5
TRX002617,USR00380,BK00418,10/11/2024,10/25/2024,10/23/2024,Dikembalikan,12
TRX002618,USR00212,BK01076,4/28/2023,5/12/2023,5/15/2023,Terlambat,17
TRX002619,USR00259,BK01112,6/3/2023,6/17/2023,6/9/2023,Dikembalikan,6
TRX002620,USR00072,BK01207,9/12/2024,9/26/2024,9/17/2024,Dikembalikan,5
TRX002621,USR00092,BK00060,10/11/2024,10/25/2024,10/23/2024,Dikembalikan,12
TRX002622,USR00205,BK00768,10/23/2023,11/6/2023,11/3/2023,Dikembalikan,11
TRX002623,USR00164,BK00413,4/13/2024,4/27/2024,4/17/2024,Dikembalikan,4
TRX002624,USR00045,BK00179,8/24/2024,9/7/2024,8/31/2024,Dikembalikan,7
TRX002625,USR00274,BK00602,5/15/2025,5/29/2025,6/3/2025,Terlambat,19
TRX002626,USR00009,BK00533,7/20/2023,8/3/2023,8/2/2023,Dikembalikan,13
TRX002627,USR00037,BK01175,3/11/2025,3/25/2025,3/24/2025,Dikembalikan,13
TRX002628,USR00227,BK00519,6/10/2024,6/24/2024,6/23/2024,Dikembalikan,13
TRX002629,USR00026,BK00767,7/7/2024,7/21/2024,7/28/2024,Terlambat,21
TRX002630,USR00345,BK00422,10/24/2024,11/7/2024,11/5/2024,Dikembalikan,12
TRX002631,USR00014,BK01294,4/3/2024,4/17/2024,4/15/2024,Dikembalikan,12
TRX002632,USR00119,BK01379,5/10/2024,5/24/2024,5/16/2024,Dikembalikan,6
TRX002633,USR00147,BK00995,4/4/2023,4/18/2023,4/22/2023,Terlambat,18
TRX002634,USR00155,BK00099,10/19/2024,11/2/2024,11/5/2024,Terlambat,17
TRX002635,USR00346,BK01216,1/29/2023,2/12/2023,2/9/2023,Dikembalikan,11
TRX002636,USR00275,BK00529,8/3/2024,8/17/2024,8/21/2024,Terlambat,18
TRX002637,USR00106,BK00202,1/30/2025,2/13/2025,2/17/2025,Terlambat,18
TRX002638,USR00100,BK01192,5/23/2025,6/6/2025,6/11/2025,Terlambat,19
TRX002639,USR00096,BK00948,5/9/2024,5/23/2024,5/14/2024,Dikembalikan,5
TRX002640,USR00109,BK00783,9/17/2025,10/1/2025,9/30/2025,Dikembalikan,13
TRX002641,USR00262,BK00992,3/14/2024,3/28/2024,4/1/2024,Terlambat,18
TRX002642,USR00326,BK00081,3/25/2025,4/8/2025,4/14/2025,Terlambat,20
TRX002643,USR00336,BK00615,12/13/2023,12/27/2023,1/3/2024,Terlambat,21
TRX002644,USR00184,BK00428,12/26/2024,1/9/2025,12/30/2024,Dikembalikan,4
TRX002645,USR00330,BK01255,12/22/2025,1/5/2026,,Dipinjam,belum_kembali
TRX002646,USR00264,BK00484,3/10/2025,3/24/2025,3/25/2025,Terlambat,15
TRX002647,USR00259,BK00994,8/12/2024,8/26/2024,8/17/2024,Dikembalikan,5
TRX002648,USR00006,BK00807,7/5/2024,7/19/2024,7/9/2024,Dikembalikan,4
TRX002649,USR00162,BK00520,2/19/2025,3/5/2025,2/27/2025,Dikembalikan,8
TRX002650,USR00276,BK01378,11/11/2025,11/25/2025,12/1/2025,Terlambat,20
TRX002651,USR00290,BK00405,4/21/2023,5/5/2023,5/6/2023,Terlambat,15
TRX002652,USR00159,BK00012,11/4/2023,11/18/2023,11/10/2023,Dikembalikan,6
TRX002653,USR00209,BK01365,11/25/2023,12/9/2023,12/4/2023,Dikembalikan,9
TRX002654,USR00174,BK00220,10/17/2025,10/31/2025,10/24/2025,Dikembalikan,7
TRX002655,USR00089,BK00309,3/14/2024,3/28/2024,4/2/2024,Terlambat,19
TRX002656,USR00201,BK01134,5/28/2025,6/11/2025,6/3/2025,Dikembalikan,6
TRX002657,USR00068,BK00220,6/18/2024,7/2/2024,6/23/2024,Dikembalikan,5
TRX002658,USR00099,BK01229,1/22/2024,2/5/2024,1/29/2024,Dikembalikan,7
TRX002659,USR00081,BK00304,6/4/2024,6/18/2024,6/12/2024,Dikembalikan,8
TRX002660,USR00205,BK00808,11/6/2023,11/20/2023,11/9/2023,Dikembalikan,3
TRX002661,USR00061,BK01120,5/3/2024,5/17/2024,5/21/2024,Terlambat,18
TRX002662,USR00085,BK01025,8/11/2024,8/25/2024,8/18/2024,Dikembalikan,7
TRX002663,USR00365,BK01174,10/6/2023,10/20/2023,10/19/2023,Dikembalikan,13
TRX002664,USR00049,BK01311,1/15/2025,1/29/2025,1/29/2025,Dikembalikan,14
TRX002665,USR00238,BK00235,10/3/2025,10/17/2025,10/21/2025,Terlambat,18
TRX002666,USR00035,BK01061,4/3/2024,4/17/2024,4/18/2024,Terlambat,15
TRX002667,USR00112,BK00415,12/14/2024,12/28/2024,12/31/2024,Terlambat,17
TRX002668,USR00299,BK00759,5/27/2023,6/10/2023,6/3/2023,Dikembalikan,7
TRX002669,USR00076,BK00770,5/31/2023,6/14/2023,6/10/2023,Dikembalikan,10
TRX002670,USR00323,BK01324,8/31/2025,9/14/2025,9/13/2025,Dikembalikan,13
TRX002671,USR00199,BK00413,12/31/2023,1/14/2024,1/11/2024,Dikembalikan,11
TRX002672,USR00340,BK00620,8/13/2024,8/27/2024,8/19/2024,Dikembalikan,6
TRX002673,USR00340,BK00065,1/7/2024,1/21/2024,1/17/2024,Dikembalikan,10
TRX002674,USR00077,BK01372,9/18/2025,10/2/2025,9/28/2025,Dikembalikan,10
TRX002675,USR00221,BK01097,8/29/2025,9/12/2025,9/2/2025,Dikembalikan,4
TRX002676,USR00214,BK00769,9/15/2024,9/29/2024,9/24/2024,Dikembalikan,9
TRX002677,USR00155,BK00116,12/14/2025,12/28/2025,12/28/2025,Dikembalikan,14
TRX002678,USR00079,BK00736,12/14/2023,12/28/2023,12/20/2023,Dikembalikan,6
TRX002679,USR00080,BK00381,10/15/2023,10/29/2023,10/30/2023,Terlambat,15
TRX002680,USR00021,BK00453,7/3/2025,7/17/2025,7/8/2025,Dikembalikan,5
TRX002681,USR00066,BK01039,9/9/2024,9/23/2024,9/20/2024,Dikembalikan,11
TRX002682,USR00235,BK00605,1/7/2023,1/21/2023,1/16/2023,Dikembalikan,9
TRX002683,USR00017,BK00162,4/18/2024,5/2/2024,5/8/2024,Terlambat,20
TRX002684,USR00071,BK01184,5/27/2024,6/10/2024,6/17/2024,Terlambat,21
TRX002685,USR00309,BK01158,10/3/2024,10/17/2024,10/15/2024,Dikembalikan,12
TRX002686,USR00059,BK01213,2/1/2023,2/15/2023,2/4/2023,Dikembalikan,3
TRX002687,USR00376,BK00505,2/23/2024,3/8/2024,3/5/2024,Dikembalikan,11
TRX002688,USR00328,BK00426,1/2/2024,1/16/2024,1/23/2024,Terlambat,21
TRX002689,USR00239,BK00956,4/29/2023,5/13/2023,5/6/2023,Dikembalikan,7
TRX002690,USR00323,BK01349,9/12/2025,9/26/2025,10/3/2025,Terlambat,21
TRX002691,USR00177,BK00477,11/28/2024,12/12/2024,12/17/2024,Terlambat,19
TRX002692,USR00378,BK00507,5/22/2025,6/5/2025,6/3/2025,Dikembalikan,12
TRX002693,USR00185,BK00558,4/25/2024,5/9/2024,5/4/2024,Dikembalikan,9
TRX002694,USR00241,BK00978,2/19/2025,3/5/2025,3/7/2025,Terlambat,16
TRX002695,USR00104,BK01369,3/12/2024,3/26/2024,3/22/2024,Dikembalikan,10
TRX002696,USR00174,BK00708,6/1/2025,6/15/2025,6/6/2025,Dikembalikan,5
TRX002697,USR00166,BK00204,11/11/2024,11/25/2024,11/24/2024,Dikembalikan,13
TRX002698,USR00117,BK01180,9/30/2025,10/14/2025,10/9/2025,Dikembalikan,9
TRX002699,USR00166,BK01363,6/7/2024,6/21/2024,6/11/2024,Dikembalikan,4
TRX002700,USR00005,BK01176,1/18/2023,2/1/2023,1/27/2023,Dikembalikan,9
TRX002701,USR00206,BK00557,7/19/2023,8/2/2023,8/8/2023,Terlambat,20
TRX002702,USR00075,BK00057,8/10/2024,8/24/2024,8/24/2024,Dikembalikan,14
TRX002703,USR00295,BK00126,3/12/2025,3/26/2025,3/20/2025,Dikembalikan,8
TRX002704,USR00175,BK01036,9/18/2023,10/2/2023,9/30/2023,Dikembalikan,12
TRX002705,USR00228,BK00514,1/7/2025,1/21/2025,1/20/2025,Dikembalikan,13
TRX002706,USR00011,BK00684,2/19/2023,3/5/2023,3/4/2023,Dikembalikan,13
TRX002707,USR00156,BK00272,9/3/2023,9/17/2023,9/10/2023,Dikembalikan,7
TRX002708,USR00064,BK01205,12/8/2024,12/22/2024,12/26/2024,Terlambat,18
TRX002709,USR00010,BK00067,10/4/2024,10/18/2024,10/17/2024,Dikembalikan,13
TRX002710,USR00377,BK00133,6/22/2024,7/6/2024,7/3/2024,Dikembalikan,11
TRX002711,USR00201,BK01286,6/12/2023,6/26/2023,6/29/2023,Terlambat,17
TRX002712,USR00222,BK00413,6/17/2024,7/1/2024,6/21/2024,Dikembalikan,4
TRX002713,USR00352,BK01261,1/27/2025,2/10/2025,2/9/2025,Dikembalikan,13
TRX002714,USR00049,BK01336,4/10/2023,4/24/2023,4/16/2023,Dikembalikan,6
TRX002715,USR00165,BK00502,5/12/2024,5/26/2024,5/16/2024,Dikembalikan,4
TRX002716,USR00118,BK01343,6/11/2024,6/25/2024,6/16/2024,Dikembalikan,5
TRX002717,USR00281,BK00208,4/17/2023,5/1/2023,5/2/2023,Terlambat,15
TRX002718,USR00181,BK00502,6/5/2024,6/19/2024,6/16/2024,Dikembalikan,11
TRX002719,USR00132,BK00484,1/12/2023,1/26/2023,1/16/2023,Dikembalikan,4
TRX002720,USR00329,BK01234,4/24/2025,5/8/2025,5/5/2025,Dikembalikan,11
TRX002721,USR00206,BK00513,2/27/2025,3/13/2025,3/18/2025,Terlambat,19
TRX002722,USR00070,BK00173,12/19/2024,1/2/2025,12/27/2024,Dikembalikan,8
TRX002723,USR00289,BK00026,10/18/2023,11/1/2023,10/30/2023,Dikembalikan,12
TRX002724,USR00079,BK00760,6/20/2023,7/4/2023,6/29/2023,Dikembalikan,9
TRX002725,USR00225,BK00708,7/2/2023,7/16/2023,7/21/2023,Terlambat,19
TRX002726,USR00162,BK00744,12/23/2024,1/6/2025,12/31/2024,Dikembalikan,8
TRX002727,USR00120,BK01365,1/23/2025,2/6/2025,2/13/2025,Terlambat,21
TRX002728,USR00357,BK00969,2/14/2023,2/28/2023,3/3/2023,Terlambat,17
TRX002729,USR00052,BK00591,5/25/2023,6/8/2023,6/12/2023,Terlambat,18
TRX002730,USR00096,BK00798,9/12/2025,9/26/2025,9/30/2025,Terlambat,18
TRX002731,USR00192,BK00986,3/4/2025,3/18/2025,3/13/2025,Dikembalikan,9
TRX002732,USR00042,BK00591,7/27/2023,8/10/2023,7/31/2023,Dikembalikan,4
TRX002733,USR00145,BK01029,11/17/2023,12/1/2023,11/27/2023,Dikembalikan,10
TRX002734,USR00091,BK01021,1/11/2025,1/25/2025,1/23/2025,Dikembalikan,12
TRX002735,USR00336,BK00563,8/22/2024,9/5/2024,9/2/2024,Dikembalikan,11
TRX002736,USR00021,BK00443,5/29/2024,6/12/2024,6/10/2024,Dikembalikan,12
TRX002737,USR00061,BK01122,6/30/2023,7/14/2023,7/10/2023,Dikembalikan,10
TRX002738,USR00279,BK00519,7/25/2024,8/8/2024,8/12/2024,Terlambat,18
TRX002739,USR00086,BK00331,7/26/2025,8/9/2025,8/8/2025,Dikembalikan,13
TRX002740,USR00097,BK00434,9/5/2024,9/19/2024,9/24/2024,Terlambat,19
TRX002741,USR00016,BK01198,2/10/2023,2/24/2023,2/13/2023,Dikembalikan,3
TRX002742,USR00024,BK00980,4/9/2025,4/23/2025,4/19/2025,Dikembalikan,10
TRX002743,USR00295,BK00416,11/13/2023,11/27/2023,11/25/2023,Dikembalikan,12
TRX002744,USR00263,BK00372,9/3/2025,9/17/2025,9/13/2025,Dikembalikan,10
TRX002745,USR00254,BK00970,9/4/2025,9/18/2025,9/20/2025,Terlambat,16
TRX002746,USR00110,BK01336,8/20/2025,9/3/2025,8/29/2025,Dikembalikan,9
TRX002747,USR00149,BK01063,12/19/2024,1/2/2025,12/25/2024,Dikembalikan,6
TRX002748,USR00380,BK00762,9/17/2023,10/1/2023,10/7/2023,Terlambat,20
TRX002749,USR00322,BK01318,6/4/2025,6/18/2025,6/20/2025,Terlambat,16
TRX002750,USR00054,BK01021,6/17/2023,7/1/2023,7/8/2023,Terlambat,21
TRX002751,USR00006,BK00850,6/2/2024,6/16/2024,6/9/2024,Dikembalikan,7
TRX002752,USR00136,BK00867,7/7/2025,7/21/2025,7/23/2025,Terlambat,16
TRX002753,USR00317,BK00633,12/23/2025,1/6/2026,,Dipinjam,belum_kembali
TRX002754,USR00003,BK00731,10/14/2024,10/28/2024,11/4/2024,Terlambat,21
TRX002755,USR00004,BK01090,6/12/2025,6/26/2025,6/21/2025,Dikembalikan,9
TRX002756,USR00316,BK00312,5/1/2025,5/15/2025,5/19/2025,Terlambat,18
TRX002757,USR00197,BK00569,9/4/2025,9/18/2025,9/22/2025,Terlambat,18
TRX002758,USR00079,BK00901,7/10/2024,7/24/2024,7/14/2024,Dikembalikan,4
TRX002759,USR00057,BK01120,4/24/2023,5/8/2023,5/1/2023,Dikembalikan,7
TRX002760,USR00298,BK00009,2/7/2023,2/21/2023,2/12/2023,Dikembalikan,5
TRX002761,USR00156,BK00244,3/15/2023,3/29/2023,4/4/2023,Terlambat,20
TRX002762,USR00137,BK00383,3/19/2024,4/2/2024,4/6/2024,Terlambat,18
TRX002763,USR00120,BK00330,7/5/2024,7/19/2024,7/19/2024,Dikembalikan,14
TRX002764,USR00355,BK01080,8/27/2025,9/10/2025,9/11/2025,Terlambat,15
TRX002765,USR00028,BK00454,4/19/2025,5/3/2025,4/28/2025,Dikembalikan,9
TRX002766,USR00001,BK00659,1/7/2023,1/21/2023,1/20/2023,Dikembalikan,13
TRX002767,USR00043,BK01348,1/21/2023,2/4/2023,2/7/2023,Terlambat,17
TRX002768,USR00188,BK01043,8/30/2025,9/13/2025,9/14/2025,Terlambat,15
TRX002769,USR00238,BK00076,10/16/2025,10/30/2025,10/20/2025,Dikembalikan,4
TRX002770,USR00341,BK01348,11/19/2023,12/3/2023,12/5/2023,Terlambat,16
TRX002771,USR00290,BK00504,5/17/2025,5/31/2025,6/6/2025,Terlambat,20
TRX002772,USR00156,BK00531,6/10/2025,6/24/2025,6/22/2025,Dikembalikan,12
TRX002773,USR00235,BK00762,8/7/2024,8/21/2024,8/16/2024,Dikembalikan,9
TRX002774,USR00072,BK01225,3/26/2025,4/9/2025,4/1/2025,Dikembalikan,6
TRX002775,USR00219,BK01369,12/12/2025,12/26/2025,12/23/2025,Dikembalikan,11
TRX002776,USR00115,BK01085,5/13/2023,5/27/2023,6/3/2023,Terlambat,21
TRX002777,USR00058,BK00798,11/14/2024,11/28/2024,11/17/2024,Dikembalikan,3
TRX002778,USR00123,BK00153,12/22/2023,1/5/2024,1/4/2024,Dikembalikan,13
TRX002779,USR00021,BK00443,3/6/2025,3/20/2025,3/11/2025,Dikembalikan,5
TRX002780,USR00236,BK00658,11/9/2025,11/23/2025,11/16/2025,Dikembalikan,7
TRX002781,USR00111,BK00975,2/7/2024,2/21/2024,2/16/2024,Dikembalikan,9
TRX002782,USR00361,BK00645,2/7/2023,2/21/2023,2/14/2023,Dikembalikan,7
TRX002783,USR00213,BK00398,6/4/2025,6/18/2025,6/25/2025,Terlambat,21
TRX002784,USR00221,BK01334,7/30/2024,8/13/2024,8/5/2024,Dikembalikan,6
TRX002785,USR00367,BK01051,8/30/2023,9/13/2023,9/5/2023,Dikembalikan,6
TRX002786,USR00197,BK00602,5/11/2025,5/25/2025,5/22/2025,Dikembalikan,11
TRX002787,USR00136,BK00937,8/4/2025,8/18/2025,8/10/2025,Dikembalikan,6
TRX002788,USR00362,BK01254,6/18/2023,7/2/2023,6/25/2023,Dikembalikan,7
TRX002789,USR00348,BK00651,1/22/2025,2/5/2025,2/6/2025,Terlambat,15
TRX002790,USR00331,BK01281,6/3/2024,6/17/2024,6/10/2024,Dikembalikan,7
TRX002791,USR00279,BK00482,3/1/2024,3/15/2024,3/19/2024,Terlambat,18
TRX002792,USR00094,BK00573,8/10/2024,8/24/2024,8/18/2024,Dikembalikan,8
TRX002793,USR00177,BK00774,5/9/2024,5/23/2024,5/21/2024,Dikembalikan,12
TRX002794,USR00002,BK01306,4/20/2023,5/4/2023,4/30/2023,Dikembalikan,10
TRX002795,USR00006,BK00819,8/30/2025,9/13/2025,9/6/2025,Dikembalikan,7
TRX002796,USR00099,BK01190,2/23/2024,3/8/2024,2/28/2024,Dikembalikan,5
TRX002797,USR00001,BK00214,11/6/2024,11/20/2024,11/20/2024,Dikembalikan,14
TRX002798,USR00179,BK00538,7/23/2024,8/6/2024,8/4/2024,Dikembalikan,12
TRX002799,USR00159,BK00218,5/18/2024,6/1/2024,6/4/2024,Terlambat,17
TRX002800,USR00298,BK01162,9/25/2025,10/9/2025,10/16/2025,Terlambat,21
TRX002801,USR00133,BK00794,12/14/2025,12/28/2025,1/4/2026,Terlambat,21
TRX002802,USR00267,BK00692,6/12/2023,6/26/2023,6/20/2023,Dikembalikan,8
TRX002803,USR00305,BK01139,6/25/2025,7/9/2025,7/3/2025,Dikembalikan,8
TRX002804,USR00157,BK01284,6/20/2023,7/4/2023,6/24/2023,Dikembalikan,4
TRX002805,USR00269,BK00012,12/5/2023,12/19/2023,12/20/2023,Terlambat,15
TRX002806,USR00231,BK01112,2/19/2025,3/5/2025,3/4/2025,Dikembalikan,13
TRX002807,USR00114,BK01008,9/22/2025,10/6/2025,10/2/2025,Dikembalikan,10
TRX002808,USR00122,BK01179,2/11/2023,2/25/2023,2/22/2023,Dikembalikan,11
TRX002809,USR00121,BK00887,5/22/2023,6/5/2023,5/29/2023,Dikembalikan,7
TRX002810,USR00146,BK00363,7/23/2025,8/6/2025,7/27/2025,Dikembalikan,4
TRX002811,USR00089,BK00422,6/15/2025,6/29/2025,7/4/2025,Terlambat,19
TRX002812,USR00154,BK01025,3/30/2024,4/13/2024,4/13/2024,Dikembalikan,14
TRX002813,USR00102,BK00788,5/10/2023,5/24/2023,5/15/2023,Dikembalikan,5
TRX002814,USR00375,BK00935,1/26/2025,2/9/2025,2/10/2025,Terlambat,15
TRX002815,USR00132,BK00597,3/24/2024,4/7/2024,4/11/2024,Terlambat,18
TRX002816,USR00157,BK01312,5/15/2023,5/29/2023,6/1/2023,Terlambat,17
TRX002817,USR00310,BK01157,7/12/2025,7/26/2025,7/26/2025,Dikembalikan,14
TRX002818,USR00128,BK01198,1/14/2023,1/28/2023,1/22/2023,Dikembalikan,8
TRX002819,USR00073,BK00488,6/30/2025,7/14/2025,7/9/2025,Dikembalikan,9
TRX002820,USR00341,BK01360,6/20/2023,7/4/2023,6/23/2023,Dikembalikan,3
TRX002821,USR00178,BK00735,4/27/2025,5/11/2025,5/5/2025,Dikembalikan,8
TRX002822,USR00294,BK00199,11/23/2023,12/7/2023,12/4/2023,Dikembalikan,11
TRX002823,USR00206,BK00512,11/16/2024,11/30/2024,11/27/2024,Dikembalikan,11
TRX002824,USR00069,BK01142,4/19/2023,5/3/2023,4/27/2023,Dikembalikan,8
TRX002825,USR00235,BK00595,7/8/2024,7/22/2024,7/18/2024,Dikembalikan,10
TRX002826,USR00213,BK00613,8/22/2025,9/5/2025,8/27/2025,Dikembalikan,5
TRX002827,USR00269,BK00731,3/8/2023,3/22/2023,3/20/2023,Dikembalikan,12
TRX002828,USR00335,BK00808,5/24/2023,6/7/2023,5/30/2023,Dikembalikan,6
TRX002829,USR00053,BK00590,4/12/2025,4/26/2025,4/16/2025,Dikembalikan,4
TRX002830,USR00280,BK00732,1/26/2024,2/9/2024,2/6/2024,Dikembalikan,11
TRX002831,USR00094,BK01075,10/9/2025,10/23/2025,10/27/2025,Terlambat,18
TRX002832,USR00254,BK01190,6/9/2024,6/23/2024,6/28/2024,Terlambat,19
TRX002833,USR00311,BK00437,10/10/2024,10/24/2024,10/28/2024,Terlambat,18
TRX002834,USR00171,BK00483,3/31/2025,4/14/2025,4/11/2025,Dikembalikan,11
TRX002835,USR00335,BK00797,10/21/2025,11/4/2025,11/6/2025,Terlambat,16
TRX002836,USR00271,BK00244,10/4/2025,10/18/2025,10/17/2025,Dikembalikan,13
TRX002837,USR00372,BK01099,11/27/2025,12/11/2025,12/5/2025,Dikembalikan,8
TRX002838,USR00292,BK00275,9/6/2024,9/20/2024,9/26/2024,Terlambat,20
TRX002839,USR00358,BK01113,2/13/2023,2/27/2023,2/18/2023,Dikembalikan,5
TRX002840,USR00011,BK00523,12/26/2024,1/9/2025,1/13/2025,Terlambat,18
TRX002841,USR00056,BK01202,10/29/2024,11/12/2024,11/2/2024,Dikembalikan,4
TRX002842,USR00344,BK01019,7/25/2024,8/8/2024,8/1/2024,Dikembalikan,7
TRX002843,USR00077,BK01336,10/24/2023,11/7/2023,11/8/2023,Terlambat,15
TRX002844,USR00320,BK00769,12/10/2024,12/24/2024,12/14/2024,Dikembalikan,4
TRX002845,USR00234,BK00961,12/29/2023,1/12/2024,1/14/2024,Terlambat,16
TRX002846,USR00210,BK01037,6/28/2025,7/12/2025,7/2/2025,Dikembalikan,4
TRX002847,USR00096,BK00960,8/26/2024,9/9/2024,9/2/2024,Dikembalikan,7
TRX002848,USR00113,BK00122,6/30/2025,7/14/2025,7/15/2025,Terlambat,15
TRX002849,USR00144,BK00086,4/1/2023,4/15/2023,4/17/2023,Terlambat,16
TRX002850,USR00350,BK01023,8/25/2025,9/8/2025,9/1/2025,Dikembalikan,7
TRX002851,USR00246,BK01058,3/12/2025,3/26/2025,3/28/2025,Terlambat,16
TRX002852,USR00376,BK00092,10/2/2024,10/16/2024,10/13/2024,Dikembalikan,11
TRX002853,USR00279,BK00499,3/1/2023,3/15/2023,3/19/2023,Terlambat,18
TRX002854,USR00062,BK00357,7/25/2025,8/8/2025,8/8/2025,Dikembalikan,14
TRX002855,USR00231,BK01201,1/12/2023,1/26/2023,1/29/2023,Terlambat,17
TRX002856,USR00198,BK00599,11/4/2025,11/18/2025,11/16/2025,Dikembalikan,12
TRX002857,USR00063,BK00270,7/30/2023,8/13/2023,8/18/2023,Terlambat,19
TRX002858,USR00021,BK00241,9/14/2025,9/28/2025,9/18/2025,Dikembalikan,4
TRX002859,USR00269,BK00650,11/23/2023,12/7/2023,12/1/2023,Dikembalikan,8
TRX002860,USR00367,BK01167,6/14/2024,6/28/2024,6/23/2024,Dikembalikan,9
TRX002861,USR00342,BK00937,8/15/2023,8/29/2023,8/29/2023,Dikembalikan,14
TRX002862,USR00258,BK00164,9/20/2025,10/4/2025,10/10/2025,Terlambat,20
TRX002863,USR00078,BK00559,7/28/2024,8/11/2024,8/1/2024,Dikembalikan,4
TRX002864,USR00359,BK01342,7/29/2023,8/12/2023,8/6/2023,Dikembalikan,8
TRX002865,USR00256,BK01359,8/9/2024,8/23/2024,8/26/2024,Terlambat,17
TRX002866,USR00109,BK00340,12/28/2025,1/11/2026,,Dipinjam,belum_kembali
TRX002867,USR00186,BK00528,12/5/2023,12/19/2023,12/18/2023,Dikembalikan,13
TRX002868,USR00236,BK00158,5/5/2023,5/19/2023,5/25/2023,Terlambat,20
TRX002869,USR00066,BK01091,11/1/2023,11/15/2023,11/15/2023,Dikembalikan,14
TRX002870,USR00338,BK00446,4/6/2025,4/20/2025,4/14/2025,Dikembalikan,8
TRX002871,USR00298,BK01218,3/26/2025,4/9/2025,4/5/2025,Dikembalikan,10
TRX002872,USR00137,BK00340,12/21/2024,1/4/2025,12/27/2024,Dikembalikan,6
TRX002873,USR00282,BK00868,6/7/2023,6/21/2023,6/23/2023,Terlambat,16
TRX002874,USR00248,BK01194,12/12/2024,12/26/2024,1/1/2025,Terlambat,20
TRX002875,USR00178,BK00423,1/30/2024,2/13/2024,2/14/2024,Terlambat,15
TRX002876,USR00375,BK00924,5/13/2024,5/27/2024,5/28/2024,Terlambat,15
TRX002877,USR00169,BK01042,10/31/2023,11/14/2023,11/8/2023,Dikembalikan,8
TRX002878,USR00232,BK00266,3/4/2025,3/18/2025,3/15/2025,Dikembalikan,11
TRX002879,USR00350,BK01116,8/6/2025,8/20/2025,8/15/2025,Dikembalikan,9
TRX002880,USR00101,BK00482,10/16/2025,10/30/2025,10/22/2025,Dikembalikan,6
TRX002881,USR00117,BK01183,8/11/2024,8/25/2024,8/17/2024,Dikembalikan,6
TRX002882,USR00360,BK00037,1/10/2023,1/24/2023,1/26/2023,Terlambat,16
TRX002883,USR00230,BK00785,4/18/2024,5/2/2024,4/21/2024,Dikembalikan,3
TRX002884,USR00244,BK00329,4/6/2024,4/20/2024,4/19/2024,Dikembalikan,13
TRX002885,USR00196,BK00498,1/3/2023,1/17/2023,1/23/2023,Terlambat,20
TRX002886,USR00200,BK01059,10/13/2025,10/27/2025,10/17/2025,Dikembalikan,4
TRX002887,USR00114,BK01286,5/16/2024,5/30/2024,6/3/2024,Terlambat,18
TRX002888,USR00022,BK00396,4/15/2023,4/29/2023,4/28/2023,Dikembalikan,13
TRX002889,USR00052,BK00334,4/29/2023,5/13/2023,5/10/2023,Dikembalikan,11
TRX002890,USR00306,BK00188,2/18/2023,3/4/2023,2/26/2023,Dikembalikan,8
TRX002891,USR00158,BK00623,8/21/2023,9/4/2023,8/30/2023,Dikembalikan,9
TRX002892,USR00080,BK00347,8/31/2023,9/14/2023,9/20/2023,Terlambat,20
TRX002893,USR00127,BK00673,11/3/2024,11/17/2024,11/15/2024,Dikembalikan,12
TRX002894,USR00269,BK00041,8/2/2024,8/16/2024,8/10/2024,Dikembalikan,8
TRX002895,USR00239,BK00957,10/23/2025,11/6/2025,11/5/2025,Dikembalikan,13
TRX002896,USR00232,BK00164,10/6/2024,10/20/2024,10/16/2024,Dikembalikan,10
TRX002897,USR00033,BK00212,5/30/2023,6/13/2023,6/12/2023,Dikembalikan,13
TRX002898,USR00146,BK00171,8/28/2023,9/11/2023,9/6/2023,Dikembalikan,9
TRX002899,USR00185,BK00756,11/10/2025,11/24/2025,11/28/2025,Terlambat,18
TRX002900,USR00342,BK00267,12/8/2024,12/22/2024,12/11/2024,Dikembalikan,3
TRX002901,USR00136,BK00944,12/22/2025,1/5/2026,,Dipinjam,belum_kembali
TRX002902,USR00038,BK00712,1/4/2025,1/18/2025,1/9/2025,Dikembalikan,5
TRX002903,USR00150,BK01208,1/7/2023,1/21/2023,1/25/2023,Terlambat,18
TRX002904,USR00270,BK01267,2/4/2025,2/18/2025,2/9/2025,Dikembalikan,5
TRX002905,USR00203,BK01002,3/11/2024,3/25/2024,3/20/2024,Dikembalikan,9
TRX002906,USR00150,BK01201,10/25/2023,11/8/2023,11/9/2023,Terlambat,15
TRX002907,USR00101,BK00358,4/8/2024,4/22/2024,4/27/2024,Terlambat,19
TRX002908,USR00013,BK01088,1/27/2025,2/10/2025,2/4/2025,Dikembalikan,8
TRX002909,USR00188,BK01133,4/15/2023,4/29/2023,4/29/2023,Dikembalikan,14
TRX002910,USR00029,BK01215,11/1/2023,11/15/2023,11/13/2023,Dikembalikan,12
TRX002911,USR00096,BK01222,2/21/2024,3/6/2024,3/10/2024,Terlambat,18
TRX002912,USR00131,BK00746,10/2/2024,10/16/2024,10/22/2024,Terlambat,20
TRX002913,USR00276,BK01356,5/31/2025,6/14/2025,6/15/2025,Terlambat,15
TRX002914,USR00223,BK00782,5/25/2025,6/8/2025,6/8/2025,Dikembalikan,14
TRX002915,USR00217,BK01116,10/7/2024,10/21/2024,10/18/2024,Dikembalikan,11
TRX002916,USR00346,BK00788,1/23/2025,2/6/2025,1/27/2025,Dikembalikan,4
TRX002917,USR00325,BK00551,8/24/2024,9/7/2024,9/8/2024,Terlambat,15
TRX002918,USR00152,BK00452,8/9/2023,8/23/2023,8/29/2023,Terlambat,20
TRX002919,USR00371,BK01180,4/12/2024,4/26/2024,4/22/2024,Dikembalikan,10
TRX002920,USR00086,BK00250,9/21/2023,10/5/2023,9/30/2023,Dikembalikan,9
TRX002921,USR00290,BK00177,5/7/2024,5/21/2024,5/17/2024,Dikembalikan,10
TRX002922,USR00144,BK00090,8/1/2023,8/15/2023,8/22/2023,Terlambat,21
TRX002923,USR00196,BK00616,10/12/2025,10/26/2025,10/15/2025,Dikembalikan,3
TRX002924,USR00255,BK00757,2/16/2025,3/2/2025,3/4/2025,Terlambat,16
TRX002925,USR00197,BK00382,11/9/2023,11/23/2023,11/24/2023,Terlambat,15
TRX002926,USR00162,BK00720,5/23/2025,6/6/2025,6/1/2025,Dikembalikan,9
TRX002927,USR00147,BK00956,2/1/2024,2/15/2024,2/20/2024,Terlambat,19
TRX002928,USR00295,BK00075,2/17/2024,3/2/2024,2/26/2024,Dikembalikan,9
TRX002929,USR00289,BK00989,3/2/2023,3/16/2023,3/7/2023,Dikembalikan,5
TRX002930,USR00315,BK00940,12/14/2023,12/28/2023,12/26/2023,Dikembalikan,12
TRX002931,USR00196,BK00211,1/11/2025,1/25/2025,1/17/2025,Dikembalikan,6
TRX002932,USR00234,BK00992,11/4/2025,11/18/2025,11/20/2025,Terlambat,16
TRX002933,USR00368,BK01332,11/1/2025,11/15/2025,11/6/2025,Dikembalikan,5
TRX002934,USR00312,BK00494,1/24/2023,2/7/2023,1/27/2023,Dikembalikan,3
TRX002935,USR00313,BK00792,11/23/2023,12/7/2023,12/11/2023,Terlambat,18
TRX002936,USR00123,BK00212,1/26/2025,2/9/2025,2/3/2025,Dikembalikan,8
TRX002937,USR00376,BK00545,5/14/2025,5/28/2025,6/3/2025,Terlambat,20
TRX002938,USR00359,BK00834,10/2/2023,10/16/2023,10/10/2023,Dikembalikan,8
TRX002939,USR00183,BK01250,6/25/2025,7/9/2025,6/28/2025,Dikembalikan,3
TRX002940,USR00340,BK00634,6/25/2024,7/9/2024,7/15/2024,Terlambat,20
TRX002941,USR00145,BK01277,6/13/2024,6/27/2024,6/24/2024,Dikembalikan,11
TRX002942,USR00007,BK00960,4/2/2023,4/16/2023,4/13/2023,Dikembalikan,11
TRX002943,USR00267,BK00631,6/6/2024,6/20/2024,6/22/2024,Terlambat,16
TRX002944,USR00350,BK00955,7/26/2025,8/9/2025,8/2/2025,Dikembalikan,7
TRX002945,USR00202,BK01234,5/14/2025,5/28/2025,5/30/2025,Terlambat,16
TRX002946,USR00096,BK01003,10/17/2024,10/31/2024,11/7/2024,Terlambat,21
TRX002947,USR00312,BK00518,12/23/2025,1/6/2026,,Dipinjam,belum_kembali
TRX002948,USR00334,BK01254,1/18/2023,2/1/2023,1/27/2023,Dikembalikan,9
TRX002949,USR00250,BK00247,11/15/2024,11/29/2024,11/25/2024,Dikembalikan,10
TRX002950,USR00358,BK01201,12/13/2025,12/27/2025,1/1/2026,Terlambat,19
TRX002951,USR00239,BK00913,11/14/2024,11/28/2024,11/27/2024,Dikembalikan,13
TRX002952,USR00094,BK00172,2/15/2024,2/29/2024,2/20/2024,Dikembalikan,5
TRX002953,USR00323,BK00296,9/5/2025,9/19/2025,9/18/2025,Dikembalikan,13
TRX002954,USR00182,BK00514,5/31/2024,6/14/2024,6/10/2024,Dikembalikan,10
TRX002955,USR00120,BK01275,11/22/2023,12/6/2023,12/9/2023,Terlambat,17
TRX002956,USR00059,BK01302,4/16/2025,4/30/2025,5/2/2025,Terlambat,16
TRX002957,USR00058,BK00976,6/21/2025,7/5/2025,7/10/2025,Terlambat,19
TRX002958,USR00030,BK00650,8/24/2023,9/7/2023,9/6/2023,Dikembalikan,13
TRX002959,USR00267,BK00765,10/12/2023,10/26/2023,10/18/2023,Dikembalikan,6
TRX002960,USR00196,BK00612,5/25/2025,6/8/2025,6/7/2025,Dikembalikan,13
TRX002961,USR00320,BK00737,9/7/2024,9/21/2024,9/14/2024,Dikembalikan,7
TRX002962,USR00135,BK01224,12/24/2023,1/7/2024,1/1/2024,Dikembalikan,8
TRX002963,USR00110,BK00994,5/10/2025,5/24/2025,5/28/2025,Terlambat,18
TRX002964,USR00017,BK00670,7/22/2023,8/5/2023,8/4/2023,Dikembalikan,13
TRX002965,USR00147,BK01007,11/24/2025,12/8/2025,12/2/2025,Dikembalikan,8
TRX002966,USR00089,BK00408,12/12/2025,12/26/2025,12/21/2025,Dikembalikan,9
TRX002967,USR00199,BK00554,12/10/2025,12/24/2025,12/25/2025,Terlambat,15
TRX002968,USR00346,BK00897,5/16/2025,5/30/2025,6/4/2025,Terlambat,19
TRX002969,USR00093,BK00727,6/1/2025,6/15/2025,6/6/2025,Dikembalikan,5
TRX002970,USR00325,BK00500,4/17/2023,5/1/2023,5/7/2023,Terlambat,20
TRX002971,USR00014,BK01292,9/17/2024,10/1/2024,10/8/2024,Terlambat,21
TRX002972,USR00188,BK01153,1/9/2023,1/23/2023,1/24/2023,Terlambat,15
TRX002973,USR00077,BK01234,4/24/2025,5/8/2025,5/6/2025,Dikembalikan,12
TRX002974,USR00173,BK00517,6/7/2025,6/21/2025,6/12/2025,Dikembalikan,5
TRX002975,USR00117,BK01222,1/14/2023,1/28/2023,1/18/2023,Dikembalikan,4
TRX002976,USR00060,BK00398,9/24/2024,10/8/2024,10/7/2024,Dikembalikan,13
TRX002977,USR00127,BK00626,5/24/2024,6/7/2024,5/28/2024,Dikembalikan,4
TRX002978,USR00052,BK00432,3/30/2025,4/13/2025,4/6/2025,Dikembalikan,7
TRX002979,USR00017,BK00518,9/2/2024,9/16/2024,9/10/2024,Dikembalikan,8
TRX002980,USR00369,BK00753,1/6/2024,1/20/2024,1/13/2024,Dikembalikan,7
TRX002981,USR00290,BK00507,2/9/2024,2/23/2024,2/13/2024,Dikembalikan,4
TRX002982,USR00239,BK00973,3/23/2025,4/6/2025,4/6/2025,Dikembalikan,14
TRX002983,USR00183,BK00986,8/6/2023,8/20/2023,8/10/2023,Dikembalikan,4
TRX002984,USR00014,BK01240,5/15/2023,5/29/2023,5/21/2023,Dikembalikan,6
TRX002985,USR00293,BK00498,1/2/2023,1/16/2023,1/9/2023,Dikembalikan,7
TRX002986,USR00091,BK01003,10/30/2023,11/13/2023,11/16/2023,Terlambat,17
TRX002987,USR00116,BK01238,6/10/2024,6/24/2024,6/20/2024,Dikembalikan,10
TRX002988,USR00244,BK00379,11/24/2024,12/8/2024,12/1/2024,Dikembalikan,7
TRX002989,USR00267,BK00478,12/30/2024,1/13/2025,1/3/2025,Dikembalikan,4
TRX002990,USR00262,BK00962,8/5/2024,8/19/2024,8/23/2024,Terlambat,18
TRX002991,USR00223,BK00664,6/23/2024,7/7/2024,6/28/2024,Dikembalikan,5
TRX002992,USR00182,BK00510,12/22/2024,1/5/2025,12/31/2024,Dikembalikan,9
TRX002993,USR00090,BK01268,10/17/2025,10/31/2025,10/30/2025,Dikembalikan,13
TRX002994,USR00206,BK00501,1/19/2024,2/2/2024,1/23/2024,Dikembalikan,4
TRX002995,USR00302,BK00090,12/2/2023,12/16/2023,12/21/2023,Terlambat,19
TRX002996,USR00063,BK00700,12/4/2023,12/18/2023,12/14/2023,Dikembalikan,10
TRX002997,USR00050,BK00747,4/18/2024,5/2/2024,4/21/2024,Dikembalikan,3
TRX002998,USR00032,BK00724,10/10/2025,10/24/2025,10/27/2025,Terlambat,17
TRX002999,USR00145,BK01237,4/10/2024,4/24/2024,4/20/2024,Dikembalikan,10
TRX003000,USR00109,BK01225,9/25/2024,10/9/2024,10/9/2024,Dikembalikan,14
TRX003001,USR00380,BK00758,8/1/2024,8/15/2024,8/5/2024,Dikembalikan,4
TRX003002,USR00267,BK00586,9/23/2023,10/7/2023,10/4/2023,Dikembalikan,11
TRX003003,USR00329,BK01078,7/15/2024,7/29/2024,8/2/2024,Terlambat,18
TRX003004,USR00164,BK00171,11/10/2025,11/24/2025,11/19/2025,Dikembalikan,9
TRX003005,USR00090,BK01326,4/19/2025,5/3/2025,5/6/2025,Terlambat,17
TRX003006,USR00320,BK00632,6/2/2023,6/16/2023,6/5/2023,Dikembalikan,3
TRX003007,USR00098,BK00375,12/22/2023,1/5/2024,1/10/2024,Terlambat,19
TRX003008,USR00086,BK00371,9/26/2023,10/10/2023,10/2/2023,Dikembalikan,6
TRX003009,USR00159,BK00456,8/20/2025,9/3/2025,8/24/2025,Dikembalikan,4
TRX003010,USR00358,BK00989,1/4/2024,1/18/2024,1/16/2024,Dikembalikan,12
TRX003011,USR00246,BK01077,8/19/2025,9/2/2025,9/9/2025,Terlambat,21
TRX003012,USR00021,BK00493,12/18/2025,1/1/2026,,Dipinjam,belum_kembali
TRX003013,USR00257,BK00491,2/14/2025,2/28/2025,2/28/2025,Dikembalikan,14
TRX003014,USR00249,BK00327,4/1/2024,4/15/2024,4/13/2024,Dikembalikan,12
TRX003015,USR00029,BK01202,2/24/2023,3/10/2023,3/15/2023,Terlambat,19
TRX003016,USR00007,BK01004,5/26/2023,6/9/2023,6/5/2023,Dikembalikan,10
TRX003017,USR00286,BK00336,7/10/2025,7/24/2025,7/30/2025,Terlambat,20
TRX003018,USR00107,BK00401,7/5/2024,7/19/2024,7/18/2024,Dikembalikan,13
TRX003019,USR00286,BK00412,3/4/2024,3/18/2024,3/10/2024,Dikembalikan,6
TRX003020,USR00348,BK00697,1/9/2024,1/23/2024,1/24/2024,Terlambat,15
TRX003021,USR00191,BK00309,11/12/2025,11/26/2025,11/17/2025,Dikembalikan,5
TRX003022,USR00250,BK00905,8/9/2025,8/23/2025,8/26/2025,Terlambat,17
TRX003023,USR00380,BK00676,6/28/2025,7/12/2025,7/1/2025,Dikembalikan,3
TRX003024,USR00184,BK00097,2/10/2023,2/24/2023,2/25/2023,Terlambat,15
TRX003025,USR00205,BK00899,1/15/2024,1/29/2024,2/1/2024,Terlambat,17
TRX003026,USR00016,BK01292,2/19/2024,3/4/2024,2/26/2024,Dikembalikan,7
TRX003027,USR00249,BK00777,12/11/2025,12/25/2025,12/15/2025,Dikembalikan,4
TRX003028,USR00111,BK01024,6/22/2025,7/6/2025,7/11/2025,Terlambat,19
TRX003029,USR00339,BK01212,6/9/2025,6/23/2025,6/18/2025,Dikembalikan,9
TRX003030,USR00056,BK01306,9/7/2024,9/21/2024,9/21/2024,Dikembalikan,14
TRX003031,USR00170,BK00170,4/4/2024,4/18/2024,4/23/2024,Terlambat,19
TRX003032,USR00325,BK00499,12/15/2025,12/29/2025,12/23/2025,Dikembalikan,8
TRX003033,USR00037,BK01183,5/8/2025,5/22/2025,5/22/2025,Dikembalikan,14
TRX003034,USR00352,BK01253,9/13/2025,9/27/2025,9/25/2025,Dikembalikan,12
TRX003035,USR00136,BK00795,10/8/2025,10/22/2025,10/14/2025,Dikembalikan,6
TRX003036,USR00331,BK00977,5/25/2023,6/8/2023,6/11/2023,Terlambat,17
TRX003037,USR00165,BK00554,9/3/2024,9/17/2024,9/21/2024,Terlambat,18
TRX003038,USR00146,BK00396,7/14/2023,7/28/2023,7/31/2023,Terlambat,17
TRX003039,USR00197,BK00587,2/11/2023,2/25/2023,2/15/2023,Dikembalikan,4
TRX003040,USR00090,BK01350,12/4/2025,12/18/2025,12/21/2025,Terlambat,17
TRX003041,USR00053,BK01178,10/28/2024,11/11/2024,11/7/2024,Dikembalikan,10
TRX003042,USR00363,BK00127,5/13/2025,5/27/2025,5/22/2025,Dikembalikan,9
TRX003043,USR00031,BK00704,10/12/2025,10/26/2025,10/27/2025,Terlambat,15
TRX003044,USR00333,BK01290,12/10/2023,12/24/2023,12/28/2023,Terlambat,18
TRX003045,USR00261,BK01073,1/2/2024,1/16/2024,1/17/2024,Terlambat,15
TRX003046,USR00092,BK00132,9/1/2025,9/15/2025,9/14/2025,Dikembalikan,13
TRX003047,USR00085,BK01331,12/1/2023,12/15/2023,12/12/2023,Dikembalikan,11
TRX003048,USR00230,BK00762,10/2/2023,10/16/2023,10/5/2023,Dikembalikan,3
TRX003049,USR00352,BK01256,9/27/2024,10/11/2024,10/9/2024,Dikembalikan,12
TRX003050,USR00266,BK00813,8/24/2023,9/7/2023,9/14/2023,Terlambat,21
TRX003051,USR00232,BK00142,10/8/2024,10/22/2024,10/29/2024,Terlambat,21
TRX003052,USR00117,BK01005,2/26/2025,3/12/2025,3/6/2025,Dikembalikan,8
TRX003053,USR00222,BK00707,7/23/2024,8/6/2024,7/26/2024,Dikembalikan,3
TRX003054,USR00313,BK00091,10/16/2023,10/30/2023,11/3/2023,Terlambat,18
TRX003055,USR00007,BK01366,7/11/2025,7/25/2025,7/21/2025,Dikembalikan,10
TRX003056,USR00357,BK00985,1/12/2023,1/26/2023,1/29/2023,Terlambat,17
TRX003057,USR00255,BK00577,11/16/2023,11/30/2023,11/30/2023,Dikembalikan,14
TRX003058,USR00169,BK01067,1/28/2024,2/11/2024,2/2/2024,Dikembalikan,5
TRX003059,USR00023,BK01374,2/8/2023,2/22/2023,2/26/2023,Terlambat,18
TRX003060,USR00018,BK01322,4/28/2025,5/12/2025,5/14/2025,Terlambat,16
TRX003061,USR00296,BK00787,4/4/2025,4/18/2025,4/21/2025,Terlambat,17
TRX003062,USR00075,BK00417,7/8/2023,7/22/2023,7/21/2023,Dikembalikan,13
TRX003063,USR00151,BK00794,6/16/2023,6/30/2023,6/19/2023,Dikembalikan,3
TRX003064,USR00358,BK01142,12/1/2024,12/15/2024,12/18/2024,Terlambat,17
TRX003065,USR00311,BK00469,1/12/2025,1/26/2025,1/29/2025,Terlambat,17
TRX003066,USR00097,BK00542,9/3/2025,9/17/2025,9/21/2025,Terlambat,18
TRX003067,USR00149,BK01082,11/22/2024,12/6/2024,11/25/2024,Dikembalikan,3
TRX003068,USR00106,BK00148,5/9/2024,5/23/2024,5/19/2024,Dikembalikan,10
TRX003069,USR00159,BK00566,5/22/2025,6/5/2025,5/30/2025,Dikembalikan,8
TRX003070,USR00191,BK01184,7/20/2023,8/3/2023,8/4/2023,Terlambat,15
TRX003071,USR00323,BK01352,3/26/2024,4/9/2024,3/29/2024,Dikembalikan,3
TRX003072,USR00076,BK00210,12/4/2023,12/18/2023,12/24/2023,Terlambat,20
TRX003073,USR00065,BK00616,5/24/2023,6/7/2023,6/9/2023,Terlambat,16
TRX003074,USR00184,BK00392,2/12/2025,2/26/2025,2/18/2025,Dikembalikan,6
TRX003075,USR00252,BK01376,6/3/2025,6/17/2025,6/18/2025,Terlambat,15
TRX003076,USR00010,BK00059,4/29/2023,5/13/2023,5/12/2023,Dikembalikan,13
TRX003077,USR00215,BK01232,6/26/2025,7/10/2025,7/12/2025,Terlambat,16
TRX003078,USR00118,BK01266,4/24/2025,5/8/2025,5/11/2025,Terlambat,17
TRX003079,USR00267,BK00567,8/2/2025,8/16/2025,8/13/2025,Dikembalikan,11
TRX003080,USR00112,BK00050,11/1/2023,11/15/2023,11/8/2023,Dikembalikan,7
TRX003081,USR00010,BK01143,3/24/2024,4/7/2024,3/27/2024,Dikembalikan,3
TRX003082,USR00334,BK01194,8/18/2025,9/1/2025,9/4/2025,Terlambat,17
TRX003083,USR00295,BK00120,6/8/2024,6/22/2024,6/17/2024,Dikembalikan,9
TRX003084,USR00158,BK01080,3/13/2025,3/27/2025,4/2/2025,Terlambat,20
TRX003085,USR00177,BK00302,7/4/2025,7/18/2025,7/15/2025,Dikembalikan,11
TRX003086,USR00240,BK00588,1/26/2023,2/9/2023,1/30/2023,Dikembalikan,4
TRX003087,USR00267,BK00656,6/11/2024,6/25/2024,6/29/2024,Terlambat,18
TRX003088,USR00175,BK01049,2/2/2023,2/16/2023,2/8/2023,Dikembalikan,6
TRX003089,USR00094,BK00161,2/26/2025,3/12/2025,3/15/2025,Terlambat,17
TRX003090,USR00078,BK00464,6/29/2023,7/13/2023,7/4/2023,Dikembalikan,5
TRX003091,USR00227,BK00543,7/21/2024,8/4/2024,7/24/2024,Dikembalikan,3
TRX003092,USR00082,BK01324,4/10/2025,4/24/2025,4/22/2025,Dikembalikan,12
TRX003093,USR00370,BK00326,5/6/2024,5/20/2024,5/23/2024,Terlambat,17
TRX003094,USR00049,BK01327,12/10/2023,12/24/2023,12/19/2023,Dikembalikan,9
TRX003095,USR00144,BK00256,4/27/2024,5/11/2024,5/15/2024,Terlambat,18
TRX003096,USR00155,BK00116,8/30/2023,9/13/2023,9/4/2023,Dikembalikan,5
TRX003097,USR00055,BK01189,2/19/2025,3/5/2025,3/12/2025,Terlambat,21
TRX003098,USR00298,BK00914,4/9/2023,4/23/2023,4/21/2023,Dikembalikan,12
TRX003099,USR00053,BK01232,12/11/2024,12/25/2024,12/31/2024,Terlambat,20
TRX003100,USR00097,BK00606,6/6/2024,6/20/2024,6/13/2024,Dikembalikan,7
TRX003101,USR00134,BK00727,11/25/2023,12/9/2023,12/11/2023,Terlambat,16
TRX003102,USR00161,BK00796,2/13/2023,2/27/2023,3/4/2023,Terlambat,19
TRX003103,USR00289,BK01020,5/15/2025,5/29/2025,6/3/2025,Terlambat,19
TRX003104,USR00181,BK00526,5/28/2025,6/11/2025,6/13/2025,Terlambat,16
TRX003105,USR00156,BK00295,9/3/2025,9/17/2025,9/20/2025,Terlambat,17
TRX003106,USR00359,BK01163,7/23/2024,8/6/2024,7/31/2024,Dikembalikan,8
TRX003107,USR00331,BK01014,4/13/2023,4/27/2023,5/3/2023,Terlambat,20
TRX003108,USR00094,BK00193,11/11/2023,11/25/2023,11/22/2023,Dikembalikan,11
TRX003109,USR00209,BK01291,9/19/2025,10/3/2025,10/10/2025,Terlambat,21
TRX003110,USR00006,BK00854,12/28/2023,1/11/2024,1/9/2024,Dikembalikan,12
TRX003111,USR00019,BK00345,2/9/2024,2/23/2024,2/14/2024,Dikembalikan,5
TRX003112,USR00015,BK01308,7/9/2023,7/23/2023,7/26/2023,Terlambat,17
TRX003113,USR00311,BK00412,9/27/2024,10/11/2024,10/9/2024,Dikembalikan,12
TRX003114,USR00037,BK01185,7/25/2023,8/8/2023,8/5/2023,Dikembalikan,11
TRX003115,USR00231,BK00936,3/9/2024,3/23/2024,3/17/2024,Dikembalikan,8
TRX003116,USR00251,BK00917,6/19/2023,7/3/2023,6/22/2023,Dikembalikan,3
TRX003117,USR00305,BK00288,6/21/2024,7/5/2024,6/28/2024,Dikembalikan,7
TRX003118,USR00133,BK00961,8/27/2025,9/10/2025,8/31/2025,Dikembalikan,4
TRX003119,USR00246,BK00838,12/5/2023,12/19/2023,12/21/2023,Terlambat,16
TRX003120,USR00159,BK00020,1/8/2025,1/22/2025,1/22/2025,Dikembalikan,14
TRX003121,USR00078,BK00598,7/7/2023,7/21/2023,7/17/2023,Dikembalikan,10
TRX003122,USR00179,BK00512,9/4/2025,9/18/2025,9/19/2025,Terlambat,15
TRX003123,USR00247,BK00770,1/29/2025,2/12/2025,2/4/2025,Dikembalikan,6
TRX003124,USR00111,BK01148,1/24/2025,2/7/2025,2/3/2025,Dikembalikan,10
TRX003125,USR00097,BK00410,10/29/2025,11/12/2025,11/7/2025,Dikembalikan,9
TRX003126,USR00191,BK01203,10/16/2024,10/30/2024,10/24/2024,Dikembalikan,8
TRX003127,USR00082,BK01349,10/29/2023,11/12/2023,11/9/2023,Dikembalikan,11
TRX003128,USR00260,BK00982,12/16/2024,12/30/2024,1/3/2025,Terlambat,18
TRX003129,USR00153,BK00323,10/29/2024,11/12/2024,11/14/2024,Terlambat,16
TRX003130,USR00250,BK00897,2/4/2025,2/18/2025,2/7/2025,Dikembalikan,3
TRX003131,USR00101,BK00122,10/29/2024,11/12/2024,11/11/2024,Dikembalikan,13
TRX003132,USR00335,BK00794,11/27/2025,12/11/2025,12/5/2025,Dikembalikan,8
TRX003133,USR00325,BK00512,11/23/2023,12/7/2023,12/12/2023,Terlambat,19
TRX003134,USR00293,BK00507,1/4/2024,1/18/2024,1/25/2024,Terlambat,21
TRX003135,USR00146,BK00423,11/19/2023,12/3/2023,12/3/2023,Dikembalikan,14
TRX003136,USR00144,BK00282,3/21/2024,4/4/2024,4/5/2024,Terlambat,15
TRX003137,USR00168,BK00772,10/6/2023,10/20/2023,10/22/2023,Terlambat,16
TRX003138,USR00019,BK00741,6/19/2023,7/3/2023,7/5/2023,Terlambat,16
TRX003139,USR00191,BK01223,5/11/2023,5/25/2023,5/16/2023,Dikembalikan,5
TRX003140,USR00314,BK00770,2/20/2023,3/6/2023,3/1/2023,Dikembalikan,9
TRX003141,USR00297,BK01342,8/7/2024,8/21/2024,8/24/2024,Terlambat,17
TRX003142,USR00193,BK01296,3/9/2024,3/23/2024,3/27/2024,Terlambat,18
TRX003143,USR00106,BK00557,8/25/2025,9/8/2025,8/28/2025,Dikembalikan,3
TRX003144,USR00118,BK00924,11/12/2024,11/26/2024,11/22/2024,Dikembalikan,10
TRX003145,USR00365,BK00888,12/27/2023,1/10/2024,1/3/2024,Dikembalikan,7
TRX003146,USR00016,BK01303,3/10/2025,3/24/2025,3/23/2025,Dikembalikan,13
TRX003147,USR00199,BK00090,9/23/2025,10/7/2025,10/8/2025,Terlambat,15
TRX003148,USR00240,BK00660,2/24/2025,3/10/2025,3/3/2025,Dikembalikan,7
TRX003149,USR00329,BK01225,7/28/2024,8/11/2024,8/13/2024,Terlambat,16
TRX003150,USR00051,BK00729,9/27/2023,10/11/2023,10/18/2023,Terlambat,21
TRX003151,USR00004,BK01074,7/5/2025,7/19/2025,7/10/2025,Dikembalikan,5
TRX003152,USR00117,BK01222,2/19/2024,3/4/2024,3/1/2024,Dikembalikan,11
TRX003153,USR00258,BK00078,11/28/2025,12/12/2025,12/5/2025,Dikembalikan,7
TRX003154,USR00297,BK01199,11/23/2025,12/7/2025,12/8/2025,Terlambat,15
TRX003155,USR00278,BK01281,10/11/2025,10/25/2025,10/17/2025,Dikembalikan,6
TRX003156,USR00274,BK00561,1/26/2023,2/9/2023,2/9/2023,Dikembalikan,14
TRX003157,USR00059,BK00326,4/30/2025,5/14/2025,5/8/2025,Dikembalikan,8
TRX003158,USR00245,BK00961,5/31/2023,6/14/2023,6/7/2023,Dikembalikan,7
TRX003159,USR00189,BK00378,11/19/2025,12/3/2025,12/8/2025,Terlambat,19
TRX003160,USR00230,BK00237,12/11/2025,12/25/2025,12/16/2025,Dikembalikan,5
TRX003161,USR00216,BK00001,12/24/2023,1/7/2024,1/2/2024,Dikembalikan,9
TRX003162,USR00038,BK00688,11/13/2025,11/27/2025,11/16/2025,Dikembalikan,3
TRX003163,USR00118,BK01291,6/18/2024,7/2/2024,6/29/2024,Dikembalikan,11
TRX003164,USR00120,BK01342,2/11/2024,2/25/2024,2/19/2024,Dikembalikan,8
TRX003165,USR00177,BK00224,10/12/2025,10/26/2025,10/28/2025,Terlambat,16
TRX003166,USR00189,BK00191,5/29/2023,6/12/2023,6/19/2023,Terlambat,21
TRX003167,USR00078,BK00586,4/22/2024,5/6/2024,5/11/2024,Terlambat,19
TRX003168,USR00291,BK01093,4/6/2023,4/20/2023,4/27/2023,Terlambat,21
TRX003169,USR00010,BK00052,11/5/2024,11/19/2024,11/20/2024,Terlambat,15
TRX003170,USR00063,BK00180,3/9/2023,3/23/2023,3/14/2023,Dikembalikan,5
TRX003171,USR00296,BK01352,8/25/2025,9/8/2025,9/5/2025,Dikembalikan,11
TRX003172,USR00019,BK00158,4/12/2024,4/26/2024,4/18/2024,Dikembalikan,6
TRX003173,USR00166,BK01350,9/25/2024,10/9/2024,10/10/2024,Terlambat,15
TRX003174,USR00273,BK00394,8/7/2023,8/21/2023,8/14/2023,Dikembalikan,7
TRX003175,USR00021,BK00469,9/23/2024,10/7/2024,10/1/2024,Dikembalikan,8
TRX003176,USR00231,BK01050,10/8/2025,10/22/2025,10/21/2025,Dikembalikan,13
TRX003177,USR00123,BK00442,12/27/2025,1/10/2026,,Dipinjam,belum_kembali
TRX003178,USR00026,BK00757,2/19/2023,3/5/2023,3/7/2023,Terlambat,16
TRX003179,USR00014,BK01262,9/24/2023,10/8/2023,10/11/2023,Terlambat,17
TRX003180,USR00284,BK00765,1/20/2023,2/3/2023,2/10/2023,Terlambat,21
TRX003181,USR00314,BK00731,7/30/2025,8/13/2025,8/7/2025,Dikembalikan,8
TRX003182,USR00229,BK00451,12/14/2023,12/28/2023,12/21/2023,Dikembalikan,7
TRX003183,USR00011,BK00678,3/7/2023,3/21/2023,3/15/2023,Dikembalikan,8
TRX003184,USR00049,BK00850,7/6/2023,7/20/2023,7/18/2023,Dikembalikan,12
TRX003185,USR00126,BK00950,3/5/2025,3/19/2025,3/20/2025,Terlambat,15
TRX003186,USR00309,BK00895,3/15/2023,3/29/2023,4/1/2023,Terlambat,17
TRX003187,USR00349,BK00913,1/16/2025,1/30/2025,1/20/2025,Dikembalikan,4
TRX003188,USR00120,BK01358,6/7/2025,6/21/2025,6/16/2025,Dikembalikan,9
TRX003189,USR00175,BK00849,12/19/2024,1/2/2025,12/29/2024,Dikembalikan,10
TRX003190,USR00205,BK00853,1/19/2024,2/2/2024,2/4/2024,Terlambat,16
TRX003191,USR00338,BK00734,2/12/2025,2/26/2025,2/18/2025,Dikembalikan,6
TRX003192,USR00335,BK00806,6/2/2023,6/16/2023,6/15/2023,Dikembalikan,13
TRX003193,USR00123,BK00553,6/26/2025,7/10/2025,7/5/2025,Dikembalikan,9
TRX003194,USR00043,BK01336,8/23/2024,9/6/2024,8/26/2024,Dikembalikan,3
TRX003195,USR00285,BK00890,11/23/2024,12/7/2024,12/14/2024,Terlambat,21
TRX003196,USR00196,BK00615,5/4/2024,5/18/2024,5/14/2024,Dikembalikan,10
TRX003197,USR00358,BK01092,9/11/2025,9/25/2025,9/22/2025,Dikembalikan,11
TRX003198,USR00323,BK01350,1/24/2023,2/7/2023,1/27/2023,Dikembalikan,3
TRX003199,USR00130,BK00537,10/18/2023,11/1/2023,11/2/2023,Terlambat,15
TRX003200,USR00040,BK00787,5/31/2025,6/14/2025,6/19/2025,Terlambat,19
TRX003201,USR00334,BK01193,2/6/2023,2/20/2023,2/16/2023,Dikembalikan,10
TRX003202,USR00305,BK00498,1/28/2025,2/11/2025,2/11/2025,Dikembalikan,14
TRX003203,USR00220,BK01075,8/17/2024,8/31/2024,9/1/2024,Terlambat,15
TRX003204,USR00286,BK00381,5/1/2023,5/15/2023,5/7/2023,Dikembalikan,6
TRX003205,USR00293,BK00601,2/13/2023,2/27/2023,2/20/2023,Dikembalikan,7
TRX003206,USR00022,BK00401,8/4/2023,8/18/2023,8/23/2023,Terlambat,19
TRX003207,USR00196,BK00569,8/18/2023,9/1/2023,9/5/2023,Terlambat,18
TRX003208,USR00113,BK00509,9/3/2023,9/17/2023,9/24/2023,Terlambat,21
TRX003209,USR00232,BK00145,8/27/2025,9/10/2025,9/10/2025,Dikembalikan,14
TRX003210,USR00048,BK01244,3/12/2025,3/26/2025,3/20/2025,Dikembalikan,8
TRX003211,USR00224,BK00336,11/21/2025,12/5/2025,12/3/2025,Dikembalikan,12
TRX003212,USR00223,BK00382,6/2/2025,6/16/2025,6/16/2025,Dikembalikan,14
TRX003213,USR00105,BK01157,10/19/2025,11/2/2025,10/27/2025,Dikembalikan,8
TRX003214,USR00069,BK01133,6/14/2023,6/28/2023,6/17/2023,Dikembalikan,3
TRX003215,USR00374,BK00552,4/10/2024,4/24/2024,4/22/2024,Dikembalikan,12
TRX003216,USR00052,BK00431,10/20/2023,11/3/2023,11/7/2023,Terlambat,18
TRX003217,USR00173,BK00431,8/28/2024,9/11/2024,9/10/2024,Dikembalikan,13
TRX003218,USR00366,BK00876,12/28/2024,1/11/2025,12/31/2024,Dikembalikan,3
TRX003219,USR00172,BK01269,4/12/2023,4/26/2023,4/19/2023,Dikembalikan,7
TRX003220,USR00025,BK00129,5/23/2025,6/6/2025,6/13/2025,Terlambat,21
TRX003221,USR00168,BK00351,5/19/2025,6/2/2025,5/30/2025,Dikembalikan,11
TRX003222,USR00237,BK01224,2/21/2024,3/6/2024,3/8/2024,Terlambat,16
TRX003223,USR00171,BK00510,12/2/2025,12/16/2025,12/10/2025,Dikembalikan,8
TRX003224,USR00360,BK00858,5/31/2025,6/14/2025,6/12/2025,Dikembalikan,12
TRX003225,USR00046,BK00192,6/19/2025,7/3/2025,7/1/2025,Dikembalikan,12
TRX003226,USR00022,BK00464,12/22/2023,1/5/2024,1/5/2024,Dikembalikan,14
TRX003227,USR00324,BK00367,6/14/2023,6/28/2023,6/23/2023,Dikembalikan,9
TRX003228,USR00209,BK01367,2/27/2023,3/13/2023,3/20/2023,Terlambat,21
TRX003229,USR00314,BK00769,3/6/2023,3/20/2023,3/12/2023,Dikembalikan,6
TRX003230,USR00061,BK01138,12/19/2024,1/2/2025,1/8/2025,Terlambat,20
TRX003231,USR00277,BK00418,2/23/2024,3/8/2024,3/3/2024,Dikembalikan,9
TRX003232,USR00072,BK01220,7/31/2023,8/14/2023,8/3/2023,Dikembalikan,3
TRX003233,USR00274,BK00025,12/2/2023,12/16/2023,12/23/2023,Terlambat,21
TRX003234,USR00232,BK00237,10/7/2023,10/21/2023,10/11/2023,Dikembalikan,4
TRX003235,USR00204,BK01057,8/6/2024,8/20/2024,8/21/2024,Terlambat,15
TRX003236,USR00045,BK00628,9/9/2025,9/23/2025,9/24/2025,Terlambat,15
TRX003237,USR00104,BK01378,11/8/2024,11/22/2024,11/12/2024,Dikembalikan,4
TRX003238,USR00002,BK01253,9/18/2024,10/2/2024,9/28/2024,Dikembalikan,10
TRX003239,USR00189,BK00576,11/14/2023,11/28/2023,11/28/2023,Dikembalikan,14
TRX003240,USR00213,BK00463,11/19/2025,12/3/2025,12/5/2025,Terlambat,16
TRX003241,USR00265,BK00676,8/8/2023,8/22/2023,8/19/2023,Dikembalikan,11
TRX003242,USR00335,BK00787,10/16/2023,10/30/2023,10/19/2023,Dikembalikan,3
TRX003243,USR00122,BK00810,4/18/2025,5/2/2025,5/1/2025,Dikembalikan,13
TRX003244,USR00062,BK00419,12/19/2025,1/2/2026,,Dipinjam,belum_kembali
TRX003245,USR00245,BK00955,1/16/2024,1/30/2024,2/4/2024,Terlambat,19
TRX003246,USR00227,BK00361,3/29/2023,4/12/2023,4/11/2023,Dikembalikan,13
TRX003247,USR00268,BK00536,4/5/2024,4/19/2024,4/9/2024,Dikembalikan,4
TRX003248,USR00081,BK00087,6/1/2025,6/15/2025,6/19/2025,Terlambat,18
TRX003249,USR00150,BK01199,9/9/2023,9/23/2023,9/12/2023,Dikembalikan,3
TRX003250,USR00132,BK00391,7/27/2025,8/10/2025,7/31/2025,Dikembalikan,4
TRX003251,USR00155,BK00092,8/23/2024,9/6/2024,9/4/2024,Dikembalikan,12
TRX003252,USR00296,BK00825,8/27/2023,9/10/2023,9/8/2023,Dikembalikan,12
TRX003253,USR00350,BK00993,9/17/2024,10/1/2024,9/27/2024,Dikembalikan,10
TRX003254,USR00014,BK01257,4/26/2025,5/10/2025,5/14/2025,Terlambat,18
TRX003255,USR00177,BK00322,12/1/2023,12/15/2023,12/22/2023,Terlambat,21
TRX003256,USR00157,BK01260,3/23/2024,4/6/2024,3/31/2024,Dikembalikan,8
TRX003257,USR00314,BK00514,9/28/2025,10/12/2025,10/2/2025,Dikembalikan,4
TRX003258,USR00056,BK01189,10/30/2024,11/13/2024,11/15/2024,Terlambat,16
TRX003259,USR00339,BK01092,8/12/2023,8/26/2023,8/23/2023,Dikembalikan,11
TRX003260,USR00055,BK01217,3/24/2025,4/7/2025,4/12/2025,Terlambat,19
TRX003261,USR00263,BK00352,2/26/2025,3/12/2025,3/18/2025,Terlambat,20
TRX003262,USR00159,BK00450,6/27/2023,7/11/2023,7/18/2023,Terlambat,21
TRX003263,USR00245,BK00991,1/17/2024,1/31/2024,1/27/2024,Dikembalikan,10
TRX003264,USR00228,BK00486,8/5/2025,8/19/2025,8/15/2025,Dikembalikan,10
TRX003265,USR00283,BK00607,12/12/2025,12/26/2025,12/23/2025,Dikembalikan,11
TRX003266,USR00316,BK00097,9/2/2023,9/16/2023,9/18/2023,Terlambat,16
TRX003267,USR00316,BK00205,5/14/2023,5/28/2023,5/20/2023,Dikembalikan,6
TRX003268,USR00292,BK00562,12/16/2023,12/30/2023,12/19/2023,Dikembalikan,3
TRX003269,USR00213,BK00405,12/5/2024,12/19/2024,12/17/2024,Dikembalikan,12
TRX003270,USR00201,BK00820,5/5/2025,5/19/2025,5/17/2025,Dikembalikan,12
TRX003271,USR00266,BK01061,3/22/2025,4/5/2025,4/10/2025,Terlambat,19
TRX003272,USR00207,BK01270,8/27/2025,9/10/2025,8/30/2025,Dikembalikan,3
TRX003273,USR00309,BK01343,4/2/2024,4/16/2024,4/22/2024,Terlambat,20
TRX003274,USR00332,BK00480,8/28/2025,9/11/2025,9/16/2025,Terlambat,19
TRX003275,USR00184,BK00220,4/8/2025,4/22/2025,4/22/2025,Dikembalikan,14
TRX003276,USR00376,BK00523,6/25/2024,7/9/2024,6/30/2024,Dikembalikan,5
TRX003277,USR00353,BK00079,9/23/2023,10/7/2023,10/5/2023,Dikembalikan,12
TRX003278,USR00005,BK01143,12/15/2025,12/29/2025,12/23/2025,Dikembalikan,8
TRX003279,USR00243,BK00350,3/11/2023,3/25/2023,3/31/2023,Terlambat,20
TRX003280,USR00371,BK01224,6/10/2023,6/24/2023,6/21/2023,Dikembalikan,11
TRX003281,USR00242,BK00097,7/13/2025,7/27/2025,7/20/2025,Dikembalikan,7
TRX003282,USR00377,BK00140,12/1/2025,12/15/2025,12/4/2025,Dikembalikan,3
TRX003283,USR00037,BK01204,7/21/2024,8/4/2024,8/11/2024,Terlambat,21
TRX003284,USR00130,BK00550,6/6/2024,6/20/2024,6/27/2024,Terlambat,21
TRX003285,USR00325,BK00497,7/16/2023,7/30/2023,7/25/2023,Dikembalikan,9
TRX003286,USR00067,BK00872,8/30/2025,9/13/2025,9/6/2025,Dikembalikan,7
TRX003287,USR00272,BK00600,7/31/2023,8/14/2023,8/20/2023,Terlambat,20
TRX003288,USR00273,BK00785,1/17/2025,1/31/2025,2/5/2025,Terlambat,19
TRX003289,USR00185,BK00773,3/25/2025,4/8/2025,4/12/2025,Terlambat,18
TRX003290,USR00299,BK00723,5/29/2023,6/12/2023,6/16/2023,Terlambat,18
TRX003291,USR00065,BK00539,11/13/2023,11/27/2023,12/2/2023,Terlambat,19
TRX003292,USR00335,BK00849,4/27/2025,5/11/2025,5/8/2025,Dikembalikan,11
TRX003293,USR00087,BK00909,5/23/2024,6/6/2024,6/13/2024,Terlambat,21
TRX003294,USR00360,BK00922,6/28/2025,7/12/2025,7/8/2025,Dikembalikan,10
TRX003295,USR00006,BK00808,4/29/2023,5/13/2023,5/19/2023,Terlambat,20
TRX003296,USR00322,BK00885,1/12/2024,1/26/2024,1/29/2024,Terlambat,17
TRX003297,USR00266,BK01063,5/21/2025,6/4/2025,6/11/2025,Terlambat,21
TRX003298,USR00304,BK01009,11/23/2025,12/7/2025,11/30/2025,Dikembalikan,7
TRX003299,USR00120,BK01243,12/9/2023,12/23/2023,12/21/2023,Dikembalikan,12
TRX003300,USR00359,BK01180,11/28/2024,12/12/2024,12/14/2024,Terlambat,16
TRX003301,USR00267,BK00515,11/23/2023,12/7/2023,12/3/2023,Dikembalikan,10
TRX003302,USR00118,BK01209,3/7/2025,3/21/2025,3/25/2025,Terlambat,18
TRX003303,USR00282,BK01172,10/3/2025,10/17/2025,10/7/2025,Dikembalikan,4
TRX003304,USR00332,BK00516,11/5/2023,11/19/2023,11/25/2023,Terlambat,20
TRX003305,USR00179,BK00525,6/15/2025,6/29/2025,6/21/2025,Dikembalikan,6
TRX003306,USR00377,BK00633,11/21/2023,12/5/2023,11/25/2023,Dikembalikan,4
TRX003307,USR00012,BK00538,9/20/2023,10/4/2023,10/2/2023,Dikembalikan,12
TRX003308,USR00280,BK00723,3/14/2024,3/28/2024,3/31/2024,Terlambat,17
TRX003309,USR00318,BK00890,9/9/2025,9/23/2025,9/19/2025,Dikembalikan,10
TRX003310,USR00181,BK00546,7/29/2025,8/12/2025,8/14/2025,Terlambat,16
TRX003311,USR00122,BK00837,11/10/2024,11/24/2024,11/15/2024,Dikembalikan,5
TRX003312,USR00048,BK01281,5/23/2025,6/6/2025,6/6/2025,Dikembalikan,14
TRX003313,USR00027,BK00175,5/29/2024,6/12/2024,6/8/2024,Dikembalikan,10
TRX003314,USR00056,BK01207,5/20/2024,6/3/2024,6/7/2024,Terlambat,18
TRX003315,USR00331,BK01333,5/2/2025,5/16/2025,5/7/2025,Dikembalikan,5
TRX003316,USR00233,BK01008,3/29/2024,4/12/2024,4/11/2024,Dikembalikan,13
TRX003317,USR00121,BK00863,10/10/2023,10/24/2023,10/21/2023,Dikembalikan,11
TRX003318,USR00141,BK00551,5/31/2023,6/14/2023,6/20/2023,Terlambat,20
TRX003319,USR00341,BK00760,11/16/2025,11/30/2025,11/25/2025,Dikembalikan,9
TRX003320,USR00127,BK00256,12/7/2023,12/21/2023,12/16/2023,Dikembalikan,9
TRX003321,USR00291,BK01159,2/11/2025,2/25/2025,2/15/2025,Dikembalikan,4
TRX003322,USR00128,BK01195,12/20/2024,1/3/2025,1/4/2025,Terlambat,15
TRX003323,USR00003,BK00761,11/24/2025,12/8/2025,12/2/2025,Dikembalikan,8
TRX003324,USR00119,BK00828,5/27/2023,6/10/2023,6/11/2023,Terlambat,15
TRX003325,USR00237,BK01183,4/24/2024,5/8/2024,5/11/2024,Terlambat,17
TRX003326,USR00240,BK00618,8/20/2024,9/3/2024,8/23/2024,Dikembalikan,3
TRX003327,USR00301,BK01199,3/5/2023,3/19/2023,3/17/2023,Dikembalikan,12
TRX003328,USR00105,BK00947,1/20/2023,2/3/2023,2/8/2023,Terlambat,19
TRX003329,USR00041,BK00408,2/1/2023,2/15/2023,2/20/2023,Terlambat,19
TRX003330,USR00235,BK00585,1/7/2023,1/21/2023,1/25/2023,Terlambat,18
TRX003331,USR00348,BK00186,2/28/2024,3/13/2024,3/8/2024,Dikembalikan,9
TRX003332,USR00026,BK00749,3/8/2023,3/22/2023,3/16/2023,Dikembalikan,8
TRX003333,USR00059,BK00794,8/18/2024,9/1/2024,8/26/2024,Dikembalikan,8
TRX003334,USR00252,BK00940,4/6/2025,4/20/2025,4/20/2025,Dikembalikan,14
TRX003335,USR00014,BK01282,3/10/2024,3/24/2024,3/17/2024,Dikembalikan,7
TRX003336,USR00025,BK00211,10/11/2025,10/25/2025,10/14/2025,Dikembalikan,3
TRX003337,USR00129,BK01014,10/6/2024,10/20/2024,10/24/2024,Terlambat,18
TRX003338,USR00111,BK01313,8/4/2024,8/18/2024,8/10/2024,Dikembalikan,6
TRX003339,USR00373,BK01371,6/2/2025,6/16/2025,6/17/2025,Terlambat,15
TRX003340,USR00289,BK00972,12/3/2024,12/17/2024,12/12/2024,Dikembalikan,9
TRX003341,USR00230,BK00761,2/12/2023,2/26/2023,2/20/2023,Dikembalikan,8
TRX003342,USR00363,BK00556,7/7/2023,7/21/2023,7/26/2023,Terlambat,19
TRX003343,USR00309,BK01125,3/3/2025,3/17/2025,3/20/2025,Terlambat,17
TRX003344,USR00262,BK01256,6/22/2024,7/6/2024,7/7/2024,Terlambat,15
TRX003345,USR00173,BK00496,7/3/2024,7/17/2024,7/11/2024,Dikembalikan,8
TRX003346,USR00323,BK01321,9/27/2024,10/11/2024,10/18/2024,Terlambat,21
TRX003347,USR00047,BK00444,4/13/2023,4/27/2023,5/3/2023,Terlambat,20
TRX003348,USR00365,BK01185,8/25/2023,9/8/2023,9/13/2023,Terlambat,19
TRX003349,USR00360,BK00857,8/10/2023,8/24/2023,8/22/2023,Dikembalikan,12
TRX003350,USR00053,BK01227,9/18/2024,10/2/2024,10/7/2024,Terlambat,19
TRX003351,USR00254,BK01172,9/5/2023,9/19/2023,9/26/2023,Terlambat,21
TRX003352,USR00084,BK01095,4/26/2023,5/10/2023,5/4/2023,Dikembalikan,8
TRX003353,USR00256,BK01307,8/19/2024,9/2/2024,8/31/2024,Dikembalikan,12
TRX003354,USR00170,BK00289,6/23/2023,7/7/2023,7/2/2023,Dikembalikan,9
TRX003355,USR00022,BK00447,3/4/2023,3/18/2023,3/8/2023,Dikembalikan,4
TRX003356,USR00084,BK01226,9/26/2023,10/10/2023,10/6/2023,Dikembalikan,10
TRX003357,USR00217,BK00833,12/14/2024,12/28/2024,12/31/2024,Terlambat,17
TRX003358,USR00228,BK01010,6/24/2025,7/8/2025,6/29/2025,Dikembalikan,5
TRX003359,USR00108,BK00618,8/6/2024,8/20/2024,8/12/2024,Dikembalikan,6
TRX003360,USR00205,BK00828,9/23/2025,10/7/2025,10/7/2025,Dikembalikan,14
TRX003361,USR00233,BK01343,2/18/2024,3/3/2024,2/25/2024,Dikembalikan,7
TRX003362,USR00371,BK01204,9/8/2025,9/22/2025,9/17/2025,Dikembalikan,9
TRX003363,USR00155,BK00126,7/13/2025,7/27/2025,8/3/2025,Terlambat,21
TRX003364,USR00103,BK00711,3/3/2023,3/17/2023,3/15/2023,Dikembalikan,12
TRX003365,USR00034,BK01188,7/22/2024,8/5/2024,8/3/2024,Dikembalikan,12
TRX003366,USR00117,BK01225,7/4/2025,7/18/2025,7/19/2025,Terlambat,15
TRX003367,USR00310,BK00559,3/3/2025,3/17/2025,3/21/2025,Terlambat,18
TRX003368,USR00310,BK00552,1/17/2023,1/31/2023,2/5/2023,Terlambat,19
TRX003369,USR00372,BK00881,6/11/2023,6/25/2023,6/23/2023,Dikembalikan,12
TRX003370,USR00094,BK00223,8/7/2024,8/21/2024,8/11/2024,Dikembalikan,4
TRX003371,USR00050,BK00647,6/17/2024,7/1/2024,7/4/2024,Terlambat,17
TRX003372,USR00300,BK01018,9/6/2024,9/20/2024,9/17/2024,Dikembalikan,11
TRX003373,USR00317,BK00715,5/5/2023,5/19/2023,5/18/2023,Dikembalikan,13
TRX003374,USR00150,BK01203,7/21/2024,8/4/2024,7/25/2024,Dikembalikan,4
TRX003375,USR00189,BK00311,5/18/2024,6/1/2024,5/24/2024,Dikembalikan,6
TRX003376,USR00123,BK00547,5/4/2024,5/18/2024,5/21/2024,Terlambat,17
TRX003377,USR00207,BK00521,3/5/2023,3/19/2023,3/15/2023,Dikembalikan,10
TRX003378,USR00236,BK00642,2/8/2023,2/22/2023,2/28/2023,Terlambat,20
TRX003379,USR00128,BK01210,9/10/2025,9/24/2025,9/27/2025,Terlambat,17
TRX003380,USR00150,BK01186,1/27/2024,2/10/2024,2/17/2024,Terlambat,21
TRX003381,USR00323,BK01378,10/22/2024,11/5/2024,11/6/2024,Terlambat,15
TRX003382,USR00177,BK00739,9/15/2024,9/29/2024,9/30/2024,Terlambat,15
TRX003383,USR00044,BK00421,9/14/2025,9/28/2025,9/19/2025,Dikembalikan,5
TRX003384,USR00360,BK00857,12/16/2025,12/30/2025,,Dipinjam,belum_kembali
TRX003385,USR00195,BK00331,4/8/2024,4/22/2024,4/28/2024,Terlambat,20
TRX003386,USR00310,BK00501,2/10/2024,2/24/2024,2/17/2024,Dikembalikan,7
TRX003387,USR00032,BK00739,11/22/2025,12/6/2025,12/8/2025,Terlambat,16
TRX003388,USR00098,BK00342,7/20/2024,8/3/2024,8/10/2024,Terlambat,21
TRX003389,USR00354,BK00459,8/31/2024,9/14/2024,9/11/2024,Dikembalikan,11
TRX003390,USR00157,BK00845,6/9/2024,6/23/2024,6/30/2024,Terlambat,21
TRX003391,USR00226,BK01237,8/12/2023,8/26/2023,8/29/2023,Terlambat,17
TRX003392,USR00176,BK00709,6/6/2023,6/20/2023,6/14/2023,Dikembalikan,8
TRX003393,USR00206,BK00491,11/5/2025,11/19/2025,11/13/2025,Dikembalikan,8
TRX003394,USR00019,BK00168,11/30/2023,12/14/2023,12/3/2023,Dikembalikan,3
TRX003395,USR00147,BK01014,12/27/2024,1/10/2025,1/11/2025,Terlambat,15
TRX003396,USR00062,BK00454,6/13/2023,6/27/2023,6/21/2023,Dikembalikan,8
TRX003397,USR00218,BK00102,9/30/2023,10/14/2023,10/12/2023,Dikembalikan,12
TRX003398,USR00189,BK01117,10/3/2024,10/17/2024,10/20/2024,Terlambat,17
TRX003399,USR00230,BK00478,10/25/2023,11/8/2023,11/11/2023,Terlambat,17
TRX003400,USR00256,BK01190,12/24/2023,1/7/2024,1/11/2024,Terlambat,18
TRX003401,USR00116,BK00826,2/9/2024,2/23/2024,2/19/2024,Dikembalikan,10
TRX003402,USR00022,BK00401,11/13/2023,11/27/2023,11/16/2023,Dikembalikan,3
TRX003403,USR00132,BK00277,7/5/2025,7/19/2025,7/20/2025,Terlambat,15
TRX003404,USR00309,BK01249,1/15/2025,1/29/2025,1/19/2025,Dikembalikan,4
TRX003405,USR00047,BK00442,3/13/2024,3/27/2024,3/18/2024,Dikembalikan,5
TRX003406,USR00080,BK00066,9/24/2025,10/8/2025,10/4/2025,Dikembalikan,10
TRX003407,USR00109,BK00622,10/15/2023,10/29/2023,10/24/2023,Dikembalikan,9
TRX003408,USR00335,BK00830,7/30/2024,8/13/2024,8/15/2024,Terlambat,16
TRX003409,USR00078,BK00565,3/27/2024,4/10/2024,4/16/2024,Terlambat,20
TRX003410,USR00116,BK01121,6/11/2025,6/25/2025,6/22/2025,Dikembalikan,11
TRX003411,USR00299,BK00682,11/16/2025,11/30/2025,11/24/2025,Dikembalikan,8
TRX003412,USR00380,BK00784,9/6/2024,9/20/2024,9/15/2024,Dikembalikan,9
TRX003413,USR00247,BK00924,11/26/2024,12/10/2024,12/7/2024,Dikembalikan,11
TRX003414,USR00110,BK00960,9/14/2023,9/28/2023,10/4/2023,Terlambat,20
TRX003415,USR00034,BK00662,10/13/2025,10/27/2025,11/1/2025,Terlambat,19
TRX003416,USR00176,BK00543,11/3/2025,11/17/2025,11/15/2025,Dikembalikan,12
TRX003417,USR00140,BK01301,5/30/2023,6/13/2023,6/9/2023,Dikembalikan,10
TRX003418,USR00197,BK00631,8/6/2025,8/20/2025,8/17/2025,Dikembalikan,11
TRX003419,USR00277,BK00388,2/7/2023,2/21/2023,2/21/2023,Dikembalikan,14
TRX003420,USR00099,BK01222,6/17/2024,7/1/2024,6/21/2024,Dikembalikan,4
TRX003421,USR00026,BK00511,10/7/2024,10/21/2024,10/18/2024,Dikembalikan,11
TRX003422,USR00153,BK00466,2/17/2023,3/3/2023,3/5/2023,Terlambat,16
TRX003423,USR00211,BK00832,12/15/2024,12/29/2024,1/5/2025,Terlambat,21
TRX003424,USR00094,BK00181,1/3/2023,1/17/2023,1/13/2023,Dikembalikan,10
TRX003425,USR00073,BK00493,5/27/2024,6/10/2024,6/7/2024,Dikembalikan,11
TRX003426,USR00202,BK01277,2/3/2023,2/17/2023,2/16/2023,Dikembalikan,13
TRX003427,USR00157,BK01278,3/7/2024,3/21/2024,3/13/2024,Dikembalikan,6
TRX003428,USR00166,BK01312,10/13/2025,10/27/2025,10/23/2025,Dikembalikan,10
TRX003429,USR00210,BK01012,2/25/2023,3/11/2023,3/1/2023,Dikembalikan,4
TRX003430,USR00022,BK00089,3/4/2024,3/18/2024,3/12/2024,Dikembalikan,8
TRX003431,USR00304,BK00975,10/19/2023,11/2/2023,10/22/2023,Dikembalikan,3
TRX003432,USR00248,BK01253,1/23/2025,2/6/2025,2/6/2025,Dikembalikan,14
TRX003433,USR00309,BK00927,2/22/2025,3/8/2025,3/1/2025,Dikembalikan,7
TRX003434,USR00219,BK01310,1/30/2025,2/13/2025,2/14/2025,Terlambat,15
TRX003435,USR00170,BK00431,6/25/2025,7/9/2025,7/15/2025,Terlambat,20
TRX003436,USR00035,BK00214,4/14/2024,4/28/2024,4/24/2024,Dikembalikan,10
TRX003437,USR00367,BK01188,3/1/2024,3/15/2024,3/6/2024,Dikembalikan,5
TRX003438,USR00363,BK00501,6/30/2025,7/14/2025,7/20/2025,Terlambat,20
TRX003439,USR00039,BK01172,12/20/2025,1/3/2026,,Dipinjam,belum_kembali
TRX003440,USR00216,BK00219,11/27/2024,12/11/2024,12/15/2024,Terlambat,18
TRX003441,USR00240,BK00660,11/27/2025,12/11/2025,12/6/2025,Dikembalikan,9
TRX003442,USR00199,BK00515,1/10/2025,1/24/2025,1/31/2025,Terlambat,21
TRX003443,USR00358,BK01309,8/21/2024,9/4/2024,9/5/2024,Terlambat,15
TRX003444,USR00373,BK00874,7/12/2025,7/26/2025,7/24/2025,Dikembalikan,12
TRX003445,USR00153,BK00171,2/11/2025,2/25/2025,2/28/2025,Terlambat,17
TRX003446,USR00341,BK01350,12/30/2025,1/13/2026,,Dipinjam,belum_kembali
TRX003447,USR00149,BK01083,11/3/2024,11/17/2024,11/7/2024,Dikembalikan,4
TRX003448,USR00086,BK00390,9/28/2023,10/12/2023,10/2/2023,Dikembalikan,4
TRX003449,USR00032,BK00408,9/17/2023,10/1/2023,9/21/2023,Dikembalikan,4
TRX003450,USR00352,BK01289,8/5/2025,8/19/2025,8/17/2025,Dikembalikan,12
TRX003451,USR00279,BK00514,12/27/2025,1/10/2026,,Dipinjam,belum_kembali
TRX003452,USR00279,BK00494,1/25/2024,2/8/2024,2/2/2024,Dikembalikan,8
TRX003453,USR00356,BK00826,7/4/2024,7/18/2024,7/7/2024,Dikembalikan,3
TRX003454,USR00027,BK00185,9/17/2025,10/1/2025,9/22/2025,Dikembalikan,5
TRX003455,USR00159,BK00293,1/1/2023,1/15/2023,1/7/2023,Dikembalikan,6
TRX003456,USR00092,BK00062,9/27/2025,10/11/2025,10/5/2025,Dikembalikan,8
TRX003457,USR00132,BK00498,5/28/2023,6/11/2023,6/12/2023,Terlambat,15
TRX003458,USR00127,BK00581,6/6/2025,6/20/2025,6/11/2025,Dikembalikan,5
TRX003459,USR00247,BK00367,3/14/2025,3/28/2025,3/30/2025,Terlambat,16
TRX003460,USR00184,BK00389,3/1/2023,3/15/2023,3/19/2023,Terlambat,18
TRX003461,USR00083,BK00800,6/26/2025,7/10/2025,7/9/2025,Dikembalikan,13
TRX003462,USR00081,BK00771,2/21/2023,3/7/2023,3/13/2023,Terlambat,20
TRX003463,USR00253,BK00531,1/30/2024,2/13/2024,2/2/2024,Dikembalikan,3
TRX003464,USR00004,BK01083,6/13/2023,6/27/2023,7/2/2023,Terlambat,19
TRX003465,USR00077,BK01177,5/2/2023,5/16/2023,5/20/2023,Terlambat,18
TRX003466,USR00207,BK01286,7/2/2024,7/16/2024,7/11/2024,Dikembalikan,9
TRX003467,USR00149,BK01038,8/30/2024,9/13/2024,9/6/2024,Dikembalikan,7
TRX003468,USR00348,BK00618,10/15/2023,10/29/2023,10/24/2023,Dikembalikan,9
TRX003469,USR00041,BK00362,7/29/2024,8/12/2024,8/16/2024,Terlambat,18
TRX003470,USR00229,BK00036,5/6/2023,5/20/2023,5/22/2023,Terlambat,16
TRX003471,USR00120,BK01273,12/18/2025,1/1/2026,,Dipinjam,belum_kembali
TRX003472,USR00299,BK00368,12/3/2023,12/17/2023,12/8/2023,Dikembalikan,5
TRX003473,USR00065,BK00539,11/26/2023,12/10/2023,11/29/2023,Dikembalikan,3
TRX003474,USR00349,BK00836,8/3/2023,8/17/2023,8/9/2023,Dikembalikan,6
TRX003475,USR00192,BK00984,7/9/2024,7/23/2024,7/26/2024,Terlambat,17
TRX003476,USR00255,BK00615,11/8/2024,11/22/2024,11/28/2024,Terlambat,20
TRX003477,USR00318,BK00884,7/10/2025,7/24/2025,7/31/2025,Terlambat,21
TRX003478,USR00112,BK00009,3/27/2025,4/10/2025,4/13/2025,Terlambat,17
TRX003479,USR00187,BK00626,9/28/2025,10/12/2025,10/3/2025,Dikembalikan,5
TRX003480,USR00057,BK01090,9/16/2025,9/30/2025,10/5/2025,Terlambat,19
TRX003481,USR00095,BK00451,3/20/2024,4/3/2024,3/24/2024,Dikembalikan,4
TRX003482,USR00210,BK00947,2/1/2024,2/15/2024,2/12/2024,Dikembalikan,11
TRX003483,USR00030,BK00674,2/23/2023,3/9/2023,3/12/2023,Terlambat,17
TRX003484,USR00029,BK01199,3/15/2025,3/29/2025,4/1/2025,Terlambat,17
TRX003485,USR00214,BK00504,8/18/2024,9/1/2024,8/23/2024,Dikembalikan,5
TRX003486,USR00210,BK01222,11/30/2024,12/14/2024,12/5/2024,Dikembalikan,5
TRX003487,USR00351,BK00577,4/18/2023,5/2/2023,4/27/2023,Dikembalikan,9
TRX003488,USR00298,BK00806,7/3/2023,7/17/2023,7/21/2023,Terlambat,18
TRX003489,USR00105,BK01008,4/6/2024,4/20/2024,4/16/2024,Dikembalikan,10
TRX003490,USR00132,BK00482,6/12/2024,6/26/2024,7/2/2024,Terlambat,20
TRX003491,USR00347,BK00139,1/27/2023,2/10/2023,2/16/2023,Terlambat,20
TRX003492,USR00077,BK01177,6/11/2023,6/25/2023,6/17/2023,Dikembalikan,6
TRX003493,USR00060,BK00467,4/19/2024,5/3/2024,4/23/2024,Dikembalikan,4
TRX003494,USR00130,BK00418,8/9/2025,8/23/2025,8/27/2025,Terlambat,18
TRX003495,USR00193,BK01254,11/23/2025,12/7/2025,11/29/2025,Dikembalikan,6
TRX003496,USR00019,BK00472,5/1/2025,5/15/2025,5/17/2025,Terlambat,16
TRX003497,USR00037,BK00043,9/21/2023,10/5/2023,9/26/2023,Dikembalikan,5
TRX003498,USR00248,BK01176,8/23/2023,9/6/2023,8/28/2023,Dikembalikan,5
TRX003499,USR00142,BK01181,12/29/2025,1/12/2026,,Dipinjam,belum_kembali
TRX003500,USR00301,BK00833,7/15/2024,7/29/2024,7/31/2024,Terlambat,16
