,id_transaksi,id_user,id_buku,tanggal_pinjam,tanggal_kembali_rencana,tanggal_kembali_aktual,status,lama_waktu_pinjam(hari),judul,pengarang,penerbit,tahun_terbit,fakultas_terkait,prodi_terkait,kategori,sinopsis,tags,bahasa,jenis_koleksi,jumlah_halaman,isbn,stok
0,TRX000001,USR00267,BK00570,2024-01-30,2024-02-13,2024-02-16,Terlambat,17.0,Pengantar Toksikologi,Puspa Winarno,UI Press,2008,"Fakultas Sains, Teknologi, & Kesehatan",Farmasi,Farmakologi & Kefarmasian,"Buku ini memberikan pemahaman menyeluruh tentang efek samping dan dosis obat, formulasi sediaan farmasi, serta pelayanan kefarmasian klinis. Menjadi rujukan penting dalam perkuliahan dan penelitian terkait.","farmakokinetik, toksikologi, formulasi obat, farmakologi",Indonesia,Fisik,234,978-1-183-76064-6,0
1,TRX000011,USR00215,BK01170,2024-07-07,2024-07-21,2024-07-23,Terlambat,16.0,Konsep Psikologi Klinis Modern,Umi Namaga,PT Grasindo,2014,"Fakultas Sosial, Humaniora, & Seni",Psikologi,Psikologi Umum & Klinis,"Buku ini dirancang sebagai panduan untuk memahami gangguan psikologis dan penanganannya, perkembangan kepribadian individu, serta intervensi psikoterapi klinis. Cocok digunakan sebagai referensi utama bagi mahasiswa dan praktisi.","psikoterapi, psikologi, perkembangan manusia, kepribadian",Indonesia,Fisik,151,978-0-582-95829-6,7
2,TRX000023,USR00292,BK00600,2024-08-06,2024-08-20,2024-08-21,Terlambat,15.0,Farmasetika Klinis Edisi Ke-2,"Zaenab Utami, Drs. Fitriani Irawan, S.Pd",Andi Publisher,2018,"Fakultas Sains, Teknologi, & Kesehatan",Farmasi,Farmakologi & Kefarmasian,"Buku ini membahas secara mendalam tentang interaksi obat dalam tubuh, mekanisme kerja obat, serta efek samping dan dosis obat. Disusun dengan bahasa yang mudah dipahami untuk kalangan akademik.","farmakologi, farmakokinetik, apoteker, kimia farmasi",Indonesia,Fisik,469,978-0-7601-2277-8,8
3,TRX000024,USR00074,BK01226,2025-05-30,2025-06-13,2025-06-16,Terlambat,17.0,Dasar-Dasar Psikologi Perkembangan,"Wirda Suryatmi, Jelita Oktaviani",Pustaka Pelajar,2019,"Fakultas Sosial, Humaniora, & Seni",Psikologi,Psikologi Umum & Klinis,"Buku ini dirancang sebagai panduan untuk memahami perilaku dan proses mental manusia, dinamika interaksi sosial manusia, serta intervensi psikoterapi klinis. Dilengkapi dengan contoh kasus dan studi lapangan yang relevan.","psikoterapi, psikologi klinis, perkembangan manusia, psikologi",Indonesia,Fisik,324,978-1-5089-1776-2,4
4,TRX000032,USR00127,BK00260,2025-01-23,2025-02-06,2025-02-08,Terlambat,16.0,Konsep Sistem Basis Data,"R. Padmi Nainggolan, Dr. Puput Saragih, S.E.",Deepublish,2021,"Fakultas Sains, Teknologi, & Kesehatan",Informatika,Basis Data,"Buku ini menyajikan kajian komprehensif mengenai normalisasi data, query dan manipulasi data, serta arsitektur data warehouse. Dilengkapi dengan contoh kasus dan studi lapangan yang relevan.","query, database, sql, nosql",Indonesia,Fisik,459,978-0-10-393087-9,5
5,TRX000034,USR00313,BK00902,2025-04-17,2025-05-01,2025-05-03,Terlambat,16.0,Teknik Motion Graphic,Elvina Rajata,PT Grasindo,2018,"Fakultas Sosial, Humaniora, & Seni",Desain Komunikasi Visual,Fotografi & Multimedia,"Buku ini dirancang sebagai panduan untuk memahami produksi konten multimedia digital, desain media interaktif, serta animasi dan motion graphic. Membantu pembaca membangun pemahaman konseptual maupun praktis.","media interaktif, motion graphic, multimedia, editing visual",Indonesia,E-book,448,978-1-72322-903-9,9999
6,TRX000039,USR00183,BK00867,2024-10-24,2024-11-07,2024-11-11,Terlambat,18.0,Kreativitas dalam Desain Multimedia,"Hj. Cici Sitorus, M.Ak",Salemba Empat,2019,"Fakultas Sosial, Humaniora, & Seni",Desain Komunikasi Visual,Fotografi & Multimedia,"Buku ini memberikan pemahaman menyeluruh tentang desain media interaktif, animasi dan motion graphic, serta teknik pengambilan gambar fotografi. Dilengkapi dengan contoh kasus dan studi lapangan yang relevan.","motion graphic, videografi, multimedia, editing visual",Indonesia,Fisik,450,978-1-9750-1980-8,7
7,TRX000041,USR00172,BK01296,2024-05-25,2024-06-08,2024-06-13,Terlambat,19.0,Media Digital di Era Digital,"Juli Pudjiastuti, Raden Nugroho",Pustaka Pelajar,2023,"Fakultas Sosial, Humaniora, & Seni",Ilmu Komunikasi,Komunikasi & Media,"Buku ini dirancang sebagai panduan untuk memahami pengaruh media sosial terhadap opini publik, strategi media dan publikasi, serta dinamika komunikasi massa. Dilengkapi dengan contoh kasus dan studi lapangan yang relevan.","public relations, jurnalistik, media sosial, broadcasting",Indonesia,E-book,524,978-1-7323182-9-8,9999
8,TRX000042,USR00103,BK00631,2023-04-17,2023-05-01,2023-05-02,Terlambat,15.0,Pengantar Kimia Farmasi,Aisyah Nuraini,Pustaka Pelajar,2016,"Fakultas Sains, Teknologi, & Kesehatan",Farmasi,Farmakologi & Kefarmasian,"Buku ini memberikan pemahaman menyeluruh tentang efek samping dan dosis obat, pelayanan kefarmasian klinis, serta formulasi sediaan farmasi. Membantu pembaca membangun pemahaman konseptual maupun praktis.","formulasi obat, apoteker, obat, farmasi klinis",Indonesia,Fisik,232,978-1-4111-8242-4,1
9,TRX000046,USR00050,BK00749,2023-10-29,2023-11-12,2023-11-16,Terlambat,18.0,Panduan Praktik Praktik Klinik Ners Edisi Revisi,"Ella Wahyudin, Gandi Wastuti",Graha Ilmu,2011,"Fakultas Sains, Teknologi, & Kesehatan",Profesi Ners,Keperawatan Profesi Ners,"Buku ini dirancang sebagai panduan untuk memahami residensi dan pembelajaran klinik lanjutan, praktik klinik keperawatan profesional, serta penerapan evidence-based practice. Dilengkapi dengan contoh kasus dan studi lapangan yang relevan.","evidence based practice, residensi keperawatan, keperawatan komprehensif, praktik klinis ners",Indonesia,E-book,127,978-0-447-44309-7,9999
10,TRX000049,USR00278,BK01260,2025-04-05,2025-04-19,2025-04-24,Terlambat,19.0,Jurnalistik di Era Digital,Jabal Nainggolan,Gramedia Pustaka Utama,2014,"Fakultas Sosial, Humaniora, & Seni",Ilmu Komunikasi,Komunikasi & Media,"Buku ini menyajikan kajian komprehensif mengenai jurnalisme di era digital, hubungan masyarakat dan citra publik, serta strategi media dan publikasi. Dilengkapi dengan contoh kasus dan studi lapangan yang relevan.","public relations, media digital, komunikasi massa, broadcasting",Indonesia,E-book,483,978-1-05-560571-6,9999
11,TRX000051,USR00034,BK00666,2025-01-29,2025-02-12,2025-02-15,Terlambat,17.0,Teknologi Farmasi Komunitas,"drg. Suci Padmasari, Argono Pranowo, S.H.",Bumi Aksara,2006,"Fakultas Sains, Teknologi, & Kesehatan",Farmasi,Teknologi Farmasi & Pelayanan Kefarmasian,"Buku ini memberikan pemahaman menyeluruh tentang manajemen obat dan compounding, pelayanan kefarmasian di rumah sakit, serta teknologi pembuatan sediaan obat. Menjadi rujukan penting dalam perkuliahan dan penelitian terkait.","compounding obat, farmasi rumah sakit, pelayanan kefarmasian, farmasi komunitas",Inggris,Fisik,499,978-1-363-46692-4,1
12,TRX000054,USR00308,BK00071,2023-12-21,2024-01-04,2024-01-06,Terlambat,16.0,Natural Language Processing untuk Pemula,"Devi Yuliarti, R. Najwa Siregar, M.TI.",Gramedia Pustaka Utama,2008,"Fakultas Sains, Teknologi, & Kesehatan",Informatika,Kecerdasan Buatan & Data Science,"Buku ini mengulas berbagai aspek penting dari pembelajaran mesin, otomatisasi cerdas, serta analisis data besar. Disusun dengan bahasa yang mudah dipahami untuk kalangan akademik.","machine learning, data mining, deep learning, data science",Inggris,E-book,340,978-1-77378-263-8,9999
13,TRX000055,USR00190,BK00028,2025-06-29,2025-07-13,2025-07-19,Terlambat,20.0,Algoritma dan Algoritma,"R.M. Makuta Saptono, S.E., Maimunah Puspasari, S.Farm",Graha Ilmu,2015,"Fakultas Sains, Teknologi, & Kesehatan",Informatika,Pemrograman & Algoritma,"Buku ini menyajikan kajian komprehensif mengenai pemecahan masalah komputasional, algoritma dan struktur data, serta implementasi kode. Disusun dengan bahasa yang mudah dipahami untuk kalangan akademik.","kompleksitas, logika komputasi, struktur data, python",Indonesia,Fisik,197,978-0-12-805982-1,3
14,TRX000058,USR00220,BK00982,2024-08-07,2024-08-21,2024-08-26,Terlambat,19.0,Pengantar Pencahayaan Ruang,"Rika Rajata, S.Kom",Alfabeta,2021,"Fakultas Sosial, Humaniora, & Seni",Desain Interior,Desain Interior & Arsitektur Ruang,"Buku ini menyajikan kajian komprehensif mengenai prinsip pencahayaan dan estetika ruang, pemilihan material dan furnitur, serta ergonomi dalam desain ruang. Cocok digunakan sebagai referensi utama bagi mahasiswa dan praktisi.","furnitur, ergonomi ruang, tata ruang, pencahayaan ruang",Indonesia,Fisik,426,978-1-07-401775-0,0
15,TRX000059,USR00038,BK00632,2024-01-25,2024-02-08,2024-02-11,Terlambat,17.0,Panduan Pelayanan Kefarmasian Edisi Terbaru,"Dodo Irawan, Gaiman Wasita",Kencana Prenada,2018,"Fakultas Sains, Teknologi, & Kesehatan",Farmasi,Teknologi Farmasi & Pelayanan Kefarmasian,"Buku ini memberikan pemahaman menyeluruh tentang manajemen obat dan compounding, teknologi pembuatan sediaan obat, serta standar pelayanan farmasi profesional. Membantu pembaca membangun pemahaman konseptual maupun praktis.","pelayanan kefarmasian, compounding obat, teknologi farmasi, farmasi rumah sakit",Indonesia,Fisik,257,978-0-9520046-1-5,8
16,TRX000062,USR00170,BK00104,2025-05-12,2025-05-26,2025-05-29,Terlambat,17.0,Kecerdasan Buatan: Teori dan Praktik,Gasti Mulyani,Erlangga,2006,"Fakultas Sains, Teknologi, & Kesehatan",Informatika,Kecerdasan Buatan & Data Science,"Buku ini dirancang sebagai panduan untuk memahami pembelajaran mesin, prediksi berbasis data, serta jaringan saraf tiruan. Cocok digunakan sebagai referensi utama bagi mahasiswa dan praktisi.","big data, neural network, data science, deep learning",Indonesia,E-book,290,978-1-61497-840-4,9999
17,TRX000065,USR00153,BK00458,2023-04-06,2023-04-20,2023-04-27,Terlambat,21.0,Rantai Pasok: Konsep dan Praktik,drg. Asirwanda Mustofa,Salemba Empat,2006,"Fakultas Sains, Teknologi, & Kesehatan",Teknik Industri,Ergonomi & Rantai Pasok,"Buku ini membahas secara mendalam tentang pengendalian persediaan barang, optimalisasi jaringan logistik, serta keselamatan dan kesehatan kerja industri. Membantu pembaca membangun pemahaman konseptual maupun praktis.","distribusi, k3, manajemen persediaan, analisis beban kerja",Indonesia,Fisik,410,978-1-01-601662-9,6
18,TRX000069,USR00205,BK01044,2023-09-24,2023-10-08,2023-10-10,Terlambat,16.0,Manajemen Sumber Daya Manusia: Teori dan Praktik,Farhunnisa Samosir,Erlangga,2021,"Fakultas Sosial, Humaniora, & Seni",Administrasi Bisnis,Administrasi & Manajemen Bisnis,"Buku ini menyajikan kajian komprehensif mengenai efisiensi operasional organisasi bisnis, pengelolaan keuangan bisnis, serta manajemen sumber daya manusia perusahaan. Cocok digunakan sebagai referensi utama bagi mahasiswa dan praktisi.","tata kelola perusahaan, manajemen bisnis, manajemen sumber daya manusia, manajemen keuangan",Inggris,E-book,471,978-1-4950-0507-7,9999
19,TRX000075,USR00344,BK00946,2025-04-02,2025-04-16,2025-04-18,Terlambat,16.0,Desain Interior: Konsep dan Aplikasi,"Raisa Wahyudin, Hj. Eli Megantara",Nuha Medika,2023,"Fakultas Sosial, Humaniora, & Seni",Desain Interior,Desain Interior & Arsitektur Ruang,"Buku ini dirancang sebagai panduan untuk memahami konsep arsitektur ruang dalam modern, ergonomi dalam desain ruang, serta prinsip pencahayaan dan estetika ruang. Membantu pembaca membangun pemahaman konseptual maupun praktis.","desain interior, arsitektur ruang, material interior, ergonomi ruang",Indonesia,E-book,227,978-0-9589477-3-2,9999
20,TRX000076,USR00245,BK00973,2023-07-10,2023-07-24,2023-07-29,Terlambat,19.0,Perancangan Material dan Furnitur,"Cakrajiya Pangestu, S.E.",PT Grasindo,2024,"Fakultas Sosial, Humaniora, & Seni",Desain Interior,Desain Interior & Arsitektur Ruang,"Buku ini memberikan pemahaman menyeluruh tentang prinsip pencahayaan dan estetika ruang, perancangan tata ruang interior, serta konsep arsitektur ruang dalam modern. Disusun dengan bahasa yang mudah dipahami untuk kalangan akademik.","ergonomi ruang, material interior, furnitur, tata ruang",Inggris,E-book,247,978-1-123-36132-2,9999
21,TRX000078,USR00318,BK01000,2025-04-22,2025-05-06,2025-05-07,Terlambat,15.0,Dasar-Dasar Pencahayaan Ruang,Kartika Permadi,UI Press,2011,"Fakultas Sosial, Humaniora, & Seni",Desain Interior,Desain Interior & Arsitektur Ruang,"Buku ini membahas secara mendalam tentang perancangan tata ruang interior, konsep arsitektur ruang dalam modern, serta prinsip pencahayaan dan estetika ruang. Disusun dengan bahasa yang mudah dipahami untuk kalangan akademik.","furnitur, material interior, ergonomi ruang, pencahayaan ruang",Inggris,Fisik,267,978-1-352-41039-6,0
22,TRX000079,USR00367,BK01059,2025-02-24,2025-03-10,2025-03-16,Terlambat,20.0,Manajemen Administrasi Bisnis Edisi Revisi,"R. Vanesa Prasasta, S.Sos",Alfabeta,2022,"Fakultas Sosial, Humaniora, & Seni",Administrasi Bisnis,Administrasi & Manajemen Bisnis,"Buku ini memberikan pemahaman menyeluruh tentang administrasi dan operasional bisnis, strategi tata kelola perusahaan, serta pengelolaan keuangan bisnis. Disusun dengan bahasa yang mudah dipahami untuk kalangan akademik.","operasional bisnis, manajemen bisnis, tata kelola perusahaan, manajemen sumber daya manusia",Inggris,Fisik,222,978-1-69335-134-1,5
23,TRX000083,USR00322,BK00936,2025-10-13,2025-10-27,2025-10-29,Terlambat,16.0,Teknik Desain Multimedia Edisi Ke-2,"drg. Safina Wacana, S.E.I",PT Grasindo,2021,"Fakultas Sosial, Humaniora, & Seni",Desain Komunikasi Visual,Fotografi & Multimedia,"Buku ini mengulas berbagai aspek penting dari teknik pengambilan gambar fotografi, animasi dan motion graphic, serta produksi konten multimedia digital. Membantu pembaca membangun pemahaman konseptual maupun praktis.","motion graphic, editing visual, videografi, multimedia",Inggris,E-book,437,978-0-11-860089-7,9999
24,TRX000089,USR00152,BK00701,2024-06-02,2024-06-16,2024-06-19,Terlambat,17.0,Teknologi Compounding Obat Edisi Revisi,Dr. Siska Pangestu,Nuha Medika,2019,"Fakultas Sains, Teknologi, & Kesehatan",Farmasi,Teknologi Farmasi & Pelayanan Kefarmasian,"Buku ini memberikan pemahaman menyeluruh tentang teknologi pembuatan sediaan obat, pelayanan kefarmasian di rumah sakit, serta praktik farmasi klinis pasien. Disusun dengan bahasa yang mudah dipahami untuk kalangan akademik.","sediaan farmasi, teknologi farmasi, pelayanan kefarmasian, compounding obat",Indonesia,E-book,289,978-1-156-62776-1,9999
25,TRX000090,USR00024,BK00946,2024-06-18,2024-07-02,2024-07-05,Terlambat,17.0,Desain Interior: Konsep dan Aplikasi,"Raisa Wahyudin, Hj. Eli Megantara",Nuha Medika,2023,"Fakultas Sosial, Humaniora, & Seni",Desain Interior,Desain Interior & Arsitektur Ruang,"Buku ini dirancang sebagai panduan untuk memahami konsep arsitektur ruang dalam modern, ergonomi dalam desain ruang, serta prinsip pencahayaan dan estetika ruang. Membantu pembaca membangun pemahaman konseptual maupun praktis.","desain interior, arsitektur ruang, material interior, ergonomi ruang",Indonesia,E-book,227,978-0-9589477-3-2,9999
26,TRX000094,USR00129,BK00871,2025-04-12,2025-04-26,2025-04-28,Terlambat,16.0,Videografi: Konsep dan Praktik,"Hj. Raisa Maheswara, S.Farm",Erlangga,2018,"Fakultas Sosial, Humaniora, & Seni",Desain Komunikasi Visual,Fotografi & Multimedia,"Buku ini menyajikan kajian komprehensif mengenai teknik pengambilan gambar fotografi, editing visual dan videografi, serta animasi dan motion graphic. Dilengkapi dengan contoh kasus dan studi lapangan yang relevan.","motion graphic, editing visual, fotografi, multimedia",Indonesia,Fisik,331,978-0-223-28837-9,8
27,TRX000097,USR00299,BK00738,2024-10-13,2024-10-27,2024-11-02,Terlambat,20.0,Pembelajaran Klinik Profesi Ners,"Drs. Gasti Rahayu, Indah Mahendra",Gramedia Pustaka Utama,2014,"Fakultas Sains, Teknologi, & Kesehatan",Profesi Ners,Keperawatan Profesi Ners,"Buku ini mengulas berbagai aspek penting dari etika dan profesionalisme keperawatan, praktik klinik keperawatan profesional, serta residensi dan pembelajaran klinik lanjutan. Menjadi rujukan penting dalam perkuliahan dan penelitian terkait.","residensi keperawatan, profesi ners, praktik klinis ners, kompetensi ners",Indonesia,Fisik,208,978-0-8446-2671-0,3
28,TRX000102,USR00182,BK00504,2023-08-15,2023-08-29,2023-08-30,Terlambat,15.0,Keperawatan Medikal Bedah: Teori dan Praktik Klinis,"Shania Simbolon, S.H., R. Gamani Pradana, S.IP",Alfabeta,2022,"Fakultas Sains, Teknologi, & Kesehatan",Keperawatan,Keperawatan Klinis,"Buku ini dirancang sebagai panduan untuk memahami penanganan kondisi darurat medis, manajemen perawatan pasien, serta komunikasi terapeutik perawat. Disusun dengan bahasa yang mudah dipahami untuk kalangan akademik.","keperawatan gawat darurat, keperawatan medikal bedah, keperawatan anak, keperawatan",Indonesia,Fisik,207,978-1-363-17970-1,5
29,TRX000103,USR00334,BK01189,2023-07-18,2023-08-01,2023-08-08,Terlambat,21.0,Psikologi Klinis: Teori dan Aplikasi,"Gadang Mandala, Hesti Kuswandari",Kencana Prenada,2008,"Fakultas Sosial, Humaniora, & Seni",Psikologi,Psikologi Umum & Klinis,"Buku ini mengulas berbagai aspek penting dari perilaku dan proses mental manusia, perkembangan kepribadian individu, serta intervensi psikoterapi klinis. Dilengkapi dengan contoh kasus dan studi lapangan yang relevan.","psikologi, psikologi klinis, kepribadian, kesehatan mental",Indonesia,Fisik,397,978-0-7773-1268-1,4
30,TRX000104,USR00243,BK00991,2023-07-07,2023-07-21,2023-07-27,Terlambat,20.0,Arsitektur Ruang Dalam: Konsep dan Aplikasi,Jamalia Situmorang,Pustaka Pelajar,2022,"Fakultas Sosial, Humaniora, & Seni",Desain Interior,Desain Interior & Arsitektur Ruang,"Buku ini memberikan pemahaman menyeluruh tentang pemilihan material dan furnitur, konsep arsitektur ruang dalam modern, serta prinsip pencahayaan dan estetika ruang. Disusun dengan bahasa yang mudah dipahami untuk kalangan akademik.","furnitur, desain interior, pencahayaan ruang, tata ruang",Indonesia,Fisik,344,978-0-7738-2646-5,6
31,TRX000114,USR00185,BK00773,2025-06-22,2025-07-06,2025-07-12,Terlambat,20.0,Modul Praktik Klinik Ners Edisi Ke-3,"Dr. Gawati Simbolon, S.T., Laksana Usamah",Andi Publisher,2008,"Fakultas Sains, Teknologi, & Kesehatan",Profesi Ners,Keperawatan Profesi Ners,"Buku ini membahas secara mendalam tentang residensi dan pembelajaran klinik lanjutan, kompetensi ners dalam asuhan pasien, serta etika dan profesionalisme keperawatan. Disusun dengan bahasa yang mudah dipahami untuk kalangan akademik.","keperawatan komprehensif, evidence based practice, keperawatan lanjutan, kompetensi ners",Indonesia,E-book,364,978-0-7365-2717-0,9999
32,TRX000116,USR00131,BK00724,2024-10-16,2024-10-30,2024-11-02,Terlambat,17.0,Pembelajaran Klinik Keperawatan Berbasis Bukti,Sabrina Hasanah,Informatika Bandung,2023,"Fakultas Sains, Teknologi, & Kesehatan",Profesi Ners,Keperawatan Profesi Ners,"Buku ini menyajikan kajian komprehensif mengenai etika dan profesionalisme keperawatan, praktik klinik keperawatan profesional, serta residensi dan pembelajaran klinik lanjutan. Disusun dengan bahasa yang mudah dipahami untuk kalangan akademik.","profesi ners, evidence based practice, keperawatan lanjutan, kompetensi ners",Inggris,E-book,501,978-1-209-54814-2,9999
33,TRX000121,USR00178,BK00251,2025-02-22,2025-03-08,2025-03-09,Terlambat,15.0,Perancangan SQL Server,"Rafid Simbolon, Bakijan Prayoga",Rajawali Pers,2009,"Fakultas Sains, Teknologi, & Kesehatan",Informatika,Basis Data,"Buku ini dirancang sebagai panduan untuk memahami manajemen sistem basis data, arsitektur data warehouse, serta perancangan basis data. Disusun dengan bahasa yang mudah dipahami untuk kalangan akademik.","normalisasi, query, database, sql",Indonesia,Fisik,466,978-1-80442-067-6,7
34,TRX000123,USR00207,BK01276,2023-09-10,2023-09-24,2023-09-25,Terlambat,15.0,Strategi Media Digital,"Hendri Kusumo, Dinda Suryono",Salemba Empat,2005,"Fakultas Sosial, Humaniora, & Seni",Ilmu Komunikasi,Komunikasi & Media,"Buku ini mengulas berbagai aspek penting dari pengaruh media sosial terhadap opini publik, hubungan masyarakat dan citra publik, serta dinamika komunikasi massa. Dilengkapi dengan contoh kasus dan studi lapangan yang relevan.","public relations, media digital, media sosial, jurnalistik",Inggris,Fisik,498,978-0-607-81975-5,8
35,TRX000125,USR00378,BK00521,2023-12-16,2023-12-30,2023-12-31,Terlambat,15.0,Dasar-Dasar Keperawatan Gawat Darurat,Irnanto Rajata,Alfabeta,2010,"Fakultas Sains, Teknologi, & Kesehatan",Keperawatan,Keperawatan Klinis,"Buku ini dirancang sebagai panduan untuk memahami komunikasi terapeutik perawat, penanganan kondisi darurat medis, serta manajemen perawatan pasien. Cocok digunakan sebagai referensi utama bagi mahasiswa dan praktisi.","praktik klinis, keperawatan, keperawatan anak, keperawatan gawat darurat",Indonesia,Fisik,143,978-0-380-55257-3,0
36,TRX000128,USR00366,BK00914,2024-12-21,2025-01-04,2025-01-08,Terlambat,18.0,Pengantar Desain Multimedia,Tedi Firmansyah,Alfabeta,2014,"Fakultas Sosial, Humaniora, & Seni",Desain Komunikasi Visual,Fotografi & Multimedia,"Buku ini dirancang sebagai panduan untuk memahami produksi konten multimedia digital, desain media interaktif, serta teknik pengambilan gambar fotografi. Disusun dengan bahasa yang mudah dipahami untuk kalangan akademik.","multimedia, motion graphic, fotografi, editing visual",Indonesia,E-book,206,978-0-212-88665-4,9999
37,TRX000130,USR00343,BK01019,2024-07-01,2024-07-15,2024-07-21,Terlambat,20.0,Perancangan Desain Interior,Praba Najmudin,Erlangga,2005,"Fakultas Sosial, Humaniora, & Seni",Desain Interior,Desain Interior & Arsitektur Ruang,"Buku ini dirancang sebagai panduan untuk memahami ergonomi dalam desain ruang, pemilihan material dan furnitur, serta perancangan tata ruang interior. Dilengkapi dengan contoh kasus dan studi lapangan yang relevan.","arsitektur ruang, furnitur, desain interior, pencahayaan ruang",Indonesia,Fisik,174,978-0-587-72216-8,0
38,TRX000133,USR00221,BK01354,2023-10-29,2023-11-12,2023-11-17,Terlambat,19.0,Dasar-Dasar Produksi Berita Edisi Ke-2,"Cut Karimah Adriansyah, S.Sos",Informatika Bandung,2024,"Fakultas Sosial, Humaniora, & Seni",Ilmu Komunikasi,Jurnalistik & Media Digital,"Buku ini mengulas berbagai aspek penting dari strategi konten media sosial, produksi berita di media digital, serta komunikasi digital dan audiens. Membantu pembaca membangun pemahaman konseptual maupun praktis.","media sosial, jurnalistik, konten kreator, produksi berita",Inggris,E-book,484,978-0-223-55216-6,9999
39,TRX000137,USR00145,BK01346,2025-10-26,2025-11-09,2025-11-16,Terlambat,21.0,Pengantar Content Creation Edisi Ke-2,Carla Prasetya,Informatika Bandung,2015,"Fakultas Sosial, Humaniora, & Seni",Ilmu Komunikasi,Jurnalistik & Media Digital,"Buku ini dirancang sebagai panduan untuk memahami strategi konten media sosial, etika jurnalistik di era digital, serta produksi berita di media digital. Disusun dengan bahasa yang mudah dipahami untuk kalangan akademik.","produksi berita, media digital, media sosial, jurnalistik",Indonesia,Fisik,184,978-0-85277-895-1,3
40,TRX000142,USR00356,BK01218,2023-10-10,2023-10-24,2023-10-31,Terlambat,21.0,Pengantar Psikologi Perkembangan Edisi Ke-2,"Nyana Kusumo, Hilda Marpaung, M.Ak",Alfabeta,2009,"Fakultas Sosial, Humaniora, & Seni",Psikologi,Psikologi Umum & Klinis,"Buku ini dirancang sebagai panduan untuk memahami perilaku dan proses mental manusia, dinamika interaksi sosial manusia, serta gangguan psikologis dan penanganannya. Menjadi rujukan penting dalam perkuliahan dan penelitian terkait.","kepribadian, psikologi, kesehatan mental, psikologi klinis",Inggris,E-book,184,978-0-620-47876-2,9999
41,TRX000146,USR00040,BK01091,2024-06-09,2024-06-23,2024-06-28,Terlambat,19.0,Pengantar Tata Kelola Perusahaan,Dinda Permadi,Kencana Prenada,2012,"Fakultas Sosial, Humaniora, & Seni",Administrasi Bisnis,Administrasi & Manajemen Bisnis,"Buku ini memberikan pemahaman menyeluruh tentang manajemen sumber daya manusia perusahaan, efisiensi operasional organisasi bisnis, serta strategi tata kelola perusahaan. Disusun dengan bahasa yang mudah dipahami untuk kalangan akademik.","administrasi bisnis, manajemen keuangan, tata kelola perusahaan, operasional bisnis",Inggris,Fisik,203,978-0-605-07918-2,0
42,TRX000147,USR00183,BK01374,2023-12-12,2023-12-26,2024-01-02,Terlambat,21.0,Strategi Content Creation,Lukita Mustofa,Bumi Aksara,2008,"Fakultas Sosial, Humaniora, & Seni",Ilmu Komunikasi,Jurnalistik & Media Digital,"Buku ini membahas secara mendalam tentang strategi konten media sosial, produksi berita di media digital, serta komunikasi digital dan audiens. Disusun dengan bahasa yang mudah dipahami untuk kalangan akademik.","media sosial, komunikasi digital, media digital, jurnalistik",Indonesia,Fisik,274,978-0-452-38885-7,1
43,TRX000150,USR00244,BK00381,2025-04-17,2025-05-01,2025-05-05,Terlambat,18.0,Pengantar Manajemen Kualitas,Hj. Lala Saputra,Kencana Prenada,2024,"Fakultas Sains, Teknologi, & Kesehatan",Teknik Industri,Teknik Industri & Manajemen Operasi,"Buku ini menyajikan kajian komprehensif mengenai manajemen kualitas dan produktivitas, efisiensi tata letak fasilitas pabrik, serta perencanaan dan pengendalian produksi. Disusun dengan bahasa yang mudah dipahami untuk kalangan akademik.","manajemen operasi, six sigma, efisiensi kerja, tata letak pabrik",Inggris,Fisik,178,978-1-9876-2202-7,2
44,TRX000151,USR00132,BK00503,2023-09-16,2023-09-30,2023-10-01,Terlambat,15.0,Asuhan Keperawatan Jiwa Edisi Ke-3,"Anastasia Nasyiah, S.E., Panji Dabukke",Kencana Prenada,2009,"Fakultas Sains, Teknologi, & Kesehatan",Keperawatan,Keperawatan Klinis,"Buku ini mengulas berbagai aspek penting dari manajemen perawatan pasien, asuhan keperawatan pasien, serta prosedur klinis keperawatan. Disusun dengan bahasa yang mudah dipahami untuk kalangan akademik.","keperawatan, keperawatan gawat darurat, keperawatan anak, praktik klinis",Indonesia,Fisik,170,978-0-13-799563-9,6
45,TRX000153,USR00234,BK01139,2024-11-10,2024-11-24,2024-11-25,Terlambat,15.0,Membangun Manajemen Pemasaran Edisi Ke-2,Tgk. Dinda Prakasa,Nuha Medika,2014,"Fakultas Sosial, Humaniora, & Seni",Administrasi Bisnis,Kewirausahaan & Pemasaran Bisnis,"Buku ini membahas secara mendalam tentang membangun bisnis rintisan startup, pengembangan bisnis digital, serta manajemen pemasaran produk dan jasa. Disusun dengan bahasa yang mudah dipahami untuk kalangan akademik.","kewirausahaan, startup, e-commerce, manajemen pemasaran",Indonesia,Fisik,453,978-0-670-42549-5,5
46,TRX000154,USR00045,BK00671,2025-01-22,2025-02-05,2025-02-11,Terlambat,20.0,Pelayanan Kefarmasian: Praktik dan Pelayanan,"Sabar Palastri, Ajeng Salahudin",Kencana Prenada,2024,"Fakultas Sains, Teknologi, & Kesehatan",Farmasi,Teknologi Farmasi & Pelayanan Kefarmasian,"Buku ini mengulas berbagai aspek penting dari pelayanan kefarmasian di rumah sakit, teknologi pembuatan sediaan obat, serta praktik farmasi klinis pasien. Disusun dengan bahasa yang mudah dipahami untuk kalangan akademik.","farmasi komunitas, compounding obat, teknologi farmasi, farmasi rumah sakit",Indonesia,Fisik,413,978-1-66907-826-5,7
47,TRX000155,USR00359,BK00990,2023-11-22,2023-12-06,2023-12-11,Terlambat,19.0,Perancangan Arsitektur Ruang Dalam,"Jane Prasetya, S.Pt, Tgk. Titi Sudiati",Erlangga,2006,"Fakultas Sosial, Humaniora, & Seni",Desain Interior,Desain Interior & Arsitektur Ruang,"Buku ini mengulas berbagai aspek penting dari konsep arsitektur ruang dalam modern, prinsip pencahayaan dan estetika ruang, serta pemilihan material dan furnitur. Disusun dengan bahasa yang mudah dipahami untuk kalangan akademik.","tata ruang, desain interior, material interior, furnitur",Inggris,Fisik,276,978-1-958678-05-3,5
48,TRX000157,USR00143,BK00353,2025-06-13,2025-06-27,2025-07-02,Terlambat,19.0,Pengantar Manajemen Operasi Edisi Ke-3,Diah Kurniawan,UI Press,2009,"Fakultas Sains, Teknologi, & Kesehatan",Teknik Industri,Teknik Industri & Manajemen Operasi,"Buku ini mengulas berbagai aspek penting dari optimalisasi proses produksi, perancangan sistem kerja industri, serta manajemen kualitas dan produktivitas. Disusun dengan bahasa yang mudah dipahami untuk kalangan akademik.","efisiensi kerja, produktivitas, perencanaan produksi, manajemen operasi",Inggris,E-book,203,978-0-88629-127-3,9999
49,TRX000158,USR00204,BK00058,2025-05-15,2025-05-29,2025-06-02,Terlambat,18.0,Pengantar Logika Pemrograman,Endra Gunawan,PT Grasindo,2013,"Fakultas Sains, Teknologi, & Kesehatan",Informatika,Pemrograman & Algoritma,"Buku ini memberikan pemahaman menyeluruh tentang implementasi kode, efisiensi algoritma, serta algoritma dan struktur data. Disusun dengan bahasa yang mudah dipahami untuk kalangan akademik.","logika komputasi, algoritma, java, coding",Indonesia,Fisik,465,978-1-271-09477-6,3
50,TRX000160,USR00004,BK01061,2024-07-28,2024-08-11,2024-08-18,Terlambat,21.0,Pengantar Manajemen Keuangan,Paramita Jailani,Rajawali Pers,2007,"Fakultas Sosial, Humaniora, & Seni",Administrasi Bisnis,Administrasi & Manajemen Bisnis,"Buku ini memberikan pemahaman menyeluruh tentang administrasi dan operasional bisnis, strategi tata kelola perusahaan, serta efisiensi operasional organisasi bisnis. Dilengkapi dengan contoh kasus dan studi lapangan yang relevan.","operasional bisnis, manajemen sumber daya manusia, manajemen bisnis, manajemen keuangan",Indonesia,Fisik,323,978-0-7418-9721-3,7
51,TRX000163,USR00372,BK00853,2023-11-21,2023-12-05,2023-12-10,Terlambat,19.0,Dasar-Dasar Branding Visual,Hj. Icha Pradana,Deepublish,2016,"Fakultas Sosial, Humaniora, & Seni",Desain Komunikasi Visual,Desain Komunikasi Visual & Ilustrasi,"Buku ini mengulas berbagai aspek penting dari estetika dalam karya seni rupa, strategi branding melalui visual, serta prinsip visual dan tipografi. Cocok digunakan sebagai referensi utama bagi mahasiswa dan praktisi.","ilustrasi, desain komunikasi visual, desain grafis, layout",Inggris,Fisik,399,978-0-11-457758-2,4
52,TRX000165,USR00006,BK00850,2025-12-14,2025-12-28,2025-12-29,Terlambat,15.0,Dasar-Dasar Desain Grafis,"Farhunnisa Narpati, Sutan Ganjaran Uyainah, S.Pd",Elex Media Komputindo,2023,"Fakultas Sosial, Humaniora, & Seni",Desain Komunikasi Visual,Desain Komunikasi Visual & Ilustrasi,"Buku ini membahas secara mendalam tentang estetika dalam karya seni rupa, strategi branding melalui visual, serta ilustrasi dan komposisi gambar. Menjadi rujukan penting dalam perkuliahan dan penelitian terkait.","layout, desain komunikasi visual, ilustrasi, desain grafis",Indonesia,Fisik,240,978-0-12-897432-2,6
53,TRX000166,USR00303,BK00701,2023-11-17,2023-12-01,2023-12-03,Terlambat,16.0,Teknologi Compounding Obat Edisi Revisi,Dr. Siska Pangestu,Nuha Medika,2019,"Fakultas Sains, Teknologi, & Kesehatan",Farmasi,Teknologi Farmasi & Pelayanan Kefarmasian,"Buku ini memberikan pemahaman menyeluruh tentang teknologi pembuatan sediaan obat, pelayanan kefarmasian di rumah sakit, serta praktik farmasi klinis pasien. Disusun dengan bahasa yang mudah dipahami untuk kalangan akademik.","sediaan farmasi, teknologi farmasi, pelayanan kefarmasian, compounding obat",Indonesia,E-book,289,978-1-156-62776-1,9999
54,TRX000167,USR00124,BK01307,2023-08-30,2023-09-13,2023-09-17,Terlambat,18.0,Dasar-Dasar Content Creation,Tina Nainggolan,Informatika Bandung,2023,"Fakultas Sosial, Humaniora, & Seni",Ilmu Komunikasi,Jurnalistik & Media Digital,"Buku ini dirancang sebagai panduan untuk memahami produksi berita di media digital, strategi konten media sosial, serta komunikasi digital dan audiens. Cocok digunakan sebagai referensi utama bagi mahasiswa dan praktisi.","jurnalistik, komunikasi digital, produksi berita, media sosial",Indonesia,E-book,363,978-1-4321-2694-0,9999
55,TRX000169,USR00013,BK01048,2023-08-17,2023-08-31,2023-09-01,Terlambat,15.0,Dasar-Dasar Manajemen Operasional Edisi Ke-3,"Yance Pertiwi, S.Kom, Darmaji Mulyani",Andi Publisher,2014,"Fakultas Sosial, Humaniora, & Seni",Administrasi Bisnis,Administrasi & Manajemen Bisnis,"Buku ini mengulas berbagai aspek penting dari administrasi dan operasional bisnis, efisiensi operasional organisasi bisnis, serta pengelolaan keuangan bisnis. Membantu pembaca membangun pemahaman konseptual maupun praktis.","manajemen bisnis, manajemen sumber daya manusia, operasional bisnis, tata kelola perusahaan",Indonesia,Fisik,509,978-0-311-64913-6,6
56,TRX000170,USR00128,BK01233,2023-04-13,2023-04-27,2023-05-04,Terlambat,21.0,Psikologi Abnormal: Teori dan Aplikasi,"Wira Januar, Puput Mayasari, S.I.Kom",Graha Ilmu,2021,"Fakultas Sosial, Humaniora, & Seni",Psikologi,Psikologi Umum & Klinis,"Buku ini mengulas berbagai aspek penting dari perilaku dan proses mental manusia, intervensi psikoterapi klinis, serta perkembangan kepribadian individu. Dilengkapi dengan contoh kasus dan studi lapangan yang relevan.","perkembangan manusia, kepribadian, kesehatan mental, psikologi",Indonesia,Fisik,499,978-1-69541-329-0,4
57,TRX000174,USR00073,BK00515,2025-02-20,2025-03-06,2025-03-08,Terlambat,16.0,Asuhan Keperawatan Dasar,Mila Laksita,Salemba Empat,2012,"Fakultas Sains, Teknologi, & Kesehatan",Keperawatan,Keperawatan Klinis,"Buku ini membahas secara mendalam tentang manajemen perawatan pasien, penanganan kondisi darurat medis, serta prosedur klinis keperawatan. Menjadi rujukan penting dalam perkuliahan dan penelitian terkait.","keperawatan gawat darurat, keperawatan, keperawatan anak, asuhan keperawatan",Indonesia,Fisik,263,978-1-884795-13-8,1
58,TRX000187,USR00293,BK00681,2024-03-21,2024-04-04,2024-04-10,Terlambat,20.0,Dasar Pelayanan Kefarmasian,Malika Permata,Informatika Bandung,2007,"Fakultas Sains, Teknologi, & Kesehatan",Farmasi,Teknologi Farmasi & Pelayanan Kefarmasian,"Buku ini memberikan pemahaman menyeluruh tentang pelayanan kefarmasian di rumah sakit, manajemen obat dan compounding, serta praktik farmasi klinis pasien. Menjadi rujukan penting dalam perkuliahan dan penelitian terkait.","farmasi rumah sakit, pelayanan kefarmasian, teknologi farmasi, sediaan farmasi",Indonesia,E-book,395,978-0-475-46926-7,9999
59,TRX000188,USR00230,BK00728,2024-10-17,2024-10-31,2024-11-06,Terlambat,20.0,Residensi Keperawatan: Praktik Klinis Lanjutan,Safina Marpaung,Bumi Aksara,2021,"Fakultas Sains, Teknologi, & Kesehatan",Profesi Ners,Keperawatan Profesi Ners,"Buku ini dirancang sebagai panduan untuk memahami praktik klinik keperawatan profesional, etika dan profesionalisme keperawatan, serta residensi dan pembelajaran klinik lanjutan. Disusun dengan bahasa yang mudah dipahami untuk kalangan akademik.","keperawatan lanjutan, praktik klinis ners, kompetensi ners, residensi keperawatan",Indonesia,Fisik,436,978-1-74233-305-2,1
60,TRX000195,USR00136,BK00909,2023-12-31,2024-01-14,2024-01-19,Terlambat,19.0,Kreativitas dalam Videografi Edisi Ke-2,"Drs. Wirda Habibi, M.Ak",Andi Publisher,2014,"Fakultas Sosial, Humaniora, & Seni",Desain Komunikasi Visual,Fotografi & Multimedia,"Buku ini mengulas berbagai aspek penting dari desain media interaktif, teknik pengambilan gambar fotografi, serta animasi dan motion graphic. Cocok digunakan sebagai referensi utama bagi mahasiswa dan praktisi.","multimedia, fotografi, editing visual, motion graphic",Indonesia,Fisik,352,978-1-5439-4353-5,6
61,TRX000197,USR00211,BK01008,2025-06-30,2025-07-14,2025-07-16,Terlambat,16.0,Perancangan Pencahayaan Ruang,Suci Pradana,Deepublish,2024,"Fakultas Sosial, Humaniora, & Seni",Desain Interior,Desain Interior & Arsitektur Ruang,"Buku ini mengulas berbagai aspek penting dari perancangan tata ruang interior, pemilihan material dan furnitur, serta ergonomi dalam desain ruang. Menjadi rujukan penting dalam perkuliahan dan penelitian terkait.","ergonomi ruang, furnitur, pencahayaan ruang, arsitektur ruang",Indonesia,Fisik,397,978-0-942904-58-1,8
62,TRX000201,USR00191,BK01235,2023-01-06,2023-01-20,2023-01-27,Terlambat,21.0,Psikologi Klinis: Teori dan Aplikasi,Jinawi Lestari,Nuha Medika,2022,"Fakultas Sosial, Humaniora, & Seni",Psikologi,Psikologi Umum & Klinis,"Buku ini memberikan pemahaman menyeluruh tentang dinamika interaksi sosial manusia, perilaku dan proses mental manusia, serta gangguan psikologis dan penanganannya. Cocok digunakan sebagai referensi utama bagi mahasiswa dan praktisi.","psikoterapi, kesehatan mental, kepribadian, psikologi klinis",Indonesia,Fisik,251,978-0-663-43925-6,6
63,TRX000202,USR00308,BK00705,2025-09-24,2025-10-08,2025-10-09,Terlambat,15.0,Teknologi Farmasi Komunitas,Uli Wahyudin,Rajawali Pers,2023,"Fakultas Sains, Teknologi, & Kesehatan",Farmasi,Teknologi Farmasi & Pelayanan Kefarmasian,"Buku ini menyajikan kajian komprehensif mengenai manajemen obat dan compounding, standar pelayanan farmasi profesional, serta pelayanan kefarmasian di rumah sakit. Menjadi rujukan penting dalam perkuliahan dan penelitian terkait.","farmasi rumah sakit, pelayanan kefarmasian, teknologi farmasi, farmasi komunitas",Indonesia,Fisik,379,978-1-4916-0169-3,8
64,TRX000211,USR00122,BK01201,2024-12-16,2024-12-30,2025-01-05,Terlambat,20.0,Psikologi Klinis: Teori dan Aplikasi,"Mutia Pudjiastuti, Tgk. Oni Purnawati",Nuha Medika,2009,"Fakultas Sosial, Humaniora, & Seni",Psikologi,Psikologi Umum & Klinis,"Buku ini menyajikan kajian komprehensif mengenai gangguan psikologis dan penanganannya, intervensi psikoterapi klinis, serta dinamika interaksi sosial manusia. Menjadi rujukan penting dalam perkuliahan dan penelitian terkait.","kepribadian, psikologi, psikologi klinis, kesehatan mental",Indonesia,Fisik,150,978-0-406-79176-4,2
65,TRX000212,USR00073,BK00041,2024-12-05,2024-12-19,2024-12-23,Terlambat,18.0,Pemrograman Python untuk Pemula,"Digdaya Saefullah, M.M.",Kencana Prenada,2024,"Fakultas Sains, Teknologi, & Kesehatan",Informatika,Pemrograman & Algoritma,"Buku ini dirancang sebagai panduan untuk memahami algoritma dan struktur data, logika pemrograman, serta pengembangan perangkat lunak. Menjadi rujukan penting dalam perkuliahan dan penelitian terkait.","python, struktur data, pemrograman, kompleksitas",Inggris,Fisik,346,978-1-345-58122-5,4
66,TRX000213,USR00312,BK00493,2025-01-11,2025-01-25,2025-01-30,Terlambat,19.0,Panduan Keperawatan Anak,"Patricia Hartati, Argono Sirait",PT Grasindo,2022,"Fakultas Sains, Teknologi, & Kesehatan",Keperawatan,Keperawatan Klinis,"Buku ini menyajikan kajian komprehensif mengenai komunikasi terapeutik perawat, penanganan kondisi darurat medis, serta prosedur klinis keperawatan. Cocok digunakan sebagai referensi utama bagi mahasiswa dan praktisi.","praktik klinis, asuhan keperawatan, keperawatan, keperawatan anak",Indonesia,Fisik,467,978-1-06-138782-8,7
67,TRX000215,USR00300,BK01127,2024-09-10,2024-09-24,2024-09-27,Terlambat,17.0,Membangun Kewirausahaan,"R.A. Victoria Irawan, Puti Ajeng Budiman, S.Psi",Deepublish,2015,"Fakultas Sosial, Humaniora, & Seni",Administrasi Bisnis,Kewirausahaan & Pemasaran Bisnis,"Buku ini mengulas berbagai aspek penting dari pengembangan bisnis digital, perencanaan strategi pemasaran, serta strategi kewirausahaan dan inovasi bisnis. Cocok digunakan sebagai referensi utama bagi mahasiswa dan praktisi.","strategi pemasaran, bisnis digital, pemasaran, kewirausahaan",Indonesia,Fisik,474,978-0-9751910-2-6,4
68,TRX000218,USR00247,BK00196,2024-10-16,2024-10-30,2024-11-06,Terlambat,21.0,Kriptografi: Prinsip dan Praktik,Vicky Simbolon,PT Grasindo,2021,"Fakultas Sains, Teknologi, & Kesehatan",Informatika,Jaringan & Keamanan Siber,"Buku ini memberikan pemahaman menyeluruh tentang protokol komunikasi data, ancaman siber, serta proteksi data digital. Disusun dengan bahasa yang mudah dipahami untuk kalangan akademik.","firewall, kriptografi, hacking etis, cyber security",Indonesia,Fisik,381,978-1-77358-662-5,5
69,TRX000221,USR00297,BK01221,2023-06-09,2023-06-23,2023-06-26,Terlambat,17.0,Memahami Psikologi Perkembangan Edisi Ke-3,Galih Laksita,PT Grasindo,2009,"Fakultas Sosial, Humaniora, & Seni",Psikologi,Psikologi Umum & Klinis,"Buku ini memberikan pemahaman menyeluruh tentang intervensi psikoterapi klinis, gangguan psikologis dan penanganannya, serta dinamika interaksi sosial manusia. Menjadi rujukan penting dalam perkuliahan dan penelitian terkait.","psikologi sosial, kesehatan mental, psikoterapi, psikologi klinis",Indonesia,Fisik,498,978-0-362-79246-1,8
70,TRX000223,USR00033,BK00213,2023-03-10,2023-03-24,2023-03-28,Terlambat,18.0,Membangun Keamanan Informasi yang Aman,"Cengkal Nashiruddin, S.Farm",Bumi Aksara,2024,"Fakultas Sains, Teknologi, & Kesehatan",Informatika,Jaringan & Keamanan Siber,"Buku ini membahas secara mendalam tentang keamanan jaringan komputer, sistem enkripsi, serta audit keamanan sistem. Membantu pembaca membangun pemahaman konseptual maupun praktis.","jaringan komputer, enkripsi, kriptografi, protokol jaringan",Indonesia,E-book,463,978-0-937966-03-7,9999
71,TRX000225,USR00121,BK00944,2024-04-29,2024-05-13,2024-05-19,Terlambat,20.0,Pengantar Fotografi Digital,"Tira Hutagalung, Dian Budiman",Gramedia Pustaka Utama,2019,"Fakultas Sosial, Humaniora, & Seni",Desain Komunikasi Visual,Fotografi & Multimedia,"Buku ini dirancang sebagai panduan untuk memahami teknik pengambilan gambar fotografi, produksi konten multimedia digital, serta desain media interaktif. Membantu pembaca membangun pemahaman konseptual maupun praktis.","multimedia, editing visual, motion graphic, media interaktif",Indonesia,E-book,209,978-0-237-10672-0,9999
72,TRX000226,USR00245,BK00218,2025-05-18,2025-06-01,2025-06-04,Terlambat,17.0,Kriptografi di Era Digital,Cengkir Sihotang,Graha Ilmu,2021,"Fakultas Sains, Teknologi, & Kesehatan",Informatika,Jaringan & Keamanan Siber,"Buku ini menyajikan kajian komprehensif mengenai audit keamanan sistem, ancaman siber, serta sistem enkripsi. Dilengkapi dengan contoh kasus dan studi lapangan yang relevan.","kriptografi, keamanan siber, hacking etis, firewall",Indonesia,Fisik,407,978-0-507-23688-1,7
73,TRX000227,USR00213,BK00059,2025-05-27,2025-06-10,2025-06-14,Terlambat,18.0,Dasar C++,"Jasmin Nashiruddin, Dono Kuswandari",Bumi Aksara,2006,"Fakultas Sains, Teknologi, & Kesehatan",Informatika,Pemrograman & Algoritma,"Buku ini menyajikan kajian komprehensif mengenai pengembangan perangkat lunak, pemecahan masalah komputasional, serta algoritma dan struktur data. Cocok digunakan sebagai referensi utama bagi mahasiswa dan praktisi.","struktur data, logika komputasi, java, python",Inggris,Fisik,169,978-0-671-90229-2,3
74,TRX000228,USR00309,BK01357,2025-12-15,2025-12-29,2025-12-31,Terlambat,16.0,Dasar-Dasar Produksi Berita,Ir. Puput Suwarno,Kencana Prenada,2022,"Fakultas Sosial, Humaniora, & Seni",Ilmu Komunikasi,Jurnalistik & Media Digital,"Buku ini membahas secara mendalam tentang etika jurnalistik di era digital, komunikasi digital dan audiens, serta strategi konten media sosial. Menjadi rujukan penting dalam perkuliahan dan penelitian terkait.","media sosial, produksi berita, konten kreator, jurnalistik",Indonesia,Fisik,232,978-0-205-09386-1,1
75,TRX000231,USR00186,BK00513,2023-04-07,2023-04-21,2023-04-24,Terlambat,17.0,Konsep Dasar Keperawatan Gawat Darurat,"Karimah Hastuti, Cut Karimah Utama",Erlangga,2015,"Fakultas Sains, Teknologi, & Kesehatan",Keperawatan,Keperawatan Klinis,"Buku ini memberikan pemahaman menyeluruh tentang manajemen perawatan pasien, asuhan keperawatan pasien, serta komunikasi terapeutik perawat. Menjadi rujukan penting dalam perkuliahan dan penelitian terkait.","praktik klinis, asuhan keperawatan, keperawatan, keperawatan anak",Indonesia,E-book,221,978-0-8325-3817-9,9999
76,TRX000233,USR00083,BK00801,2024-10-04,2024-10-18,2024-10-22,Terlambat,18.0,Pengantar Desain Grafis,Cemani Haryanti,Informatika Bandung,2024,"Fakultas Sosial, Humaniora, & Seni",Desain Komunikasi Visual,Desain Komunikasi Visual & Ilustrasi,"Buku ini memberikan pemahaman menyeluruh tentang strategi branding melalui visual, estetika dalam karya seni rupa, serta ilustrasi dan komposisi gambar. Dilengkapi dengan contoh kasus dan studi lapangan yang relevan.","seni rupa, desain komunikasi visual, ilustrasi, desain grafis",Indonesia,Fisik,470,978-1-4721-9705-4,2
77,TRX000234,USR00116,BK00994,2025-04-27,2025-05-11,2025-05-14,Terlambat,17.0,Pengantar Arsitektur Ruang Dalam Edisi Revisi,"Dt. Pardi Suryono, M.Pd",Deepublish,2016,"Fakultas Sosial, Humaniora, & Seni",Desain Interior,Desain Interior & Arsitektur Ruang,"Buku ini membahas secara mendalam tentang konsep arsitektur ruang dalam modern, prinsip pencahayaan dan estetika ruang, serta ergonomi dalam desain ruang. Menjadi rujukan penting dalam perkuliahan dan penelitian terkait.","pencahayaan ruang, ergonomi ruang, furnitur, material interior",Indonesia,Fisik,250,978-0-682-69116-1,5
78,TRX000235,USR00022,BK00511,2024-07-02,2024-07-16,2024-07-21,Terlambat,19.0,Panduan Keperawatan Medikal Bedah,Niyaga Haryanti,Pustaka Pelajar,2018,"Fakultas Sains, Teknologi, & Kesehatan",Keperawatan,Keperawatan Klinis,"Buku ini membahas secara mendalam tentang prosedur klinis keperawatan, komunikasi terapeutik perawat, serta penanganan kondisi darurat medis. Cocok digunakan sebagai referensi utama bagi mahasiswa dan praktisi.","keperawatan medikal bedah, keperawatan, keperawatan gawat darurat, asuhan keperawatan",Indonesia,Fisik,390,978-1-72625-701-5,8
79,TRX000236,USR00271,BK00636,2023-04-16,2023-04-30,2023-05-03,Terlambat,17.0,Dasar Farmasi Komunitas,"Hj. Olivia Putra, S.E.I, Puput Narpati",Salemba Empat,2017,"Fakultas Sains, Teknologi, & Kesehatan",Farmasi,Teknologi Farmasi & Pelayanan Kefarmasian,"Buku ini membahas secara mendalam tentang teknologi pembuatan sediaan obat, pelayanan kefarmasian di rumah sakit, serta standar pelayanan farmasi profesional. Menjadi rujukan penting dalam perkuliahan dan penelitian terkait.","compounding obat, farmasi komunitas, teknologi farmasi, pelayanan kefarmasian",Indonesia,Fisik,159,978-1-870079-42-6,1
80,TRX000239,USR00369,BK00725,2024-04-30,2024-05-14,2024-05-18,Terlambat,18.0,Praktik Klinik Ners: Praktik Klinis Lanjutan,"Ir. Natalia Usamah, S.Kom",Rajawali Pers,2015,"Fakultas Sains, Teknologi, & Kesehatan",Profesi Ners,Keperawatan Profesi Ners,"Buku ini menyajikan kajian komprehensif mengenai praktik klinik keperawatan profesional, kompetensi ners dalam asuhan pasien, serta penerapan evidence-based practice. Cocok digunakan sebagai referensi utama bagi mahasiswa dan praktisi.","evidence based practice, profesi ners, keperawatan komprehensif, keperawatan lanjutan",Indonesia,Fisik,530,978-1-60523-302-4,0
81,TRX000241,USR00308,BK00461,2025-12-07,2025-12-21,2025-12-22,Terlambat,15.0,Pengantar Manajemen Persediaan,Nova Dabukke,Elex Media Komputindo,2014,"Fakultas Sains, Teknologi, & Kesehatan",Teknik Industri,Ergonomi & Rantai Pasok,"Buku ini dirancang sebagai panduan untuk memahami keselamatan dan kesehatan kerja industri, optimalisasi jaringan logistik, serta analisis ergonomi tempat kerja. Membantu pembaca membangun pemahaman konseptual maupun praktis.","supply chain, distribusi, rantai pasok, k3",Inggris,Fisik,223,978-1-157-72459-9,0
82,TRX000246,USR00305,BK00292,2024-07-12,2024-07-26,2024-07-27,Terlambat,15.0,Konsep Sistem Basis Data,"Malika Lazuardi, Anastasia Usada",Kencana Prenada,2019,"Fakultas Sains, Teknologi, & Kesehatan",Informatika,Basis Data,"Buku ini memberikan pemahaman menyeluruh tentang manajemen sistem basis data, query dan manipulasi data, serta normalisasi data. Disusun dengan bahasa yang mudah dipahami untuk kalangan akademik.","normalisasi, query, sql, basis data",Inggris,Fisik,517,978-1-381-68460-7,0
83,TRX000251,USR00176,BK00673,2024-03-19,2024-04-02,2024-04-05,Terlambat,17.0,Pelayanan Kefarmasian: Praktik dan Pelayanan,"R.A. Maria Agustina, S.Kom",Bumi Aksara,2007,"Fakultas Sains, Teknologi, & Kesehatan",Farmasi,Teknologi Farmasi & Pelayanan Kefarmasian,"Buku ini mengulas berbagai aspek penting dari teknologi pembuatan sediaan obat, pelayanan kefarmasian di rumah sakit, serta praktik farmasi klinis pasien. Dilengkapi dengan contoh kasus dan studi lapangan yang relevan.","farmasi komunitas, compounding obat, teknologi farmasi, pelayanan kefarmasian",Inggris,E-book,335,978-1-80529-240-1,9999
84,TRX000254,USR00196,BK00598,2024-06-18,2024-07-02,2024-07-07,Terlambat,19.0,Farmakologi Klinis,Adhiarja Widodo,Erlangga,2007,"Fakultas Sains, Teknologi, & Kesehatan",Farmasi,Farmakologi & Kefarmasian,"Buku ini memberikan pemahaman menyeluruh tentang mekanisme kerja obat, interaksi obat dalam tubuh, serta formulasi sediaan farmasi. Menjadi rujukan penting dalam perkuliahan dan penelitian terkait.","kimia farmasi, farmasi klinis, obat, farmakokinetik",Indonesia,Fisik,139,978-0-277-69749-3,1
85,TRX000257,USR00040,BK01287,2024-08-19,2024-09-02,2024-09-05,Terlambat,17.0,Media Sosial dan Masyarakat di Era Digital,Cinthia Irawan,Alfabeta,2007,"Fakultas Sosial, Humaniora, & Seni",Ilmu Komunikasi,Komunikasi & Media,"Buku ini memberikan pemahaman menyeluruh tentang dinamika komunikasi massa, strategi media dan publikasi, serta pengaruh media sosial terhadap opini publik. Menjadi rujukan penting dalam perkuliahan dan penelitian terkait.","komunikasi interpersonal, komunikasi massa, jurnalistik, public relations",Indonesia,Fisik,532,978-1-06-557820-8,1
86,TRX000258,USR00315,BK00762,2025-05-13,2025-05-27,2025-05-31,Terlambat,18.0,Panduan Praktik Keperawatan Berbasis Bukti,Mitra Sinaga,Deepublish,2015,"Fakultas Sains, Teknologi, & Kesehatan",Profesi Ners,Keperawatan Profesi Ners,"Buku ini membahas secara mendalam tentang etika dan profesionalisme keperawatan, penerapan evidence-based practice, serta residensi dan pembelajaran klinik lanjutan. Menjadi rujukan penting dalam perkuliahan dan penelitian terkait.","praktik klinis ners, residensi keperawatan, kompetensi ners, keperawatan lanjutan",Indonesia,E-book,242,978-1-74916-247-1,9999
87,TRX000260,USR00172,BK00859,2025-05-12,2025-05-26,2025-05-30,Terlambat,18.0,Desain Grafis: Konsep dan Praktik Edisi Ke-2,Nova Suwarno,Bumi Aksara,2022,"Fakultas Sosial, Humaniora, & Seni",Desain Komunikasi Visual,Desain Komunikasi Visual & Ilustrasi,"Buku ini dirancang sebagai panduan untuk memahami strategi branding melalui visual, prinsip visual dan tipografi, serta estetika dalam karya seni rupa. Membantu pembaca membangun pemahaman konseptual maupun praktis.","desain grafis, seni rupa, layout, tipografi",Indonesia,Fisik,326,978-1-07-034910-7,0
88,TRX000264,USR00308,BK00109,2024-06-09,2024-06-23,2024-06-25,Terlambat,16.0,Aplikasi Natural Language Processing di Industri,Harto Saragih,Bumi Aksara,2009,"Fakultas Sains, Teknologi, & Kesehatan",Informatika,Kecerdasan Buatan & Data Science,"Buku ini memberikan pemahaman menyeluruh tentang otomatisasi cerdas, prediksi berbasis data, serta jaringan saraf tiruan. Disusun dengan bahasa yang mudah dipahami untuk kalangan akademik.","neural network, data science, machine learning, data mining",Indonesia,Fisik,485,978-0-521-81883-4,1
89,TRX000267,USR00182,BK00474,2023-03-09,2023-03-23,2023-03-30,Terlambat,21.0,Studi Manajemen Persediaan di Industri,"Karman Suryatmi, Dipa Halimah",Andi Publisher,2009,"Fakultas Sains, Teknologi, & Kesehatan",Teknik Industri,Ergonomi & Rantai Pasok,"Buku ini menyajikan kajian komprehensif mengenai manajemen rantai pasok dan distribusi, analisis ergonomi tempat kerja, serta pengendalian persediaan barang. Dilengkapi dengan contoh kasus dan studi lapangan yang relevan.","ergonomi, k3, logistik, distribusi",Indonesia,E-book,401,978-1-905807-78-9,9999
90,TRX000269,USR00112,BK00544,2023-08-23,2023-09-06,2023-09-09,Terlambat,17.0,Dasar-Dasar Keperawatan Maternitas Edisi Terbaru,"Intan Hasanah, Tgk. Silvia Handayani",Andi Publisher,2014,"Fakultas Sains, Teknologi, & Kesehatan",Keperawatan,Keperawatan Klinis,"Buku ini membahas secara mendalam tentang penanganan kondisi darurat medis, komunikasi terapeutik perawat, serta asuhan keperawatan pasien. Dilengkapi dengan contoh kasus dan studi lapangan yang relevan.","keperawatan gawat darurat, praktik klinis, keperawatan, keperawatan anak",Inggris,Fisik,352,978-1-4631-7520-7,5
91,TRX000270,USR00270,BK00078,2025-02-04,2025-02-18,2025-02-24,Terlambat,20.0,Pengantar Machine Learning,Mala Maulana,Andi Publisher,2015,"Fakultas Sains, Teknologi, & Kesehatan",Informatika,Kecerdasan Buatan & Data Science,"Buku ini dirancang sebagai panduan untuk memahami jaringan saraf tiruan, otomatisasi cerdas, serta analisis data besar. Cocok digunakan sebagai referensi utama bagi mahasiswa dan praktisi.","data science, data mining, artificial intelligence, big data",Indonesia,Fisik,405,978-1-922219-69-5,6
92,TRX000271,USR00294,BK00057,2023-10-19,2023-11-02,2023-11-09,Terlambat,21.0,Dasar Pemrograman Berorientasi Objek,Tari Rahmawati,Bumi Aksara,2020,"Fakultas Sains, Teknologi, & Kesehatan",Informatika,Pemrograman & Algoritma,"Buku ini menyajikan kajian komprehensif mengenai efisiensi algoritma, pengembangan perangkat lunak, serta implementasi kode. Disusun dengan bahasa yang mudah dipahami untuk kalangan akademik.","java, struktur data, pemrograman, python",Indonesia,Fisik,359,978-0-343-52408-1,1
93,TRX000275,USR00190,BK00168,2025-11-10,2025-11-24,2025-11-27,Terlambat,17.0,Kriptografi di Era Digital,"Jefri Saragih, S.IP",Informatika Bandung,2012,"Fakultas Sains, Teknologi, & Kesehatan",Informatika,Jaringan & Keamanan Siber,"Buku ini menyajikan kajian komprehensif mengenai audit keamanan sistem, ancaman siber, serta keamanan jaringan komputer. Membantu pembaca membangun pemahaman konseptual maupun praktis.","jaringan komputer, cyber security, enkripsi, kriptografi",Inggris,Fisik,192,978-1-933272-79-5,4
94,TRX000278,USR00259,BK01003,2023-06-22,2023-07-06,2023-07-10,Terlambat,18.0,Material dan Furnitur: Konsep dan Aplikasi,"Nasrullah Sudiati, Kasusra Dongoran, M.M.",Gramedia Pustaka Utama,2014,"Fakultas Sosial, Humaniora, & Seni",Desain Interior,Desain Interior & Arsitektur Ruang,"Buku ini membahas secara mendalam tentang prinsip pencahayaan dan estetika ruang, perancangan tata ruang interior, serta konsep arsitektur ruang dalam modern. Dilengkapi dengan contoh kasus dan studi lapangan yang relevan.","desain interior, pencahayaan ruang, ergonomi ruang, arsitektur ruang",Inggris,E-book,285,978-0-460-56876-0,9999
95,TRX000283,USR00189,BK00351,2025-10-06,2025-10-20,2025-10-24,Terlambat,18.0,Pengantar Teknik Industri Edisi Ke-2,"Titi Wijayanti, S.Pd",Nuha Medika,2019,"Fakultas Sains, Teknologi, & Kesehatan",Teknik Industri,Teknik Industri & Manajemen Operasi,"Buku ini dirancang sebagai panduan untuk memahami manajemen kualitas dan produktivitas, perencanaan dan pengendalian produksi, serta efisiensi tata letak fasilitas pabrik. Membantu pembaca membangun pemahaman konseptual maupun praktis.","six sigma, tata letak pabrik, manajemen kualitas, produktivitas",Indonesia,E-book,187,978-0-7977-2369-6,9999
96,TRX000284,USR00089,BK00406,2024-12-08,2024-12-22,2024-12-24,Terlambat,16.0,Dasar-Dasar Manajemen Persediaan,dr. Dadap Nababan,Gramedia Pustaka Utama,2009,"Fakultas Sains, Teknologi, & Kesehatan",Teknik Industri,Ergonomi & Rantai Pasok,"Buku ini membahas secara mendalam tentang pengendalian persediaan barang, keselamatan dan kesehatan kerja industri, serta manajemen rantai pasok dan distribusi. Dilengkapi dengan contoh kasus dan studi lapangan yang relevan.","k3, supply chain, analisis beban kerja, manajemen persediaan",Indonesia,Fisik,537,978-0-88619-576-2,0
97,TRX000288,USR00038,BK00645,2025-04-06,2025-04-20,2025-04-23,Terlambat,17.0,Farmasi Rumah Sakit: Praktik dan Pelayanan,"Violet Saefullah, S.Kom, Hj. Ayu Wastuti, M.Pd",Andi Publisher,2011,"Fakultas Sains, Teknologi, & Kesehatan",Farmasi,Teknologi Farmasi & Pelayanan Kefarmasian,"Buku ini dirancang sebagai panduan untuk memahami standar pelayanan farmasi profesional, manajemen obat dan compounding, serta teknologi pembuatan sediaan obat. Membantu pembaca membangun pemahaman konseptual maupun praktis.","pelayanan kefarmasian, sediaan farmasi, compounding obat, farmasi rumah sakit",Indonesia,Fisik,494,978-1-06-056641-5,3
98,TRX000289,USR00255,BK00106,2023-01-20,2023-02-03,2023-02-04,Terlambat,15.0,Konsep Dasar Natural Language Processing Edisi Terbaru,Jamal Astuti,Deepublish,2020,"Fakultas Sains, Teknologi, & Kesehatan",Informatika,Kecerdasan Buatan & Data Science,"Buku ini membahas secara mendalam tentang otomatisasi cerdas, prediksi berbasis data, serta pembelajaran mesin. Membantu pembaca membangun pemahaman konseptual maupun praktis.","machine learning, neural network, kecerdasan buatan, data science",Inggris,Fisik,540,978-0-683-88516-3,3
99,TRX000294,USR00139,BK00556,2024-09-13,2024-09-27,2024-09-30,Terlambat,17.0,Konsep Dasar Keperawatan Anak,Drs. Lili Santoso,Kencana Prenada,2016,"Fakultas Sains, Teknologi, & Kesehatan",Keperawatan,Keperawatan Klinis,"Buku ini memberikan pemahaman menyeluruh tentang manajemen perawatan pasien, komunikasi terapeutik perawat, serta prosedur klinis keperawatan. Cocok digunakan sebagai referensi utama bagi mahasiswa dan praktisi.","keperawatan, asuhan keperawatan, keperawatan anak, praktik klinis",Indonesia,Fisik,457,978-1-905696-59-8,4
100,TRX000296,USR00276,BK01132,2023-11-29,2023-12-13,2023-12-17,Terlambat,18.0,Membangun Kewirausahaan,"Hafshah Situmorang, Halima Nuraini, S.Ked",Elex Media Komputindo,2022,"Fakultas Sosial, Humaniora, & Seni",Administrasi Bisnis,Kewirausahaan & Pemasaran Bisnis,"Buku ini mengulas berbagai aspek penting dari membangun bisnis rintisan startup, strategi kewirausahaan dan inovasi bisnis, serta perencanaan strategi pemasaran. Membantu pembaca membangun pemahaman konseptual maupun praktis.","pemasaran, kewirausahaan, bisnis digital, strategi pemasaran",Inggris,Fisik,356,978-1-210-17509-2,0
101,TRX000297,USR00306,BK00164,2025-01-07,2025-01-21,2025-01-28,Terlambat,21.0,Dasar-Dasar Kriptografi,"Emin Purnawati, Puti Juli Suryono",Erlangga,2016,"Fakultas Sains, Teknologi, & Kesehatan",Informatika,Jaringan & Keamanan Siber,"Buku ini memberikan pemahaman menyeluruh tentang audit keamanan sistem, keamanan jaringan komputer, serta protokol komunikasi data. Membantu pembaca membangun pemahaman konseptual maupun praktis.","keamanan siber, cyber security, protokol jaringan, firewall",Inggris,E-book,205,978-1-287-43152-7,9999
102,TRX000299,USR00120,BK01068,2025-08-26,2025-09-09,2025-09-10,Terlambat,15.0,Pengantar Administrasi Bisnis,Hilda Saefullah,Erlangga,2009,"Fakultas Sosial, Humaniora, & Seni",Administrasi Bisnis,Administrasi & Manajemen Bisnis,"Buku ini menyajikan kajian komprehensif mengenai administrasi dan operasional bisnis, pengelolaan keuangan bisnis, serta efisiensi operasional organisasi bisnis. Cocok digunakan sebagai referensi utama bagi mahasiswa dan praktisi.","manajemen keuangan, manajemen sumber daya manusia, operasional bisnis, administrasi bisnis",Indonesia,Fisik,420,978-0-574-23885-6,1
103,TRX000303,USR00223,BK00743,2025-02-17,2025-03-03,2025-03-08,Terlambat,19.0,Praktik Klinik Ners: Praktik Klinis Lanjutan,Gangsar Wastuti,Deepublish,2022,"Fakultas Sains, Teknologi, & Kesehatan",Profesi Ners,Keperawatan Profesi Ners,"Buku ini dirancang sebagai panduan untuk memahami kompetensi ners dalam asuhan pasien, praktik klinik keperawatan profesional, serta etika dan profesionalisme keperawatan. Membantu pembaca membangun pemahaman konseptual maupun praktis.","keperawatan lanjutan, kompetensi ners, profesi ners, evidence based practice",Indonesia,E-book,144,978-1-924082-22-8,9999
104,TRX000304,USR00210,BK01036,2023-01-24,2023-02-07,2023-02-09,Terlambat,16.0,Pengantar Administrasi Bisnis Edisi Ke-2,Baktianto Dongoran,Pustaka Pelajar,2013,"Fakultas Sosial, Humaniora, & Seni",Administrasi Bisnis,Administrasi & Manajemen Bisnis,"Buku ini membahas secara mendalam tentang manajemen sumber daya manusia perusahaan, administrasi dan operasional bisnis, serta efisiensi operasional organisasi bisnis. Disusun dengan bahasa yang mudah dipahami untuk kalangan akademik.","operasional bisnis, manajemen bisnis, tata kelola perusahaan, administrasi bisnis",Indonesia,E-book,228,978-0-85155-333-7,9999
105,TRX000307,USR00303,BK00510,2025-06-21,2025-07-05,2025-07-08,Terlambat,17.0,Konsep Dasar Keperawatan Jiwa,Kalim Budiman,Bumi Aksara,2011,"Fakultas Sains, Teknologi, & Kesehatan",Keperawatan,Keperawatan Klinis,"Buku ini dirancang sebagai panduan untuk memahami manajemen perawatan pasien, prosedur klinis keperawatan, serta asuhan keperawatan pasien. Menjadi rujukan penting dalam perkuliahan dan penelitian terkait.","keperawatan medikal bedah, praktik klinis, keperawatan anak, asuhan keperawatan",Indonesia,Fisik,436,978-0-254-31074-2,7
106,TRX000311,USR00231,BK01176,2025-04-13,2025-04-27,2025-05-03,Terlambat,20.0,Konsep Psikologi Umum Modern,Jasmin Wibisono,Graha Ilmu,2012,"Fakultas Sosial, Humaniora, & Seni",Psikologi,Psikologi Umum & Klinis,"Buku ini menyajikan kajian komprehensif mengenai intervensi psikoterapi klinis, dinamika interaksi sosial manusia, serta gangguan psikologis dan penanganannya. Dilengkapi dengan contoh kasus dan studi lapangan yang relevan.","psikologi, perkembangan manusia, psikologi sosial, kesehatan mental",Indonesia,Fisik,277,978-0-469-97990-1,0
107,TRX000315,USR00030,BK00484,2023-02-26,2023-03-12,2023-03-13,Terlambat,15.0,Asuhan Keperawatan Gawat Darurat,"Febi Firmansyah, Lukman Iswahyudi",Pustaka Pelajar,2013,"Fakultas Sains, Teknologi, & Kesehatan",Keperawatan,Keperawatan Klinis,"Buku ini dirancang sebagai panduan untuk memahami penanganan kondisi darurat medis, asuhan keperawatan pasien, serta prosedur klinis keperawatan. Membantu pembaca membangun pemahaman konseptual maupun praktis.","keperawatan gawat darurat, keperawatan, praktik klinis, keperawatan anak",Inggris,Fisik,429,978-0-911192-69-8,6
108,TRX000316,USR00059,BK00972,2023-01-05,2023-01-19,2023-01-20,Terlambat,15.0,Dasar-Dasar Arsitektur Ruang Dalam Edisi Ke-3,"Wawan Purnawati, R.M. Cager Wijayanti, S.Psi",Kencana Prenada,2022,"Fakultas Sosial, Humaniora, & Seni",Desain Interior,Desain Interior & Arsitektur Ruang,"Buku ini membahas secara mendalam tentang perancangan tata ruang interior, prinsip pencahayaan dan estetika ruang, serta pemilihan material dan furnitur. Menjadi rujukan penting dalam perkuliahan dan penelitian terkait.","desain interior, arsitektur ruang, furnitur, ergonomi ruang",Indonesia,Fisik,265,978-0-425-76270-7,8
109,TRX000319,USR00128,BK01190,2023-03-09,2023-03-23,2023-03-24,Terlambat,15.0,Dasar-Dasar Psikologi Umum Edisi Revisi,"Lutfan Namaga, S.Pt",PT Grasindo,2007,"Fakultas Sosial, Humaniora, & Seni",Psikologi,Psikologi Umum & Klinis,"Buku ini membahas secara mendalam tentang gangguan psikologis dan penanganannya, perilaku dan proses mental manusia, serta dinamika interaksi sosial manusia. Disusun dengan bahasa yang mudah dipahami untuk kalangan akademik.","psikoterapi, psikologi, kepribadian, kesehatan mental",Inggris,E-book,306,978-0-8217-8192-0,9999
110,TRX000320,USR00380,BK00780,2024-08-11,2024-08-25,2024-08-31,Terlambat,20.0,Modul Keperawatan Berbasis Bukti Edisi Terbaru,"Edison Prasetyo, S.Sos",Graha Ilmu,2009,"Fakultas Sains, Teknologi, & Kesehatan",Profesi Ners,Keperawatan Profesi Ners,"Buku ini menyajikan kajian komprehensif mengenai kompetensi ners dalam asuhan pasien, residensi dan pembelajaran klinik lanjutan, serta etika dan profesionalisme keperawatan. Membantu pembaca membangun pemahaman konseptual maupun praktis.","profesi ners, residensi keperawatan, keperawatan komprehensif, kompetensi ners",Indonesia,Fisik,146,978-1-213-14519-1,5
111,TRX000322,USR00260,BK00169,2023-10-21,2023-11-04,2023-11-09,Terlambat,19.0,Dasar-Dasar Keamanan Siber,Lidya Pudjiastuti,Erlangga,2023,"Fakultas Sains, Teknologi, & Kesehatan",Informatika,Jaringan & Keamanan Siber,"Buku ini memberikan pemahaman menyeluruh tentang sistem enkripsi, keamanan jaringan komputer, serta proteksi data digital. Cocok digunakan sebagai referensi utama bagi mahasiswa dan praktisi.","protokol jaringan, kriptografi, enkripsi, jaringan komputer",Inggris,E-book,186,978-0-391-87851-8,9999
112,TRX000324,USR00373,BK00930,2025-09-09,2025-09-23,2025-09-29,Terlambat,20.0,Dasar-Dasar Videografi,Hasna Mayasari,Graha Ilmu,2007,"Fakultas Sosial, Humaniora, & Seni",Desain Komunikasi Visual,Fotografi & Multimedia,"Buku ini memberikan pemahaman menyeluruh tentang teknik pengambilan gambar fotografi, animasi dan motion graphic, serta editing visual dan videografi. Disusun dengan bahasa yang mudah dipahami untuk kalangan akademik.","editing visual, videografi, multimedia, fotografi",Indonesia,Fisik,175,978-1-08-545667-8,5
113,TRX000328,USR00345,BK00465,2024-10-29,2024-11-12,2024-11-18,Terlambat,20.0,Manajemen Persediaan: Konsep dan Praktik,Gaiman Waskita,Kencana Prenada,2007,"Fakultas Sains, Teknologi, & Kesehatan",Teknik Industri,Ergonomi & Rantai Pasok,"Buku ini memberikan pemahaman menyeluruh tentang pengendalian persediaan barang, keselamatan dan kesehatan kerja industri, serta manajemen rantai pasok dan distribusi. Cocok digunakan sebagai referensi utama bagi mahasiswa dan praktisi.","ergonomi, supply chain, k3, rantai pasok",Inggris,Fisik,361,978-0-9657013-2-7,4
114,TRX000329,USR00282,BK01198,2025-08-24,2025-09-07,2025-09-14,Terlambat,21.0,Dasar-Dasar Psikologi Abnormal,Mahfud Tarihoran,Pustaka Pelajar,2021,"Fakultas Sosial, Humaniora, & Seni",Psikologi,Psikologi Umum & Klinis,"Buku ini dirancang sebagai panduan untuk memahami intervensi psikoterapi klinis, gangguan psikologis dan penanganannya, serta perilaku dan proses mental manusia. Menjadi rujukan penting dalam perkuliahan dan penelitian terkait.","perkembangan manusia, psikologi sosial, psikologi klinis, kesehatan mental",Indonesia,Fisik,463,978-0-7982-1433-9,0
115,TRX000330,USR00004,BK00612,2025-11-29,2025-12-13,2025-12-17,Terlambat,18.0,Kimia Farmasi untuk Praktik Klinis,Siti Widiastuti,Salemba Empat,2012,"Fakultas Sains, Teknologi, & Kesehatan",Farmasi,Farmakologi & Kefarmasian,"Buku ini memberikan pemahaman menyeluruh tentang efek samping dan dosis obat, formulasi sediaan farmasi, serta mekanisme kerja obat. Menjadi rujukan penting dalam perkuliahan dan penelitian terkait.","formulasi obat, apoteker, kimia farmasi, toksikologi",Indonesia,Fisik,529,978-0-86326-667-6,4
116,TRX000331,USR00270,BK00076,2024-09-26,2024-10-10,2024-10-17,Terlambat,21.0,Aplikasi Deep Learning di Industri,"Bajragin Sitompul, M.Pd",Andi Publisher,2014,"Fakultas Sains, Teknologi, & Kesehatan",Informatika,Kecerdasan Buatan & Data Science,"Buku ini membahas secara mendalam tentang jaringan saraf tiruan, otomatisasi cerdas, serta kecerdasan buatan. Disusun dengan bahasa yang mudah dipahami untuk kalangan akademik.","big data, neural network, machine learning, data science",Indonesia,E-book,424,978-1-78091-343-8,9999
117,TRX000332,USR00242,BK00087,2025-08-28,2025-09-11,2025-09-18,Terlambat,21.0,Membangun Sistem Kecerdasan Buatan,"Atma Usada, M.M., Ilsa Yulianti, S.Farm",Gramedia Pustaka Utama,2021,"Fakultas Sains, Teknologi, & Kesehatan",Informatika,Kecerdasan Buatan & Data Science,"Buku ini dirancang sebagai panduan untuk memahami prediksi berbasis data, analisis data besar, serta kecerdasan buatan. Membantu pembaca membangun pemahaman konseptual maupun praktis.","artificial intelligence, deep learning, big data, machine learning",Inggris,Fisik,142,978-0-00-471138-6,6
118,TRX000340,USR00358,BK01163,2023-09-27,2023-10-11,2023-10-14,Terlambat,17.0,Pengantar Manajemen Pemasaran Edisi Revisi,"Dinda Saptono, Wirda Putra",Gramedia Pustaka Utama,2024,"Fakultas Sosial, Humaniora, & Seni",Administrasi Bisnis,Kewirausahaan & Pemasaran Bisnis,"Buku ini dirancang sebagai panduan untuk memahami perencanaan strategi pemasaran, membangun bisnis rintisan startup, serta strategi kewirausahaan dan inovasi bisnis. Cocok digunakan sebagai referensi utama bagi mahasiswa dan praktisi.","strategi pemasaran, bisnis digital, pemasaran, manajemen pemasaran",Indonesia,E-book,386,978-0-7201-1379-2,9999
119,TRX000343,USR00284,BK00737,2024-08-21,2024-09-04,2024-09-10,Terlambat,20.0,Residensi Keperawatan: Praktik Klinis Lanjutan Edisi Terbaru,"Iriana Nurdiyanti, S.I.Kom",Nuha Medika,2015,"Fakultas Sains, Teknologi, & Kesehatan",Profesi Ners,Keperawatan Profesi Ners,"Buku ini mengulas berbagai aspek penting dari residensi dan pembelajaran klinik lanjutan, kompetensi ners dalam asuhan pasien, serta praktik klinik keperawatan profesional. Cocok digunakan sebagai referensi utama bagi mahasiswa dan praktisi.","keperawatan komprehensif, profesi ners, praktik klinis ners, residensi keperawatan",Indonesia,E-book,251,978-0-03-032432-1,9999
120,TRX000347,USR00115,BK01209,2024-11-18,2024-12-02,2024-12-05,Terlambat,17.0,Pengantar Psikologi Kepribadian,Hardana Megantara,Erlangga,2010,"Fakultas Sosial, Humaniora, & Seni",Psikologi,Psikologi Umum & Klinis,"Buku ini memberikan pemahaman menyeluruh tentang dinamika interaksi sosial manusia, intervensi psikoterapi klinis, serta gangguan psikologis dan penanganannya. Cocok digunakan sebagai referensi utama bagi mahasiswa dan praktisi.","psikoterapi, perkembangan manusia, kesehatan mental, psikologi",Indonesia,E-book,486,978-1-263-35564-9,9999
121,TRX000348,USR00160,BK01224,2025-04-01,2025-04-15,2025-04-19,Terlambat,18.0,Psikologi Umum: Teori dan Aplikasi,Liman Sihombing,Informatika Bandung,2009,"Fakultas Sosial, Humaniora, & Seni",Psikologi,Psikologi Umum & Klinis,"Buku ini memberikan pemahaman menyeluruh tentang dinamika interaksi sosial manusia, gangguan psikologis dan penanganannya, serta perkembangan kepribadian individu. Cocok digunakan sebagai referensi utama bagi mahasiswa dan praktisi.","psikoterapi, psikologi, kepribadian, perkembangan manusia",Inggris,Fisik,254,978-1-07-155348-0,5
122,TRX000350,USR00374,BK00504,2025-10-13,2025-10-27,2025-10-31,Terlambat,18.0,Keperawatan Medikal Bedah: Teori dan Praktik Klinis,"Shania Simbolon, S.H., R. Gamani Pradana, S.IP",Alfabeta,2022,"Fakultas Sains, Teknologi, & Kesehatan",Keperawatan,Keperawatan Klinis,"Buku ini dirancang sebagai panduan untuk memahami penanganan kondisi darurat medis, manajemen perawatan pasien, serta komunikasi terapeutik perawat. Disusun dengan bahasa yang mudah dipahami untuk kalangan akademik.","keperawatan gawat darurat, keperawatan medikal bedah, keperawatan anak, keperawatan",Indonesia,Fisik,207,978-1-363-17970-1,5
123,TRX000352,USR00045,BK00576,2023-11-13,2023-11-27,2023-12-03,Terlambat,20.0,Kimia Farmasi Klinis,Ajimat Damanik,Alfabeta,2016,"Fakultas Sains, Teknologi, & Kesehatan",Farmasi,Farmakologi & Kefarmasian,"Buku ini dirancang sebagai panduan untuk memahami formulasi sediaan farmasi, mekanisme kerja obat, serta interaksi obat dalam tubuh. Menjadi rujukan penting dalam perkuliahan dan penelitian terkait.","toksikologi, farmakologi, kimia farmasi, obat",Indonesia,E-book,163,978-0-7342-0696-1,9999
124,TRX000354,USR00293,BK00546,2024-07-04,2024-07-18,2024-07-25,Terlambat,21.0,Dasar-Dasar Keperawatan Dasar Edisi Ke-3,"Ella Haryanto, S.I.Kom",Kencana Prenada,2006,"Fakultas Sains, Teknologi, & Kesehatan",Keperawatan,Keperawatan Klinis,"Buku ini membahas secara mendalam tentang komunikasi terapeutik perawat, penanganan kondisi darurat medis, serta prosedur klinis keperawatan. Membantu pembaca membangun pemahaman konseptual maupun praktis.","keperawatan gawat darurat, keperawatan medikal bedah, praktik klinis, keperawatan",Indonesia,Fisik,173,978-1-396-13674-0,4
125,TRX000355,USR00292,BK00595,2024-11-28,2024-12-12,2024-12-17,Terlambat,19.0,Prinsip Kimia Farmasi,"Cut Puspa Hutagalung, Kambali Kurniawan",Nuha Medika,2024,"Fakultas Sains, Teknologi, & Kesehatan",Farmasi,Farmakologi & Kefarmasian,"Buku ini mengulas berbagai aspek penting dari efek samping dan dosis obat, mekanisme kerja obat, serta formulasi sediaan farmasi. Cocok digunakan sebagai referensi utama bagi mahasiswa dan praktisi.","formulasi obat, toksikologi, farmakologi, kimia farmasi",Indonesia,Fisik,191,978-1-179-45491-7,7
126,TRX000358,USR00300,BK00948,2024-11-15,2024-11-29,2024-12-02,Terlambat,17.0,Pengantar Pencahayaan Ruang,Tira Nainggolan,Elex Media Komputindo,2014,"Fakultas Sosial, Humaniora, & Seni",Desain Interior,Desain Interior & Arsitektur Ruang,"Buku ini membahas secara mendalam tentang konsep arsitektur ruang dalam modern, prinsip pencahayaan dan estetika ruang, serta ergonomi dalam desain ruang. Cocok digunakan sebagai referensi utama bagi mahasiswa dan praktisi.","desain interior, tata ruang, material interior, pencahayaan ruang",Inggris,Fisik,454,978-0-87510-979-4,8
127,TRX000362,USR00158,BK01109,2025-08-20,2025-09-03,2025-09-06,Terlambat,17.0,Dasar-Dasar Strategi Pemasaran,Edison Uyainah,Salemba Empat,2005,"Fakultas Sosial, Humaniora, & Seni",Administrasi Bisnis,Kewirausahaan & Pemasaran Bisnis,"Buku ini memberikan pemahaman menyeluruh tentang membangun bisnis rintisan startup, pengembangan bisnis digital, serta manajemen pemasaran produk dan jasa. Dilengkapi dengan contoh kasus dan studi lapangan yang relevan.","manajemen pemasaran, strategi pemasaran, bisnis digital, pemasaran",Inggris,Fisik,308,978-1-4250-6420-4,6
128,TRX000365,USR00288,BK00604,2025-08-05,2025-08-19,2025-08-24,Terlambat,19.0,Pengantar Farmakologi,"Ganjaran Hassanah, S.Farm",Kencana Prenada,2021,"Fakultas Sains, Teknologi, & Kesehatan",Farmasi,Farmakologi & Kefarmasian,"Buku ini membahas secara mendalam tentang formulasi sediaan farmasi, mekanisme kerja obat, serta efek samping dan dosis obat. Menjadi rujukan penting dalam perkuliahan dan penelitian terkait.","obat, formulasi obat, toksikologi, kimia farmasi",Indonesia,Fisik,364,978-0-437-57383-4,4
129,TRX000366,USR00061,BK01101,2025-01-11,2025-01-25,2025-01-29,Terlambat,18.0,Membangun Manajemen Pemasaran,Prabawa Lazuardi,Deepublish,2014,"Fakultas Sosial, Humaniora, & Seni",Administrasi Bisnis,Kewirausahaan & Pemasaran Bisnis,"Buku ini membahas secara mendalam tentang manajemen pemasaran produk dan jasa, strategi kewirausahaan dan inovasi bisnis, serta membangun bisnis rintisan startup. Cocok digunakan sebagai referensi utama bagi mahasiswa dan praktisi.","pemasaran, e-commerce, kewirausahaan, startup",Indonesia,E-book,231,978-0-18-732807-4,9999
130,TRX000369,USR00361,BK00745,2024-07-07,2024-07-21,2024-07-27,Terlambat,20.0,Kompetensi Praktik Klinik Ners Edisi Revisi,"T. Enteng Aryani, H. Teguh Pradana",Kencana Prenada,2017,"Fakultas Sains, Teknologi, & Kesehatan",Profesi Ners,Keperawatan Profesi Ners,"Buku ini mengulas berbagai aspek penting dari praktik klinik keperawatan profesional, kompetensi ners dalam asuhan pasien, serta penerapan evidence-based practice. Dilengkapi dengan contoh kasus dan studi lapangan yang relevan.","keperawatan komprehensif, praktik klinis ners, profesi ners, residensi keperawatan",Indonesia,Fisik,142,978-0-465-11131-2,2
131,TRX000370,USR00245,BK00949,2024-08-23,2024-09-06,2024-09-10,Terlambat,18.0,Dasar-Dasar Pencahayaan Ruang,Bagas Tampubolon,PT Grasindo,2009,"Fakultas Sosial, Humaniora, & Seni",Desain Interior,Desain Interior & Arsitektur Ruang,"Buku ini dirancang sebagai panduan untuk memahami pemilihan material dan furnitur, ergonomi dalam desain ruang, serta perancangan tata ruang interior. Cocok digunakan sebagai referensi utama bagi mahasiswa dan praktisi.","material interior, ergonomi ruang, pencahayaan ruang, desain interior",Indonesia,E-book,197,978-1-03-446945-2,9999
132,TRX000371,USR00192,BK00823,2023-04-13,2023-04-27,2023-05-04,Terlambat,21.0,Dasar-Dasar Tipografi Edisi Revisi,"Aslijan Saefullah, S.Pt, Lutfan Damanik",Informatika Bandung,2012,"Fakultas Sosial, Humaniora, & Seni",Desain Komunikasi Visual,Desain Komunikasi Visual & Ilustrasi,"Buku ini mengulas berbagai aspek penting dari strategi branding melalui visual, proses kreatif desain grafis, serta ilustrasi dan komposisi gambar. Dilengkapi dengan contoh kasus dan studi lapangan yang relevan.","desain komunikasi visual, tipografi, ilustrasi, seni rupa",Indonesia,Fisik,386,978-0-7911-2442-0,1
133,TRX000373,USR00273,BK00133,2025-04-10,2025-04-24,2025-04-25,Terlambat,15.0,Aplikasi Data Mining di Industri,"Maria Marbun, M.M.",Andi Publisher,2012,"Fakultas Sains, Teknologi, & Kesehatan",Informatika,Kecerdasan Buatan & Data Science,"Buku ini membahas secara mendalam tentang prediksi berbasis data, analisis data besar, serta kecerdasan buatan. Menjadi rujukan penting dalam perkuliahan dan penelitian terkait.","data science, artificial intelligence, big data, machine learning",Indonesia,E-book,513,978-1-05-964016-4,9999
134,TRX000375,USR00351,BK00438,2024-03-28,2024-04-11,2024-04-13,Terlambat,16.0,Dasar-Dasar Manajemen Logistik,Taswir Maulana,Informatika Bandung,2005,"Fakultas Sains, Teknologi, & Kesehatan",Teknik Industri,Ergonomi & Rantai Pasok,"Buku ini dirancang sebagai panduan untuk memahami optimalisasi jaringan logistik, pengendalian persediaan barang, serta keselamatan dan kesehatan kerja industri. Menjadi rujukan penting dalam perkuliahan dan penelitian terkait.","analisis beban kerja, rantai pasok, manajemen persediaan, ergonomi",Indonesia,Fisik,341,978-0-644-74212-2,6
135,TRX000377,USR00218,BK00227,2023-10-31,2023-11-14,2023-11-17,Terlambat,17.0,Pengantar Ethical Hacking Edisi Ke-2,Karya Laksita,Gramedia Pustaka Utama,2022,"Fakultas Sains, Teknologi, & Kesehatan",Informatika,Jaringan & Keamanan Siber,"Buku ini memberikan pemahaman menyeluruh tentang protokol komunikasi data, ancaman siber, serta keamanan jaringan komputer. Cocok digunakan sebagai referensi utama bagi mahasiswa dan praktisi.","hacking etis, kriptografi, enkripsi, protokol jaringan",Indonesia,E-book,419,978-0-01-701277-7,9999
136,TRX000379,USR00358,BK01121,2025-05-12,2025-05-26,2025-06-02,Terlambat,21.0,Strategi Bisnis Startup Edisi Terbaru,Tgk. Shania Wijaya,Graha Ilmu,2014,"Fakultas Sosial, Humaniora, & Seni",Administrasi Bisnis,Kewirausahaan & Pemasaran Bisnis,"Buku ini membahas secara mendalam tentang pengembangan bisnis digital, strategi kewirausahaan dan inovasi bisnis, serta manajemen pemasaran produk dan jasa. Dilengkapi dengan contoh kasus dan studi lapangan yang relevan.","kewirausahaan, pemasaran, strategi pemasaran, startup",Indonesia,Fisik,172,978-0-354-15970-8,2
137,TRX000380,USR00322,BK01297,2023-05-15,2023-05-29,2023-06-03,Terlambat,19.0,Komunikasi Interpersonal di Era Digital,Belinda Anggraini,Informatika Bandung,2009,"Fakultas Sosial, Humaniora, & Seni",Ilmu Komunikasi,Komunikasi & Media,"Buku ini dirancang sebagai panduan untuk memahami jurnalisme di era digital, dinamika komunikasi massa, serta strategi media dan publikasi. Dilengkapi dengan contoh kasus dan studi lapangan yang relevan.","komunikasi massa, komunikasi interpersonal, media sosial, jurnalistik",Inggris,Fisik,230,978-1-72450-000-7,2
138,TRX000382,USR00286,BK00731,2024-07-12,2024-07-26,2024-07-29,Terlambat,17.0,Modul Keperawatan Berbasis Bukti,Martani Waluyo,Informatika Bandung,2013,"Fakultas Sains, Teknologi, & Kesehatan",Profesi Ners,Keperawatan Profesi Ners,"Buku ini mengulas berbagai aspek penting dari etika dan profesionalisme keperawatan, residensi dan pembelajaran klinik lanjutan, serta penerapan evidence-based practice. Disusun dengan bahasa yang mudah dipahami untuk kalangan akademik.","keperawatan komprehensif, praktik klinis ners, evidence based practice, keperawatan lanjutan",Indonesia,Fisik,240,978-1-64750-111-2,5
139,TRX000383,USR00231,BK01172,2024-10-23,2024-11-06,2024-11-08,Terlambat,16.0,Psikologi Umum: Teori dan Aplikasi Edisi Ke-3,Dodo Pudjiastuti,PT Grasindo,2014,"Fakultas Sosial, Humaniora, & Seni",Psikologi,Psikologi Umum & Klinis,"Buku ini menyajikan kajian komprehensif mengenai dinamika interaksi sosial manusia, intervensi psikoterapi klinis, serta gangguan psikologis dan penanganannya. Disusun dengan bahasa yang mudah dipahami untuk kalangan akademik.","kepribadian, kesehatan mental, psikologi, perkembangan manusia",Indonesia,Fisik,455,978-0-571-55868-1,2
140,TRX000384,USR00198,BK00222,2025-09-12,2025-09-26,2025-09-30,Terlambat,18.0,Membangun Jaringan Komputer yang Aman,"H. Lanjar Tampubolon, M.Ak",Graha Ilmu,2009,"Fakultas Sains, Teknologi, & Kesehatan",Informatika,Jaringan & Keamanan Siber,"Buku ini menyajikan kajian komprehensif mengenai keamanan jaringan komputer, ancaman siber, serta protokol komunikasi data. Cocok digunakan sebagai referensi utama bagi mahasiswa dan praktisi.","cyber security, keamanan siber, firewall, enkripsi",Indonesia,E-book,435,978-0-923309-58-9,9999
141,TRX000386,USR00102,BK00826,2024-09-08,2024-09-22,2024-09-25,Terlambat,17.0,Pengantar Tipografi Edisi Ke-3,Karman Rajasa,Erlangga,2024,"Fakultas Sosial, Humaniora, & Seni",Desain Komunikasi Visual,Desain Komunikasi Visual & Ilustrasi,"Buku ini menyajikan kajian komprehensif mengenai proses kreatif desain grafis, prinsip visual dan tipografi, serta strategi branding melalui visual. Dilengkapi dengan contoh kasus dan studi lapangan yang relevan.","tipografi, ilustrasi, seni rupa, branding",Indonesia,Fisik,189,978-0-908088-23-2,0
142,TRX000393,USR00129,BK00975,2024-07-02,2024-07-16,2024-07-23,Terlambat,21.0,Prinsip Pencahayaan Ruang Edisi Ke-2,"Dr. Tiara Prasasta, S.IP, Dian Simanjuntak",Pustaka Pelajar,2017,"Fakultas Sosial, Humaniora, & Seni",Desain Interior,Desain Interior & Arsitektur Ruang,"Buku ini menyajikan kajian komprehensif mengenai konsep arsitektur ruang dalam modern, perancangan tata ruang interior, serta pemilihan material dan furnitur. Disusun dengan bahasa yang mudah dipahami untuk kalangan akademik.","ergonomi ruang, material interior, pencahayaan ruang, tata ruang",Indonesia,E-book,347,978-1-5469-6815-3,9999
143,TRX000394,USR00055,BK00365,2025-03-30,2025-04-13,2025-04-20,Terlambat,21.0,Pengantar Teknik Industri Edisi Revisi,Ellis Wasita,Elex Media Komputindo,2023,"Fakultas Sains, Teknologi, & Kesehatan",Teknik Industri,Teknik Industri & Manajemen Operasi,"Buku ini dirancang sebagai panduan untuk memahami perancangan sistem kerja industri, efisiensi tata letak fasilitas pabrik, serta perencanaan dan pengendalian produksi. Dilengkapi dengan contoh kasus dan studi lapangan yang relevan.","manajemen kualitas, teknik industri, perencanaan produksi, produktivitas",Indonesia,E-book,299,978-0-8451-8489-9,9999
144,TRX000400,USR00293,BK00490,2024-01-26,2024-02-09,2024-02-12,Terlambat,17.0,Konsep Dasar Keperawatan Anak,"Harjo Laksmiwati, Kasim Nasyiah",Salemba Empat,2016,"Fakultas Sains, Teknologi, & Kesehatan",Keperawatan,Keperawatan Klinis,"Buku ini membahas secara mendalam tentang penanganan kondisi darurat medis, prosedur klinis keperawatan, serta manajemen perawatan pasien. Membantu pembaca membangun pemahaman konseptual maupun praktis.","keperawatan, praktik klinis, keperawatan medikal bedah, keperawatan anak",Indonesia,Fisik,415,978-1-4601-5851-7,0
145,TRX000401,USR00054,BK00997,2023-05-29,2023-06-12,2023-06-13,Terlambat,15.0,Dasar-Dasar Arsitektur Ruang Dalam,Yunita Hartati,Salemba Empat,2013,"Fakultas Sosial, Humaniora, & Seni",Desain Interior,Desain Interior & Arsitektur Ruang,"Buku ini mengulas berbagai aspek penting dari perancangan tata ruang interior, ergonomi dalam desain ruang, serta prinsip pencahayaan dan estetika ruang. Dilengkapi dengan contoh kasus dan studi lapangan yang relevan.","arsitektur ruang, ergonomi ruang, tata ruang, desain interior",Indonesia,E-book,452,978-0-640-85721-9,9999
146,TRX000402,USR00092,BK00294,2023-02-28,2023-03-14,2023-03-18,Terlambat,18.0,Perancangan Sistem Basis Data,"Asmianto Ardianto, M.M.",Nuha Medika,2019,"Fakultas Sains, Teknologi, & Kesehatan",Informatika,Basis Data,"Buku ini dirancang sebagai panduan untuk memahami normalisasi data, perancangan basis data, serta arsitektur data warehouse. Dilengkapi dengan contoh kasus dan studi lapangan yang relevan.","manajemen data, normalisasi, sql, query",Indonesia,E-book,376,978-0-292-71296-6,9999
147,TRX000403,USR00034,BK00597,2024-10-26,2024-11-09,2024-11-15,Terlambat,20.0,Pengantar Farmasetika,"Ir. Ihsan Oktaviani, S.T.",UI Press,2023,"Fakultas Sains, Teknologi, & Kesehatan",Farmasi,Farmakologi & Kefarmasian,"Buku ini mengulas berbagai aspek penting dari interaksi obat dalam tubuh, formulasi sediaan farmasi, serta mekanisme kerja obat. Membantu pembaca membangun pemahaman konseptual maupun praktis.","kimia farmasi, toksikologi, apoteker, formulasi obat",Inggris,Fisik,143,978-0-321-94168-8,0
148,TRX000408,USR00363,BK00102,2023-06-04,2023-06-18,2023-06-25,Terlambat,21.0,Konsep Dasar Data Science Edisi Terbaru,"Siska Dabukke, S.Pt",Bumi Aksara,2020,"Fakultas Sains, Teknologi, & Kesehatan",Informatika,Kecerdasan Buatan & Data Science,"Buku ini memberikan pemahaman menyeluruh tentang kecerdasan buatan, otomatisasi cerdas, serta analisis data besar. Membantu pembaca membangun pemahaman konseptual maupun praktis.","kecerdasan buatan, deep learning, neural network, data science",Indonesia,Fisik,340,978-1-67525-459-2,2
149,TRX000412,USR00279,BK00128,2025-01-03,2025-01-17,2025-01-21,Terlambat,18.0,Natural Language Processing: Teori dan Praktik,"Dt. Harsaya Halimah, Makara Wibisono",Salemba Empat,2018,"Fakultas Sains, Teknologi, & Kesehatan",Informatika,Kecerdasan Buatan & Data Science,"Buku ini membahas secara mendalam tentang prediksi berbasis data, kecerdasan buatan, serta otomatisasi cerdas. Cocok digunakan sebagai referensi utama bagi mahasiswa dan praktisi.","data mining, deep learning, neural network, machine learning",Indonesia,Fisik,482,978-1-05-153195-8,2
150,TRX000413,USR00185,BK00500,2025-03-14,2025-03-28,2025-03-30,Terlambat,16.0,Dasar-Dasar Keperawatan Anak,R. Tina Mandasari,Pustaka Pelajar,2009,"Fakultas Sains, Teknologi, & Kesehatan",Keperawatan,Keperawatan Klinis,"Buku ini dirancang sebagai panduan untuk memahami penanganan kondisi darurat medis, manajemen perawatan pasien, serta komunikasi terapeutik perawat. Menjadi rujukan penting dalam perkuliahan dan penelitian terkait.","keperawatan, asuhan keperawatan, keperawatan medikal bedah, praktik klinis",Indonesia,E-book,300,978-1-56083-318-5,9999
151,TRX000414,USR00186,BK00521,2024-07-22,2024-08-05,2024-08-07,Terlambat,16.0,Dasar-Dasar Keperawatan Gawat Darurat,Irnanto Rajata,Alfabeta,2010,"Fakultas Sains, Teknologi, & Kesehatan",Keperawatan,Keperawatan Klinis,"Buku ini dirancang sebagai panduan untuk memahami komunikasi terapeutik perawat, penanganan kondisi darurat medis, serta manajemen perawatan pasien. Cocok digunakan sebagai referensi utama bagi mahasiswa dan praktisi.","praktik klinis, keperawatan, keperawatan anak, keperawatan gawat darurat",Indonesia,Fisik,143,978-0-380-55257-3,0
152,TRX000416,USR00016,BK01117,2025-01-16,2025-01-30,2025-02-01,Terlambat,16.0,Dasar-Dasar Bisnis Startup,dr. Restu Hassanah,Gramedia Pustaka Utama,2020,"Fakultas Sosial, Humaniora, & Seni",Administrasi Bisnis,Kewirausahaan & Pemasaran Bisnis,"Buku ini membahas secara mendalam tentang perencanaan strategi pemasaran, membangun bisnis rintisan startup, serta pengembangan bisnis digital. Membantu pembaca membangun pemahaman konseptual maupun praktis.","e-commerce, bisnis digital, strategi pemasaran, manajemen pemasaran",Indonesia,E-book,361,978-1-244-18222-6,9999
153,TRX000417,USR00165,BK00666,2023-01-02,2023-01-16,2023-01-19,Terlambat,17.0,Teknologi Farmasi Komunitas,"drg. Suci Padmasari, Argono Pranowo, S.H.",Bumi Aksara,2006,"Fakultas Sains, Teknologi, & Kesehatan",Farmasi,Teknologi Farmasi & Pelayanan Kefarmasian,"Buku ini memberikan pemahaman menyeluruh tentang manajemen obat dan compounding, pelayanan kefarmasian di rumah sakit, serta teknologi pembuatan sediaan obat. Menjadi rujukan penting dalam perkuliahan dan penelitian terkait.","compounding obat, farmasi rumah sakit, pelayanan kefarmasian, farmasi komunitas",Inggris,Fisik,499,978-1-363-46692-4,1
154,TRX000424,USR00063,BK00234,2025-11-17,2025-12-01,2025-12-06,Terlambat,19.0,Data Warehouse: Teori dan Aplikasi Edisi Ke-3,"Victoria Dongoran, Hj. Ilsa Putra, M.TI.",Nuha Medika,2009,"Fakultas Sains, Teknologi, & Kesehatan",Informatika,Basis Data,"Buku ini menyajikan kajian komprehensif mengenai perancangan basis data, manajemen sistem basis data, serta normalisasi data. Membantu pembaca membangun pemahaman konseptual maupun praktis.","sql, normalisasi, database, manajemen data",Indonesia,Fisik,409,978-1-4037-6137-8,2
155,TRX000425,USR00299,BK00737,2024-07-29,2024-08-12,2024-08-13,Terlambat,15.0,Residensi Keperawatan: Praktik Klinis Lanjutan Edisi Terbaru,"Iriana Nurdiyanti, S.I.Kom",Nuha Medika,2015,"Fakultas Sains, Teknologi, & Kesehatan",Profesi Ners,Keperawatan Profesi Ners,"Buku ini mengulas berbagai aspek penting dari residensi dan pembelajaran klinik lanjutan, kompetensi ners dalam asuhan pasien, serta praktik klinik keperawatan profesional. Cocok digunakan sebagai referensi utama bagi mahasiswa dan praktisi.","keperawatan komprehensif, profesi ners, praktik klinis ners, residensi keperawatan",Indonesia,E-book,251,978-0-03-032432-1,9999
156,TRX000430,USR00320,BK00298,2023-11-25,2023-12-09,2023-12-10,Terlambat,15.0,Manajemen Data Warehouse Modern Edisi Terbaru,Nurul Tamba,Elex Media Komputindo,2022,"Fakultas Sains, Teknologi, & Kesehatan",Informatika,Basis Data,"Buku ini mengulas berbagai aspek penting dari perancangan basis data, manajemen sistem basis data, serta normalisasi data. Membantu pembaca membangun pemahaman konseptual maupun praktis.","data warehouse, basis data, manajemen data, nosql",Indonesia,Fisik,195,978-0-603-32309-6,0
157,TRX000434,USR00073,BK00442,2023-02-28,2023-03-14,2023-03-20,Terlambat,20.0,Dasar-Dasar Ergonomi,Elma Marpaung,Bumi Aksara,2006,"Fakultas Sains, Teknologi, & Kesehatan",Teknik Industri,Ergonomi & Rantai Pasok,"Buku ini membahas secara mendalam tentang analisis ergonomi tempat kerja, optimalisasi jaringan logistik, serta pengendalian persediaan barang. Membantu pembaca membangun pemahaman konseptual maupun praktis.","analisis beban kerja, k3, manajemen persediaan, logistik",Inggris,Fisik,169,978-0-7950-1455-0,6
158,TRX000437,USR00256,BK01361,2025-02-15,2025-03-01,2025-03-06,Terlambat,19.0,Dasar-Dasar Content Creation,"Rahmi Nasyidah, Kiandra Namaga",Erlangga,2009,"Fakultas Sosial, Humaniora, & Seni",Ilmu Komunikasi,Jurnalistik & Media Digital,"Buku ini dirancang sebagai panduan untuk memahami etika jurnalistik di era digital, jurnalisme online kontemporer, serta strategi konten media sosial. Disusun dengan bahasa yang mudah dipahami untuk kalangan akademik.","media digital, jurnalistik, konten kreator, media sosial",Indonesia,Fisik,221,978-1-872258-93-5,1
159,TRX000439,USR00278,BK01268,2025-01-18,2025-02-01,2025-02-02,Terlambat,15.0,Pengantar Public Relations,Martaka Purnawati,Pustaka Pelajar,2006,"Fakultas Sosial, Humaniora, & Seni",Ilmu Komunikasi,Komunikasi & Media,"Buku ini membahas secara mendalam tentang jurnalisme di era digital, strategi media dan publikasi, serta pengaruh media sosial terhadap opini publik. Menjadi rujukan penting dalam perkuliahan dan penelitian terkait.","jurnalistik, media sosial, komunikasi interpersonal, public relations",Inggris,Fisik,145,978-0-7322-8360-5,4
160,TRX000440,USR00060,BK00568,2023-07-03,2023-07-17,2023-07-22,Terlambat,19.0,Farmasetika untuk Praktik Klinis,Dariati Saefullah,Informatika Bandung,2013,"Fakultas Sains, Teknologi, & Kesehatan",Farmasi,Farmakologi & Kefarmasian,"Buku ini memberikan pemahaman menyeluruh tentang interaksi obat dalam tubuh, mekanisme kerja obat, serta pelayanan kefarmasian klinis. Cocok digunakan sebagai referensi utama bagi mahasiswa dan praktisi.","farmakokinetik, apoteker, farmasi klinis, obat",Indonesia,Fisik,351,978-1-4907-8515-8,2
161,TRX000443,USR00188,BK01167,2025-09-03,2025-09-17,2025-09-21,Terlambat,18.0,Dasar-Dasar Bisnis Digital Edisi Ke-2,"Zizi Hardiansyah, S.Pd, Clara Rahimah",Informatika Bandung,2017,"Fakultas Sosial, Humaniora, & Seni",Administrasi Bisnis,Kewirausahaan & Pemasaran Bisnis,"Buku ini dirancang sebagai panduan untuk memahami perencanaan strategi pemasaran, pengembangan bisnis digital, serta manajemen pemasaran produk dan jasa. Disusun dengan bahasa yang mudah dipahami untuk kalangan akademik.","bisnis digital, kewirausahaan, e-commerce, manajemen pemasaran",Inggris,Fisik,486,978-1-78255-882-8,0
162,TRX000444,USR00272,BK00622,2023-07-23,2023-08-06,2023-08-07,Terlambat,15.0,Kimia Farmasi Klinis Edisi Revisi,Shakila Lestari,PT Grasindo,2009,"Fakultas Sains, Teknologi, & Kesehatan",Farmasi,Farmakologi & Kefarmasian,"Buku ini menyajikan kajian komprehensif mengenai mekanisme kerja obat, efek samping dan dosis obat, serta pelayanan kefarmasian klinis. Cocok digunakan sebagai referensi utama bagi mahasiswa dan praktisi.","kimia farmasi, farmakokinetik, farmakologi, obat",Inggris,Fisik,185,978-0-282-77288-8,6
163,TRX000448,USR00046,BK01020,2024-08-28,2024-09-11,2024-09-18,Terlambat,21.0,Perancangan Desain Interior,"Gadang Kuswoyo, M.M.",Graha Ilmu,2009,"Fakultas Sosial, Humaniora, & Seni",Desain Interior,Desain Interior & Arsitektur Ruang,"Buku ini dirancang sebagai panduan untuk memahami ergonomi dalam desain ruang, konsep arsitektur ruang dalam modern, serta perancangan tata ruang interior. Cocok digunakan sebagai referensi utama bagi mahasiswa dan praktisi.","tata ruang, desain interior, pencahayaan ruang, material interior",Indonesia,E-book,347,978-0-313-34845-7,9999
164,TRX000449,USR00248,BK01227,2024-03-03,2024-03-17,2024-03-24,Terlambat,21.0,Pengantar Psikologi Abnormal,"Dr. Argono Widiastuti, M.Pd",Gramedia Pustaka Utama,2005,"Fakultas Sosial, Humaniora, & Seni",Psikologi,Psikologi Umum & Klinis,"Buku ini dirancang sebagai panduan untuk memahami dinamika interaksi sosial manusia, perkembangan kepribadian individu, serta perilaku dan proses mental manusia. Disusun dengan bahasa yang mudah dipahami untuk kalangan akademik.","psikologi, perkembangan manusia, kepribadian, psikologi klinis",Indonesia,Fisik,357,978-0-657-42231-8,2
165,TRX000450,USR00149,BK01073,2024-04-30,2024-05-14,2024-05-19,Terlambat,19.0,Tata Kelola Perusahaan: Teori dan Praktik,Diana Winarno,Bumi Aksara,2012,"Fakultas Sosial, Humaniora, & Seni",Administrasi Bisnis,Administrasi & Manajemen Bisnis,"Buku ini memberikan pemahaman menyeluruh tentang strategi tata kelola perusahaan, pengelolaan keuangan bisnis, serta manajemen sumber daya manusia perusahaan. Menjadi rujukan penting dalam perkuliahan dan penelitian terkait.","operasional bisnis, tata kelola perusahaan, manajemen sumber daya manusia, manajemen keuangan",Indonesia,Fisik,269,978-1-991537-03-4,3
166,TRX000454,USR00269,BK00126,2023-08-06,2023-08-20,2023-08-23,Terlambat,17.0,Konsep Dasar Data Science,Bella Kusumo,UI Press,2011,"Fakultas Sains, Teknologi, & Kesehatan",Informatika,Kecerdasan Buatan & Data Science,"Buku ini memberikan pemahaman menyeluruh tentang jaringan saraf tiruan, otomatisasi cerdas, serta kecerdasan buatan. Disusun dengan bahasa yang mudah dipahami untuk kalangan akademik.","neural network, data science, artificial intelligence, data mining",Indonesia,Fisik,143,978-0-89324-609-9,3
167,TRX000462,USR00341,BK00864,2023-12-06,2023-12-20,2023-12-25,Terlambat,19.0,Pengantar Fotografi Digital,drg. Marsito Sihotang,Informatika Bandung,2005,"Fakultas Sosial, Humaniora, & Seni",Desain Komunikasi Visual,Fotografi & Multimedia,"Buku ini menyajikan kajian komprehensif mengenai editing visual dan videografi, teknik pengambilan gambar fotografi, serta animasi dan motion graphic. Cocok digunakan sebagai referensi utama bagi mahasiswa dan praktisi.","videografi, media interaktif, multimedia, fotografi",Indonesia,Fisik,225,978-1-56766-708-0,7
168,TRX000463,USR00069,BK01082,2025-04-25,2025-05-09,2025-05-10,Terlambat,15.0,Pengantar Administrasi Bisnis,Cut Tania Tamba,Alfabeta,2024,"Fakultas Sosial, Humaniora, & Seni",Administrasi Bisnis,Administrasi & Manajemen Bisnis,"Buku ini menyajikan kajian komprehensif mengenai pengelolaan keuangan bisnis, administrasi dan operasional bisnis, serta strategi tata kelola perusahaan. Membantu pembaca membangun pemahaman konseptual maupun praktis.","administrasi bisnis, manajemen bisnis, operasional bisnis, manajemen sumber daya manusia",Inggris,Fisik,293,978-0-918623-39-3,2
169,TRX000469,USR00003,BK00727,2024-05-15,2024-05-29,2024-06-01,Terlambat,17.0,Panduan Praktik Residensi Keperawatan,Karsana Suryono,Pustaka Pelajar,2024,"Fakultas Sains, Teknologi, & Kesehatan",Profesi Ners,Keperawatan Profesi Ners,"Buku ini memberikan pemahaman menyeluruh tentang praktik klinik keperawatan profesional, etika dan profesionalisme keperawatan, serta penerapan evidence-based practice. Disusun dengan bahasa yang mudah dipahami untuk kalangan akademik.","keperawatan lanjutan, praktik klinis ners, residensi keperawatan, evidence based practice",Indonesia,Fisik,223,978-0-86125-904-5,4
170,TRX000471,USR00119,BK00960,2025-02-17,2025-03-03,2025-03-04,Terlambat,15.0,Perancangan Desain Interior,"dr. Padma Budiman, Hadi Agustina, S.Gz",Erlangga,2007,"Fakultas Sosial, Humaniora, & Seni",Desain Interior,Desain Interior & Arsitektur Ruang,"Buku ini menyajikan kajian komprehensif mengenai pemilihan material dan furnitur, perancangan tata ruang interior, serta konsep arsitektur ruang dalam modern. Disusun dengan bahasa yang mudah dipahami untuk kalangan akademik.","desain interior, ergonomi ruang, pencahayaan ruang, furnitur",Indonesia,Fisik,391,978-0-8241-2704-6,4
171,TRX000473,USR00207,BK01252,2023-01-14,2023-01-28,2023-01-29,Terlambat,15.0,Dasar-Dasar Jurnalistik,"Dr. Wage Agustina, Jais Uyainah",Gramedia Pustaka Utama,2019,"Fakultas Sosial, Humaniora, & Seni",Ilmu Komunikasi,Komunikasi & Media,"Buku ini dirancang sebagai panduan untuk memahami hubungan masyarakat dan citra publik, dinamika komunikasi massa, serta pengaruh media sosial terhadap opini publik. Menjadi rujukan penting dalam perkuliahan dan penelitian terkait.","media digital, komunikasi interpersonal, jurnalistik, public relations",Indonesia,Fisik,244,978-0-7938-8413-1,6
172,TRX000474,USR00337,BK00811,2023-07-09,2023-07-23,2023-07-28,Terlambat,19.0,Kreativitas dalam Branding Visual,"Ir. Hasim Saptono, M.TI.",Andi Publisher,2022,"Fakultas Sosial, Humaniora, & Seni",Desain Komunikasi Visual,Desain Komunikasi Visual & Ilustrasi,"Buku ini memberikan pemahaman menyeluruh tentang strategi branding melalui visual, prinsip visual dan tipografi, serta estetika dalam karya seni rupa. Disusun dengan bahasa yang mudah dipahami untuk kalangan akademik.","branding, desain komunikasi visual, seni rupa, ilustrasi",Indonesia,E-book,257,978-1-279-10336-4,9999
173,TRX000476,USR00149,BK01048,2024-09-14,2024-09-28,2024-10-02,Terlambat,18.0,Dasar-Dasar Manajemen Operasional Edisi Ke-3,"Yance Pertiwi, S.Kom, Darmaji Mulyani",Andi Publisher,2014,"Fakultas Sosial, Humaniora, & Seni",Administrasi Bisnis,Administrasi & Manajemen Bisnis,"Buku ini mengulas berbagai aspek penting dari administrasi dan operasional bisnis, efisiensi operasional organisasi bisnis, serta pengelolaan keuangan bisnis. Membantu pembaca membangun pemahaman konseptual maupun praktis.","manajemen bisnis, manajemen sumber daya manusia, operasional bisnis, tata kelola perusahaan",Indonesia,Fisik,509,978-0-311-64913-6,6
174,TRX000487,USR00113,BK00559,2023-04-22,2023-05-06,2023-05-09,Terlambat,17.0,Panduan Keperawatan Anak Edisi Revisi,"Cornelia Prastuti, S.IP",Nuha Medika,2009,"Fakultas Sains, Teknologi, & Kesehatan",Keperawatan,Keperawatan Klinis,"Buku ini memberikan pemahaman menyeluruh tentang penanganan kondisi darurat medis, asuhan keperawatan pasien, serta manajemen perawatan pasien. Cocok digunakan sebagai referensi utama bagi mahasiswa dan praktisi.","praktik klinis, keperawatan gawat darurat, asuhan keperawatan, keperawatan",Indonesia,Fisik,242,978-1-198-76351-9,3
175,TRX000492,USR00239,BK00966,2025-05-23,2025-06-06,2025-06-09,Terlambat,17.0,Dasar-Dasar Material dan Furnitur,R.A. Tira Fujiati,Kencana Prenada,2012,"Fakultas Sosial, Humaniora, & Seni",Desain Interior,Desain Interior & Arsitektur Ruang,"Buku ini dirancang sebagai panduan untuk memahami perancangan tata ruang interior, ergonomi dalam desain ruang, serta pemilihan material dan furnitur. Disusun dengan bahasa yang mudah dipahami untuk kalangan akademik.","tata ruang, furnitur, ergonomi ruang, arsitektur ruang",Indonesia,Fisik,343,978-1-358-84183-5,2
176,TRX000495,USR00356,BK01186,2024-08-27,2024-09-10,2024-09-12,Terlambat,16.0,Memahami Psikologi Perkembangan,"Eluh Widiastuti, Nabila Wacana",UI Press,2016,"Fakultas Sosial, Humaniora, & Seni",Psikologi,Psikologi Umum & Klinis,"Buku ini membahas secara mendalam tentang gangguan psikologis dan penanganannya, perkembangan kepribadian individu, serta dinamika interaksi sosial manusia. Membantu pembaca membangun pemahaman konseptual maupun praktis.","perkembangan manusia, psikoterapi, psikologi, kepribadian",Inggris,E-book,136,978-0-10-219237-7,9999
177,TRX000497,USR00025,BK00557,2024-08-18,2024-09-01,2024-09-06,Terlambat,19.0,Keperawatan Dasar: Teori dan Praktik Klinis Edisi Terbaru,"Respati Lestari, Muhammad Wulandari",Kencana Prenada,2018,"Fakultas Sains, Teknologi, & Kesehatan",Keperawatan,Keperawatan Klinis,"Buku ini menyajikan kajian komprehensif mengenai penanganan kondisi darurat medis, manajemen perawatan pasien, serta prosedur klinis keperawatan. Membantu pembaca membangun pemahaman konseptual maupun praktis.","keperawatan, asuhan keperawatan, keperawatan medikal bedah, keperawatan anak",Inggris,Fisik,435,978-1-78529-456-3,6
178,TRX000498,USR00192,BK01021,2025-02-14,2025-02-28,2025-03-07,Terlambat,21.0,Dasar-Dasar Tata Ruang Edisi Revisi,"Dr. Jarwi Jailani, S.Pd",Salemba Empat,2007,"Fakultas Sosial, Humaniora, & Seni",Desain Interior,Desain Interior & Arsitektur Ruang,"Buku ini menyajikan kajian komprehensif mengenai prinsip pencahayaan dan estetika ruang, perancangan tata ruang interior, serta konsep arsitektur ruang dalam modern. Cocok digunakan sebagai referensi utama bagi mahasiswa dan praktisi.","material interior, arsitektur ruang, tata ruang, pencahayaan ruang",Indonesia,Fisik,280,978-0-523-62292-7,5
179,TRX000502,USR00259,BK01127,2024-03-30,2024-04-13,2024-04-17,Terlambat,18.0,Membangun Kewirausahaan,"R.A. Victoria Irawan, Puti Ajeng Budiman, S.Psi",Deepublish,2015,"Fakultas Sosial, Humaniora, & Seni",Administrasi Bisnis,Kewirausahaan & Pemasaran Bisnis,"Buku ini mengulas berbagai aspek penting dari pengembangan bisnis digital, perencanaan strategi pemasaran, serta strategi kewirausahaan dan inovasi bisnis. Cocok digunakan sebagai referensi utama bagi mahasiswa dan praktisi.","strategi pemasaran, bisnis digital, pemasaran, kewirausahaan",Indonesia,Fisik,474,978-0-9751910-2-6,4
180,TRX000503,USR00119,BK01016,2023-03-17,2023-03-31,2023-04-03,Terlambat,17.0,Tata Ruang: Konsep dan Aplikasi,Kemba Rahmawati,PT Grasindo,2022,"Fakultas Sosial, Humaniora, & Seni",Desain Interior,Desain Interior & Arsitektur Ruang,"Buku ini menyajikan kajian komprehensif mengenai prinsip pencahayaan dan estetika ruang, konsep arsitektur ruang dalam modern, serta perancangan tata ruang interior. Disusun dengan bahasa yang mudah dipahami untuk kalangan akademik.","desain interior, tata ruang, furnitur, material interior",Indonesia,E-book,213,978-1-4909-6173-6,9999
181,TRX000507,USR00189,BK00688,2024-11-15,2024-11-29,2024-12-06,Terlambat,21.0,Dasar Farmasi Rumah Sakit,"Ami Wulandari, M.Pd",Kencana Prenada,2012,"Fakultas Sains, Teknologi, & Kesehatan",Farmasi,Teknologi Farmasi & Pelayanan Kefarmasian,"Buku ini mengulas berbagai aspek penting dari manajemen obat dan compounding, teknologi pembuatan sediaan obat, serta pelayanan kefarmasian di rumah sakit. Dilengkapi dengan contoh kasus dan studi lapangan yang relevan.","farmasi komunitas, sediaan farmasi, teknologi farmasi, pelayanan kefarmasian",Inggris,Fisik,140,978-1-08-164709-4,4
182,TRX000512,USR00008,BK00563,2024-01-04,2024-01-18,2024-01-19,Terlambat,15.0,Dasar Farmasi Klinis,Yuni Suwarno,Salemba Empat,2007,"Fakultas Sains, Teknologi, & Kesehatan",Farmasi,Farmakologi & Kefarmasian,"Buku ini menyajikan kajian komprehensif mengenai interaksi obat dalam tubuh, mekanisme kerja obat, serta pelayanan kefarmasian klinis. Dilengkapi dengan contoh kasus dan studi lapangan yang relevan.","farmasi klinis, obat, kimia farmasi, farmakologi",Indonesia,Fisik,366,978-1-936312-30-6,3
183,TRX000513,USR00013,BK00489,2024-03-15,2024-03-29,2024-03-30,Terlambat,15.0,Panduan Keperawatan Dasar,Naradi Sitompul,PT Grasindo,2015,"Fakultas Sains, Teknologi, & Kesehatan",Keperawatan,Keperawatan Klinis,"Buku ini dirancang sebagai panduan untuk memahami manajemen perawatan pasien, prosedur klinis keperawatan, serta penanganan kondisi darurat medis. Cocok digunakan sebagai referensi utama bagi mahasiswa dan praktisi.","keperawatan, asuhan keperawatan, keperawatan anak, praktik klinis",Inggris,E-book,448,978-0-87766-183-2,9999
184,TRX000514,USR00119,BK00112,2025-09-05,2025-09-19,2025-09-22,Terlambat,17.0,Aplikasi Data Mining di Industri Edisi Revisi,Cut Kamila Mayasari,Bumi Aksara,2005,"Fakultas Sains, Teknologi, & Kesehatan",Informatika,Kecerdasan Buatan & Data Science,"Buku ini mengulas berbagai aspek penting dari jaringan saraf tiruan, otomatisasi cerdas, serta pembelajaran mesin. Cocok digunakan sebagai referensi utama bagi mahasiswa dan praktisi.","data science, kecerdasan buatan, deep learning, machine learning",Indonesia,Fisik,265,978-1-77005-411-0,7
185,TRX000516,USR00372,BK01228,2024-02-06,2024-02-20,2024-02-26,Terlambat,20.0,Psikologi Kepribadian: Teori dan Aplikasi Edisi Terbaru,drg. Ika Wijaya,Bumi Aksara,2013,"Fakultas Sosial, Humaniora, & Seni",Psikologi,Psikologi Umum & Klinis,"Buku ini membahas secara mendalam tentang gangguan psikologis dan penanganannya, dinamika interaksi sosial manusia, serta perilaku dan proses mental manusia. Membantu pembaca membangun pemahaman konseptual maupun praktis.","psikologi sosial, psikologi klinis, psikologi, kepribadian",Indonesia,Fisik,273,978-0-04-023693-5,2
186,TRX000518,USR00026,BK00765,2025-09-08,2025-09-22,2025-09-23,Terlambat,15.0,Panduan Praktik Residensi Keperawatan,"Melinda Januar, S.Pt",Kencana Prenada,2023,"Fakultas Sains, Teknologi, & Kesehatan",Profesi Ners,Keperawatan Profesi Ners,"Buku ini membahas secara mendalam tentang praktik klinik keperawatan profesional, kompetensi ners dalam asuhan pasien, serta residensi dan pembelajaran klinik lanjutan. Dilengkapi dengan contoh kasus dan studi lapangan yang relevan.","profesi ners, praktik klinis ners, keperawatan lanjutan, kompetensi ners",Indonesia,Fisik,124,978-1-7382023-6-2,0
187,TRX000520,USR00328,BK00554,2025-09-13,2025-09-27,2025-09-28,Terlambat,15.0,Dasar-Dasar Keperawatan Maternitas,"Ir. Ganep Wibowo, S.IP",Informatika Bandung,2022,"Fakultas Sains, Teknologi, & Kesehatan",Keperawatan,Keperawatan Klinis,"Buku ini dirancang sebagai panduan untuk memahami manajemen perawatan pasien, prosedur klinis keperawatan, serta penanganan kondisi darurat medis. Dilengkapi dengan contoh kasus dan studi lapangan yang relevan.","keperawatan, asuhan keperawatan, keperawatan anak, keperawatan gawat darurat",Inggris,Fisik,457,978-1-56503-334-4,6
188,TRX000521,USR00117,BK01226,2023-07-27,2023-08-10,2023-08-14,Terlambat,18.0,Dasar-Dasar Psikologi Perkembangan,"Wirda Suryatmi, Jelita Oktaviani",Pustaka Pelajar,2019,"Fakultas Sosial, Humaniora, & Seni",Psikologi,Psikologi Umum & Klinis,"Buku ini dirancang sebagai panduan untuk memahami perilaku dan proses mental manusia, dinamika interaksi sosial manusia, serta intervensi psikoterapi klinis. Dilengkapi dengan contoh kasus dan studi lapangan yang relevan.","psikoterapi, psikologi klinis, perkembangan manusia, psikologi",Indonesia,Fisik,324,978-1-5089-1776-2,4
189,TRX000523,USR00132,BK00493,2023-02-20,2023-03-06,2023-03-07,Terlambat,15.0,Panduan Keperawatan Anak,"Patricia Hartati, Argono Sirait",PT Grasindo,2022,"Fakultas Sains, Teknologi, & Kesehatan",Keperawatan,Keperawatan Klinis,"Buku ini menyajikan kajian komprehensif mengenai komunikasi terapeutik perawat, penanganan kondisi darurat medis, serta prosedur klinis keperawatan. Cocok digunakan sebagai referensi utama bagi mahasiswa dan praktisi.","praktik klinis, asuhan keperawatan, keperawatan, keperawatan anak",Indonesia,Fisik,467,978-1-06-138782-8,7
190,TRX000528,USR00338,BK00734,2025-03-25,2025-04-08,2025-04-15,Terlambat,21.0,Profesi Ners: Praktik Klinis Lanjutan,"Drs. Violet Nuraini, M.Kom., Karja Padmasari",Bumi Aksara,2014,"Fakultas Sains, Teknologi, & Kesehatan",Profesi Ners,Keperawatan Profesi Ners,"Buku ini menyajikan kajian komprehensif mengenai residensi dan pembelajaran klinik lanjutan, kompetensi ners dalam asuhan pasien, serta etika dan profesionalisme keperawatan. Menjadi rujukan penting dalam perkuliahan dan penelitian terkait.","residensi keperawatan, kompetensi ners, profesi ners, keperawatan komprehensif",Indonesia,Fisik,411,978-0-12-920875-4,8
191,TRX000535,USR00182,BK00481,2025-02-07,2025-02-21,2025-02-28,Terlambat,21.0,Asuhan Keperawatan Dasar,dr. Adinata Suwarno,Rajawali Pers,2005,"Fakultas Sains, Teknologi, & Kesehatan",Keperawatan,Keperawatan Klinis,"Buku ini menyajikan kajian komprehensif mengenai komunikasi terapeutik perawat, manajemen perawatan pasien, serta asuhan keperawatan pasien. Menjadi rujukan penting dalam perkuliahan dan penelitian terkait.","asuhan keperawatan, keperawatan medikal bedah, praktik klinis, keperawatan gawat darurat",Indonesia,E-book,333,978-1-58018-569-1,9999
192,TRX000536,USR00345,BK00755,2025-04-09,2025-04-23,2025-04-27,Terlambat,18.0,Modul Praktik Klinik Ners,Mulyanto Napitupulu,Elex Media Komputindo,2023,"Fakultas Sains, Teknologi, & Kesehatan",Profesi Ners,Keperawatan Profesi Ners,"Buku ini menyajikan kajian komprehensif mengenai kompetensi ners dalam asuhan pasien, etika dan profesionalisme keperawatan, serta praktik klinik keperawatan profesional. Dilengkapi dengan contoh kasus dan studi lapangan yang relevan.","residensi keperawatan, keperawatan lanjutan, kompetensi ners, keperawatan komprehensif",Indonesia,Fisik,400,978-1-167-87256-3,6
193,TRX000539,USR00143,BK00334,2024-10-11,2024-10-25,2024-10-27,Terlambat,16.0,Teknik Industri: Teori dan Aplikasi,"Olivia Kurniawan, Winda Sihombing",Gramedia Pustaka Utama,2020,"Fakultas Sains, Teknologi, & Kesehatan",Teknik Industri,Teknik Industri & Manajemen Operasi,"Buku ini membahas secara mendalam tentang efisiensi tata letak fasilitas pabrik, optimalisasi proses produksi, serta perancangan sistem kerja industri. Dilengkapi dengan contoh kasus dan studi lapangan yang relevan.","efisiensi kerja, six sigma, manajemen kualitas, manajemen operasi",Inggris,E-book,143,978-1-76607-283-8,9999
194,TRX000541,USR00110,BK01009,2023-02-12,2023-02-26,2023-02-28,Terlambat,16.0,Perancangan Desain Interior,"Padma Waskita, M.Kom.",Andi Publisher,2021,"Fakultas Sosial, Humaniora, & Seni",Desain Interior,Desain Interior & Arsitektur Ruang,"Buku ini memberikan pemahaman menyeluruh tentang pemilihan material dan furnitur, konsep arsitektur ruang dalam modern, serta prinsip pencahayaan dan estetika ruang. Disusun dengan bahasa yang mudah dipahami untuk kalangan akademik.","tata ruang, ergonomi ruang, arsitektur ruang, furnitur",Inggris,Fisik,535,978-1-298-58567-7,4
195,TRX000544,USR00117,BK01226,2024-05-03,2024-05-17,2024-05-19,Terlambat,16.0,Dasar-Dasar Psikologi Perkembangan,"Wirda Suryatmi, Jelita Oktaviani",Pustaka Pelajar,2019,"Fakultas Sosial, Humaniora, & Seni",Psikologi,Psikologi Umum & Klinis,"Buku ini dirancang sebagai panduan untuk memahami perilaku dan proses mental manusia, dinamika interaksi sosial manusia, serta intervensi psikoterapi klinis. Dilengkapi dengan contoh kasus dan studi lapangan yang relevan.","psikoterapi, psikologi klinis, perkembangan manusia, psikologi",Indonesia,Fisik,324,978-1-5089-1776-2,4
196,TRX000545,USR00182,BK00509,2025-04-27,2025-05-11,2025-05-14,Terlambat,17.0,Dasar-Dasar Keperawatan Maternitas,Aurora Gunarto,Pustaka Pelajar,2018,"Fakultas Sains, Teknologi, & Kesehatan",Keperawatan,Keperawatan Klinis,"Buku ini mengulas berbagai aspek penting dari manajemen perawatan pasien, prosedur klinis keperawatan, serta penanganan kondisi darurat medis. Cocok digunakan sebagai referensi utama bagi mahasiswa dan praktisi.","keperawatan gawat darurat, asuhan keperawatan, praktik klinis, keperawatan",Inggris,Fisik,311,978-0-686-71773-7,1
197,TRX000546,USR00082,BK01351,2023-05-19,2023-06-02,2023-06-09,Terlambat,21.0,Pengantar Produksi Berita,Kemal Palastri,Deepublish,2007,"Fakultas Sosial, Humaniora, & Seni",Ilmu Komunikasi,Jurnalistik & Media Digital,"Buku ini mengulas berbagai aspek penting dari strategi konten media sosial, jurnalisme online kontemporer, serta produksi berita di media digital. Menjadi rujukan penting dalam perkuliahan dan penelitian terkait.","konten kreator, media sosial, komunikasi digital, produksi berita",Inggris,E-book,477,978-1-9736-3831-5,9999
198,TRX000551,USR00351,BK00466,2024-05-23,2024-06-06,2024-06-08,Terlambat,16.0,Dasar-Dasar Ergonomi,"Hj. Yessi Adriansyah, R.M. Mitra Maryadi, M.M.",Nuha Medika,2009,"Fakultas Sains, Teknologi, & Kesehatan",Teknik Industri,Ergonomi & Rantai Pasok,"Buku ini membahas secara mendalam tentang manajemen rantai pasok dan distribusi, analisis ergonomi tempat kerja, serta pengendalian persediaan barang. Disusun dengan bahasa yang mudah dipahami untuk kalangan akademik.","rantai pasok, analisis beban kerja, manajemen persediaan, logistik",Indonesia,Fisik,230,978-1-997335-49-8,0
199,TRX000552,USR00101,BK00611,2025-06-09,2025-06-23,2025-06-28,Terlambat,19.0,Kimia Farmasi Klinis Edisi Terbaru,Vivi Ardianto,Graha Ilmu,2005,"Fakultas Sains, Teknologi, & Kesehatan",Farmasi,Farmakologi & Kefarmasian,"Buku ini dirancang sebagai panduan untuk memahami mekanisme kerja obat, formulasi sediaan farmasi, serta interaksi obat dalam tubuh. Dilengkapi dengan contoh kasus dan studi lapangan yang relevan.","formulasi obat, farmakologi, kimia farmasi, farmasi klinis",Inggris,Fisik,520,978-1-5482-1456-2,0
200,TRX000554,USR00261,BK01088,2024-10-18,2024-11-01,2024-11-07,Terlambat,20.0,Strategi Manajemen Operasional Edisi Terbaru,Teddy Zulaika,PT Grasindo,2015,"Fakultas Sosial, Humaniora, & Seni",Administrasi Bisnis,Administrasi & Manajemen Bisnis,"Buku ini membahas secara mendalam tentang manajemen sumber daya manusia perusahaan, pengelolaan keuangan bisnis, serta strategi tata kelola perusahaan. Membantu pembaca membangun pemahaman konseptual maupun praktis.","manajemen sumber daya manusia, operasional bisnis, administrasi bisnis, manajemen keuangan",Inggris,E-book,264,978-1-927282-70-0,9999
201,TRX000555,USR00360,BK00833,2023-04-25,2023-05-09,2023-05-10,Terlambat,15.0,Pengantar Tipografi,"Rahmi Prabowo, Sutan Baktiono Purwanti",Elex Media Komputindo,2009,"Fakultas Sosial, Humaniora, & Seni",Desain Komunikasi Visual,Desain Komunikasi Visual & Ilustrasi,"Buku ini mengulas berbagai aspek penting dari proses kreatif desain grafis, prinsip visual dan tipografi, serta ilustrasi dan komposisi gambar. Cocok digunakan sebagai referensi utama bagi mahasiswa dan praktisi.","desain komunikasi visual, ilustrasi, tipografi, branding",Inggris,E-book,219,978-0-9665533-0-7,9999
202,TRX000560,USR00116,BK01073,2025-03-23,2025-04-06,2025-04-07,Terlambat,15.0,Tata Kelola Perusahaan: Teori dan Praktik,Diana Winarno,Bumi Aksara,2012,"Fakultas Sosial, Humaniora, & Seni",Administrasi Bisnis,Administrasi & Manajemen Bisnis,"Buku ini memberikan pemahaman menyeluruh tentang strategi tata kelola perusahaan, pengelolaan keuangan bisnis, serta manajemen sumber daya manusia perusahaan. Menjadi rujukan penting dalam perkuliahan dan penelitian terkait.","operasional bisnis, tata kelola perusahaan, manajemen sumber daya manusia, manajemen keuangan",Indonesia,Fisik,269,978-1-991537-03-4,3
203,TRX000561,USR00114,BK00963,2024-10-25,2024-11-08,2024-11-13,Terlambat,19.0,Pengantar Material dan Furnitur Edisi Revisi,"Hardi Haryanti, S.Pt",Rajawali Pers,2007,"Fakultas Sosial, Humaniora, & Seni",Desain Interior,Desain Interior & Arsitektur Ruang,"Buku ini dirancang sebagai panduan untuk memahami prinsip pencahayaan dan estetika ruang, konsep arsitektur ruang dalam modern, serta ergonomi dalam desain ruang. Cocok digunakan sebagai referensi utama bagi mahasiswa dan praktisi.","ergonomi ruang, furnitur, pencahayaan ruang, desain interior",Indonesia,Fisik,421,978-1-324-06424-4,7
204,TRX000562,USR00189,BK00350,2024-12-06,2024-12-20,2024-12-27,Terlambat,21.0,Teknik Industri: Teori dan Aplikasi Edisi Ke-3,"R. Diana Usamah, Dt. Tri Pertiwi",Pustaka Pelajar,2009,"Fakultas Sains, Teknologi, & Kesehatan",Teknik Industri,Teknik Industri & Manajemen Operasi,"Buku ini memberikan pemahaman menyeluruh tentang efisiensi tata letak fasilitas pabrik, perancangan sistem kerja industri, serta optimalisasi proses produksi. Membantu pembaca membangun pemahaman konseptual maupun praktis.","produktivitas, tata letak pabrik, manajemen operasi, six sigma",Indonesia,Fisik,347,978-0-242-86990-0,0
205,TRX000563,USR00294,BK00096,2025-07-21,2025-08-04,2025-08-11,Terlambat,21.0,Membangun Sistem Kecerdasan Buatan,Drs. Ida Hasanah,Informatika Bandung,2020,"Fakultas Sains, Teknologi, & Kesehatan",Informatika,Kecerdasan Buatan & Data Science,"Buku ini mengulas berbagai aspek penting dari prediksi berbasis data, kecerdasan buatan, serta otomatisasi cerdas. Menjadi rujukan penting dalam perkuliahan dan penelitian terkait.","data mining, artificial intelligence, neural network, deep learning",Inggris,E-book,157,978-0-18-367365-9,9999
206,TRX000565,USR00239,BK01064,2024-06-05,2024-06-19,2024-06-22,Terlambat,17.0,Dasar-Dasar Manajemen Operasional,"Kacung Sitompul, S.Farm, Raihan Ramadan, S.I.Kom",PT Grasindo,2023,"Fakultas Sosial, Humaniora, & Seni",Administrasi Bisnis,Administrasi & Manajemen Bisnis,"Buku ini dirancang sebagai panduan untuk memahami strategi tata kelola perusahaan, pengelolaan keuangan bisnis, serta administrasi dan operasional bisnis. Cocok digunakan sebagai referensi utama bagi mahasiswa dan praktisi.","administrasi bisnis, operasional bisnis, manajemen sumber daya manusia, manajemen bisnis",Indonesia,E-book,284,978-0-17-397396-7,9999
207,TRX000566,USR00289,BK00949,2025-03-12,2025-03-26,2025-03-29,Terlambat,17.0,Dasar-Dasar Pencahayaan Ruang,Bagas Tampubolon,PT Grasindo,2009,"Fakultas Sosial, Humaniora, & Seni",Desain Interior,Desain Interior & Arsitektur Ruang,"Buku ini dirancang sebagai panduan untuk memahami pemilihan material dan furnitur, ergonomi dalam desain ruang, serta perancangan tata ruang interior. Cocok digunakan sebagai referensi utama bagi mahasiswa dan praktisi.","material interior, ergonomi ruang, pencahayaan ruang, desain interior",Indonesia,E-book,197,978-1-03-446945-2,9999
208,TRX000567,USR00046,BK00222,2025-03-15,2025-03-29,2025-04-01,Terlambat,17.0,Membangun Jaringan Komputer yang Aman,"H. Lanjar Tampubolon, M.Ak",Graha Ilmu,2009,"Fakultas Sains, Teknologi, & Kesehatan",Informatika,Jaringan & Keamanan Siber,"Buku ini menyajikan kajian komprehensif mengenai keamanan jaringan komputer, ancaman siber, serta protokol komunikasi data. Cocok digunakan sebagai referensi utama bagi mahasiswa dan praktisi.","cyber security, keamanan siber, firewall, enkripsi",Indonesia,E-book,435,978-0-923309-58-9,9999
209,TRX000568,USR00002,BK01249,2025-01-17,2025-01-31,2025-02-06,Terlambat,20.0,Pengantar Media Digital Edisi Ke-3,Edi Sitorus,Rajawali Pers,2018,"Fakultas Sosial, Humaniora, & Seni",Ilmu Komunikasi,Komunikasi & Media,"Buku ini dirancang sebagai panduan untuk memahami dinamika komunikasi massa, pengaruh media sosial terhadap opini publik, serta strategi media dan publikasi. Cocok digunakan sebagai referensi utama bagi mahasiswa dan praktisi.","media digital, media sosial, public relations, jurnalistik",Inggris,Fisik,207,978-1-917679-93-0,7
210,TRX000569,USR00361,BK00754,2023-01-30,2023-02-13,2023-02-19,Terlambat,20.0,Modul Residensi Keperawatan,"Maya Ardianto, S.I.Kom",Salemba Empat,2017,"Fakultas Sains, Teknologi, & Kesehatan",Profesi Ners,Keperawatan Profesi Ners,"Buku ini dirancang sebagai panduan untuk memahami praktik klinik keperawatan profesional, residensi dan pembelajaran klinik lanjutan, serta kompetensi ners dalam asuhan pasien. Dilengkapi dengan contoh kasus dan studi lapangan yang relevan.","profesi ners, keperawatan komprehensif, residensi keperawatan, praktik klinis ners",Indonesia,Fisik,327,978-0-340-26650-2,6
211,TRX000572,USR00086,BK00330,2025-12-04,2025-12-18,2025-12-23,Terlambat,19.0,Optimalisasi Manajemen Kualitas Edisi Revisi,"KH. Kacung Hassanah, Aurora Sihombing",Alfabeta,2017,"Fakultas Sains, Teknologi, & Kesehatan",Teknik Industri,Teknik Industri & Manajemen Operasi,"Buku ini membahas secara mendalam tentang perencanaan dan pengendalian produksi, optimalisasi proses produksi, serta manajemen kualitas dan produktivitas. Cocok digunakan sebagai referensi utama bagi mahasiswa dan praktisi.","manajemen kualitas, perencanaan produksi, tata letak pabrik, teknik industri",Indonesia,E-book,288,978-1-81128-801-6,9999
212,TRX000577,USR00197,BK00528,2024-03-04,2024-03-18,2024-03-19,Terlambat,15.0,Asuhan Keperawatan Dasar,Puti Dinda Pranowo,Kencana Prenada,2009,"Fakultas Sains, Teknologi, & Kesehatan",Keperawatan,Keperawatan Klinis,"Buku ini membahas secara mendalam tentang komunikasi terapeutik perawat, asuhan keperawatan pasien, serta penanganan kondisi darurat medis. Cocok digunakan sebagai referensi utama bagi mahasiswa dan praktisi.","keperawatan, keperawatan gawat darurat, praktik klinis, asuhan keperawatan",Indonesia,Fisik,193,978-1-85196-106-1,0
213,TRX000585,USR00009,BK00488,2023-10-17,2023-10-31,2023-11-06,Terlambat,20.0,Dasar-Dasar Keperawatan Maternitas Edisi Terbaru,Anom Hidayanto,Gramedia Pustaka Utama,2018,"Fakultas Sains, Teknologi, & Kesehatan",Keperawatan,Keperawatan Klinis,"Buku ini membahas secara mendalam tentang prosedur klinis keperawatan, penanganan kondisi darurat medis, serta manajemen perawatan pasien. Cocok digunakan sebagai referensi utama bagi mahasiswa dan praktisi.","keperawatan anak, keperawatan gawat darurat, asuhan keperawatan, keperawatan",Indonesia,Fisik,316,978-1-70720-064-1,4
214,TRX000587,USR00255,BK00475,2025-02-28,2025-03-14,2025-03-20,Terlambat,20.0,Dasar-Dasar Keselamatan dan Kesehatan Kerja Edisi Terbaru,Queen Sitompul,Elex Media Komputindo,2019,"Fakultas Sains, Teknologi, & Kesehatan",Teknik Industri,Ergonomi & Rantai Pasok,"Buku ini mengulas berbagai aspek penting dari optimalisasi jaringan logistik, manajemen rantai pasok dan distribusi, serta keselamatan dan kesehatan kerja industri. Membantu pembaca membangun pemahaman konseptual maupun praktis.","logistik, rantai pasok, k3, distribusi",Indonesia,Fisik,160,978-1-4420-9494-9,5
215,TRX000595,USR00177,BK01260,2025-04-15,2025-04-29,2025-05-06,Terlambat,21.0,Jurnalistik di Era Digital,Jabal Nainggolan,Gramedia Pustaka Utama,2014,"Fakultas Sosial, Humaniora, & Seni",Ilmu Komunikasi,Komunikasi & Media,"Buku ini menyajikan kajian komprehensif mengenai jurnalisme di era digital, hubungan masyarakat dan citra publik, serta strategi media dan publikasi. Dilengkapi dengan contoh kasus dan studi lapangan yang relevan.","public relations, media digital, komunikasi massa, broadcasting",Indonesia,E-book,483,978-1-05-560571-6,9999
216,TRX000598,USR00355,BK01186,2023-09-30,2023-10-14,2023-10-20,Terlambat,20.0,Memahami Psikologi Perkembangan,"Eluh Widiastuti, Nabila Wacana",UI Press,2016,"Fakultas Sosial, Humaniora, & Seni",Psikologi,Psikologi Umum & Klinis,"Buku ini membahas secara mendalam tentang gangguan psikologis dan penanganannya, perkembangan kepribadian individu, serta dinamika interaksi sosial manusia. Membantu pembaca membangun pemahaman konseptual maupun praktis.","perkembangan manusia, psikoterapi, psikologi, kepribadian",Inggris,E-book,136,978-0-10-219237-7,9999
217,TRX000599,USR00131,BK00771,2025-07-22,2025-08-05,2025-08-08,Terlambat,17.0,Pembelajaran Klinik Keperawatan Komprehensif Edisi Ke-2,"Abyasa Yulianti, Siti Suartini",Salemba Empat,2009,"Fakultas Sains, Teknologi, & Kesehatan",Profesi Ners,Keperawatan Profesi Ners,"Buku ini memberikan pemahaman menyeluruh tentang penerapan evidence-based practice, residensi dan pembelajaran klinik lanjutan, serta kompetensi ners dalam asuhan pasien. Menjadi rujukan penting dalam perkuliahan dan penelitian terkait.","residensi keperawatan, keperawatan komprehensif, kompetensi ners, evidence based practice",Inggris,Fisik,132,978-1-184-26945-2,2
218,TRX000603,USR00281,BK00746,2025-08-06,2025-08-20,2025-08-23,Terlambat,17.0,Pembelajaran Klinik Keperawatan Komprehensif,"Kamal Hakim, Paiman Suwarno",PT Grasindo,2018,"Fakultas Sains, Teknologi, & Kesehatan",Profesi Ners,Keperawatan Profesi Ners,"Buku ini membahas secara mendalam tentang kompetensi ners dalam asuhan pasien, penerapan evidence-based practice, serta etika dan profesionalisme keperawatan. Menjadi rujukan penting dalam perkuliahan dan penelitian terkait.","keperawatan komprehensif, kompetensi ners, evidence based practice, residensi keperawatan",Indonesia,Fisik,538,978-0-682-77881-7,7
219,TRX000607,USR00208,BK00999,2023-08-30,2023-09-13,2023-09-19,Terlambat,20.0,Prinsip Pencahayaan Ruang,"drg. Ayu Simbolon, R.A. Eli Purnawati",PT Grasindo,2007,"Fakultas Sosial, Humaniora, & Seni",Desain Interior,Desain Interior & Arsitektur Ruang,"Buku ini membahas secara mendalam tentang pemilihan material dan furnitur, konsep arsitektur ruang dalam modern, serta perancangan tata ruang interior. Cocok digunakan sebagai referensi utama bagi mahasiswa dan praktisi.","desain interior, furnitur, pencahayaan ruang, material interior",Inggris,Fisik,314,978-0-509-68832-9,1
220,TRX000610,USR00166,BK01315,2025-04-13,2025-04-27,2025-04-30,Terlambat,17.0,Strategi Produksi Berita Edisi Terbaru,"Gaman Prasetyo, S.Gz, Zulaikha Firmansyah",Informatika Bandung,2006,"Fakultas Sosial, Humaniora, & Seni",Ilmu Komunikasi,Jurnalistik & Media Digital,"Buku ini dirancang sebagai panduan untuk memahami strategi konten media sosial, etika jurnalistik di era digital, serta komunikasi digital dan audiens. Cocok digunakan sebagai referensi utama bagi mahasiswa dan praktisi.","komunikasi digital, konten kreator, jurnalistik, media sosial",Indonesia,Fisik,529,978-0-9875617-8-7,8
221,TRX000613,USR00319,BK01299,2025-08-15,2025-08-29,2025-08-31,Terlambat,16.0,Strategi Media Digital,"Dr. Marsudi Wahyudin, S.Gz",Nuha Medika,2017,"Fakultas Sosial, Humaniora, & Seni",Ilmu Komunikasi,Komunikasi & Media,"Buku ini menyajikan kajian komprehensif mengenai hubungan masyarakat dan citra publik, jurnalisme di era digital, serta dinamika komunikasi massa. Disusun dengan bahasa yang mudah dipahami untuk kalangan akademik.","media digital, broadcasting, media sosial, jurnalistik",Inggris,Fisik,382,978-0-556-18444-7,8
222,TRX000620,USR00294,BK00204,2023-01-15,2023-01-29,2023-02-02,Terlambat,18.0,Keamanan Siber: Prinsip dan Praktik,"Unjani Usada, Ratih Prasasta",Erlangga,2022,"Fakultas Sains, Teknologi, & Kesehatan",Informatika,Jaringan & Keamanan Siber,"Buku ini memberikan pemahaman menyeluruh tentang keamanan jaringan komputer, ancaman siber, serta audit keamanan sistem. Disusun dengan bahasa yang mudah dipahami untuk kalangan akademik.","jaringan komputer, firewall, hacking etis, keamanan siber",Indonesia,E-book,175,978-1-4651-9398-8,9999
223,TRX000621,USR00291,BK01059,2024-05-19,2024-06-02,2024-06-09,Terlambat,21.0,Manajemen Administrasi Bisnis Edisi Revisi,"R. Vanesa Prasasta, S.Sos",Alfabeta,2022,"Fakultas Sosial, Humaniora, & Seni",Administrasi Bisnis,Administrasi & Manajemen Bisnis,"Buku ini memberikan pemahaman menyeluruh tentang administrasi dan operasional bisnis, strategi tata kelola perusahaan, serta pengelolaan keuangan bisnis. Disusun dengan bahasa yang mudah dipahami untuk kalangan akademik.","operasional bisnis, manajemen bisnis, tata kelola perusahaan, manajemen sumber daya manusia",Inggris,Fisik,222,978-1-69335-134-1,5
224,TRX000625,USR00231,BK01233,2023-10-26,2023-11-09,2023-11-14,Terlambat,19.0,Psikologi Abnormal: Teori dan Aplikasi,"Wira Januar, Puput Mayasari, S.I.Kom",Graha Ilmu,2021,"Fakultas Sosial, Humaniora, & Seni",Psikologi,Psikologi Umum & Klinis,"Buku ini mengulas berbagai aspek penting dari perilaku dan proses mental manusia, intervensi psikoterapi klinis, serta perkembangan kepribadian individu. Dilengkapi dengan contoh kasus dan studi lapangan yang relevan.","perkembangan manusia, kepribadian, kesehatan mental, psikologi",Indonesia,Fisik,499,978-1-69541-329-0,4
225,TRX000626,USR00218,BK00279,2025-11-14,2025-11-28,2025-11-29,Terlambat,15.0,Perancangan Data Warehouse,Ir. Sabrina Wacana,Informatika Bandung,2016,"Fakultas Sains, Teknologi, & Kesehatan",Informatika,Basis Data,"Buku ini membahas secara mendalam tentang perancangan basis data, query dan manipulasi data, serta arsitektur data warehouse. Disusun dengan bahasa yang mudah dipahami untuk kalangan akademik.","sql, manajemen data, nosql, database",Inggris,Fisik,514,978-1-5307-4505-0,3
226,TRX000628,USR00329,BK01200,2023-04-15,2023-04-29,2023-05-06,Terlambat,21.0,Psikologi Sosial: Teori dan Aplikasi,Dalima Rajasa,Nuha Medika,2021,"Fakultas Sosial, Humaniora, & Seni",Psikologi,Psikologi Umum & Klinis,"Buku ini membahas secara mendalam tentang perkembangan kepribadian individu, dinamika interaksi sosial manusia, serta gangguan psikologis dan penanganannya. Menjadi rujukan penting dalam perkuliahan dan penelitian terkait.","kesehatan mental, psikologi, psikologi sosial, psikologi klinis",Inggris,E-book,293,978-1-168-60134-6,9999
227,TRX000632,USR00319,BK01184,2024-09-01,2024-09-15,2024-09-18,Terlambat,17.0,Dasar-Dasar Psikologi Kepribadian,"Maimunah Latupono, S.IP",Gramedia Pustaka Utama,2021,"Fakultas Sosial, Humaniora, & Seni",Psikologi,Psikologi Umum & Klinis,"Buku ini dirancang sebagai panduan untuk memahami dinamika interaksi sosial manusia, gangguan psikologis dan penanganannya, serta perkembangan kepribadian individu. Menjadi rujukan penting dalam perkuliahan dan penelitian terkait.","psikologi klinis, kepribadian, psikologi, psikoterapi",Inggris,Fisik,519,978-0-299-07756-3,7
228,TRX000633,USR00257,BK01087,2023-08-12,2023-08-26,2023-08-27,Terlambat,15.0,Strategi Manajemen Operasional,Raharja Purnawati,Erlangga,2013,"Fakultas Sosial, Humaniora, & Seni",Administrasi Bisnis,Administrasi & Manajemen Bisnis,"Buku ini dirancang sebagai panduan untuk memahami strategi tata kelola perusahaan, administrasi dan operasional bisnis, serta pengelolaan keuangan bisnis. Dilengkapi dengan contoh kasus dan studi lapangan yang relevan.","manajemen keuangan, tata kelola perusahaan, manajemen sumber daya manusia, manajemen bisnis",Inggris,Fisik,447,978-0-239-72835-7,8
229,TRX000635,USR00247,BK00100,2025-08-04,2025-08-18,2025-08-25,Terlambat,21.0,Membangun Sistem Data Science,"Jaya Prasetyo, S.IP, Zulfa Puspita",Rajawali Pers,2021,"Fakultas Sains, Teknologi, & Kesehatan",Informatika,Kecerdasan Buatan & Data Science,"Buku ini menyajikan kajian komprehensif mengenai otomatisasi cerdas, analisis data besar, serta jaringan saraf tiruan. Disusun dengan bahasa yang mudah dipahami untuk kalangan akademik.","data science, data mining, big data, artificial intelligence",Indonesia,Fisik,358,978-0-493-68998-2,1
230,TRX000636,USR00125,BK01064,2025-07-11,2025-07-25,2025-07-30,Terlambat,19.0,Dasar-Dasar Manajemen Operasional,"Kacung Sitompul, S.Farm, Raihan Ramadan, S.I.Kom",PT Grasindo,2023,"Fakultas Sosial, Humaniora, & Seni",Administrasi Bisnis,Administrasi & Manajemen Bisnis,"Buku ini dirancang sebagai panduan untuk memahami strategi tata kelola perusahaan, pengelolaan keuangan bisnis, serta administrasi dan operasional bisnis. Cocok digunakan sebagai referensi utama bagi mahasiswa dan praktisi.","administrasi bisnis, operasional bisnis, manajemen sumber daya manusia, manajemen bisnis",Indonesia,E-book,284,978-0-17-397396-7,9999
231,TRX000638,USR00184,BK00336,2025-09-03,2025-09-17,2025-09-22,Terlambat,19.0,Teknik Industri: Teori dan Aplikasi,Kemal Riyanti,Salemba Empat,2013,"Fakultas Sains, Teknologi, & Kesehatan",Teknik Industri,Teknik Industri & Manajemen Operasi,"Buku ini membahas secara mendalam tentang efisiensi tata letak fasilitas pabrik, optimalisasi proses produksi, serta perencanaan dan pengendalian produksi. Cocok digunakan sebagai referensi utama bagi mahasiswa dan praktisi.","produktivitas, efisiensi kerja, manajemen operasi, teknik industri",Inggris,Fisik,476,978-0-435-36822-7,5
232,TRX000639,USR00088,BK00208,2023-03-21,2023-04-04,2023-04-08,Terlambat,18.0,Pengantar Kriptografi,Kardi Yuliarti,Alfabeta,2024,"Fakultas Sains, Teknologi, & Kesehatan",Informatika,Jaringan & Keamanan Siber,"Buku ini mengulas berbagai aspek penting dari proteksi data digital, audit keamanan sistem, serta ancaman siber. Menjadi rujukan penting dalam perkuliahan dan penelitian terkait.","keamanan siber, jaringan komputer, hacking etis, protokol jaringan",Indonesia,Fisik,537,978-1-61014-388-2,5
233,TRX000640,USR00343,BK01063,2023-04-27,2023-05-11,2023-05-14,Terlambat,17.0,Manajemen Manajemen Sumber Daya Manusia,Opan Suartini,Alfabeta,2015,"Fakultas Sosial, Humaniora, & Seni",Administrasi Bisnis,Administrasi & Manajemen Bisnis,"Buku ini membahas secara mendalam tentang pengelolaan keuangan bisnis, efisiensi operasional organisasi bisnis, serta manajemen sumber daya manusia perusahaan. Disusun dengan bahasa yang mudah dipahami untuk kalangan akademik.","tata kelola perusahaan, manajemen sumber daya manusia, manajemen keuangan, administrasi bisnis",Indonesia,Fisik,440,978-0-7660-1444-2,1
234,TRX000641,USR00029,BK01229,2025-08-11,2025-08-25,2025-08-26,Terlambat,15.0,Pengantar Psikologi Kepribadian,Wirda Maryadi,Pustaka Pelajar,2016,"Fakultas Sosial, Humaniora, & Seni",Psikologi,Psikologi Umum & Klinis,"Buku ini memberikan pemahaman menyeluruh tentang gangguan psikologis dan penanganannya, dinamika interaksi sosial manusia, serta intervensi psikoterapi klinis. Membantu pembaca membangun pemahaman konseptual maupun praktis.","kesehatan mental, psikologi, psikologi klinis, perkembangan manusia",Inggris,Fisik,336,978-1-301-20471-7,3
235,TRX000643,USR00207,BK01257,2025-03-05,2025-03-19,2025-03-26,Terlambat,21.0,Dasar-Dasar Public Relations,Yani Nainggolan,Gramedia Pustaka Utama,2018,"Fakultas Sosial, Humaniora, & Seni",Ilmu Komunikasi,Komunikasi & Media,"Buku ini menyajikan kajian komprehensif mengenai hubungan masyarakat dan citra publik, pengaruh media sosial terhadap opini publik, serta jurnalisme di era digital. Disusun dengan bahasa yang mudah dipahami untuk kalangan akademik.","broadcasting, public relations, komunikasi interpersonal, media sosial",Indonesia,Fisik,246,978-0-911225-28-0,4
236,TRX000645,USR00132,BK00539,2023-09-24,2023-10-08,2023-10-14,Terlambat,20.0,Dasar-Dasar Keperawatan Maternitas,"Ir. Kambali Rahayu, S.Gz, Devi Ramadan",Nuha Medika,2007,"Fakultas Sains, Teknologi, & Kesehatan",Keperawatan,Keperawatan Klinis,"Buku ini dirancang sebagai panduan untuk memahami komunikasi terapeutik perawat, prosedur klinis keperawatan, serta manajemen perawatan pasien. Membantu pembaca membangun pemahaman konseptual maupun praktis.","asuhan keperawatan, keperawatan anak, keperawatan, keperawatan gawat darurat",Inggris,Fisik,454,978-0-401-19393-8,6
237,TRX000654,USR00058,BK00911,2025-08-20,2025-09-03,2025-09-04,Terlambat,15.0,Pengantar Fotografi Digital,Vinsen Tarihoran,Pustaka Pelajar,2007,"Fakultas Sosial, Humaniora, & Seni",Desain Komunikasi Visual,Fotografi & Multimedia,"Buku ini membahas secara mendalam tentang produksi konten multimedia digital, editing visual dan videografi, serta desain media interaktif. Membantu pembaca membangun pemahaman konseptual maupun praktis.","videografi, motion graphic, editing visual, multimedia",Inggris,Fisik,144,978-0-7639-2836-0,2
238,TRX000660,USR00279,BK00478,2024-11-27,2024-12-11,2024-12-18,Terlambat,21.0,Keperawatan Maternitas: Teori dan Praktik Klinis,R. Sakura Hassanah,Pustaka Pelajar,2016,"Fakultas Sains, Teknologi, & Kesehatan",Keperawatan,Keperawatan Klinis,"Buku ini memberikan pemahaman menyeluruh tentang komunikasi terapeutik perawat, prosedur klinis keperawatan, serta asuhan keperawatan pasien. Disusun dengan bahasa yang mudah dipahami untuk kalangan akademik.","keperawatan, keperawatan anak, praktik klinis, keperawatan gawat darurat",Indonesia,E-book,149,978-0-437-28051-0,9999
239,TRX000665,USR00245,BK01210,2025-03-30,2025-04-13,2025-04-20,Terlambat,21.0,Konsep Psikologi Klinis Modern,"Nasrullah Siregar, Harjasa Rahimah",Erlangga,2023,"Fakultas Sosial, Humaniora, & Seni",Psikologi,Psikologi Umum & Klinis,"Buku ini mengulas berbagai aspek penting dari gangguan psikologis dan penanganannya, perilaku dan proses mental manusia, serta intervensi psikoterapi klinis. Membantu pembaca membangun pemahaman konseptual maupun praktis.","psikologi sosial, psikologi, kesehatan mental, psikoterapi",Indonesia,Fisik,200,978-0-931706-95-0,5
240,TRX000666,USR00139,BK00776,2023-10-19,2023-11-02,2023-11-04,Terlambat,16.0,Kompetensi Keperawatan Komprehensif,"Umi Budiman, M.Ak",Rajawali Pers,2015,"Fakultas Sains, Teknologi, & Kesehatan",Profesi Ners,Keperawatan Profesi Ners,"Buku ini memberikan pemahaman menyeluruh tentang kompetensi ners dalam asuhan pasien, residensi dan pembelajaran klinik lanjutan, serta penerapan evidence-based practice. Cocok digunakan sebagai referensi utama bagi mahasiswa dan praktisi.","evidence based practice, praktik klinis ners, keperawatan lanjutan, kompetensi ners",Inggris,Fisik,439,978-1-60100-231-0,5
241,TRX000668,USR00301,BK00195,2023-02-17,2023-03-03,2023-03-04,Terlambat,15.0,Pengantar Jaringan Komputer,"Kiandra Mandala, H. Nyoman Hutapea, M.TI.",Gramedia Pustaka Utama,2005,"Fakultas Sains, Teknologi, & Kesehatan",Informatika,Jaringan & Keamanan Siber,"Buku ini memberikan pemahaman menyeluruh tentang audit keamanan sistem, proteksi data digital, serta ancaman siber. Membantu pembaca membangun pemahaman konseptual maupun praktis.","kriptografi, hacking etis, keamanan siber, protokol jaringan",Inggris,Fisik,451,978-0-16-315999-9,2
242,TRX000671,USR00013,BK01083,2023-03-09,2023-03-23,2023-03-26,Terlambat,17.0,Manajemen Sumber Daya Manusia: Teori dan Praktik Edisi Ke-2,"KH. Cemani Najmudin, S.Ked",Rajawali Pers,2023,"Fakultas Sosial, Humaniora, & Seni",Administrasi Bisnis,Administrasi & Manajemen Bisnis,"Buku ini mengulas berbagai aspek penting dari manajemen sumber daya manusia perusahaan, administrasi dan operasional bisnis, serta strategi tata kelola perusahaan. Menjadi rujukan penting dalam perkuliahan dan penelitian terkait.","manajemen bisnis, operasional bisnis, tata kelola perusahaan, administrasi bisnis",Indonesia,Fisik,125,978-0-511-69666-4,3
243,TRX000674,USR00103,BK00002,2023-11-19,2023-12-03,2023-12-10,Terlambat,21.0,Pengantar Web Development,Darimin Pradipta,Andi Publisher,2008,"Fakultas Sains, Teknologi, & Kesehatan",Informatika,Pemrograman & Algoritma,"Buku ini menyajikan kajian komprehensif mengenai implementasi kode, pengembangan perangkat lunak, serta logika pemrograman. Disusun dengan bahasa yang mudah dipahami untuk kalangan akademik.","algoritma, coding, struktur data, java",Inggris,Fisik,303,978-0-86379-402-5,5
244,TRX000678,USR00187,BK00615,2024-01-08,2024-01-22,2024-01-25,Terlambat,17.0,Pengantar Kimia Farmasi Edisi Ke-2,"Uli Sihotang, S.I.Kom, Raden Setiawan",Kencana Prenada,2022,"Fakultas Sains, Teknologi, & Kesehatan",Farmasi,Farmakologi & Kefarmasian,"Buku ini mengulas berbagai aspek penting dari interaksi obat dalam tubuh, efek samping dan dosis obat, serta formulasi sediaan farmasi. Cocok digunakan sebagai referensi utama bagi mahasiswa dan praktisi.","farmakologi, obat, kimia farmasi, farmakokinetik",Indonesia,E-book,252,978-1-7389975-6-5,9999
245,TRX000679,USR00322,BK01319,2025-10-02,2025-10-16,2025-10-22,Terlambat,20.0,Pengantar Jurnalistik Digital,"Prasetyo Permata, S.Pd",PT Grasindo,2021,"Fakultas Sosial, Humaniora, & Seni",Ilmu Komunikasi,Jurnalistik & Media Digital,"Buku ini dirancang sebagai panduan untuk memahami produksi berita di media digital, etika jurnalistik di era digital, serta komunikasi digital dan audiens. Membantu pembaca membangun pemahaman konseptual maupun praktis.","komunikasi digital, jurnalistik, produksi berita, media sosial",Indonesia,E-book,512,978-1-336-87509-8,9999
246,TRX000680,USR00111,BK00983,2023-05-08,2023-05-22,2023-05-23,Terlambat,15.0,Desain Interior: Konsep dan Aplikasi Edisi Ke-3,Tirtayasa Rahimah,Informatika Bandung,2013,"Fakultas Sosial, Humaniora, & Seni",Desain Interior,Desain Interior & Arsitektur Ruang,"Buku ini memberikan pemahaman menyeluruh tentang pemilihan material dan furnitur, perancangan tata ruang interior, serta konsep arsitektur ruang dalam modern. Menjadi rujukan penting dalam perkuliahan dan penelitian terkait.","arsitektur ruang, material interior, pencahayaan ruang, furnitur",Inggris,Fisik,330,978-1-65408-424-0,0
247,TRX000686,USR00329,BK01216,2025-08-19,2025-09-02,2025-09-06,Terlambat,18.0,Memahami Psikologi Perkembangan Edisi Terbaru,"Elma Mangunsong, M.Pd, Dipa Anggriawan",Gramedia Pustaka Utama,2009,"Fakultas Sosial, Humaniora, & Seni",Psikologi,Psikologi Umum & Klinis,"Buku ini memberikan pemahaman menyeluruh tentang gangguan psikologis dan penanganannya, dinamika interaksi sosial manusia, serta intervensi psikoterapi klinis. Cocok digunakan sebagai referensi utama bagi mahasiswa dan praktisi.","perkembangan manusia, kesehatan mental, psikologi sosial, kepribadian",Inggris,Fisik,349,978-0-480-88062-0,3
248,TRX000687,USR00320,BK00736,2024-07-12,2024-07-26,2024-07-28,Terlambat,16.0,Pembelajaran Klinik Keperawatan Komprehensif,"Puji Narpati, Sakura Adriansyah",PT Grasindo,2018,"Fakultas Sains, Teknologi, & Kesehatan",Profesi Ners,Keperawatan Profesi Ners,"Buku ini dirancang sebagai panduan untuk memahami praktik klinik keperawatan profesional, etika dan profesionalisme keperawatan, serta kompetensi ners dalam asuhan pasien. Menjadi rujukan penting dalam perkuliahan dan penelitian terkait.","keperawatan komprehensif, kompetensi ners, profesi ners, residensi keperawatan",Inggris,Fisik,295,978-1-08-487297-4,2
249,TRX000688,USR00131,BK00409,2023-04-19,2023-05-03,2023-05-05,Terlambat,16.0,Studi Keselamatan dan Kesehatan Kerja di Industri,Rina Budiyanto,Andi Publisher,2022,"Fakultas Sains, Teknologi, & Kesehatan",Teknik Industri,Ergonomi & Rantai Pasok,"Buku ini dirancang sebagai panduan untuk memahami optimalisasi jaringan logistik, analisis ergonomi tempat kerja, serta manajemen rantai pasok dan distribusi. Disusun dengan bahasa yang mudah dipahami untuk kalangan akademik.","k3, rantai pasok, manajemen persediaan, ergonomi",Indonesia,E-book,333,978-1-04-335048-2,9999
250,TRX000689,USR00083,BK00880,2023-11-10,2023-11-24,2023-11-30,Terlambat,20.0,Dasar-Dasar Desain Multimedia,Damar Marpaung,Graha Ilmu,2007,"Fakultas Sosial, Humaniora, & Seni",Desain Komunikasi Visual,Fotografi & Multimedia,"Buku ini memberikan pemahaman menyeluruh tentang produksi konten multimedia digital, desain media interaktif, serta teknik pengambilan gambar fotografi. Membantu pembaca membangun pemahaman konseptual maupun praktis.","videografi, media interaktif, fotografi, multimedia",Inggris,Fisik,468,978-0-19-013020-6,4
251,TRX000691,USR00025,BK00225,2023-05-26,2023-06-09,2023-06-10,Terlambat,15.0,Dasar-Dasar Keamanan Informasi,"Putu Iswahyudi, S.Sos",Graha Ilmu,2011,"Fakultas Sains, Teknologi, & Kesehatan",Informatika,Jaringan & Keamanan Siber,"Buku ini membahas secara mendalam tentang sistem enkripsi, protokol komunikasi data, serta audit keamanan sistem. Disusun dengan bahasa yang mudah dipahami untuk kalangan akademik.","jaringan komputer, firewall, cyber security, hacking etis",Indonesia,Fisik,205,978-1-77590-175-4,8
252,TRX000695,USR00294,BK00118,2025-04-02,2025-04-16,2025-04-17,Terlambat,15.0,Kecerdasan Buatan untuk Pemula,Cahyo Mangunsong,Informatika Bandung,2006,"Fakultas Sains, Teknologi, & Kesehatan",Informatika,Kecerdasan Buatan & Data Science,"Buku ini dirancang sebagai panduan untuk memahami analisis data besar, kecerdasan buatan, serta pembelajaran mesin. Cocok digunakan sebagai referensi utama bagi mahasiswa dan praktisi.","neural network, big data, machine learning, kecerdasan buatan",Indonesia,E-book,152,978-1-188-80592-2,9999
253,TRX000699,USR00349,BK00971,2023-06-23,2023-07-07,2023-07-14,Terlambat,21.0,Pengantar Material dan Furnitur,"Wisnu Pradipta, Dr. Balangga Andriani, S.Farm",Informatika Bandung,2010,"Fakultas Sosial, Humaniora, & Seni",Desain Interior,Desain Interior & Arsitektur Ruang,"Buku ini dirancang sebagai panduan untuk memahami konsep arsitektur ruang dalam modern, ergonomi dalam desain ruang, serta prinsip pencahayaan dan estetika ruang. Disusun dengan bahasa yang mudah dipahami untuk kalangan akademik.","ergonomi ruang, desain interior, pencahayaan ruang, tata ruang",Indonesia,Fisik,491,978-1-902824-98-7,6
254,TRX000700,USR00218,BK01118,2024-06-19,2024-07-03,2024-07-09,Terlambat,20.0,Kewirausahaan: Konsep dan Aplikasi Edisi Ke-2,Devi Nasyidah,Erlangga,2024,"Fakultas Sosial, Humaniora, & Seni",Administrasi Bisnis,Kewirausahaan & Pemasaran Bisnis,"Buku ini mengulas berbagai aspek penting dari pengembangan bisnis digital, membangun bisnis rintisan startup, serta manajemen pemasaran produk dan jasa. Dilengkapi dengan contoh kasus dan studi lapangan yang relevan.","startup, kewirausahaan, e-commerce, pemasaran",Inggris,Fisik,260,978-0-88743-127-2,5
255,TRX000701,USR00306,BK01229,2023-08-31,2023-09-14,2023-09-18,Terlambat,18.0,Pengantar Psikologi Kepribadian,Wirda Maryadi,Pustaka Pelajar,2016,"Fakultas Sosial, Humaniora, & Seni",Psikologi,Psikologi Umum & Klinis,"Buku ini memberikan pemahaman menyeluruh tentang gangguan psikologis dan penanganannya, dinamika interaksi sosial manusia, serta intervensi psikoterapi klinis. Membantu pembaca membangun pemahaman konseptual maupun praktis.","kesehatan mental, psikologi, psikologi klinis, perkembangan manusia",Inggris,Fisik,336,978-1-301-20471-7,3
256,TRX000702,USR00155,BK00355,2025-03-30,2025-04-13,2025-04-17,Terlambat,18.0,Dasar-Dasar Manajemen Operasi,"Aurora Nuraini, Ghaliyati Laksmiwati",Elex Media Komputindo,2024,"Fakultas Sains, Teknologi, & Kesehatan",Teknik Industri,Teknik Industri & Manajemen Operasi,"Buku ini mengulas berbagai aspek penting dari perencanaan dan pengendalian produksi, manajemen kualitas dan produktivitas, serta perancangan sistem kerja industri. Cocok digunakan sebagai referensi utama bagi mahasiswa dan praktisi.","teknik industri, tata letak pabrik, manajemen kualitas, manajemen operasi",Indonesia,Fisik,220,978-1-991624-73-4,0
257,TRX000703,USR00167,BK01366,2023-03-22,2023-04-05,2023-04-09,Terlambat,18.0,Dasar-Dasar Komunikasi Digital,Mahdi Zulaika,Deepublish,2015,"Fakultas Sosial, Humaniora, & Seni",Ilmu Komunikasi,Jurnalistik & Media Digital,"Buku ini mengulas berbagai aspek penting dari komunikasi digital dan audiens, jurnalisme online kontemporer, serta strategi konten media sosial. Dilengkapi dengan contoh kasus dan studi lapangan yang relevan.","konten kreator, media digital, media sosial, jurnalistik",Inggris,E-book,279,978-0-85725-629-4,9999
258,TRX000705,USR00369,BK00764,2025-06-25,2025-07-09,2025-07-10,Terlambat,15.0,Modul Profesi Ners,"dr. Gilda Yulianti, Fathonah Padmasari",Elex Media Komputindo,2022,"Fakultas Sains, Teknologi, & Kesehatan",Profesi Ners,Keperawatan Profesi Ners,"Buku ini mengulas berbagai aspek penting dari residensi dan pembelajaran klinik lanjutan, penerapan evidence-based practice, serta praktik klinik keperawatan profesional. Disusun dengan bahasa yang mudah dipahami untuk kalangan akademik.","keperawatan komprehensif, residensi keperawatan, kompetensi ners, keperawatan lanjutan",Inggris,Fisik,256,978-0-12-910933-4,1
259,TRX000708,USR00374,BK00508,2023-04-15,2023-04-29,2023-05-03,Terlambat,18.0,Keperawatan Maternitas: Teori dan Praktik Klinis,Amalia Aryani,UI Press,2022,"Fakultas Sains, Teknologi, & Kesehatan",Keperawatan,Keperawatan Klinis,"Buku ini membahas secara mendalam tentang penanganan kondisi darurat medis, prosedur klinis keperawatan, serta manajemen perawatan pasien. Menjadi rujukan penting dalam perkuliahan dan penelitian terkait.","keperawatan gawat darurat, keperawatan, keperawatan anak, praktik klinis",Indonesia,E-book,458,978-0-569-39290-7,9999
260,TRX000717,USR00008,BK00543,2023-06-20,2023-07-04,2023-07-05,Terlambat,15.0,Konsep Dasar Keperawatan Anak,"Prabawa Sihotang, Jaka Kusumo",Graha Ilmu,2021,"Fakultas Sains, Teknologi, & Kesehatan",Keperawatan,Keperawatan Klinis,"Buku ini dirancang sebagai panduan untuk memahami prosedur klinis keperawatan, penanganan kondisi darurat medis, serta manajemen perawatan pasien. Membantu pembaca membangun pemahaman konseptual maupun praktis.","praktik klinis, keperawatan, asuhan keperawatan, keperawatan gawat darurat",Inggris,Fisik,293,978-1-5480-1571-8,4
261,TRX000720,USR00376,BK00698,2024-05-03,2024-05-17,2024-05-20,Terlambat,17.0,Pengantar Farmasi Rumah Sakit,Hesti Putra,Graha Ilmu,2012,"Fakultas Sains, Teknologi, & Kesehatan",Farmasi,Teknologi Farmasi & Pelayanan Kefarmasian,"Buku ini membahas secara mendalam tentang praktik farmasi klinis pasien, teknologi pembuatan sediaan obat, serta standar pelayanan farmasi profesional. Menjadi rujukan penting dalam perkuliahan dan penelitian terkait.","pelayanan kefarmasian, farmasi rumah sakit, sediaan farmasi, compounding obat",Indonesia,E-book,391,978-0-396-85270-4,9999
262,TRX000721,USR00336,BK00101,2024-04-15,2024-04-29,2024-05-02,Terlambat,17.0,Membangun Sistem Machine Learning Edisi Revisi,"Lulut Wahyuni, Tgk. Ana Najmudin, S.T.",Deepublish,2011,"Fakultas Sains, Teknologi, & Kesehatan",Informatika,Kecerdasan Buatan & Data Science,"Buku ini dirancang sebagai panduan untuk memahami pembelajaran mesin, otomatisasi cerdas, serta analisis data besar. Disusun dengan bahasa yang mudah dipahami untuk kalangan akademik.","artificial intelligence, data mining, neural network, kecerdasan buatan",Inggris,E-book,359,978-1-5022-9612-2,9999
263,TRX000722,USR00279,BK00100,2025-03-20,2025-04-03,2025-04-10,Terlambat,21.0,Membangun Sistem Data Science,"Jaya Prasetyo, S.IP, Zulfa Puspita",Rajawali Pers,2021,"Fakultas Sains, Teknologi, & Kesehatan",Informatika,Kecerdasan Buatan & Data Science,"Buku ini menyajikan kajian komprehensif mengenai otomatisasi cerdas, analisis data besar, serta jaringan saraf tiruan. Disusun dengan bahasa yang mudah dipahami untuk kalangan akademik.","data science, data mining, big data, artificial intelligence",Indonesia,Fisik,358,978-0-493-68998-2,1
264,TRX000723,USR00213,BK00164,2025-07-05,2025-07-19,2025-07-20,Terlambat,15.0,Dasar-Dasar Kriptografi,"Emin Purnawati, Puti Juli Suryono",Erlangga,2016,"Fakultas Sains, Teknologi, & Kesehatan",Informatika,Jaringan & Keamanan Siber,"Buku ini memberikan pemahaman menyeluruh tentang audit keamanan sistem, keamanan jaringan komputer, serta protokol komunikasi data. Membantu pembaca membangun pemahaman konseptual maupun praktis.","keamanan siber, cyber security, protokol jaringan, firewall",Inggris,E-book,205,978-1-287-43152-7,9999
265,TRX000724,USR00374,BK00480,2023-01-10,2023-01-24,2023-01-29,Terlambat,19.0,Keperawatan Dasar: Teori dan Praktik Klinis,Jaiman Wacana,PT Grasindo,2022,"Fakultas Sains, Teknologi, & Kesehatan",Keperawatan,Keperawatan Klinis,"Buku ini mengulas berbagai aspek penting dari komunikasi terapeutik perawat, manajemen perawatan pasien, serta penanganan kondisi darurat medis. Membantu pembaca membangun pemahaman konseptual maupun praktis.","keperawatan gawat darurat, asuhan keperawatan, keperawatan anak, keperawatan",Indonesia,E-book,330,978-1-78366-742-0,9999
266,TRX000726,USR00288,BK00576,2025-11-23,2025-12-07,2025-12-12,Terlambat,19.0,Kimia Farmasi Klinis,Ajimat Damanik,Alfabeta,2016,"Fakultas Sains, Teknologi, & Kesehatan",Farmasi,Farmakologi & Kefarmasian,"Buku ini dirancang sebagai panduan untuk memahami formulasi sediaan farmasi, mekanisme kerja obat, serta interaksi obat dalam tubuh. Menjadi rujukan penting dalam perkuliahan dan penelitian terkait.","toksikologi, farmakologi, kimia farmasi, obat",Indonesia,E-book,163,978-0-7342-0696-1,9999
267,TRX000728,USR00018,BK00819,2024-12-29,2025-01-12,2025-01-15,Terlambat,17.0,Dasar-Dasar Desain Komunikasi Visual,Kala Wijaya,Graha Ilmu,2021,"Fakultas Sosial, Humaniora, & Seni",Desain Komunikasi Visual,Desain Komunikasi Visual & Ilustrasi,"Buku ini memberikan pemahaman menyeluruh tentang prinsip visual dan tipografi, strategi branding melalui visual, serta estetika dalam karya seni rupa. Menjadi rujukan penting dalam perkuliahan dan penelitian terkait.","branding, ilustrasi, desain komunikasi visual, layout",Indonesia,Fisik,375,978-1-09-626265-7,8
268,TRX000733,USR00323,BK01346,2025-11-13,2025-11-27,2025-12-03,Terlambat,20.0,Pengantar Content Creation Edisi Ke-2,Carla Prasetya,Informatika Bandung,2015,"Fakultas Sosial, Humaniora, & Seni",Ilmu Komunikasi,Jurnalistik & Media Digital,"Buku ini dirancang sebagai panduan untuk memahami strategi konten media sosial, etika jurnalistik di era digital, serta produksi berita di media digital. Disusun dengan bahasa yang mudah dipahami untuk kalangan akademik.","produksi berita, media digital, media sosial, jurnalistik",Indonesia,Fisik,184,978-0-85277-895-1,3
269,TRX000740,USR00232,BK00301,2025-11-24,2025-12-08,2025-12-12,Terlambat,18.0,Perancangan Database NoSQL Edisi Revisi,Lili Wijayanti,Pustaka Pelajar,2020,"Fakultas Sains, Teknologi, & Kesehatan",Informatika,Basis Data,"Buku ini dirancang sebagai panduan untuk memahami normalisasi data, arsitektur data warehouse, serta perancangan basis data. Membantu pembaca membangun pemahaman konseptual maupun praktis.","manajemen data, normalisasi, data warehouse, database",Inggris,Fisik,432,978-1-992618-91-6,3
270,TRX000743,USR00186,BK00498,2024-09-16,2024-09-30,2024-10-01,Terlambat,15.0,Panduan Keperawatan Jiwa Edisi Ke-3,"Baktianto Usamah, drg. Victoria Manullang",Andi Publisher,2020,"Fakultas Sains, Teknologi, & Kesehatan",Keperawatan,Keperawatan Klinis,"Buku ini dirancang sebagai panduan untuk memahami asuhan keperawatan pasien, komunikasi terapeutik perawat, serta manajemen perawatan pasien. Membantu pembaca membangun pemahaman konseptual maupun praktis.","keperawatan gawat darurat, asuhan keperawatan, keperawatan anak, keperawatan medikal bedah",Indonesia,Fisik,457,978-1-100-21946-2,1
271,TRX000744,USR00021,BK00475,2023-08-01,2023-08-15,2023-08-19,Terlambat,18.0,Dasar-Dasar Keselamatan dan Kesehatan Kerja Edisi Terbaru,Queen Sitompul,Elex Media Komputindo,2019,"Fakultas Sains, Teknologi, & Kesehatan",Teknik Industri,Ergonomi & Rantai Pasok,"Buku ini mengulas berbagai aspek penting dari optimalisasi jaringan logistik, manajemen rantai pasok dan distribusi, serta keselamatan dan kesehatan kerja industri. Membantu pembaca membangun pemahaman konseptual maupun praktis.","logistik, rantai pasok, k3, distribusi",Indonesia,Fisik,160,978-1-4420-9494-9,5
272,TRX000746,USR00128,BK01181,2024-11-19,2024-12-03,2024-12-09,Terlambat,20.0,Konsep Psikologi Kepribadian Modern Edisi Revisi,"R.M. Jaiman Saefullah, Padmi Wibisono, M.Pd",Erlangga,2024,"Fakultas Sosial, Humaniora, & Seni",Psikologi,Psikologi Umum & Klinis,"Buku ini dirancang sebagai panduan untuk memahami intervensi psikoterapi klinis, dinamika interaksi sosial manusia, serta perkembangan kepribadian individu. Membantu pembaca membangun pemahaman konseptual maupun praktis.","psikologi, kepribadian, psikologi klinis, psikologi sosial",Indonesia,Fisik,533,978-1-918727-42-5,4
273,TRX000747,USR00181,BK00256,2024-01-06,2024-01-20,2024-01-22,Terlambat,16.0,Pengantar Basis Data Relasional,"Laras Pudjiastuti, Almira Irawan",Alfabeta,2022,"Fakultas Sains, Teknologi, & Kesehatan",Informatika,Basis Data,"Buku ini mengulas berbagai aspek penting dari query dan manipulasi data, normalisasi data, serta manajemen sistem basis data. Disusun dengan bahasa yang mudah dipahami untuk kalangan akademik.","manajemen data, normalisasi, nosql, basis data",Indonesia,Fisik,330,978-1-263-83806-7,1
274,TRX000748,USR00351,BK00577,2025-12-10,2025-12-24,2025-12-27,Terlambat,17.0,Prinsip Farmasi Klinis Edisi Terbaru,Tgk. Eka Irawan,Bumi Aksara,2011,"Fakultas Sains, Teknologi, & Kesehatan",Farmasi,Farmakologi & Kefarmasian,"Buku ini memberikan pemahaman menyeluruh tentang mekanisme kerja obat, pelayanan kefarmasian klinis, serta formulasi sediaan farmasi. Menjadi rujukan penting dalam perkuliahan dan penelitian terkait.","farmakologi, toksikologi, farmasi klinis, farmakokinetik",Indonesia,Fisik,210,978-0-910867-71-9,4
275,TRX000749,USR00246,BK01084,2024-11-05,2024-11-19,2024-11-24,Terlambat,19.0,Pengantar Manajemen Sumber Daya Manusia,"Nabila Mandala, S.Psi",UI Press,2020,"Fakultas Sosial, Humaniora, & Seni",Administrasi Bisnis,Administrasi & Manajemen Bisnis,"Buku ini memberikan pemahaman menyeluruh tentang pengelolaan keuangan bisnis, administrasi dan operasional bisnis, serta manajemen sumber daya manusia perusahaan. Dilengkapi dengan contoh kasus dan studi lapangan yang relevan.","administrasi bisnis, tata kelola perusahaan, manajemen keuangan, manajemen bisnis",Indonesia,Fisik,503,978-0-452-64712-1,0
276,TRX000751,USR00040,BK00286,2023-10-06,2023-10-20,2023-10-27,Terlambat,21.0,Konsep Basis Data,"Titin Yuniar, S.T.",Deepublish,2007,"Fakultas Sains, Teknologi, & Kesehatan",Informatika,Basis Data,"Buku ini dirancang sebagai panduan untuk memahami perancangan basis data, normalisasi data, serta manajemen sistem basis data. Membantu pembaca membangun pemahaman konseptual maupun praktis.","query, sql, normalisasi, manajemen data",Indonesia,E-book,354,978-1-57437-489-6,9999
277,TRX000759,USR00299,BK00208,2023-02-27,2023-03-13,2023-03-15,Terlambat,16.0,Pengantar Kriptografi,Kardi Yuliarti,Alfabeta,2024,"Fakultas Sains, Teknologi, & Kesehatan",Informatika,Jaringan & Keamanan Siber,"Buku ini mengulas berbagai aspek penting dari proteksi data digital, audit keamanan sistem, serta ancaman siber. Menjadi rujukan penting dalam perkuliahan dan penelitian terkait.","keamanan siber, jaringan komputer, hacking etis, protokol jaringan",Indonesia,Fisik,537,978-1-61014-388-2,5
278,TRX000762,USR00094,BK00951,2023-12-27,2024-01-10,2024-01-14,Terlambat,18.0,Tata Ruang: Konsep dan Aplikasi,Budi Nurdiyanti,Informatika Bandung,2011,"Fakultas Sosial, Humaniora, & Seni",Desain Interior,Desain Interior & Arsitektur Ruang,"Buku ini mengulas berbagai aspek penting dari konsep arsitektur ruang dalam modern, pemilihan material dan furnitur, serta perancangan tata ruang interior. Membantu pembaca membangun pemahaman konseptual maupun praktis.","material interior, ergonomi ruang, tata ruang, furnitur",Inggris,Fisik,226,978-1-9994973-2-3,8
279,TRX000763,USR00047,BK00415,2024-09-02,2024-09-16,2024-09-19,Terlambat,17.0,Dasar-Dasar Ergonomi,Winda Wijaya,Alfabeta,2007,"Fakultas Sains, Teknologi, & Kesehatan",Teknik Industri,Ergonomi & Rantai Pasok,"Buku ini dirancang sebagai panduan untuk memahami keselamatan dan kesehatan kerja industri, pengendalian persediaan barang, serta manajemen rantai pasok dan distribusi. Dilengkapi dengan contoh kasus dan studi lapangan yang relevan.","distribusi, k3, ergonomi, rantai pasok",Indonesia,E-book,506,978-0-517-90864-8,9999
280,TRX000765,USR00363,BK00513,2025-10-03,2025-10-17,2025-10-23,Terlambat,20.0,Konsep Dasar Keperawatan Gawat Darurat,"Karimah Hastuti, Cut Karimah Utama",Erlangga,2015,"Fakultas Sains, Teknologi, & Kesehatan",Keperawatan,Keperawatan Klinis,"Buku ini memberikan pemahaman menyeluruh tentang manajemen perawatan pasien, asuhan keperawatan pasien, serta komunikasi terapeutik perawat. Menjadi rujukan penting dalam perkuliahan dan penelitian terkait.","praktik klinis, asuhan keperawatan, keperawatan, keperawatan anak",Indonesia,E-book,221,978-0-8325-3817-9,9999
281,TRX000766,USR00103,BK00610,2023-04-08,2023-04-22,2023-04-23,Terlambat,15.0,Dasar Farmakologi,"Banara Putra, S.I.Kom, Ozy Siregar",Gramedia Pustaka Utama,2020,"Fakultas Sains, Teknologi, & Kesehatan",Farmasi,Farmakologi & Kefarmasian,"Buku ini dirancang sebagai panduan untuk memahami mekanisme kerja obat, pelayanan kefarmasian klinis, serta interaksi obat dalam tubuh. Menjadi rujukan penting dalam perkuliahan dan penelitian terkait.","formulasi obat, kimia farmasi, toksikologi, farmasi klinis",Inggris,Fisik,347,978-1-125-52137-3,0
282,TRX000767,USR00249,BK00179,2024-12-11,2024-12-25,2024-12-30,Terlambat,19.0,Pengantar Ethical Hacking Edisi Ke-2,Kalim Rahayu,Andi Publisher,2016,"Fakultas Sains, Teknologi, & Kesehatan",Informatika,Jaringan & Keamanan Siber,"Buku ini membahas secara mendalam tentang keamanan jaringan komputer, proteksi data digital, serta sistem enkripsi. Membantu pembaca membangun pemahaman konseptual maupun praktis.","cyber security, hacking etis, enkripsi, jaringan komputer",Indonesia,E-book,459,978-1-870568-56-2,9999
283,TRX000770,USR00238,BK00494,2025-02-19,2025-03-05,2025-03-07,Terlambat,16.0,Keperawatan Maternitas: Teori dan Praktik Klinis Edisi Ke-3,"Ratna Pradipta, S.Pt, Oman Megantara",Deepublish,2019,"Fakultas Sains, Teknologi, & Kesehatan",Keperawatan,Keperawatan Klinis,"Buku ini membahas secara mendalam tentang prosedur klinis keperawatan, manajemen perawatan pasien, serta komunikasi terapeutik perawat. Disusun dengan bahasa yang mudah dipahami untuk kalangan akademik.","asuhan keperawatan, keperawatan gawat darurat, keperawatan anak, keperawatan",Indonesia,Fisik,476,978-0-7903-2020-5,7
284,TRX000771,USR00105,BK00971,2025-03-09,2025-03-23,2025-03-30,Terlambat,21.0,Pengantar Material dan Furnitur,"Wisnu Pradipta, Dr. Balangga Andriani, S.Farm",Informatika Bandung,2010,"Fakultas Sosial, Humaniora, & Seni",Desain Interior,Desain Interior & Arsitektur Ruang,"Buku ini dirancang sebagai panduan untuk memahami konsep arsitektur ruang dalam modern, ergonomi dalam desain ruang, serta prinsip pencahayaan dan estetika ruang. Disusun dengan bahasa yang mudah dipahami untuk kalangan akademik.","ergonomi ruang, desain interior, pencahayaan ruang, tata ruang",Indonesia,Fisik,491,978-1-902824-98-7,6
285,TRX000772,USR00134,BK00761,2023-12-26,2024-01-09,2024-01-15,Terlambat,20.0,Profesi Ners: Praktik Klinis Lanjutan,"dr. Margana Habibi, Carla Santoso",Andi Publisher,2014,"Fakultas Sains, Teknologi, & Kesehatan",Profesi Ners,Keperawatan Profesi Ners,"Buku ini menyajikan kajian komprehensif mengenai kompetensi ners dalam asuhan pasien, praktik klinik keperawatan profesional, serta penerapan evidence-based practice. Disusun dengan bahasa yang mudah dipahami untuk kalangan akademik.","praktik klinis ners, evidence based practice, residensi keperawatan, keperawatan komprehensif",Indonesia,E-book,529,978-1-56350-200-2,9999
286,TRX000777,USR00018,BK01149,2024-03-01,2024-03-15,2024-03-17,Terlambat,16.0,Dasar-Dasar Bisnis Startup Edisi Ke-3,Bancar Habibi,Salemba Empat,2008,"Fakultas Sosial, Humaniora, & Seni",Administrasi Bisnis,Kewirausahaan & Pemasaran Bisnis,"Buku ini dirancang sebagai panduan untuk memahami strategi kewirausahaan dan inovasi bisnis, perencanaan strategi pemasaran, serta pengembangan bisnis digital. Disusun dengan bahasa yang mudah dipahami untuk kalangan akademik.","e-commerce, pemasaran, strategi pemasaran, kewirausahaan",Indonesia,Fisik,398,978-1-5256-8065-6,7
287,TRX000778,USR00309,BK01310,2023-09-17,2023-10-01,2023-10-04,Terlambat,17.0,Pengantar Content Creation,"Tgk. Praba Siregar, S.Gz, Hadi Pradana",Gramedia Pustaka Utama,2024,"Fakultas Sosial, Humaniora, & Seni",Ilmu Komunikasi,Jurnalistik & Media Digital,"Buku ini dirancang sebagai panduan untuk memahami etika jurnalistik di era digital, strategi konten media sosial, serta komunikasi digital dan audiens. Disusun dengan bahasa yang mudah dipahami untuk kalangan akademik.","jurnalistik, media digital, konten kreator, komunikasi digital",Inggris,Fisik,279,978-1-82430-176-4,2
288,TRX000782,USR00129,BK01000,2025-07-08,2025-07-22,2025-07-28,Terlambat,20.0,Dasar-Dasar Pencahayaan Ruang,Kartika Permadi,UI Press,2011,"Fakultas Sosial, Humaniora, & Seni",Desain Interior,Desain Interior & Arsitektur Ruang,"Buku ini membahas secara mendalam tentang perancangan tata ruang interior, konsep arsitektur ruang dalam modern, serta prinsip pencahayaan dan estetika ruang. Disusun dengan bahasa yang mudah dipahami untuk kalangan akademik.","furnitur, material interior, ergonomi ruang, pencahayaan ruang",Inggris,Fisik,267,978-1-352-41039-6,0
289,TRX000783,USR00155,BK00719,2023-01-15,2023-01-29,2023-01-31,Terlambat,16.0,Kompetensi Keperawatan Berbasis Bukti,"Zahra Wulandari, drg. Cawisadi Hassanah",PT Grasindo,2018,"Fakultas Sains, Teknologi, & Kesehatan",Profesi Ners,Keperawatan Profesi Ners,"Buku ini memberikan pemahaman menyeluruh tentang residensi dan pembelajaran klinik lanjutan, kompetensi ners dalam asuhan pasien, serta praktik klinik keperawatan profesional. Dilengkapi dengan contoh kasus dan studi lapangan yang relevan.","keperawatan lanjutan, keperawatan komprehensif, praktik klinis ners, evidence based practice",Indonesia,Fisik,547,978-1-83332-116-6,5
290,TRX000785,USR00231,BK01310,2025-01-24,2025-02-07,2025-02-11,Terlambat,18.0,Pengantar Content Creation,"Tgk. Praba Siregar, S.Gz, Hadi Pradana",Gramedia Pustaka Utama,2024,"Fakultas Sosial, Humaniora, & Seni",Ilmu Komunikasi,Jurnalistik & Media Digital,"Buku ini dirancang sebagai panduan untuk memahami etika jurnalistik di era digital, strategi konten media sosial, serta komunikasi digital dan audiens. Disusun dengan bahasa yang mudah dipahami untuk kalangan akademik.","jurnalistik, media digital, konten kreator, komunikasi digital",Inggris,Fisik,279,978-1-82430-176-4,2
291,TRX000786,USR00292,BK00571,2025-07-16,2025-07-30,2025-08-03,Terlambat,18.0,Farmakologi Klinis,Cornelia Prakasa,Erlangga,2013,"Fakultas Sains, Teknologi, & Kesehatan",Farmasi,Farmakologi & Kefarmasian,"Buku ini membahas secara mendalam tentang interaksi obat dalam tubuh, formulasi sediaan farmasi, serta efek samping dan dosis obat. Cocok digunakan sebagai referensi utama bagi mahasiswa dan praktisi.","apoteker, obat, kimia farmasi, farmakologi",Indonesia,Fisik,275,978-0-275-60417-2,1
292,TRX000792,USR00134,BK00737,2025-07-10,2025-07-24,2025-07-27,Terlambat,17.0,Residensi Keperawatan: Praktik Klinis Lanjutan Edisi Terbaru,"Iriana Nurdiyanti, S.I.Kom",Nuha Medika,2015,"Fakultas Sains, Teknologi, & Kesehatan",Profesi Ners,Keperawatan Profesi Ners,"Buku ini mengulas berbagai aspek penting dari residensi dan pembelajaran klinik lanjutan, kompetensi ners dalam asuhan pasien, serta praktik klinik keperawatan profesional. Cocok digunakan sebagai referensi utama bagi mahasiswa dan praktisi.","keperawatan komprehensif, profesi ners, praktik klinis ners, residensi keperawatan",Indonesia,E-book,251,978-0-03-032432-1,9999
293,TRX000793,USR00315,BK00766,2025-05-01,2025-05-15,2025-05-19,Terlambat,18.0,Pembelajaran Klinik Profesi Ners Edisi Terbaru,H. Dono Purwanti,Andi Publisher,2007,"Fakultas Sains, Teknologi, & Kesehatan",Profesi Ners,Keperawatan Profesi Ners,"Buku ini membahas secara mendalam tentang praktik klinik keperawatan profesional, kompetensi ners dalam asuhan pasien, serta etika dan profesionalisme keperawatan. Dilengkapi dengan contoh kasus dan studi lapangan yang relevan.","residensi keperawatan, kompetensi ners, profesi ners, evidence based practice",Indonesia,Fisik,525,978-1-71617-688-3,3
294,TRX000794,USR00104,BK01334,2025-01-06,2025-01-20,2025-01-27,Terlambat,21.0,Praktik Produksi Berita,Maryadi Purwanti,PT Grasindo,2013,"Fakultas Sosial, Humaniora, & Seni",Ilmu Komunikasi,Jurnalistik & Media Digital,"Buku ini menyajikan kajian komprehensif mengenai komunikasi digital dan audiens, produksi berita di media digital, serta strategi konten media sosial. Disusun dengan bahasa yang mudah dipahami untuk kalangan akademik.","komunikasi digital, jurnalistik, konten kreator, media digital",Indonesia,Fisik,270,978-1-05-612996-9,0
295,TRX000795,USR00314,BK00782,2024-04-21,2024-05-05,2024-05-10,Terlambat,19.0,Modul Profesi Ners,"Irwan Maryadi, S.Pd, Tgk. Kamaria Jailani",Graha Ilmu,2018,"Fakultas Sains, Teknologi, & Kesehatan",Profesi Ners,Keperawatan Profesi Ners,"Buku ini mengulas berbagai aspek penting dari praktik klinik keperawatan profesional, penerapan evidence-based practice, serta kompetensi ners dalam asuhan pasien. Cocok digunakan sebagai referensi utama bagi mahasiswa dan praktisi.","profesi ners, evidence based practice, praktik klinis ners, kompetensi ners",Indonesia,Fisik,325,978-1-5410-2252-2,8
296,TRX000797,USR00087,BK00938,2025-06-02,2025-06-16,2025-06-20,Terlambat,18.0,Teknik Motion Graphic Edisi Revisi,Farah Januar,Salemba Empat,2024,"Fakultas Sosial, Humaniora, & Seni",Desain Komunikasi Visual,Fotografi & Multimedia,"Buku ini menyajikan kajian komprehensif mengenai produksi konten multimedia digital, editing visual dan videografi, serta teknik pengambilan gambar fotografi. Dilengkapi dengan contoh kasus dan studi lapangan yang relevan.","videografi, editing visual, fotografi, multimedia",Indonesia,E-book,276,978-1-64613-684-1,9999
297,TRX000801,USR00099,BK01213,2023-11-23,2023-12-07,2023-12-09,Terlambat,16.0,Psikologi Sosial: Teori dan Aplikasi,"Puspa Hardiansyah, S.T.",Nuha Medika,2006,"Fakultas Sosial, Humaniora, & Seni",Psikologi,Psikologi Umum & Klinis,"Buku ini menyajikan kajian komprehensif mengenai perkembangan kepribadian individu, intervensi psikoterapi klinis, serta perilaku dan proses mental manusia. Membantu pembaca membangun pemahaman konseptual maupun praktis.","kepribadian, psikologi klinis, psikologi, psikologi sosial",Indonesia,E-book,321,978-1-72426-423-7,9999
298,TRX000804,USR00379,BK01295,2023-07-06,2023-07-20,2023-07-21,Terlambat,15.0,Strategi Public Relations,"R.M. Dimas Hardiansyah, M.TI.",Elex Media Komputindo,2017,"Fakultas Sosial, Humaniora, & Seni",Ilmu Komunikasi,Komunikasi & Media,"Buku ini membahas secara mendalam tentang hubungan masyarakat dan citra publik, strategi media dan publikasi, serta dinamika komunikasi massa. Dilengkapi dengan contoh kasus dan studi lapangan yang relevan.","public relations, media digital, jurnalistik, komunikasi massa",Indonesia,E-book,526,978-0-88158-814-9,9999
299,TRX000805,USR00192,BK00859,2024-10-18,2024-11-01,2024-11-07,Terlambat,20.0,Desain Grafis: Konsep dan Praktik Edisi Ke-2,Nova Suwarno,Bumi Aksara,2022,"Fakultas Sosial, Humaniora, & Seni",Desain Komunikasi Visual,Desain Komunikasi Visual & Ilustrasi,"Buku ini dirancang sebagai panduan untuk memahami strategi branding melalui visual, prinsip visual dan tipografi, serta estetika dalam karya seni rupa. Membantu pembaca membangun pemahaman konseptual maupun praktis.","desain grafis, seni rupa, layout, tipografi",Indonesia,Fisik,326,978-1-07-034910-7,0
300,TRX000810,USR00222,BK00130,2025-01-23,2025-02-06,2025-02-09,Terlambat,17.0,Pengantar Kecerdasan Buatan,"Prima Pangestu, Galih Saragih",Kencana Prenada,2023,"Fakultas Sains, Teknologi, & Kesehatan",Informatika,Kecerdasan Buatan & Data Science,"Buku ini memberikan pemahaman menyeluruh tentang jaringan saraf tiruan, kecerdasan buatan, serta analisis data besar. Menjadi rujukan penting dalam perkuliahan dan penelitian terkait.","neural network, artificial intelligence, data science, big data",Indonesia,Fisik,470,978-1-4034-5054-8,1
301,TRX000811,USR00336,BK00560,2024-12-24,2025-01-07,2025-01-11,Terlambat,18.0,Farmasi Klinis untuk Praktik Klinis,"Ridwan Sihombing, M.TI.",Rajawali Pers,2008,"Fakultas Sains, Teknologi, & Kesehatan",Farmasi,Farmakologi & Kefarmasian,"Buku ini membahas secara mendalam tentang formulasi sediaan farmasi, mekanisme kerja obat, serta efek samping dan dosis obat. Membantu pembaca membangun pemahaman konseptual maupun praktis.","apoteker, kimia farmasi, farmasi klinis, farmakologi",Inggris,E-book,182,978-1-85366-498-4,9999
302,TRX000822,USR00092,BK00265,2025-08-27,2025-09-10,2025-09-11,Terlambat,15.0,Manajemen Basis Data Modern Edisi Revisi,"Manah Pratiwi, Waluyo Mandasari",Graha Ilmu,2011,"Fakultas Sains, Teknologi, & Kesehatan",Informatika,Basis Data,"Buku ini membahas secara mendalam tentang manajemen sistem basis data, perancangan basis data, serta query dan manipulasi data. Menjadi rujukan penting dalam perkuliahan dan penelitian terkait.","database, nosql, normalisasi, basis data",Inggris,Fisik,522,978-1-135-52157-8,7
303,TRX000828,USR00150,BK01224,2023-02-15,2023-03-01,2023-03-08,Terlambat,21.0,Psikologi Umum: Teori dan Aplikasi,Liman Sihombing,Informatika Bandung,2009,"Fakultas Sosial, Humaniora, & Seni",Psikologi,Psikologi Umum & Klinis,"Buku ini memberikan pemahaman menyeluruh tentang dinamika interaksi sosial manusia, gangguan psikologis dan penanganannya, serta perkembangan kepribadian individu. Cocok digunakan sebagai referensi utama bagi mahasiswa dan praktisi.","psikoterapi, psikologi, kepribadian, perkembangan manusia",Inggris,Fisik,254,978-1-07-155348-0,5
304,TRX000830,USR00134,BK00555,2024-12-25,2025-01-08,2025-01-12,Terlambat,18.0,Dasar-Dasar Keperawatan Medikal Bedah,Puti Shakila Haryanto,Nuha Medika,2008,"Fakultas Sains, Teknologi, & Kesehatan",Keperawatan,Keperawatan Klinis,"Buku ini dirancang sebagai panduan untuk memahami komunikasi terapeutik perawat, asuhan keperawatan pasien, serta prosedur klinis keperawatan. Membantu pembaca membangun pemahaman konseptual maupun praktis.","keperawatan, praktik klinis, keperawatan gawat darurat, keperawatan medikal bedah",Indonesia,E-book,268,978-0-520-85076-7,9999
305,TRX000831,USR00144,BK00098,2024-08-01,2024-08-15,2024-08-19,Terlambat,18.0,Konsep Dasar Data Mining,Ian Kuswoyo,Deepublish,2007,"Fakultas Sains, Teknologi, & Kesehatan",Informatika,Kecerdasan Buatan & Data Science,"Buku ini dirancang sebagai panduan untuk memahami analisis data besar, pembelajaran mesin, serta otomatisasi cerdas. Membantu pembaca membangun pemahaman konseptual maupun praktis.","neural network, deep learning, big data, data mining",Indonesia,Fisik,457,978-0-8098-8516-9,5
306,TRX000840,USR00045,BK00678,2024-09-17,2024-10-01,2024-10-07,Terlambat,20.0,Teknologi Compounding Obat,Dt. Cawisono Simbolon,Kencana Prenada,2005,"Fakultas Sains, Teknologi, & Kesehatan",Farmasi,Teknologi Farmasi & Pelayanan Kefarmasian,"Buku ini memberikan pemahaman menyeluruh tentang standar pelayanan farmasi profesional, manajemen obat dan compounding, serta teknologi pembuatan sediaan obat. Dilengkapi dengan contoh kasus dan studi lapangan yang relevan.","farmasi komunitas, farmasi rumah sakit, teknologi farmasi, sediaan farmasi",Indonesia,E-book,437,978-1-212-86716-2,9999
307,TRX000841,USR00097,BK00188,2023-04-14,2023-04-28,2023-05-04,Terlambat,20.0,Keamanan Siber di Era Digital,"Dt. Salman Hutagalung, Hj. Alika Ardianto, S.Farm",Deepublish,2010,"Fakultas Sains, Teknologi, & Kesehatan",Informatika,Jaringan & Keamanan Siber,"Buku ini membahas secara mendalam tentang sistem enkripsi, audit keamanan sistem, serta proteksi data digital. Menjadi rujukan penting dalam perkuliahan dan penelitian terkait.","jaringan komputer, firewall, hacking etis, protokol jaringan",Indonesia,Fisik,184,978-0-12-038750-2,0
308,TRX000843,USR00366,BK00798,2023-08-09,2023-08-23,2023-08-30,Terlambat,21.0,Pengantar Desain Komunikasi Visual,"Gina Pratama, S.E.I, H. Caraka Mardhiyah, M.TI.",Andi Publisher,2010,"Fakultas Sosial, Humaniora, & Seni",Desain Komunikasi Visual,Desain Komunikasi Visual & Ilustrasi,"Buku ini membahas secara mendalam tentang prinsip visual dan tipografi, estetika dalam karya seni rupa, serta proses kreatif desain grafis. Dilengkapi dengan contoh kasus dan studi lapangan yang relevan.","branding, desain grafis, seni rupa, layout",Indonesia,Fisik,351,978-1-254-59606-8,1
309,TRX000845,USR00273,BK00735,2023-07-12,2023-07-26,2023-07-29,Terlambat,17.0,Kompetensi Keperawatan Berbasis Bukti,Arta Mahendra,Informatika Bandung,2021,"Fakultas Sains, Teknologi, & Kesehatan",Profesi Ners,Keperawatan Profesi Ners,"Buku ini dirancang sebagai panduan untuk memahami penerapan evidence-based practice, praktik klinik keperawatan profesional, serta residensi dan pembelajaran klinik lanjutan. Cocok digunakan sebagai referensi utama bagi mahasiswa dan praktisi.","keperawatan lanjutan, profesi ners, evidence based practice, kompetensi ners",Indonesia,E-book,219,978-0-18-401184-9,9999
310,TRX000846,USR00336,BK00562,2025-03-27,2025-04-10,2025-04-14,Terlambat,18.0,Pengantar Farmasetika,Sutan Galih Hariyah,Gramedia Pustaka Utama,2020,"Fakultas Sains, Teknologi, & Kesehatan",Farmasi,Farmakologi & Kefarmasian,"Buku ini mengulas berbagai aspek penting dari pelayanan kefarmasian klinis, mekanisme kerja obat, serta efek samping dan dosis obat. Disusun dengan bahasa yang mudah dipahami untuk kalangan akademik.","farmasi klinis, kimia farmasi, farmakologi, obat",Indonesia,E-book,499,978-0-246-65136-5,9999
311,TRX000847,USR00058,BK00976,2023-05-22,2023-06-05,2023-06-09,Terlambat,18.0,Desain Interior: Konsep dan Aplikasi,"Salsabila Rahmawati, Darman Sudiati",Informatika Bandung,2011,"Fakultas Sosial, Humaniora, & Seni",Desain Interior,Desain Interior & Arsitektur Ruang,"Buku ini dirancang sebagai panduan untuk memahami konsep arsitektur ruang dalam modern, pemilihan material dan furnitur, serta ergonomi dalam desain ruang. Dilengkapi dengan contoh kasus dan studi lapangan yang relevan.","arsitektur ruang, desain interior, tata ruang, pencahayaan ruang",Indonesia,Fisik,229,978-0-555-80996-9,7
312,TRX000848,USR00236,BK00633,2023-08-24,2023-09-07,2023-09-12,Terlambat,19.0,Panduan Farmasi Rumah Sakit,Dinda Zulkarnain,Pustaka Pelajar,2013,"Fakultas Sains, Teknologi, & Kesehatan",Farmasi,Teknologi Farmasi & Pelayanan Kefarmasian,"Buku ini mengulas berbagai aspek penting dari manajemen obat dan compounding, standar pelayanan farmasi profesional, serta teknologi pembuatan sediaan obat. Cocok digunakan sebagai referensi utama bagi mahasiswa dan praktisi.","farmasi komunitas, compounding obat, pelayanan kefarmasian, farmasi rumah sakit",Indonesia,Fisik,445,978-1-61033-993-3,0
313,TRX000851,USR00317,BK00671,2023-02-26,2023-03-12,2023-03-16,Terlambat,18.0,Pelayanan Kefarmasian: Praktik dan Pelayanan,"Sabar Palastri, Ajeng Salahudin",Kencana Prenada,2024,"Fakultas Sains, Teknologi, & Kesehatan",Farmasi,Teknologi Farmasi & Pelayanan Kefarmasian,"Buku ini mengulas berbagai aspek penting dari pelayanan kefarmasian di rumah sakit, teknologi pembuatan sediaan obat, serta praktik farmasi klinis pasien. Disusun dengan bahasa yang mudah dipahami untuk kalangan akademik.","farmasi komunitas, compounding obat, teknologi farmasi, farmasi rumah sakit",Indonesia,Fisik,413,978-1-66907-826-5,7
314,TRX000855,USR00259,BK01243,2023-08-29,2023-09-12,2023-09-13,Terlambat,15.0,Pengantar Media Digital,R.A. Tina Laksmiwati,Elex Media Komputindo,2005,"Fakultas Sosial, Humaniora, & Seni",Ilmu Komunikasi,Komunikasi & Media,"Buku ini mengulas berbagai aspek penting dari strategi media dan publikasi, hubungan masyarakat dan citra publik, serta jurnalisme di era digital. Dilengkapi dengan contoh kasus dan studi lapangan yang relevan.","komunikasi interpersonal, public relations, jurnalistik, broadcasting",Indonesia,Fisik,465,978-1-189-43705-4,3
315,TRX000859,USR00261,BK01117,2024-07-29,2024-08-12,2024-08-13,Terlambat,15.0,Dasar-Dasar Bisnis Startup,dr. Restu Hassanah,Gramedia Pustaka Utama,2020,"Fakultas Sosial, Humaniora, & Seni",Administrasi Bisnis,Kewirausahaan & Pemasaran Bisnis,"Buku ini membahas secara mendalam tentang perencanaan strategi pemasaran, membangun bisnis rintisan startup, serta pengembangan bisnis digital. Membantu pembaca membangun pemahaman konseptual maupun praktis.","e-commerce, bisnis digital, strategi pemasaran, manajemen pemasaran",Indonesia,E-book,361,978-1-244-18222-6,9999
316,TRX000860,USR00236,BK00076,2025-03-23,2025-04-06,2025-04-07,Terlambat,15.0,Aplikasi Deep Learning di Industri,"Bajragin Sitompul, M.Pd",Andi Publisher,2014,"Fakultas Sains, Teknologi, & Kesehatan",Informatika,Kecerdasan Buatan & Data Science,"Buku ini membahas secara mendalam tentang jaringan saraf tiruan, otomatisasi cerdas, serta kecerdasan buatan. Disusun dengan bahasa yang mudah dipahami untuk kalangan akademik.","big data, neural network, machine learning, data science",Indonesia,E-book,424,978-1-78091-343-8,9999
317,TRX000865,USR00110,BK00960,2024-11-22,2024-12-06,2024-12-12,Terlambat,20.0,Perancangan Desain Interior,"dr. Padma Budiman, Hadi Agustina, S.Gz",Erlangga,2007,"Fakultas Sosial, Humaniora, & Seni",Desain Interior,Desain Interior & Arsitektur Ruang,"Buku ini menyajikan kajian komprehensif mengenai pemilihan material dan furnitur, perancangan tata ruang interior, serta konsep arsitektur ruang dalam modern. Disusun dengan bahasa yang mudah dipahami untuk kalangan akademik.","desain interior, ergonomi ruang, pencahayaan ruang, furnitur",Indonesia,Fisik,391,978-0-8241-2704-6,4
318,TRX000871,USR00060,BK00471,2024-04-26,2024-05-10,2024-05-12,Terlambat,16.0,Dasar-Dasar Manajemen Logistik Edisi Ke-3,"Reksa Agustina, M.M.",Gramedia Pustaka Utama,2021,"Fakultas Sains, Teknologi, & Kesehatan",Teknik Industri,Ergonomi & Rantai Pasok,"Buku ini dirancang sebagai panduan untuk memahami optimalisasi jaringan logistik, keselamatan dan kesehatan kerja industri, serta manajemen rantai pasok dan distribusi. Dilengkapi dengan contoh kasus dan studi lapangan yang relevan.","k3, ergonomi, supply chain, distribusi",Indonesia,Fisik,435,978-0-7868-7653-2,1
319,TRX000872,USR00103,BK00581,2024-02-05,2024-02-19,2024-02-20,Terlambat,15.0,Farmakologi untuk Praktik Klinis,"Rina Rajasa, S.Pt, Kalim Halim",Rajawali Pers,2009,"Fakultas Sains, Teknologi, & Kesehatan",Farmasi,Farmakologi & Kefarmasian,"Buku ini dirancang sebagai panduan untuk memahami formulasi sediaan farmasi, interaksi obat dalam tubuh, serta pelayanan kefarmasian klinis. Dilengkapi dengan contoh kasus dan studi lapangan yang relevan.","obat, farmakologi, apoteker, formulasi obat",Indonesia,Fisik,531,978-1-375-99004-2,5
320,TRX000878,USR00371,BK00812,2025-06-24,2025-07-08,2025-07-12,Terlambat,18.0,Branding Visual: Konsep dan Praktik,"Puji Marbun, M.Ak",Alfabeta,2018,"Fakultas Sosial, Humaniora, & Seni",Desain Komunikasi Visual,Desain Komunikasi Visual & Ilustrasi,"Buku ini mengulas berbagai aspek penting dari strategi branding melalui visual, estetika dalam karya seni rupa, serta prinsip visual dan tipografi. Membantu pembaca membangun pemahaman konseptual maupun praktis.","tipografi, seni rupa, desain komunikasi visual, branding",Indonesia,E-book,337,978-0-533-90550-8,9999
321,TRX000879,USR00323,BK01334,2023-01-10,2023-01-24,2023-01-29,Terlambat,19.0,Praktik Produksi Berita,Maryadi Purwanti,PT Grasindo,2013,"Fakultas Sosial, Humaniora, & Seni",Ilmu Komunikasi,Jurnalistik & Media Digital,"Buku ini menyajikan kajian komprehensif mengenai komunikasi digital dan audiens, produksi berita di media digital, serta strategi konten media sosial. Disusun dengan bahasa yang mudah dipahami untuk kalangan akademik.","komunikasi digital, jurnalistik, konten kreator, media digital",Indonesia,Fisik,270,978-1-05-612996-9,0
322,TRX000880,USR00278,BK01328,2025-01-27,2025-02-10,2025-02-13,Terlambat,17.0,Praktik Media Sosial,"Hairyanto Hartati, S.Ked",UI Press,2007,"Fakultas Sosial, Humaniora, & Seni",Ilmu Komunikasi,Jurnalistik & Media Digital,"Buku ini memberikan pemahaman menyeluruh tentang strategi konten media sosial, jurnalisme online kontemporer, serta produksi berita di media digital. Disusun dengan bahasa yang mudah dipahami untuk kalangan akademik.","konten kreator, media digital, komunikasi digital, jurnalistik",Indonesia,E-book,246,978-1-991449-20-7,9999
323,TRX000886,USR00281,BK00533,2025-02-16,2025-03-02,2025-03-07,Terlambat,19.0,Konsep Dasar Keperawatan Maternitas,Elisa Habibi,Deepublish,2009,"Fakultas Sains, Teknologi, & Kesehatan",Keperawatan,Keperawatan Klinis,"Buku ini membahas secara mendalam tentang komunikasi terapeutik perawat, manajemen perawatan pasien, serta asuhan keperawatan pasien. Disusun dengan bahasa yang mudah dipahami untuk kalangan akademik.","keperawatan anak, keperawatan, keperawatan gawat darurat, keperawatan medikal bedah",Inggris,Fisik,283,978-1-65044-818-3,7
324,TRX000887,USR00376,BK00933,2024-04-19,2024-05-03,2024-05-07,Terlambat,18.0,Pengantar Videografi,Vivi Puspasari,Informatika Bandung,2023,"Fakultas Sosial, Humaniora, & Seni",Desain Komunikasi Visual,Fotografi & Multimedia,"Buku ini membahas secara mendalam tentang animasi dan motion graphic, desain media interaktif, serta produksi konten multimedia digital. Disusun dengan bahasa yang mudah dipahami untuk kalangan akademik.","multimedia, motion graphic, videografi, fotografi",Inggris,E-book,346,978-0-8358-3286-1,9999
325,TRX000890,USR00327,BK00667,2024-12-26,2025-01-09,2025-01-11,Terlambat,16.0,Dasar Pelayanan Kefarmasian,"dr. Hamima Pudjiastuti, S.Pt",Graha Ilmu,2005,"Fakultas Sains, Teknologi, & Kesehatan",Farmasi,Teknologi Farmasi & Pelayanan Kefarmasian,"Buku ini membahas secara mendalam tentang manajemen obat dan compounding, standar pelayanan farmasi profesional, serta praktik farmasi klinis pasien. Dilengkapi dengan contoh kasus dan studi lapangan yang relevan.","sediaan farmasi, compounding obat, teknologi farmasi, pelayanan kefarmasian",Indonesia,Fisik,383,978-0-478-53907-3,7
326,TRX000892,USR00136,BK00919,2023-11-08,2023-11-22,2023-11-26,Terlambat,18.0,Dasar-Dasar Motion Graphic,T. Kamal Susanti,UI Press,2017,"Fakultas Sosial, Humaniora, & Seni",Desain Komunikasi Visual,Fotografi & Multimedia,"Buku ini menyajikan kajian komprehensif mengenai produksi konten multimedia digital, animasi dan motion graphic, serta editing visual dan videografi. Cocok digunakan sebagai referensi utama bagi mahasiswa dan praktisi.","videografi, fotografi, media interaktif, editing visual",Indonesia,Fisik,396,978-0-542-14477-6,7
327,TRX000893,USR00122,BK00332,2025-12-06,2025-12-20,2025-12-21,Terlambat,15.0,Dasar-Dasar Teknik Industri,"Julia Firgantoro, S.Pt",Bumi Aksara,2011,"Fakultas Sains, Teknologi, & Kesehatan",Teknik Industri,Teknik Industri & Manajemen Operasi,"Buku ini membahas secara mendalam tentang optimalisasi proses produksi, efisiensi tata letak fasilitas pabrik, serta manajemen kualitas dan produktivitas. Menjadi rujukan penting dalam perkuliahan dan penelitian terkait.","six sigma, teknik industri, tata letak pabrik, produktivitas",Inggris,Fisik,442,978-0-248-19346-7,5
328,TRX000896,USR00077,BK01207,2024-10-27,2024-11-10,2024-11-13,Terlambat,17.0,Pengantar Psikologi Abnormal,Daru Januar,Rajawali Pers,2023,"Fakultas Sosial, Humaniora, & Seni",Psikologi,Psikologi Umum & Klinis,"Buku ini membahas secara mendalam tentang dinamika interaksi sosial manusia, gangguan psikologis dan penanganannya, serta perkembangan kepribadian individu. Dilengkapi dengan contoh kasus dan studi lapangan yang relevan.","psikologi klinis, psikologi sosial, perkembangan manusia, kepribadian",Inggris,Fisik,298,978-1-77269-608-0,0
329,TRX000897,USR00266,BK01067,2023-06-24,2023-07-08,2023-07-10,Terlambat,16.0,Manajemen Manajemen Sumber Daya Manusia Edisi Ke-2,"Hj. Uli Astuti, S.Ked, Kasim Najmudin",Kencana Prenada,2016,"Fakultas Sosial, Humaniora, & Seni",Administrasi Bisnis,Administrasi & Manajemen Bisnis,"Buku ini dirancang sebagai panduan untuk memahami pengelolaan keuangan bisnis, strategi tata kelola perusahaan, serta efisiensi operasional organisasi bisnis. Menjadi rujukan penting dalam perkuliahan dan penelitian terkait.","tata kelola perusahaan, manajemen keuangan, administrasi bisnis, manajemen bisnis",Indonesia,E-book,470,978-1-146-07455-1,9999
330,TRX000898,USR00023,BK00455,2023-03-09,2023-03-23,2023-03-29,Terlambat,20.0,Ergonomi: Konsep dan Praktik,KH. Maryanto Saragih,Bumi Aksara,2005,"Fakultas Sains, Teknologi, & Kesehatan",Teknik Industri,Ergonomi & Rantai Pasok,"Buku ini dirancang sebagai panduan untuk memahami manajemen rantai pasok dan distribusi, optimalisasi jaringan logistik, serta pengendalian persediaan barang. Disusun dengan bahasa yang mudah dipahami untuk kalangan akademik.","manajemen persediaan, supply chain, distribusi, k3",Indonesia,Fisik,520,978-1-353-34485-0,6
331,TRX000900,USR00156,BK00268,2024-01-22,2024-02-05,2024-02-09,Terlambat,18.0,Basis Data: Teori dan Aplikasi,"Galuh Rajata, Bagya Siregar",PT Grasindo,2008,"Fakultas Sains, Teknologi, & Kesehatan",Informatika,Basis Data,"Buku ini mengulas berbagai aspek penting dari normalisasi data, perancangan basis data, serta query dan manipulasi data. Membantu pembaca membangun pemahaman konseptual maupun praktis.","sql, data warehouse, nosql, normalisasi",Indonesia,Fisik,141,978-1-218-15997-1,7
332,TRX000901,USR00077,BK01212,2023-12-20,2024-01-03,2024-01-07,Terlambat,18.0,Memahami Psikologi Sosial,Cawisadi Prasetya,Deepublish,2017,"Fakultas Sosial, Humaniora, & Seni",Psikologi,Psikologi Umum & Klinis,"Buku ini mengulas berbagai aspek penting dari gangguan psikologis dan penanganannya, intervensi psikoterapi klinis, serta perilaku dan proses mental manusia. Dilengkapi dengan contoh kasus dan studi lapangan yang relevan.","psikoterapi, kesehatan mental, psikologi klinis, psikologi sosial",Inggris,Fisik,123,978-0-650-31219-7,8
333,TRX000906,USR00020,BK00534,2023-12-12,2023-12-26,2023-12-31,Terlambat,19.0,Keperawatan Dasar: Teori dan Praktik Klinis,Pranata Utami,Pustaka Pelajar,2022,"Fakultas Sains, Teknologi, & Kesehatan",Keperawatan,Keperawatan Klinis,"Buku ini dirancang sebagai panduan untuk memahami prosedur klinis keperawatan, komunikasi terapeutik perawat, serta penanganan kondisi darurat medis. Menjadi rujukan penting dalam perkuliahan dan penelitian terkait.","praktik klinis, keperawatan medikal bedah, asuhan keperawatan, keperawatan gawat darurat",Indonesia,Fisik,162,978-0-928554-45-8,6
334,TRX000913,USR00215,BK00051,2024-09-09,2024-09-23,2024-09-29,Terlambat,20.0,Pemrograman Struktur Data untuk Pemula Edisi Ke-3,Siska Haryanti,Alfabeta,2020,"Fakultas Sains, Teknologi, & Kesehatan",Informatika,Pemrograman & Algoritma,"Buku ini menyajikan kajian komprehensif mengenai algoritma dan struktur data, logika pemrograman, serta pemecahan masalah komputasional. Cocok digunakan sebagai referensi utama bagi mahasiswa dan praktisi.","kompleksitas, algoritma, pemrograman, java",Indonesia,E-book,474,978-1-284-98776-8,9999
335,TRX000915,USR00066,BK01031,2024-03-12,2024-03-26,2024-03-30,Terlambat,18.0,Tata Kelola Perusahaan: Teori dan Praktik,"Lala Laksita, Dt. Radika Nuraini, S.Gz",Deepublish,2018,"Fakultas Sosial, Humaniora, & Seni",Administrasi Bisnis,Administrasi & Manajemen Bisnis,"Buku ini menyajikan kajian komprehensif mengenai manajemen sumber daya manusia perusahaan, strategi tata kelola perusahaan, serta administrasi dan operasional bisnis. Dilengkapi dengan contoh kasus dan studi lapangan yang relevan.","operasional bisnis, tata kelola perusahaan, manajemen keuangan, manajemen bisnis",Indonesia,E-book,192,978-0-9608587-4-3,9999
336,TRX000916,USR00122,BK01201,2025-04-10,2025-04-24,2025-04-28,Terlambat,18.0,Psikologi Klinis: Teori dan Aplikasi,"Mutia Pudjiastuti, Tgk. Oni Purnawati",Nuha Medika,2009,"Fakultas Sosial, Humaniora, & Seni",Psikologi,Psikologi Umum & Klinis,"Buku ini menyajikan kajian komprehensif mengenai gangguan psikologis dan penanganannya, intervensi psikoterapi klinis, serta dinamika interaksi sosial manusia. Menjadi rujukan penting dalam perkuliahan dan penelitian terkait.","kepribadian, psikologi, psikologi klinis, kesehatan mental",Indonesia,Fisik,150,978-0-406-79176-4,2
337,TRX000919,USR00377,BK00169,2023-05-13,2023-05-27,2023-06-01,Terlambat,19.0,Dasar-Dasar Keamanan Siber,Lidya Pudjiastuti,Erlangga,2023,"Fakultas Sains, Teknologi, & Kesehatan",Informatika,Jaringan & Keamanan Siber,"Buku ini memberikan pemahaman menyeluruh tentang sistem enkripsi, keamanan jaringan komputer, serta proteksi data digital. Cocok digunakan sebagai referensi utama bagi mahasiswa dan praktisi.","protokol jaringan, kriptografi, enkripsi, jaringan komputer",Inggris,E-book,186,978-0-391-87851-8,9999
338,TRX000920,USR00230,BK00842,2023-03-18,2023-04-01,2023-04-06,Terlambat,19.0,Prinsip Branding Visual Edisi Ke-3,"Puti Prasasta, Marsudi Putra, S.Pt",Informatika Bandung,2017,"Fakultas Sosial, Humaniora, & Seni",Desain Komunikasi Visual,Desain Komunikasi Visual & Ilustrasi,"Buku ini mengulas berbagai aspek penting dari ilustrasi dan komposisi gambar, strategi branding melalui visual, serta estetika dalam karya seni rupa. Disusun dengan bahasa yang mudah dipahami untuk kalangan akademik.","layout, tipografi, seni rupa, ilustrasi",Indonesia,Fisik,461,978-1-03-037637-2,5
339,TRX000921,USR00252,BK01318,2025-09-25,2025-10-09,2025-10-16,Terlambat,21.0,Strategi Content Creation Edisi Ke-3,Hj. Gabriella Wijaya,Salemba Empat,2007,"Fakultas Sosial, Humaniora, & Seni",Ilmu Komunikasi,Jurnalistik & Media Digital,"Buku ini memberikan pemahaman menyeluruh tentang produksi berita di media digital, strategi konten media sosial, serta etika jurnalistik di era digital. Menjadi rujukan penting dalam perkuliahan dan penelitian terkait.","media sosial, konten kreator, media digital, produksi berita",Indonesia,E-book,324,978-1-201-49118-7,9999
340,TRX000926,USR00189,BK00316,2025-10-11,2025-10-25,2025-10-28,Terlambat,17.0,Optimalisasi Manajemen Kualitas,Wadi Wijaya,UI Press,2022,"Fakultas Sains, Teknologi, & Kesehatan",Teknik Industri,Teknik Industri & Manajemen Operasi,"Buku ini membahas secara mendalam tentang perancangan sistem kerja industri, manajemen kualitas dan produktivitas, serta perencanaan dan pengendalian produksi. Cocok digunakan sebagai referensi utama bagi mahasiswa dan praktisi.","perencanaan produksi, efisiensi kerja, manajemen operasi, produktivitas",Indonesia,Fisik,135,978-1-351-60917-3,3
341,TRX000928,USR00346,BK01209,2023-03-05,2023-03-19,2023-03-25,Terlambat,20.0,Pengantar Psikologi Kepribadian,Hardana Megantara,Erlangga,2010,"Fakultas Sosial, Humaniora, & Seni",Psikologi,Psikologi Umum & Klinis,"Buku ini memberikan pemahaman menyeluruh tentang dinamika interaksi sosial manusia, intervensi psikoterapi klinis, serta gangguan psikologis dan penanganannya. Cocok digunakan sebagai referensi utama bagi mahasiswa dan praktisi.","psikoterapi, perkembangan manusia, kesehatan mental, psikologi",Indonesia,E-book,486,978-1-263-35564-9,9999
342,TRX000929,USR00174,BK00127,2025-04-11,2025-04-25,2025-04-29,Terlambat,18.0,Pengantar Deep Learning,Halima Pertiwi,Graha Ilmu,2020,"Fakultas Sains, Teknologi, & Kesehatan",Informatika,Kecerdasan Buatan & Data Science,"Buku ini dirancang sebagai panduan untuk memahami analisis data besar, pembelajaran mesin, serta jaringan saraf tiruan. Dilengkapi dengan contoh kasus dan studi lapangan yang relevan.","artificial intelligence, data science, deep learning, big data",Indonesia,Fisik,490,978-0-18-518888-5,7
343,TRX000931,USR00330,BK01276,2024-02-21,2024-03-06,2024-03-12,Terlambat,20.0,Strategi Media Digital,"Hendri Kusumo, Dinda Suryono",Salemba Empat,2005,"Fakultas Sosial, Humaniora, & Seni",Ilmu Komunikasi,Komunikasi & Media,"Buku ini mengulas berbagai aspek penting dari pengaruh media sosial terhadap opini publik, hubungan masyarakat dan citra publik, serta dinamika komunikasi massa. Dilengkapi dengan contoh kasus dan studi lapangan yang relevan.","public relations, media digital, media sosial, jurnalistik",Inggris,Fisik,498,978-0-607-81975-5,8
344,TRX000932,USR00296,BK00948,2025-01-09,2025-01-23,2025-01-26,Terlambat,17.0,Pengantar Pencahayaan Ruang,Tira Nainggolan,Elex Media Komputindo,2014,"Fakultas Sosial, Humaniora, & Seni",Desain Interior,Desain Interior & Arsitektur Ruang,"Buku ini membahas secara mendalam tentang konsep arsitektur ruang dalam modern, prinsip pencahayaan dan estetika ruang, serta ergonomi dalam desain ruang. Cocok digunakan sebagai referensi utama bagi mahasiswa dan praktisi.","desain interior, tata ruang, material interior, pencahayaan ruang",Inggris,Fisik,454,978-0-87510-979-4,8
345,TRX000937,USR00259,BK01245,2025-05-03,2025-05-17,2025-05-19,Terlambat,16.0,Dasar-Dasar Komunikasi Massa,"H. Setya Sinaga, M.M.",Andi Publisher,2009,"Fakultas Sosial, Humaniora, & Seni",Ilmu Komunikasi,Komunikasi & Media,"Buku ini menyajikan kajian komprehensif mengenai pengaruh media sosial terhadap opini publik, jurnalisme di era digital, serta hubungan masyarakat dan citra publik. Cocok digunakan sebagai referensi utama bagi mahasiswa dan praktisi.","komunikasi interpersonal, media digital, jurnalistik, media sosial",Inggris,E-book,395,978-1-65920-246-5,9999
346,TRX000939,USR00017,BK00772,2023-03-13,2023-03-27,2023-04-03,Terlambat,21.0,Modul Keperawatan Komprehensif,"Luis Anggriawan, dr. Gawati Setiawan, S.E.",Pustaka Pelajar,2017,"Fakultas Sains, Teknologi, & Kesehatan",Profesi Ners,Keperawatan Profesi Ners,"Buku ini membahas secara mendalam tentang etika dan profesionalisme keperawatan, kompetensi ners dalam asuhan pasien, serta praktik klinik keperawatan profesional. Cocok digunakan sebagai referensi utama bagi mahasiswa dan praktisi.","keperawatan lanjutan, kompetensi ners, praktik klinis ners, evidence based practice",Indonesia,Fisik,292,978-0-89164-983-0,3
347,TRX000941,USR00040,BK01214,2025-06-10,2025-06-24,2025-06-28,Terlambat,18.0,Konsep Psikologi Sosial Modern,Ira Marbun,UI Press,2014,"Fakultas Sosial, Humaniora, & Seni",Psikologi,Psikologi Umum & Klinis,"Buku ini memberikan pemahaman menyeluruh tentang dinamika interaksi sosial manusia, gangguan psikologis dan penanganannya, serta perilaku dan proses mental manusia. Menjadi rujukan penting dalam perkuliahan dan penelitian terkait.","psikologi, psikologi klinis, kepribadian, perkembangan manusia",Indonesia,Fisik,153,978-0-19-092487-4,0
348,TRX000942,USR00094,BK00164,2023-12-27,2024-01-10,2024-01-12,Terlambat,16.0,Dasar-Dasar Kriptografi,"Emin Purnawati, Puti Juli Suryono",Erlangga,2016,"Fakultas Sains, Teknologi, & Kesehatan",Informatika,Jaringan & Keamanan Siber,"Buku ini memberikan pemahaman menyeluruh tentang audit keamanan sistem, keamanan jaringan komputer, serta protokol komunikasi data. Membantu pembaca membangun pemahaman konseptual maupun praktis.","keamanan siber, cyber security, protokol jaringan, firewall",Inggris,E-book,205,978-1-287-43152-7,9999
349,TRX000945,USR00010,BK00051,2025-07-03,2025-07-17,2025-07-24,Terlambat,21.0,Pemrograman Struktur Data untuk Pemula Edisi Ke-3,Siska Haryanti,Alfabeta,2020,"Fakultas Sains, Teknologi, & Kesehatan",Informatika,Pemrograman & Algoritma,"Buku ini menyajikan kajian komprehensif mengenai algoritma dan struktur data, logika pemrograman, serta pemecahan masalah komputasional. Cocok digunakan sebagai referensi utama bagi mahasiswa dan praktisi.","kompleksitas, algoritma, pemrograman, java",Indonesia,E-book,474,978-1-284-98776-8,9999
350,TRX000948,USR00301,BK00827,2023-09-14,2023-09-28,2023-09-29,Terlambat,15.0,Prinsip Branding Visual,"dr. Calista Pratama, S.Ked",PT Grasindo,2024,"Fakultas Sosial, Humaniora, & Seni",Desain Komunikasi Visual,Desain Komunikasi Visual & Ilustrasi,"Buku ini dirancang sebagai panduan untuk memahami estetika dalam karya seni rupa, ilustrasi dan komposisi gambar, serta strategi branding melalui visual. Disusun dengan bahasa yang mudah dipahami untuk kalangan akademik.","ilustrasi, desain komunikasi visual, branding, layout",Indonesia,E-book,328,978-0-312-44731-1,9999
351,TRX000953,USR00277,BK00416,2024-07-10,2024-07-24,2024-07-27,Terlambat,17.0,Rantai Pasok: Konsep dan Praktik Edisi Terbaru,Heru Mardhiyah,Salemba Empat,2019,"Fakultas Sains, Teknologi, & Kesehatan",Teknik Industri,Ergonomi & Rantai Pasok,"Buku ini mengulas berbagai aspek penting dari keselamatan dan kesehatan kerja industri, optimalisasi jaringan logistik, serta pengendalian persediaan barang. Cocok digunakan sebagai referensi utama bagi mahasiswa dan praktisi.","supply chain, distribusi, logistik, manajemen persediaan",Indonesia,E-book,532,978-0-278-37693-9,9999
352,TRX000954,USR00255,BK00760,2024-02-14,2024-02-28,2024-03-03,Terlambat,18.0,Panduan Praktik Keperawatan Komprehensif,"Latif Pangestu, Saka Habibi",Nuha Medika,2016,"Fakultas Sains, Teknologi, & Kesehatan",Profesi Ners,Keperawatan Profesi Ners,"Buku ini membahas secara mendalam tentang residensi dan pembelajaran klinik lanjutan, etika dan profesionalisme keperawatan, serta praktik klinik keperawatan profesional. Membantu pembaca membangun pemahaman konseptual maupun praktis.","profesi ners, praktik klinis ners, keperawatan komprehensif, evidence based practice",Indonesia,Fisik,130,978-1-84335-670-7,7
353,TRX000956,USR00160,BK01074,2025-03-29,2025-04-12,2025-04-14,Terlambat,16.0,Administrasi Bisnis: Teori dan Praktik,R.M. Mulyanto Saefullah,Kencana Prenada,2014,"Fakultas Sosial, Humaniora, & Seni",Administrasi Bisnis,Administrasi & Manajemen Bisnis,"Buku ini dirancang sebagai panduan untuk memahami manajemen sumber daya manusia perusahaan, pengelolaan keuangan bisnis, serta efisiensi operasional organisasi bisnis. Menjadi rujukan penting dalam perkuliahan dan penelitian terkait.","administrasi bisnis, manajemen keuangan, manajemen bisnis, manajemen sumber daya manusia",Indonesia,Fisik,255,978-1-333-37320-7,0
354,TRX000957,USR00313,BK00841,2025-10-05,2025-10-19,2025-10-21,Terlambat,16.0,Pengantar Desain Komunikasi Visual,Dr. Dimas Permata,Alfabeta,2024,"Fakultas Sosial, Humaniora, & Seni",Desain Komunikasi Visual,Desain Komunikasi Visual & Ilustrasi,"Buku ini membahas secara mendalam tentang estetika dalam karya seni rupa, strategi branding melalui visual, serta prinsip visual dan tipografi. Menjadi rujukan penting dalam perkuliahan dan penelitian terkait.","tipografi, desain komunikasi visual, layout, desain grafis",Indonesia,E-book,517,978-1-4573-1441-4,9999
355,TRX000959,USR00217,BK00969,2024-04-17,2024-05-01,2024-05-04,Terlambat,17.0,Prinsip Pencahayaan Ruang,"Unggul Januar, S.E.",Deepublish,2009,"Fakultas Sosial, Humaniora, & Seni",Desain Interior,Desain Interior & Arsitektur Ruang,"Buku ini mengulas berbagai aspek penting dari konsep arsitektur ruang dalam modern, ergonomi dalam desain ruang, serta pemilihan material dan furnitur. Membantu pembaca membangun pemahaman konseptual maupun praktis.","pencahayaan ruang, material interior, desain interior, furnitur",Indonesia,Fisik,302,978-1-278-20797-1,8
356,TRX000960,USR00194,BK00485,2024-03-24,2024-04-07,2024-04-11,Terlambat,18.0,Panduan Keperawatan Dasar,"R.M. Umar Kusumo, S.E.",Nuha Medika,2005,"Fakultas Sains, Teknologi, & Kesehatan",Keperawatan,Keperawatan Klinis,"Buku ini mengulas berbagai aspek penting dari penanganan kondisi darurat medis, asuhan keperawatan pasien, serta prosedur klinis keperawatan. Cocok digunakan sebagai referensi utama bagi mahasiswa dan praktisi.","asuhan keperawatan, keperawatan medikal bedah, keperawatan anak, praktik klinis",Inggris,E-book,547,978-1-71746-542-9,9999
357,TRX000962,USR00076,BK00765,2023-01-15,2023-01-29,2023-02-04,Terlambat,20.0,Panduan Praktik Residensi Keperawatan,"Melinda Januar, S.Pt",Kencana Prenada,2023,"Fakultas Sains, Teknologi, & Kesehatan",Profesi Ners,Keperawatan Profesi Ners,"Buku ini membahas secara mendalam tentang praktik klinik keperawatan profesional, kompetensi ners dalam asuhan pasien, serta residensi dan pembelajaran klinik lanjutan. Dilengkapi dengan contoh kasus dan studi lapangan yang relevan.","profesi ners, praktik klinis ners, keperawatan lanjutan, kompetensi ners",Indonesia,Fisik,124,978-1-7382023-6-2,0
358,TRX000968,USR00235,BK00584,2023-08-21,2023-09-04,2023-09-08,Terlambat,18.0,Farmasi Klinis untuk Praktik Klinis,Jamil Setiawan,Graha Ilmu,2021,"Fakultas Sains, Teknologi, & Kesehatan",Farmasi,Farmakologi & Kefarmasian,"Buku ini membahas secara mendalam tentang formulasi sediaan farmasi, pelayanan kefarmasian klinis, serta mekanisme kerja obat. Membantu pembaca membangun pemahaman konseptual maupun praktis.","farmakokinetik, toksikologi, formulasi obat, apoteker",Indonesia,Fisik,527,978-1-4494-8562-7,7
359,TRX000969,USR00073,BK00521,2023-02-03,2023-02-17,2023-02-18,Terlambat,15.0,Dasar-Dasar Keperawatan Gawat Darurat,Irnanto Rajata,Alfabeta,2010,"Fakultas Sains, Teknologi, & Kesehatan",Keperawatan,Keperawatan Klinis,"Buku ini dirancang sebagai panduan untuk memahami komunikasi terapeutik perawat, penanganan kondisi darurat medis, serta manajemen perawatan pasien. Cocok digunakan sebagai referensi utama bagi mahasiswa dan praktisi.","praktik klinis, keperawatan, keperawatan anak, keperawatan gawat darurat",Indonesia,Fisik,143,978-0-380-55257-3,0
360,TRX000973,USR00241,BK00614,2025-05-27,2025-06-10,2025-06-15,Terlambat,19.0,Dasar Kimia Farmasi Edisi Revisi,"R.M. Ibrahim Halim, S.Sos",Graha Ilmu,2024,"Fakultas Sains, Teknologi, & Kesehatan",Farmasi,Farmakologi & Kefarmasian,"Buku ini membahas secara mendalam tentang efek samping dan dosis obat, mekanisme kerja obat, serta formulasi sediaan farmasi. Disusun dengan bahasa yang mudah dipahami untuk kalangan akademik.","kimia farmasi, farmakokinetik, formulasi obat, obat",Indonesia,Fisik,212,978-0-908466-84-9,4
361,TRX000974,USR00122,BK01223,2025-12-13,2025-12-27,2026-01-02,Terlambat,20.0,Psikologi Abnormal: Teori dan Aplikasi,Heryanto Habibi,Gramedia Pustaka Utama,2010,"Fakultas Sosial, Humaniora, & Seni",Psikologi,Psikologi Umum & Klinis,"Buku ini dirancang sebagai panduan untuk memahami gangguan psikologis dan penanganannya, dinamika interaksi sosial manusia, serta perilaku dan proses mental manusia. Disusun dengan bahasa yang mudah dipahami untuk kalangan akademik.","perkembangan manusia, psikologi klinis, kesehatan mental, psikologi sosial",Indonesia,Fisik,525,978-0-14-505766-4,2
362,TRX000975,USR00075,BK00125,2025-08-17,2025-08-31,2025-09-05,Terlambat,19.0,Computer Vision: Teori dan Praktik,H. Lulut Nuraini,Kencana Prenada,2020,"Fakultas Sains, Teknologi, & Kesehatan",Informatika,Kecerdasan Buatan & Data Science,"Buku ini menyajikan kajian komprehensif mengenai analisis data besar, kecerdasan buatan, serta pembelajaran mesin. Cocok digunakan sebagai referensi utama bagi mahasiswa dan praktisi.","kecerdasan buatan, data mining, deep learning, data science",Indonesia,Fisik,242,978-0-434-10369-0,8
363,TRX000979,USR00108,BK00696,2023-03-17,2023-03-31,2023-04-01,Terlambat,15.0,Farmasi Rumah Sakit: Praktik dan Pelayanan,Asmuni Mandala,Deepublish,2012,"Fakultas Sains, Teknologi, & Kesehatan",Farmasi,Teknologi Farmasi & Pelayanan Kefarmasian,"Buku ini membahas secara mendalam tentang standar pelayanan farmasi profesional, manajemen obat dan compounding, serta teknologi pembuatan sediaan obat. Cocok digunakan sebagai referensi utama bagi mahasiswa dan praktisi.","compounding obat, sediaan farmasi, farmasi rumah sakit, teknologi farmasi",Indonesia,E-book,365,978-1-4326-3039-3,9999
364,TRX000980,USR00329,BK01190,2025-10-09,2025-10-23,2025-10-25,Terlambat,16.0,Dasar-Dasar Psikologi Umum Edisi Revisi,"Lutfan Namaga, S.Pt",PT Grasindo,2007,"Fakultas Sosial, Humaniora, & Seni",Psikologi,Psikologi Umum & Klinis,"Buku ini membahas secara mendalam tentang gangguan psikologis dan penanganannya, perilaku dan proses mental manusia, serta dinamika interaksi sosial manusia. Disusun dengan bahasa yang mudah dipahami untuk kalangan akademik.","psikoterapi, psikologi, kepribadian, kesehatan mental",Inggris,E-book,306,978-0-8217-8192-0,9999
365,TRX000984,USR00038,BK00705,2024-05-10,2024-05-24,2024-05-27,Terlambat,17.0,Teknologi Farmasi Komunitas,Uli Wahyudin,Rajawali Pers,2023,"Fakultas Sains, Teknologi, & Kesehatan",Farmasi,Teknologi Farmasi & Pelayanan Kefarmasian,"Buku ini menyajikan kajian komprehensif mengenai manajemen obat dan compounding, standar pelayanan farmasi profesional, serta pelayanan kefarmasian di rumah sakit. Menjadi rujukan penting dalam perkuliahan dan penelitian terkait.","farmasi rumah sakit, pelayanan kefarmasian, teknologi farmasi, farmasi komunitas",Indonesia,Fisik,379,978-1-4916-0169-3,8
366,TRX000990,USR00006,BK01377,2024-02-22,2024-03-07,2024-03-08,Terlambat,15.0,Media Sosial di Era Digital,Wulan Simanjuntak,Informatika Bandung,2018,"Fakultas Sosial, Humaniora, & Seni",Ilmu Komunikasi,Jurnalistik & Media Digital,"Buku ini dirancang sebagai panduan untuk memahami produksi berita di media digital, jurnalisme online kontemporer, serta etika jurnalistik di era digital. Cocok digunakan sebagai referensi utama bagi mahasiswa dan praktisi.","media sosial, produksi berita, komunikasi digital, konten kreator",Indonesia,E-book,272,978-0-8249-1165-2,9999
367,TRX000991,USR00187,BK00569,2024-12-19,2025-01-02,2025-01-03,Terlambat,15.0,Kimia Farmasi untuk Praktik Klinis Edisi Revisi,"dr. Jaswadi Zulaika, Yoga Setiawan",Gramedia Pustaka Utama,2015,"Fakultas Sains, Teknologi, & Kesehatan",Farmasi,Farmakologi & Kefarmasian,"Buku ini dirancang sebagai panduan untuk memahami efek samping dan dosis obat, mekanisme kerja obat, serta formulasi sediaan farmasi. Cocok digunakan sebagai referensi utama bagi mahasiswa dan praktisi.","farmakologi, toksikologi, farmasi klinis, obat",Indonesia,Fisik,168,978-1-75409-003-5,6
368,TRX000993,USR00253,BK01187,2023-05-14,2023-05-28,2023-05-30,Terlambat,16.0,Dasar-Dasar Psikologi Abnormal,"Kenes Wahyudin, M.Pd",PT Grasindo,2006,"Fakultas Sosial, Humaniora, & Seni",Psikologi,Psikologi Umum & Klinis,"Buku ini memberikan pemahaman menyeluruh tentang gangguan psikologis dan penanganannya, intervensi psikoterapi klinis, serta perilaku dan proses mental manusia. Membantu pembaca membangun pemahaman konseptual maupun praktis.","psikologi klinis, psikologi sosial, kepribadian, perkembangan manusia",Inggris,E-book,300,978-1-129-61803-1,9999
369,TRX000997,USR00024,BK00800,2024-02-09,2024-02-23,2024-02-27,Terlambat,18.0,Desain Komunikasi Visual: Konsep dan Praktik,Cinta Hasanah,Pustaka Pelajar,2007,"Fakultas Sosial, Humaniora, & Seni",Desain Komunikasi Visual,Desain Komunikasi Visual & Ilustrasi,"Buku ini membahas secara mendalam tentang ilustrasi dan komposisi gambar, prinsip visual dan tipografi, serta proses kreatif desain grafis. Menjadi rujukan penting dalam perkuliahan dan penelitian terkait.","desain komunikasi visual, desain grafis, ilustrasi, tipografi",Indonesia,E-book,167,978-0-421-49551-7,9999
370,TRX000998,USR00321,BK00451,2023-07-07,2023-07-21,2023-07-25,Terlambat,18.0,Rantai Pasok: Konsep dan Praktik,Puti Zelaya Samosir,UI Press,2021,"Fakultas Sains, Teknologi, & Kesehatan",Teknik Industri,Ergonomi & Rantai Pasok,"Buku ini dirancang sebagai panduan untuk memahami keselamatan dan kesehatan kerja industri, analisis ergonomi tempat kerja, serta optimalisasi jaringan logistik. Menjadi rujukan penting dalam perkuliahan dan penelitian terkait.","k3, rantai pasok, manajemen persediaan, ergonomi",Inggris,E-book,357,978-0-461-73574-1,9999
371,TRX001001,USR00331,BK00967,2024-07-10,2024-07-24,2024-07-26,Terlambat,16.0,Prinsip Pencahayaan Ruang,Gasti Hastuti,Elex Media Komputindo,2005,"Fakultas Sosial, Humaniora, & Seni",Desain Interior,Desain Interior & Arsitektur Ruang,"Buku ini memberikan pemahaman menyeluruh tentang perancangan tata ruang interior, prinsip pencahayaan dan estetika ruang, serta konsep arsitektur ruang dalam modern. Dilengkapi dengan contoh kasus dan studi lapangan yang relevan.","desain interior, material interior, ergonomi ruang, furnitur",Inggris,Fisik,383,978-0-18-272795-7,7
372,TRX001004,USR00182,BK00630,2025-03-07,2025-03-21,2025-03-23,Terlambat,16.0,Pengantar Farmasi Klinis Edisi Revisi,"Sutan Dipa Prastuti, M.M.",Alfabeta,2018,"Fakultas Sains, Teknologi, & Kesehatan",Farmasi,Farmakologi & Kefarmasian,"Buku ini menyajikan kajian komprehensif mengenai efek samping dan dosis obat, interaksi obat dalam tubuh, serta formulasi sediaan farmasi. Cocok digunakan sebagai referensi utama bagi mahasiswa dan praktisi.","toksikologi, farmakologi, kimia farmasi, apoteker",Inggris,E-book,418,978-1-69070-562-8,9999
373,TRX001005,USR00208,BK00947,2024-09-12,2024-09-26,2024-09-29,Terlambat,17.0,Prinsip Arsitektur Ruang Dalam Edisi Terbaru,Ulva Mansur,Graha Ilmu,2023,"Fakultas Sosial, Humaniora, & Seni",Desain Interior,Desain Interior & Arsitektur Ruang,"Buku ini memberikan pemahaman menyeluruh tentang prinsip pencahayaan dan estetika ruang, konsep arsitektur ruang dalam modern, serta perancangan tata ruang interior. Cocok digunakan sebagai referensi utama bagi mahasiswa dan praktisi.","furnitur, desain interior, tata ruang, pencahayaan ruang",Indonesia,Fisik,154,978-1-05-622710-8,5
374,TRX001008,USR00004,BK01042,2024-03-14,2024-03-28,2024-04-02,Terlambat,19.0,Dasar-Dasar Manajemen Operasional Edisi Terbaru,"R.A. Elma Pratiwi, S.Ked",Bumi Aksara,2013,"Fakultas Sosial, Humaniora, & Seni",Administrasi Bisnis,Administrasi & Manajemen Bisnis,"Buku ini dirancang sebagai panduan untuk memahami pengelolaan keuangan bisnis, administrasi dan operasional bisnis, serta manajemen sumber daya manusia perusahaan. Disusun dengan bahasa yang mudah dipahami untuk kalangan akademik.","administrasi bisnis, operasional bisnis, manajemen keuangan, manajemen bisnis",Indonesia,Fisik,340,978-0-270-09345-2,6
375,TRX001010,USR00091,BK00958,2024-07-28,2024-08-11,2024-08-12,Terlambat,15.0,Perancangan Material dan Furnitur,"Dr. Rachel Usamah, M.M., Ellis Kusmawati",Rajawali Pers,2008,"Fakultas Sosial, Humaniora, & Seni",Desain Interior,Desain Interior & Arsitektur Ruang,"Buku ini dirancang sebagai panduan untuk memahami perancangan tata ruang interior, konsep arsitektur ruang dalam modern, serta ergonomi dalam desain ruang. Cocok digunakan sebagai referensi utama bagi mahasiswa dan praktisi.","furnitur, arsitektur ruang, ergonomi ruang, material interior",Indonesia,Fisik,133,978-0-509-22216-5,6
376,TRX001014,USR00281,BK00543,2025-10-30,2025-11-13,2025-11-16,Terlambat,17.0,Konsep Dasar Keperawatan Anak,"Prabawa Sihotang, Jaka Kusumo",Graha Ilmu,2021,"Fakultas Sains, Teknologi, & Kesehatan",Keperawatan,Keperawatan Klinis,"Buku ini dirancang sebagai panduan untuk memahami prosedur klinis keperawatan, penanganan kondisi darurat medis, serta manajemen perawatan pasien. Membantu pembaca membangun pemahaman konseptual maupun praktis.","praktik klinis, keperawatan, asuhan keperawatan, keperawatan gawat darurat",Inggris,Fisik,293,978-1-5480-1571-8,4
377,TRX001015,USR00349,BK00881,2024-09-27,2024-10-11,2024-10-13,Terlambat,16.0,Dasar-Dasar Fotografi Digital,Vicky Wasita,Elex Media Komputindo,2007,"Fakultas Sosial, Humaniora, & Seni",Desain Komunikasi Visual,Fotografi & Multimedia,"Buku ini dirancang sebagai panduan untuk memahami animasi dan motion graphic, produksi konten multimedia digital, serta editing visual dan videografi. Cocok digunakan sebagai referensi utama bagi mahasiswa dan praktisi.","media interaktif, fotografi, editing visual, motion graphic",Inggris,Fisik,344,978-1-287-33978-6,8
378,TRX001016,USR00047,BK00459,2024-09-05,2024-09-19,2024-09-26,Terlambat,21.0,Dasar-Dasar Manajemen Persediaan Edisi Terbaru,"Rina Rahayu, M.M., dr. Ira Sitorus",Erlangga,2010,"Fakultas Sains, Teknologi, & Kesehatan",Teknik Industri,Ergonomi & Rantai Pasok,"Buku ini membahas secara mendalam tentang pengendalian persediaan barang, analisis ergonomi tempat kerja, serta keselamatan dan kesehatan kerja industri. Membantu pembaca membangun pemahaman konseptual maupun praktis.","rantai pasok, supply chain, analisis beban kerja, logistik",Inggris,Fisik,215,978-0-7921-7174-4,3
379,TRX001017,USR00141,BK00515,2024-06-15,2024-06-29,2024-07-02,Terlambat,17.0,Asuhan Keperawatan Dasar,Mila Laksita,Salemba Empat,2012,"Fakultas Sains, Teknologi, & Kesehatan",Keperawatan,Keperawatan Klinis,"Buku ini membahas secara mendalam tentang manajemen perawatan pasien, penanganan kondisi darurat medis, serta prosedur klinis keperawatan. Menjadi rujukan penting dalam perkuliahan dan penelitian terkait.","keperawatan gawat darurat, keperawatan, keperawatan anak, asuhan keperawatan",Indonesia,Fisik,263,978-1-884795-13-8,1
380,TRX001024,USR00184,BK00103,2025-05-01,2025-05-15,2025-05-16,Terlambat,15.0,Aplikasi Deep Learning di Industri,Puti Anastasia Mangunsong,Nuha Medika,2021,"Fakultas Sains, Teknologi, & Kesehatan",Informatika,Kecerdasan Buatan & Data Science,"Buku ini membahas secara mendalam tentang pembelajaran mesin, analisis data besar, serta prediksi berbasis data. Menjadi rujukan penting dalam perkuliahan dan penelitian terkait.","artificial intelligence, machine learning, neural network, big data",Indonesia,E-book,468,978-0-14-767976-5,9999
381,TRX001026,USR00352,BK01353,2024-01-31,2024-02-14,2024-02-19,Terlambat,19.0,Content Creation di Era Digital,"Siska Aryani, S.Sos",PT Grasindo,2008,"Fakultas Sosial, Humaniora, & Seni",Ilmu Komunikasi,Jurnalistik & Media Digital,"Buku ini dirancang sebagai panduan untuk memahami produksi berita di media digital, jurnalisme online kontemporer, serta etika jurnalistik di era digital. Cocok digunakan sebagai referensi utama bagi mahasiswa dan praktisi.","komunikasi digital, konten kreator, jurnalistik, media digital",Indonesia,E-book,356,978-1-70673-682-0,9999
382,TRX001029,USR00338,BK00771,2023-04-23,2023-05-07,2023-05-08,Terlambat,15.0,Pembelajaran Klinik Keperawatan Komprehensif Edisi Ke-2,"Abyasa Yulianti, Siti Suartini",Salemba Empat,2009,"Fakultas Sains, Teknologi, & Kesehatan",Profesi Ners,Keperawatan Profesi Ners,"Buku ini memberikan pemahaman menyeluruh tentang penerapan evidence-based practice, residensi dan pembelajaran klinik lanjutan, serta kompetensi ners dalam asuhan pasien. Menjadi rujukan penting dalam perkuliahan dan penelitian terkait.","residensi keperawatan, keperawatan komprehensif, kompetensi ners, evidence based practice",Inggris,Fisik,132,978-1-184-26945-2,2
383,TRX001033,USR00287,BK00157,2024-03-31,2024-04-14,2024-04-21,Terlambat,21.0,Keamanan Informasi: Prinsip dan Praktik,Salimah Kuswandari,UI Press,2019,"Fakultas Sains, Teknologi, & Kesehatan",Informatika,Jaringan & Keamanan Siber,"Buku ini dirancang sebagai panduan untuk memahami keamanan jaringan komputer, sistem enkripsi, serta audit keamanan sistem. Dilengkapi dengan contoh kasus dan studi lapangan yang relevan.","cyber security, protokol jaringan, hacking etis, keamanan siber",Indonesia,E-book,503,978-1-278-58549-9,9999
384,TRX001034,USR00286,BK00382,2023-06-07,2023-06-21,2023-06-25,Terlambat,18.0,Dasar-Dasar Manajemen Operasi,"Gilda Wijayanti, S.T.",Alfabeta,2005,"Fakultas Sains, Teknologi, & Kesehatan",Teknik Industri,Teknik Industri & Manajemen Operasi,"Buku ini mengulas berbagai aspek penting dari perancangan sistem kerja industri, optimalisasi proses produksi, serta efisiensi tata letak fasilitas pabrik. Dilengkapi dengan contoh kasus dan studi lapangan yang relevan.","efisiensi kerja, manajemen kualitas, tata letak pabrik, six sigma",Indonesia,E-book,401,978-0-261-11780-8,9999
385,TRX001039,USR00233,BK00584,2023-03-28,2023-04-11,2023-04-18,Terlambat,21.0,Farmasi Klinis untuk Praktik Klinis,Jamil Setiawan,Graha Ilmu,2021,"Fakultas Sains, Teknologi, & Kesehatan",Farmasi,Farmakologi & Kefarmasian,"Buku ini membahas secara mendalam tentang formulasi sediaan farmasi, pelayanan kefarmasian klinis, serta mekanisme kerja obat. Membantu pembaca membangun pemahaman konseptual maupun praktis.","farmakokinetik, toksikologi, formulasi obat, apoteker",Indonesia,Fisik,527,978-1-4494-8562-7,7
386,TRX001041,USR00269,BK00853,2024-03-12,2024-03-26,2024-03-30,Terlambat,18.0,Dasar-Dasar Branding Visual,Hj. Icha Pradana,Deepublish,2016,"Fakultas Sosial, Humaniora, & Seni",Desain Komunikasi Visual,Desain Komunikasi Visual & Ilustrasi,"Buku ini mengulas berbagai aspek penting dari estetika dalam karya seni rupa, strategi branding melalui visual, serta prinsip visual dan tipografi. Cocok digunakan sebagai referensi utama bagi mahasiswa dan praktisi.","ilustrasi, desain komunikasi visual, desain grafis, layout",Inggris,Fisik,399,978-0-11-457758-2,4
387,TRX001043,USR00320,BK00757,2024-06-06,2024-06-20,2024-06-26,Terlambat,20.0,Modul Profesi Ners,Mustika Siregar,Kencana Prenada,2019,"Fakultas Sains, Teknologi, & Kesehatan",Profesi Ners,Keperawatan Profesi Ners,"Buku ini memberikan pemahaman menyeluruh tentang residensi dan pembelajaran klinik lanjutan, kompetensi ners dalam asuhan pasien, serta praktik klinik keperawatan profesional. Disusun dengan bahasa yang mudah dipahami untuk kalangan akademik.","kompetensi ners, praktik klinis ners, residensi keperawatan, keperawatan lanjutan",Indonesia,Fisik,281,978-0-674-47163-4,8
388,TRX001045,USR00125,BK01032,2025-03-06,2025-03-20,2025-03-27,Terlambat,21.0,Manajemen Keuangan: Teori dan Praktik,"dr. Siska Hidayat, Citra Pratiwi, S.Pt",UI Press,2007,"Fakultas Sosial, Humaniora, & Seni",Administrasi Bisnis,Administrasi & Manajemen Bisnis,"Buku ini memberikan pemahaman menyeluruh tentang efisiensi operasional organisasi bisnis, manajemen sumber daya manusia perusahaan, serta administrasi dan operasional bisnis. Cocok digunakan sebagai referensi utama bagi mahasiswa dan praktisi.","manajemen keuangan, tata kelola perusahaan, administrasi bisnis, manajemen sumber daya manusia",Indonesia,Fisik,485,978-0-8197-9316-4,8
389,TRX001050,USR00247,BK00418,2025-11-06,2025-11-20,2025-11-24,Terlambat,18.0,Manajemen Logistik: Konsep dan Praktik Edisi Ke-3,Karimah Tampubolon,Bumi Aksara,2011,"Fakultas Sains, Teknologi, & Kesehatan",Teknik Industri,Ergonomi & Rantai Pasok,"Buku ini mengulas berbagai aspek penting dari manajemen rantai pasok dan distribusi, keselamatan dan kesehatan kerja industri, serta pengendalian persediaan barang. Menjadi rujukan penting dalam perkuliahan dan penelitian terkait.","supply chain, manajemen persediaan, logistik, distribusi",Indonesia,Fisik,395,978-1-59042-597-8,5
390,TRX001052,USR00212,BK01148,2024-11-29,2024-12-13,2024-12-15,Terlambat,16.0,Strategi Kewirausahaan,"Vanya Sihotang, Waluyo Saefullah",Alfabeta,2013,"Fakultas Sosial, Humaniora, & Seni",Administrasi Bisnis,Kewirausahaan & Pemasaran Bisnis,"Buku ini menyajikan kajian komprehensif mengenai pengembangan bisnis digital, perencanaan strategi pemasaran, serta manajemen pemasaran produk dan jasa. Cocok digunakan sebagai referensi utama bagi mahasiswa dan praktisi.","e-commerce, pemasaran, kewirausahaan, strategi pemasaran",Indonesia,Fisik,148,978-1-397-42925-4,7
391,TRX001054,USR00035,BK00008,2023-08-09,2023-08-23,2023-08-30,Terlambat,21.0,Belajar Python dari Nol,"Iriana Prabowo, M.Kom., Syahrini Haryanti",Gramedia Pustaka Utama,2020,"Fakultas Sains, Teknologi, & Kesehatan",Informatika,Pemrograman & Algoritma,"Buku ini dirancang sebagai panduan untuk memahami efisiensi algoritma, pengembangan perangkat lunak, serta algoritma dan struktur data. Disusun dengan bahasa yang mudah dipahami untuk kalangan akademik.","java, struktur data, python, coding",Indonesia,Fisik,545,978-1-238-84969-2,4
392,TRX001059,USR00019,BK00320,2023-06-04,2023-06-18,2023-06-22,Terlambat,18.0,Dasar-Dasar Tata Letak Pabrik,Leo Siregar,Andi Publisher,2024,"Fakultas Sains, Teknologi, & Kesehatan",Teknik Industri,Teknik Industri & Manajemen Operasi,"Buku ini membahas secara mendalam tentang manajemen kualitas dan produktivitas, perencanaan dan pengendalian produksi, serta efisiensi tata letak fasilitas pabrik. Membantu pembaca membangun pemahaman konseptual maupun praktis.","produktivitas, six sigma, perencanaan produksi, manajemen kualitas",Indonesia,Fisik,442,978-0-288-51587-8,1
393,TRX001060,USR00278,BK01352,2024-07-13,2024-07-27,2024-07-29,Terlambat,16.0,Pengantar Content Creation,"Drs. Elma Palastri, S.Psi",Rajawali Pers,2018,"Fakultas Sosial, Humaniora, & Seni",Ilmu Komunikasi,Jurnalistik & Media Digital,"Buku ini dirancang sebagai panduan untuk memahami jurnalisme online kontemporer, komunikasi digital dan audiens, serta produksi berita di media digital. Cocok digunakan sebagai referensi utama bagi mahasiswa dan praktisi.","media digital, produksi berita, media sosial, komunikasi digital",Inggris,E-book,395,978-0-539-70798-4,9999
394,TRX001061,USR00280,BK00745,2023-03-03,2023-03-17,2023-03-18,Terlambat,15.0,Kompetensi Praktik Klinik Ners Edisi Revisi,"T. Enteng Aryani, H. Teguh Pradana",Kencana Prenada,2017,"Fakultas Sains, Teknologi, & Kesehatan",Profesi Ners,Keperawatan Profesi Ners,"Buku ini mengulas berbagai aspek penting dari praktik klinik keperawatan profesional, kompetensi ners dalam asuhan pasien, serta penerapan evidence-based practice. Dilengkapi dengan contoh kasus dan studi lapangan yang relevan.","keperawatan komprehensif, praktik klinis ners, profesi ners, residensi keperawatan",Indonesia,Fisik,142,978-0-465-11131-2,2
395,TRX001062,USR00128,BK01315,2024-11-11,2024-11-25,2024-11-30,Terlambat,19.0,Strategi Produksi Berita Edisi Terbaru,"Gaman Prasetyo, S.Gz, Zulaikha Firmansyah",Informatika Bandung,2006,"Fakultas Sosial, Humaniora, & Seni",Ilmu Komunikasi,Jurnalistik & Media Digital,"Buku ini dirancang sebagai panduan untuk memahami strategi konten media sosial, etika jurnalistik di era digital, serta komunikasi digital dan audiens. Cocok digunakan sebagai referensi utama bagi mahasiswa dan praktisi.","komunikasi digital, konten kreator, jurnalistik, media sosial",Indonesia,Fisik,529,978-0-9875617-8-7,8
396,TRX001064,USR00284,BK00743,2023-03-25,2023-04-08,2023-04-12,Terlambat,18.0,Praktik Klinik Ners: Praktik Klinis Lanjutan,Gangsar Wastuti,Deepublish,2022,"Fakultas Sains, Teknologi, & Kesehatan",Profesi Ners,Keperawatan Profesi Ners,"Buku ini dirancang sebagai panduan untuk memahami kompetensi ners dalam asuhan pasien, praktik klinik keperawatan profesional, serta etika dan profesionalisme keperawatan. Membantu pembaca membangun pemahaman konseptual maupun praktis.","keperawatan lanjutan, kompetensi ners, profesi ners, evidence based practice",Indonesia,E-book,144,978-1-924082-22-8,9999
397,TRX001066,USR00363,BK00916,2025-06-26,2025-07-10,2025-07-12,Terlambat,16.0,Desain Multimedia: Konsep dan Praktik,"Laila Usamah, Ulya Fujiati",Elex Media Komputindo,2008,"Fakultas Sosial, Humaniora, & Seni",Desain Komunikasi Visual,Fotografi & Multimedia,"Buku ini dirancang sebagai panduan untuk memahami teknik pengambilan gambar fotografi, desain media interaktif, serta animasi dan motion graphic. Dilengkapi dengan contoh kasus dan studi lapangan yang relevan.","videografi, fotografi, editing visual, motion graphic",Indonesia,E-book,334,978-1-229-81209-4,9999
398,TRX001069,USR00278,BK00426,2024-08-08,2024-08-22,2024-08-26,Terlambat,18.0,Studi Keselamatan dan Kesehatan Kerja di Industri,"Luwar Utami, S.H., Halima Pertiwi",Bumi Aksara,2005,"Fakultas Sains, Teknologi, & Kesehatan",Teknik Industri,Ergonomi & Rantai Pasok,"Buku ini membahas secara mendalam tentang keselamatan dan kesehatan kerja industri, pengendalian persediaan barang, serta optimalisasi jaringan logistik. Dilengkapi dengan contoh kasus dan studi lapangan yang relevan.","distribusi, supply chain, analisis beban kerja, ergonomi",Indonesia,E-book,406,978-1-4957-8232-9,9999
399,TRX001070,USR00016,BK01214,2024-08-24,2024-09-07,2024-09-08,Terlambat,15.0,Konsep Psikologi Sosial Modern,Ira Marbun,UI Press,2014,"Fakultas Sosial, Humaniora, & Seni",Psikologi,Psikologi Umum & Klinis,"Buku ini memberikan pemahaman menyeluruh tentang dinamika interaksi sosial manusia, gangguan psikologis dan penanganannya, serta perilaku dan proses mental manusia. Menjadi rujukan penting dalam perkuliahan dan penelitian terkait.","psikologi, psikologi klinis, kepribadian, perkembangan manusia",Indonesia,Fisik,153,978-0-19-092487-4,0
400,TRX001071,USR00197,BK00628,2023-10-03,2023-10-17,2023-10-18,Terlambat,15.0,Pengantar Farmasetika,Puput Gunawan,Andi Publisher,2019,"Fakultas Sains, Teknologi, & Kesehatan",Farmasi,Farmakologi & Kefarmasian,"Buku ini mengulas berbagai aspek penting dari formulasi sediaan farmasi, interaksi obat dalam tubuh, serta pelayanan kefarmasian klinis. Disusun dengan bahasa yang mudah dipahami untuk kalangan akademik.","obat, farmakokinetik, kimia farmasi, farmakologi",Indonesia,Fisik,341,978-1-120-94818-2,1
401,TRX001074,USR00156,BK00315,2024-07-07,2024-07-21,2024-07-22,Terlambat,15.0,Perancangan SQL Server,Tgk. Nardi Kurniawan,Elex Media Komputindo,2019,"Fakultas Sains, Teknologi, & Kesehatan",Informatika,Basis Data,"Buku ini dirancang sebagai panduan untuk memahami query dan manipulasi data, normalisasi data, serta manajemen sistem basis data. Membantu pembaca membangun pemahaman konseptual maupun praktis.","basis data, query, sql, nosql",Indonesia,E-book,282,978-0-7261-4933-7,9999
402,TRX001088,USR00190,BK00238,2025-09-21,2025-10-05,2025-10-10,Terlambat,19.0,Perancangan Database NoSQL Edisi Terbaru,"Dipa Irawan, Calista Hasanah",Salemba Empat,2023,"Fakultas Sains, Teknologi, & Kesehatan",Informatika,Basis Data,"Buku ini dirancang sebagai panduan untuk memahami manajemen sistem basis data, arsitektur data warehouse, serta normalisasi data. Cocok digunakan sebagai referensi utama bagi mahasiswa dan praktisi.","basis data, sql, manajemen data, nosql",Indonesia,Fisik,252,978-1-210-20275-0,2
403,TRX001089,USR00376,BK00325,2024-02-08,2024-02-22,2024-02-25,Terlambat,17.0,Optimalisasi Perencanaan Produksi,"Elma Zulaika, Cengkir Natsir",UI Press,2022,"Fakultas Sains, Teknologi, & Kesehatan",Teknik Industri,Teknik Industri & Manajemen Operasi,"Buku ini membahas secara mendalam tentang perencanaan dan pengendalian produksi, manajemen kualitas dan produktivitas, serta efisiensi tata letak fasilitas pabrik. Cocok digunakan sebagai referensi utama bagi mahasiswa dan praktisi.","perencanaan produksi, teknik industri, produktivitas, tata letak pabrik",Inggris,E-book,453,978-1-06-484229-4,9999
404,TRX001091,USR00267,BK00613,2025-05-24,2025-06-07,2025-06-12,Terlambat,19.0,Farmakognosi Klinis,"Drs. Wulan Zulaika, S.I.Kom",Bumi Aksara,2008,"Fakultas Sains, Teknologi, & Kesehatan",Farmasi,Farmakologi & Kefarmasian,"Buku ini dirancang sebagai panduan untuk memahami formulasi sediaan farmasi, pelayanan kefarmasian klinis, serta efek samping dan dosis obat. Cocok digunakan sebagai referensi utama bagi mahasiswa dan praktisi.","farmakologi, formulasi obat, farmasi klinis, farmakokinetik",Indonesia,Fisik,211,978-1-208-11556-7,7
405,TRX001094,USR00193,BK01267,2024-12-05,2024-12-19,2024-12-22,Terlambat,17.0,Memahami Komunikasi Interpersonal,"Cut Cici Kuswandari, Jarwadi Tarihoran",UI Press,2005,"Fakultas Sosial, Humaniora, & Seni",Ilmu Komunikasi,Komunikasi & Media,"Buku ini mengulas berbagai aspek penting dari pengaruh media sosial terhadap opini publik, dinamika komunikasi massa, serta jurnalisme di era digital. Membantu pembaca membangun pemahaman konseptual maupun praktis.","public relations, media digital, jurnalistik, komunikasi massa",Indonesia,E-book,499,978-0-429-83152-2,9999
406,TRX001097,USR00273,BK00759,2024-02-05,2024-02-19,2024-02-23,Terlambat,18.0,Modul Residensi Keperawatan,"Titi Mardhiyah, M.Ak, Dacin Rahayu",Deepublish,2018,"Fakultas Sains, Teknologi, & Kesehatan",Profesi Ners,Keperawatan Profesi Ners,"Buku ini dirancang sebagai panduan untuk memahami kompetensi ners dalam asuhan pasien, residensi dan pembelajaran klinik lanjutan, serta praktik klinik keperawatan profesional. Membantu pembaca membangun pemahaman konseptual maupun praktis.","profesi ners, evidence based practice, praktik klinis ners, kompetensi ners",Inggris,E-book,263,978-0-12-604326-6,9999
407,TRX001099,USR00112,BK00433,2025-08-12,2025-08-26,2025-08-31,Terlambat,19.0,Manajemen Manajemen Logistik,"R. Jabal Hasanah, Cut Hesti Maryati, M.Pd",Salemba Empat,2008,"Fakultas Sains, Teknologi, & Kesehatan",Teknik Industri,Ergonomi & Rantai Pasok,"Buku ini membahas secara mendalam tentang optimalisasi jaringan logistik, analisis ergonomi tempat kerja, serta manajemen rantai pasok dan distribusi. Menjadi rujukan penting dalam perkuliahan dan penelitian terkait.","analisis beban kerja, ergonomi, rantai pasok, k3",Indonesia,Fisik,227,978-0-86803-476-8,8
408,TRX001102,USR00081,BK00295,2025-06-22,2025-07-06,2025-07-07,Terlambat,15.0,Perancangan Database NoSQL,"Ikhsan Waskita, S.Farm",Nuha Medika,2011,"Fakultas Sains, Teknologi, & Kesehatan",Informatika,Basis Data,"Buku ini memberikan pemahaman menyeluruh tentang query dan manipulasi data, perancangan basis data, serta arsitektur data warehouse. Membantu pembaca membangun pemahaman konseptual maupun praktis.","database, normalisasi, query, data warehouse",Indonesia,Fisik,285,978-1-00-835058-8,2
409,TRX001112,USR00108,BK00641,2024-12-22,2025-01-05,2025-01-08,Terlambat,17.0,Panduan Farmasi Komunitas,Pandu Yulianti,Rajawali Pers,2021,"Fakultas Sains, Teknologi, & Kesehatan",Farmasi,Teknologi Farmasi & Pelayanan Kefarmasian,"Buku ini membahas secara mendalam tentang pelayanan kefarmasian di rumah sakit, manajemen obat dan compounding, serta standar pelayanan farmasi profesional. Dilengkapi dengan contoh kasus dan studi lapangan yang relevan.","farmasi komunitas, teknologi farmasi, sediaan farmasi, farmasi rumah sakit",Indonesia,Fisik,344,978-0-7156-9562-3,1
410,TRX001115,USR00041,BK01341,2023-12-04,2023-12-18,2023-12-20,Terlambat,16.0,Praktik Komunikasi Digital Edisi Revisi,"R.M. Setya Usamah, M.TI.",Graha Ilmu,2021,"Fakultas Sosial, Humaniora, & Seni",Ilmu Komunikasi,Jurnalistik & Media Digital,"Buku ini dirancang sebagai panduan untuk memahami komunikasi digital dan audiens, produksi berita di media digital, serta etika jurnalistik di era digital. Menjadi rujukan penting dalam perkuliahan dan penelitian terkait.","jurnalistik, media sosial, konten kreator, produksi berita",Inggris,Fisik,185,978-1-62053-440-3,5
411,TRX001119,USR00164,BK00421,2025-09-02,2025-09-16,2025-09-21,Terlambat,19.0,Manajemen Keselamatan dan Kesehatan Kerja,"Sarah Megantara, Tami Winarsih, S.Ked",Andi Publisher,2007,"Fakultas Sains, Teknologi, & Kesehatan",Teknik Industri,Ergonomi & Rantai Pasok,"Buku ini memberikan pemahaman menyeluruh tentang analisis ergonomi tempat kerja, manajemen rantai pasok dan distribusi, serta pengendalian persediaan barang. Menjadi rujukan penting dalam perkuliahan dan penelitian terkait.","logistik, distribusi, supply chain, k3",Indonesia,Fisik,186,978-0-420-43940-6,7
412,TRX001121,USR00264,BK00535,2024-03-21,2024-04-04,2024-04-07,Terlambat,17.0,Asuhan Keperawatan Anak,"Kasusra Prastuti, Yuni Megantara",Nuha Medika,2014,"Fakultas Sains, Teknologi, & Kesehatan",Keperawatan,Keperawatan Klinis,"Buku ini mengulas berbagai aspek penting dari asuhan keperawatan pasien, penanganan kondisi darurat medis, serta prosedur klinis keperawatan. Dilengkapi dengan contoh kasus dan studi lapangan yang relevan.","keperawatan, keperawatan medikal bedah, keperawatan anak, praktik klinis",Indonesia,E-book,335,978-0-8457-6521-0,9999
413,TRX001122,USR00234,BK00959,2024-08-13,2024-08-27,2024-09-03,Terlambat,21.0,Dasar-Dasar Material dan Furnitur,"Puti Amelia Handayani, S.Gz",UI Press,2008,"Fakultas Sosial, Humaniora, & Seni",Desain Interior,Desain Interior & Arsitektur Ruang,"Buku ini membahas secara mendalam tentang konsep arsitektur ruang dalam modern, perancangan tata ruang interior, serta prinsip pencahayaan dan estetika ruang. Membantu pembaca membangun pemahaman konseptual maupun praktis.","desain interior, ergonomi ruang, tata ruang, pencahayaan ruang",Inggris,Fisik,195,978-0-8439-0552-6,0
414,TRX001124,USR00038,BK00676,2024-06-24,2024-07-08,2024-07-14,Terlambat,20.0,Teknologi Pelayanan Kefarmasian,Qori Hartati,Rajawali Pers,2011,"Fakultas Sains, Teknologi, & Kesehatan",Farmasi,Teknologi Farmasi & Pelayanan Kefarmasian,"Buku ini memberikan pemahaman menyeluruh tentang standar pelayanan farmasi profesional, pelayanan kefarmasian di rumah sakit, serta manajemen obat dan compounding. Dilengkapi dengan contoh kasus dan studi lapangan yang relevan.","farmasi rumah sakit, pelayanan kefarmasian, farmasi komunitas, sediaan farmasi",Indonesia,Fisik,201,978-0-218-20970-9,6
415,TRX001127,USR00106,BK00112,2025-07-30,2025-08-13,2025-08-17,Terlambat,18.0,Aplikasi Data Mining di Industri Edisi Revisi,Cut Kamila Mayasari,Bumi Aksara,2005,"Fakultas Sains, Teknologi, & Kesehatan",Informatika,Kecerdasan Buatan & Data Science,"Buku ini mengulas berbagai aspek penting dari jaringan saraf tiruan, otomatisasi cerdas, serta pembelajaran mesin. Cocok digunakan sebagai referensi utama bagi mahasiswa dan praktisi.","data science, kecerdasan buatan, deep learning, machine learning",Indonesia,Fisik,265,978-1-77005-411-0,7
416,TRX001129,USR00182,BK00582,2024-12-24,2025-01-07,2025-01-08,Terlambat,15.0,Prinsip Farmasetika,Drs. Harjaya Sihombing,Pustaka Pelajar,2024,"Fakultas Sains, Teknologi, & Kesehatan",Farmasi,Farmakologi & Kefarmasian,"Buku ini mengulas berbagai aspek penting dari mekanisme kerja obat, formulasi sediaan farmasi, serta interaksi obat dalam tubuh. Membantu pembaca membangun pemahaman konseptual maupun praktis.","kimia farmasi, farmasi klinis, apoteker, toksikologi",Indonesia,Fisik,471,978-1-280-92428-6,8
417,TRX001130,USR00251,BK00936,2023-11-28,2023-12-12,2023-12-18,Terlambat,20.0,Teknik Desain Multimedia Edisi Ke-2,"drg. Safina Wacana, S.E.I",PT Grasindo,2021,"Fakultas Sosial, Humaniora, & Seni",Desain Komunikasi Visual,Fotografi & Multimedia,"Buku ini mengulas berbagai aspek penting dari teknik pengambilan gambar fotografi, animasi dan motion graphic, serta produksi konten multimedia digital. Membantu pembaca membangun pemahaman konseptual maupun praktis.","motion graphic, editing visual, videografi, multimedia",Inggris,E-book,437,978-0-11-860089-7,9999
418,TRX001132,USR00272,BK00288,2025-10-28,2025-11-11,2025-11-13,Terlambat,16.0,Konsep Database NoSQL,"Ika Uyainah, Zelda Saefullah",Kencana Prenada,2018,"Fakultas Sains, Teknologi, & Kesehatan",Informatika,Basis Data,"Buku ini dirancang sebagai panduan untuk memahami perancangan basis data, query dan manipulasi data, serta normalisasi data. Dilengkapi dengan contoh kasus dan studi lapangan yang relevan.","nosql, normalisasi, data warehouse, sql",Indonesia,Fisik,279,978-1-328-30965-5,5
419,TRX001133,USR00045,BK00705,2024-06-19,2024-07-03,2024-07-06,Terlambat,17.0,Teknologi Farmasi Komunitas,Uli Wahyudin,Rajawali Pers,2023,"Fakultas Sains, Teknologi, & Kesehatan",Farmasi,Teknologi Farmasi & Pelayanan Kefarmasian,"Buku ini menyajikan kajian komprehensif mengenai manajemen obat dan compounding, standar pelayanan farmasi profesional, serta pelayanan kefarmasian di rumah sakit. Menjadi rujukan penting dalam perkuliahan dan penelitian terkait.","farmasi rumah sakit, pelayanan kefarmasian, teknologi farmasi, farmasi komunitas",Indonesia,Fisik,379,978-1-4916-0169-3,8
420,TRX001135,USR00313,BK00119,2025-01-07,2025-01-21,2025-01-28,Terlambat,21.0,Pengantar Data Science Edisi Terbaru,"drg. Eva Marpaung, Radika Oktaviani",Salemba Empat,2007,"Fakultas Sains, Teknologi, & Kesehatan",Informatika,Kecerdasan Buatan & Data Science,"Buku ini memberikan pemahaman menyeluruh tentang analisis data besar, jaringan saraf tiruan, serta prediksi berbasis data. Menjadi rujukan penting dalam perkuliahan dan penelitian terkait.","data science, artificial intelligence, big data, kecerdasan buatan",Indonesia,Fisik,211,978-1-06-537947-8,8
421,TRX001136,USR00366,BK00826,2023-03-17,2023-03-31,2023-04-01,Terlambat,15.0,Pengantar Tipografi Edisi Ke-3,Karman Rajasa,Erlangga,2024,"Fakultas Sosial, Humaniora, & Seni",Desain Komunikasi Visual,Desain Komunikasi Visual & Ilustrasi,"Buku ini menyajikan kajian komprehensif mengenai proses kreatif desain grafis, prinsip visual dan tipografi, serta strategi branding melalui visual. Dilengkapi dengan contoh kasus dan studi lapangan yang relevan.","tipografi, ilustrasi, seni rupa, branding",Indonesia,Fisik,189,978-0-908088-23-2,0
422,TRX001142,USR00079,BK00756,2024-09-20,2024-10-04,2024-10-10,Terlambat,20.0,Keperawatan Komprehensif: Praktik Klinis Lanjutan,H. Virman Wibisono,Deepublish,2015,"Fakultas Sains, Teknologi, & Kesehatan",Profesi Ners,Keperawatan Profesi Ners,"Buku ini menyajikan kajian komprehensif mengenai etika dan profesionalisme keperawatan, residensi dan pembelajaran klinik lanjutan, serta praktik klinik keperawatan profesional. Dilengkapi dengan contoh kasus dan studi lapangan yang relevan.","evidence based practice, kompetensi ners, keperawatan komprehensif, residensi keperawatan",Inggris,E-book,341,978-0-10-225803-5,9999
423,TRX001145,USR00199,BK00330,2025-02-01,2025-02-15,2025-02-22,Terlambat,21.0,Optimalisasi Manajemen Kualitas Edisi Revisi,"KH. Kacung Hassanah, Aurora Sihombing",Alfabeta,2017,"Fakultas Sains, Teknologi, & Kesehatan",Teknik Industri,Teknik Industri & Manajemen Operasi,"Buku ini membahas secara mendalam tentang perencanaan dan pengendalian produksi, optimalisasi proses produksi, serta manajemen kualitas dan produktivitas. Cocok digunakan sebagai referensi utama bagi mahasiswa dan praktisi.","manajemen kualitas, perencanaan produksi, tata letak pabrik, teknik industri",Indonesia,E-book,288,978-1-81128-801-6,9999
424,TRX001146,USR00056,BK01195,2025-10-20,2025-11-03,2025-11-10,Terlambat,21.0,Konsep Psikologi Kepribadian Modern Edisi Terbaru,"H. Lanjar Purwanti, M.Ak",Bumi Aksara,2015,"Fakultas Sosial, Humaniora, & Seni",Psikologi,Psikologi Umum & Klinis,"Buku ini membahas secara mendalam tentang dinamika interaksi sosial manusia, perilaku dan proses mental manusia, serta intervensi psikoterapi klinis. Menjadi rujukan penting dalam perkuliahan dan penelitian terkait.","psikologi sosial, kepribadian, perkembangan manusia, psikologi klinis",Indonesia,E-book,128,978-1-5175-8891-5,9999
425,TRX001147,USR00326,BK00345,2024-03-03,2024-03-17,2024-03-19,Terlambat,16.0,Optimalisasi Tata Letak Pabrik,Gina Gunarto,UI Press,2009,"Fakultas Sains, Teknologi, & Kesehatan",Teknik Industri,Teknik Industri & Manajemen Operasi,"Buku ini memberikan pemahaman menyeluruh tentang perancangan sistem kerja industri, efisiensi tata letak fasilitas pabrik, serta manajemen kualitas dan produktivitas. Dilengkapi dengan contoh kasus dan studi lapangan yang relevan.","manajemen operasi, tata letak pabrik, perencanaan produksi, efisiensi kerja",Indonesia,Fisik,451,978-1-67700-518-5,1
426,TRX001148,USR00070,BK00194,2023-12-30,2024-01-13,2024-01-17,Terlambat,18.0,Kriptografi: Prinsip dan Praktik,"dr. Anita Pranowo, M.Farm",Pustaka Pelajar,2010,"Fakultas Sains, Teknologi, & Kesehatan",Informatika,Jaringan & Keamanan Siber,"Buku ini dirancang sebagai panduan untuk memahami proteksi data digital, ancaman siber, serta protokol komunikasi data. Menjadi rujukan penting dalam perkuliahan dan penelitian terkait.","hacking etis, protokol jaringan, jaringan komputer, enkripsi",Indonesia,Fisik,203,978-1-142-93968-7,4
427,TRX001149,USR00016,BK01203,2025-01-19,2025-02-02,2025-02-09,Terlambat,21.0,Pengantar Psikologi Perkembangan,T. Cagak Kuswoyo,Elex Media Komputindo,2005,"Fakultas Sosial, Humaniora, & Seni",Psikologi,Psikologi Umum & Klinis,"Buku ini memberikan pemahaman menyeluruh tentang perkembangan kepribadian individu, gangguan psikologis dan penanganannya, serta perilaku dan proses mental manusia. Membantu pembaca membangun pemahaman konseptual maupun praktis.","psikoterapi, psikologi sosial, psikologi klinis, psikologi",Indonesia,Fisik,135,978-0-09-001594-8,2
428,TRX001151,USR00238,BK00125,2024-03-26,2024-04-09,2024-04-15,Terlambat,20.0,Computer Vision: Teori dan Praktik,H. Lulut Nuraini,Kencana Prenada,2020,"Fakultas Sains, Teknologi, & Kesehatan",Informatika,Kecerdasan Buatan & Data Science,"Buku ini menyajikan kajian komprehensif mengenai analisis data besar, kecerdasan buatan, serta pembelajaran mesin. Cocok digunakan sebagai referensi utama bagi mahasiswa dan praktisi.","kecerdasan buatan, data mining, deep learning, data science",Indonesia,Fisik,242,978-0-434-10369-0,8
429,TRX001152,USR00146,BK00461,2024-01-02,2024-01-16,2024-01-18,Terlambat,16.0,Pengantar Manajemen Persediaan,Nova Dabukke,Elex Media Komputindo,2014,"Fakultas Sains, Teknologi, & Kesehatan",Teknik Industri,Ergonomi & Rantai Pasok,"Buku ini dirancang sebagai panduan untuk memahami keselamatan dan kesehatan kerja industri, optimalisasi jaringan logistik, serta analisis ergonomi tempat kerja. Membantu pembaca membangun pemahaman konseptual maupun praktis.","supply chain, distribusi, rantai pasok, k3",Inggris,Fisik,223,978-1-157-72459-9,0
430,TRX001157,USR00091,BK01026,2024-06-19,2024-07-03,2024-07-10,Terlambat,21.0,Dasar-Dasar Desain Interior,Tari Kuswandari,PT Grasindo,2022,"Fakultas Sosial, Humaniora, & Seni",Desain Interior,Desain Interior & Arsitektur Ruang,"Buku ini membahas secara mendalam tentang konsep arsitektur ruang dalam modern, ergonomi dalam desain ruang, serta prinsip pencahayaan dan estetika ruang. Cocok digunakan sebagai referensi utama bagi mahasiswa dan praktisi.","material interior, desain interior, pencahayaan ruang, ergonomi ruang",Inggris,Fisik,254,978-0-673-49960-8,0
431,TRX001158,USR00290,BK00481,2023-07-19,2023-08-02,2023-08-03,Terlambat,15.0,Asuhan Keperawatan Dasar,dr. Adinata Suwarno,Rajawali Pers,2005,"Fakultas Sains, Teknologi, & Kesehatan",Keperawatan,Keperawatan Klinis,"Buku ini menyajikan kajian komprehensif mengenai komunikasi terapeutik perawat, manajemen perawatan pasien, serta asuhan keperawatan pasien. Menjadi rujukan penting dalam perkuliahan dan penelitian terkait.","asuhan keperawatan, keperawatan medikal bedah, praktik klinis, keperawatan gawat darurat",Indonesia,E-book,333,978-1-58018-569-1,9999
432,TRX001159,USR00234,BK00985,2024-05-27,2024-06-10,2024-06-13,Terlambat,17.0,Tata Ruang: Konsep dan Aplikasi Edisi Ke-3,"Cayadi Hutasoit, R. Budi Maulana",PT Grasindo,2008,"Fakultas Sosial, Humaniora, & Seni",Desain Interior,Desain Interior & Arsitektur Ruang,"Buku ini mengulas berbagai aspek penting dari ergonomi dalam desain ruang, prinsip pencahayaan dan estetika ruang, serta konsep arsitektur ruang dalam modern. Cocok digunakan sebagai referensi utama bagi mahasiswa dan praktisi.","ergonomi ruang, furnitur, tata ruang, material interior",Indonesia,E-book,431,978-1-4579-3897-9,9999
433,TRX001160,USR00290,BK00511,2024-12-02,2024-12-16,2024-12-20,Terlambat,18.0,Panduan Keperawatan Medikal Bedah,Niyaga Haryanti,Pustaka Pelajar,2018,"Fakultas Sains, Teknologi, & Kesehatan",Keperawatan,Keperawatan Klinis,"Buku ini membahas secara mendalam tentang prosedur klinis keperawatan, komunikasi terapeutik perawat, serta penanganan kondisi darurat medis. Cocok digunakan sebagai referensi utama bagi mahasiswa dan praktisi.","keperawatan medikal bedah, keperawatan, keperawatan gawat darurat, asuhan keperawatan",Indonesia,Fisik,390,978-1-72625-701-5,8
434,TRX001161,USR00077,BK01193,2025-02-19,2025-03-05,2025-03-08,Terlambat,17.0,Dasar-Dasar Psikologi Sosial,Vera Hutagalung,Deepublish,2019,"Fakultas Sosial, Humaniora, & Seni",Psikologi,Psikologi Umum & Klinis,"Buku ini membahas secara mendalam tentang perkembangan kepribadian individu, gangguan psikologis dan penanganannya, serta dinamika interaksi sosial manusia. Membantu pembaca membangun pemahaman konseptual maupun praktis.","psikoterapi, psikologi, kesehatan mental, psikologi sosial",Indonesia,E-book,316,978-0-618-12054-3,9999
435,TRX001162,USR00150,BK01183,2023-03-16,2023-03-30,2023-04-06,Terlambat,21.0,Dasar-Dasar Psikologi Perkembangan,Vicky Yolanda,UI Press,2015,"Fakultas Sosial, Humaniora, & Seni",Psikologi,Psikologi Umum & Klinis,"Buku ini memberikan pemahaman menyeluruh tentang perilaku dan proses mental manusia, perkembangan kepribadian individu, serta dinamika interaksi sosial manusia. Membantu pembaca membangun pemahaman konseptual maupun praktis.","psikologi sosial, psikologi, psikoterapi, kesehatan mental",Indonesia,E-book,181,978-1-04-235973-8,9999
436,TRX001163,USR00027,BK00211,2024-02-01,2024-02-15,2024-02-18,Terlambat,17.0,Infrastruktur Jaringan di Era Digital,Kamaria Kusmawati,Salemba Empat,2017,"Fakultas Sains, Teknologi, & Kesehatan",Informatika,Jaringan & Keamanan Siber,"Buku ini memberikan pemahaman menyeluruh tentang keamanan jaringan komputer, protokol komunikasi data, serta proteksi data digital. Disusun dengan bahasa yang mudah dipahami untuk kalangan akademik.","protokol jaringan, firewall, hacking etis, enkripsi",Indonesia,Fisik,449,978-1-75140-105-6,2
437,TRX001166,USR00333,BK01255,2025-01-11,2025-01-25,2025-01-28,Terlambat,17.0,Memahami Komunikasi Interpersonal,"T. Galak Namaga, M.Pd",Erlangga,2009,"Fakultas Sosial, Humaniora, & Seni",Ilmu Komunikasi,Komunikasi & Media,"Buku ini memberikan pemahaman menyeluruh tentang pengaruh media sosial terhadap opini publik, jurnalisme di era digital, serta hubungan masyarakat dan citra publik. Dilengkapi dengan contoh kasus dan studi lapangan yang relevan.","komunikasi interpersonal, komunikasi massa, media digital, jurnalistik",Indonesia,Fisik,429,978-0-210-31421-0,8
438,TRX001168,USR00262,BK01241,2025-08-13,2025-08-27,2025-08-31,Terlambat,18.0,Pengantar Public Relations,Safina Wacana,Erlangga,2010,"Fakultas Sosial, Humaniora, & Seni",Ilmu Komunikasi,Komunikasi & Media,"Buku ini memberikan pemahaman menyeluruh tentang hubungan masyarakat dan citra publik, dinamika komunikasi massa, serta strategi media dan publikasi. Dilengkapi dengan contoh kasus dan studi lapangan yang relevan.","broadcasting, media sosial, komunikasi massa, public relations",Indonesia,Fisik,510,978-0-453-37220-6,2
439,TRX001170,USR00253,BK01221,2025-04-12,2025-04-26,2025-05-01,Terlambat,19.0,Memahami Psikologi Perkembangan Edisi Ke-3,Galih Laksita,PT Grasindo,2009,"Fakultas Sosial, Humaniora, & Seni",Psikologi,Psikologi Umum & Klinis,"Buku ini memberikan pemahaman menyeluruh tentang intervensi psikoterapi klinis, gangguan psikologis dan penanganannya, serta dinamika interaksi sosial manusia. Menjadi rujukan penting dalam perkuliahan dan penelitian terkait.","psikologi sosial, kesehatan mental, psikoterapi, psikologi klinis",Indonesia,Fisik,498,978-0-362-79246-1,8
440,TRX001176,USR00076,BK00332,2024-11-16,2024-11-30,2024-12-05,Terlambat,19.0,Dasar-Dasar Teknik Industri,"Julia Firgantoro, S.Pt",Bumi Aksara,2011,"Fakultas Sains, Teknologi, & Kesehatan",Teknik Industri,Teknik Industri & Manajemen Operasi,"Buku ini membahas secara mendalam tentang optimalisasi proses produksi, efisiensi tata letak fasilitas pabrik, serta manajemen kualitas dan produktivitas. Menjadi rujukan penting dalam perkuliahan dan penelitian terkait.","six sigma, teknik industri, tata letak pabrik, produktivitas",Inggris,Fisik,442,978-0-248-19346-7,5
441,TRX001177,USR00042,BK00731,2024-06-26,2024-07-10,2024-07-13,Terlambat,17.0,Modul Keperawatan Berbasis Bukti,Martani Waluyo,Informatika Bandung,2013,"Fakultas Sains, Teknologi, & Kesehatan",Profesi Ners,Keperawatan Profesi Ners,"Buku ini mengulas berbagai aspek penting dari etika dan profesionalisme keperawatan, residensi dan pembelajaran klinik lanjutan, serta penerapan evidence-based practice. Disusun dengan bahasa yang mudah dipahami untuk kalangan akademik.","keperawatan komprehensif, praktik klinis ners, evidence based practice, keperawatan lanjutan",Indonesia,Fisik,240,978-1-64750-111-2,5
442,TRX001178,USR00026,BK00723,2024-07-17,2024-07-31,2024-08-03,Terlambat,17.0,Keperawatan Berbasis Bukti: Praktik Klinis Lanjutan,"Tgk. Raditya Wastuti, S.E.I",Informatika Bandung,2012,"Fakultas Sains, Teknologi, & Kesehatan",Profesi Ners,Keperawatan Profesi Ners,"Buku ini dirancang sebagai panduan untuk memahami praktik klinik keperawatan profesional, residensi dan pembelajaran klinik lanjutan, serta etika dan profesionalisme keperawatan. Menjadi rujukan penting dalam perkuliahan dan penelitian terkait.","residensi keperawatan, keperawatan lanjutan, profesi ners, evidence based practice",Indonesia,Fisik,519,978-0-608-75243-3,7
443,TRX001181,USR00121,BK01318,2025-12-09,2025-12-23,2025-12-24,Terlambat,15.0,Strategi Content Creation Edisi Ke-3,Hj. Gabriella Wijaya,Salemba Empat,2007,"Fakultas Sosial, Humaniora, & Seni",Ilmu Komunikasi,Jurnalistik & Media Digital,"Buku ini memberikan pemahaman menyeluruh tentang produksi berita di media digital, strategi konten media sosial, serta etika jurnalistik di era digital. Menjadi rujukan penting dalam perkuliahan dan penelitian terkait.","media sosial, konten kreator, media digital, produksi berita",Indonesia,E-book,324,978-1-201-49118-7,9999
444,TRX001183,USR00375,BK00814,2025-09-14,2025-09-28,2025-10-03,Terlambat,19.0,Prinsip Ilustrasi Digital Edisi Terbaru,"Tgk. Balijan Nugroho, M.M.",PT Grasindo,2008,"Fakultas Sosial, Humaniora, & Seni",Desain Komunikasi Visual,Desain Komunikasi Visual & Ilustrasi,"Buku ini membahas secara mendalam tentang proses kreatif desain grafis, strategi branding melalui visual, serta ilustrasi dan komposisi gambar. Disusun dengan bahasa yang mudah dipahami untuk kalangan akademik.","desain komunikasi visual, ilustrasi, layout, tipografi",Inggris,Fisik,154,978-1-289-28664-4,3
445,TRX001184,USR00068,BK00055,2025-04-05,2025-04-19,2025-04-26,Terlambat,21.0,Algoritma dan Algoritma,"Hesti Samosir, M.Farm",Alfabeta,2017,"Fakultas Sains, Teknologi, & Kesehatan",Informatika,Pemrograman & Algoritma,"Buku ini mengulas berbagai aspek penting dari implementasi kode, efisiensi algoritma, serta pengembangan perangkat lunak. Cocok digunakan sebagai referensi utama bagi mahasiswa dan praktisi.","struktur data, kompleksitas, java, pemrograman",Indonesia,E-book,471,978-1-885685-57-5,9999
446,TRX001186,USR00026,BK00757,2023-03-01,2023-03-15,2023-03-19,Terlambat,18.0,Modul Profesi Ners,Mustika Siregar,Kencana Prenada,2019,"Fakultas Sains, Teknologi, & Kesehatan",Profesi Ners,Keperawatan Profesi Ners,"Buku ini memberikan pemahaman menyeluruh tentang residensi dan pembelajaran klinik lanjutan, kompetensi ners dalam asuhan pasien, serta praktik klinik keperawatan profesional. Disusun dengan bahasa yang mudah dipahami untuk kalangan akademik.","kompetensi ners, praktik klinis ners, residensi keperawatan, keperawatan lanjutan",Indonesia,Fisik,281,978-0-674-47163-4,8
447,TRX001189,USR00374,BK00185,2023-10-17,2023-10-31,2023-11-02,Terlambat,16.0,Pengantar Kriptografi Edisi Revisi,Hairyanto Sihotang,Elex Media Komputindo,2020,"Fakultas Sains, Teknologi, & Kesehatan",Informatika,Jaringan & Keamanan Siber,"Buku ini mengulas berbagai aspek penting dari keamanan jaringan komputer, protokol komunikasi data, serta audit keamanan sistem. Membantu pembaca membangun pemahaman konseptual maupun praktis.","enkripsi, keamanan siber, jaringan komputer, cyber security",Indonesia,Fisik,225,978-0-932048-99-8,2
448,TRX001198,USR00349,BK00890,2025-09-01,2025-09-15,2025-09-22,Terlambat,21.0,Teknik Motion Graphic,"Umi Nasyiah, M.Farm",Deepublish,2021,"Fakultas Sosial, Humaniora, & Seni",Desain Komunikasi Visual,Fotografi & Multimedia,"Buku ini dirancang sebagai panduan untuk memahami teknik pengambilan gambar fotografi, animasi dan motion graphic, serta editing visual dan videografi. Membantu pembaca membangun pemahaman konseptual maupun praktis.","editing visual, media interaktif, fotografi, motion graphic",Indonesia,Fisik,491,978-0-301-02724-1,2
449,TRX001202,USR00371,BK00289,2024-01-11,2024-01-25,2024-01-27,Terlambat,16.0,Manajemen SQL Server Modern Edisi Ke-2,"Cahyono Dongoran, M.Kom.",Graha Ilmu,2010,"Fakultas Sains, Teknologi, & Kesehatan",Informatika,Basis Data,"Buku ini menyajikan kajian komprehensif mengenai arsitektur data warehouse, manajemen sistem basis data, serta query dan manipulasi data. Membantu pembaca membangun pemahaman konseptual maupun praktis.","normalisasi, query, sql, database",Indonesia,E-book,392,978-1-66609-935-5,9999
450,TRX001204,USR00252,BK01238,2023-05-04,2023-05-18,2023-05-22,Terlambat,18.0,Media Digital di Era Digital,"Tugiman Saragih, Cinthia Firgantoro",Salemba Empat,2022,"Fakultas Sosial, Humaniora, & Seni",Ilmu Komunikasi,Komunikasi & Media,"Buku ini memberikan pemahaman menyeluruh tentang strategi media dan publikasi, dinamika komunikasi massa, serta pengaruh media sosial terhadap opini publik. Cocok digunakan sebagai referensi utama bagi mahasiswa dan praktisi.","komunikasi massa, public relations, media sosial, komunikasi interpersonal",Indonesia,E-book,213,978-0-903267-14-4,9999
451,TRX001207,USR00035,BK00105,2025-01-15,2025-01-29,2025-02-05,Terlambat,21.0,Data Science untuk Pemula Edisi Ke-2,Harto Rahimah,Pustaka Pelajar,2022,"Fakultas Sains, Teknologi, & Kesehatan",Informatika,Kecerdasan Buatan & Data Science,"Buku ini dirancang sebagai panduan untuk memahami otomatisasi cerdas, analisis data besar, serta prediksi berbasis data. Membantu pembaca membangun pemahaman konseptual maupun praktis.","big data, deep learning, kecerdasan buatan, neural network",Indonesia,Fisik,537,978-0-343-24451-4,0
452,TRX001212,USR00250,BK00911,2025-06-22,2025-07-06,2025-07-11,Terlambat,19.0,Pengantar Fotografi Digital,Vinsen Tarihoran,Pustaka Pelajar,2007,"Fakultas Sosial, Humaniora, & Seni",Desain Komunikasi Visual,Fotografi & Multimedia,"Buku ini membahas secara mendalam tentang produksi konten multimedia digital, editing visual dan videografi, serta desain media interaktif. Membantu pembaca membangun pemahaman konseptual maupun praktis.","videografi, motion graphic, editing visual, multimedia",Inggris,Fisik,144,978-0-7639-2836-0,2
453,TRX001216,USR00249,BK00777,2024-01-14,2024-01-28,2024-02-02,Terlambat,19.0,Pembelajaran Klinik Praktik Klinik Ners,Dinda Utami,Pustaka Pelajar,2006,"Fakultas Sains, Teknologi, & Kesehatan",Profesi Ners,Keperawatan Profesi Ners,"Buku ini menyajikan kajian komprehensif mengenai residensi dan pembelajaran klinik lanjutan, kompetensi ners dalam asuhan pasien, serta etika dan profesionalisme keperawatan. Disusun dengan bahasa yang mudah dipahami untuk kalangan akademik.","kompetensi ners, residensi keperawatan, profesi ners, keperawatan komprehensif",Indonesia,Fisik,444,978-0-18-513279-6,0
454,TRX001222,USR00303,BK00398,2025-01-31,2025-02-14,2025-02-16,Terlambat,16.0,Studi Keselamatan dan Kesehatan Kerja di Industri Edisi Revisi,Puti Yuliarti,PT Grasindo,2008,"Fakultas Sains, Teknologi, & Kesehatan",Teknik Industri,Ergonomi & Rantai Pasok,"Buku ini membahas secara mendalam tentang keselamatan dan kesehatan kerja industri, analisis ergonomi tempat kerja, serta manajemen rantai pasok dan distribusi. Disusun dengan bahasa yang mudah dipahami untuk kalangan akademik.","supply chain, logistik, ergonomi, rantai pasok",Indonesia,E-book,174,978-1-306-52407-0,9999
455,TRX001224,USR00200,BK01228,2023-09-24,2023-10-08,2023-10-09,Terlambat,15.0,Psikologi Kepribadian: Teori dan Aplikasi Edisi Terbaru,drg. Ika Wijaya,Bumi Aksara,2013,"Fakultas Sosial, Humaniora, & Seni",Psikologi,Psikologi Umum & Klinis,"Buku ini membahas secara mendalam tentang gangguan psikologis dan penanganannya, dinamika interaksi sosial manusia, serta perilaku dan proses mental manusia. Membantu pembaca membangun pemahaman konseptual maupun praktis.","psikologi sosial, psikologi klinis, psikologi, kepribadian",Indonesia,Fisik,273,978-0-04-023693-5,2
456,TRX001231,USR00304,BK01022,2025-02-26,2025-03-12,2025-03-17,Terlambat,19.0,Dasar-Dasar Tata Ruang,Padma Kusmawati,Alfabeta,2023,"Fakultas Sosial, Humaniora, & Seni",Desain Interior,Desain Interior & Arsitektur Ruang,"Buku ini menyajikan kajian komprehensif mengenai perancangan tata ruang interior, prinsip pencahayaan dan estetika ruang, serta konsep arsitektur ruang dalam modern. Disusun dengan bahasa yang mudah dipahami untuk kalangan akademik.","pencahayaan ruang, desain interior, furnitur, arsitektur ruang",Inggris,E-book,436,978-1-347-45245-5,9999
457,TRX001232,USR00121,BK00914,2023-03-08,2023-03-22,2023-03-29,Terlambat,21.0,Pengantar Desain Multimedia,Tedi Firmansyah,Alfabeta,2014,"Fakultas Sosial, Humaniora, & Seni",Desain Komunikasi Visual,Fotografi & Multimedia,"Buku ini dirancang sebagai panduan untuk memahami produksi konten multimedia digital, desain media interaktif, serta teknik pengambilan gambar fotografi. Disusun dengan bahasa yang mudah dipahami untuk kalangan akademik.","multimedia, motion graphic, fotografi, editing visual",Indonesia,E-book,206,978-0-212-88665-4,9999
458,TRX001234,USR00110,BK00952,2025-06-27,2025-07-11,2025-07-15,Terlambat,18.0,Pengantar Material dan Furnitur,Purwanto Pradipta,PT Grasindo,2005,"Fakultas Sosial, Humaniora, & Seni",Desain Interior,Desain Interior & Arsitektur Ruang,"Buku ini membahas secara mendalam tentang prinsip pencahayaan dan estetika ruang, pemilihan material dan furnitur, serta perancangan tata ruang interior. Disusun dengan bahasa yang mudah dipahami untuk kalangan akademik.","arsitektur ruang, material interior, desain interior, tata ruang",Indonesia,Fisik,124,978-0-922270-51-4,5
459,TRX001236,USR00231,BK01193,2024-04-29,2024-05-13,2024-05-18,Terlambat,19.0,Dasar-Dasar Psikologi Sosial,Vera Hutagalung,Deepublish,2019,"Fakultas Sosial, Humaniora, & Seni",Psikologi,Psikologi Umum & Klinis,"Buku ini membahas secara mendalam tentang perkembangan kepribadian individu, gangguan psikologis dan penanganannya, serta dinamika interaksi sosial manusia. Membantu pembaca membangun pemahaman konseptual maupun praktis.","psikoterapi, psikologi, kesehatan mental, psikologi sosial",Indonesia,E-book,316,978-0-618-12054-3,9999
460,TRX001237,USR00314,BK00724,2023-11-18,2023-12-02,2023-12-06,Terlambat,18.0,Pembelajaran Klinik Keperawatan Berbasis Bukti,Sabrina Hasanah,Informatika Bandung,2023,"Fakultas Sains, Teknologi, & Kesehatan",Profesi Ners,Keperawatan Profesi Ners,"Buku ini menyajikan kajian komprehensif mengenai etika dan profesionalisme keperawatan, praktik klinik keperawatan profesional, serta residensi dan pembelajaran klinik lanjutan. Disusun dengan bahasa yang mudah dipahami untuk kalangan akademik.","profesi ners, evidence based practice, keperawatan lanjutan, kompetensi ners",Inggris,E-book,501,978-1-209-54814-2,9999
461,TRX001238,USR00265,BK00370,2023-10-10,2023-10-24,2023-10-26,Terlambat,16.0,Perancangan Teknik Industri,"Ir. Kani Mangunsong, S.IP",Informatika Bandung,2012,"Fakultas Sains, Teknologi, & Kesehatan",Teknik Industri,Teknik Industri & Manajemen Operasi,"Buku ini memberikan pemahaman menyeluruh tentang manajemen kualitas dan produktivitas, optimalisasi proses produksi, serta efisiensi tata letak fasilitas pabrik. Cocok digunakan sebagai referensi utama bagi mahasiswa dan praktisi.","produktivitas, teknik industri, efisiensi kerja, manajemen operasi",Inggris,Fisik,511,978-0-7908-0759-1,4
462,TRX001240,USR00181,BK00476,2025-05-07,2025-05-21,2025-05-26,Terlambat,19.0,Konsep Dasar Keperawatan Maternitas,Lasmono Kusmawati,Salemba Empat,2024,"Fakultas Sains, Teknologi, & Kesehatan",Keperawatan,Keperawatan Klinis,"Buku ini membahas secara mendalam tentang asuhan keperawatan pasien, komunikasi terapeutik perawat, serta prosedur klinis keperawatan. Disusun dengan bahasa yang mudah dipahami untuk kalangan akademik.","praktik klinis, keperawatan anak, asuhan keperawatan, keperawatan gawat darurat",Indonesia,Fisik,314,978-0-490-47128-3,7
463,TRX001242,USR00233,BK00958,2023-04-20,2023-05-04,2023-05-09,Terlambat,19.0,Perancangan Material dan Furnitur,"Dr. Rachel Usamah, M.M., Ellis Kusmawati",Rajawali Pers,2008,"Fakultas Sosial, Humaniora, & Seni",Desain Interior,Desain Interior & Arsitektur Ruang,"Buku ini dirancang sebagai panduan untuk memahami perancangan tata ruang interior, konsep arsitektur ruang dalam modern, serta ergonomi dalam desain ruang. Cocok digunakan sebagai referensi utama bagi mahasiswa dan praktisi.","furnitur, arsitektur ruang, ergonomi ruang, material interior",Indonesia,Fisik,133,978-0-509-22216-5,6
464,TRX001249,USR00233,BK00979,2023-11-09,2023-11-23,2023-11-26,Terlambat,17.0,Prinsip Pencahayaan Ruang,"R. Ganjaran Januar, S.Sos",Rajawali Pers,2018,"Fakultas Sosial, Humaniora, & Seni",Desain Interior,Desain Interior & Arsitektur Ruang,"Buku ini memberikan pemahaman menyeluruh tentang perancangan tata ruang interior, prinsip pencahayaan dan estetika ruang, serta konsep arsitektur ruang dalam modern. Disusun dengan bahasa yang mudah dipahami untuk kalangan akademik.","furnitur, ergonomi ruang, pencahayaan ruang, tata ruang",Indonesia,Fisik,438,978-0-529-86707-0,2
465,TRX001250,USR00232,BK00191,2025-10-14,2025-10-28,2025-11-01,Terlambat,18.0,Ethical Hacking di Era Digital,"T. Rahman Thamrin, Wulan Widodo",Erlangga,2012,"Fakultas Sains, Teknologi, & Kesehatan",Informatika,Jaringan & Keamanan Siber,"Buku ini memberikan pemahaman menyeluruh tentang audit keamanan sistem, protokol komunikasi data, serta keamanan jaringan komputer. Disusun dengan bahasa yang mudah dipahami untuk kalangan akademik.","hacking etis, keamanan siber, firewall, protokol jaringan",Inggris,Fisik,310,978-1-67933-410-8,0
466,TRX001252,USR00103,BK00698,2024-05-23,2024-06-06,2024-06-10,Terlambat,18.0,Pengantar Farmasi Rumah Sakit,Hesti Putra,Graha Ilmu,2012,"Fakultas Sains, Teknologi, & Kesehatan",Farmasi,Teknologi Farmasi & Pelayanan Kefarmasian,"Buku ini membahas secara mendalam tentang praktik farmasi klinis pasien, teknologi pembuatan sediaan obat, serta standar pelayanan farmasi profesional. Menjadi rujukan penting dalam perkuliahan dan penelitian terkait.","pelayanan kefarmasian, farmasi rumah sakit, sediaan farmasi, compounding obat",Indonesia,E-book,391,978-0-396-85270-4,9999
467,TRX001254,USR00176,BK00620,2024-09-27,2024-10-11,2024-10-18,Terlambat,21.0,Prinsip Farmasetika,Padma Padmasari,Nuha Medika,2012,"Fakultas Sains, Teknologi, & Kesehatan",Farmasi,Farmakologi & Kefarmasian,"Buku ini memberikan pemahaman menyeluruh tentang mekanisme kerja obat, formulasi sediaan farmasi, serta efek samping dan dosis obat. Membantu pembaca membangun pemahaman konseptual maupun praktis.","obat, farmasi klinis, formulasi obat, farmakokinetik",Inggris,Fisik,411,978-1-71266-110-9,2
468,TRX001255,USR00293,BK00494,2023-08-05,2023-08-19,2023-08-21,Terlambat,16.0,Keperawatan Maternitas: Teori dan Praktik Klinis Edisi Ke-3,"Ratna Pradipta, S.Pt, Oman Megantara",Deepublish,2019,"Fakultas Sains, Teknologi, & Kesehatan",Keperawatan,Keperawatan Klinis,"Buku ini membahas secara mendalam tentang prosedur klinis keperawatan, manajemen perawatan pasien, serta komunikasi terapeutik perawat. Disusun dengan bahasa yang mudah dipahami untuk kalangan akademik.","asuhan keperawatan, keperawatan gawat darurat, keperawatan anak, keperawatan",Indonesia,Fisik,476,978-0-7903-2020-5,7
469,TRX001257,USR00255,BK00745,2023-12-12,2023-12-26,2023-12-29,Terlambat,17.0,Kompetensi Praktik Klinik Ners Edisi Revisi,"T. Enteng Aryani, H. Teguh Pradana",Kencana Prenada,2017,"Fakultas Sains, Teknologi, & Kesehatan",Profesi Ners,Keperawatan Profesi Ners,"Buku ini mengulas berbagai aspek penting dari praktik klinik keperawatan profesional, kompetensi ners dalam asuhan pasien, serta penerapan evidence-based practice. Dilengkapi dengan contoh kasus dan studi lapangan yang relevan.","keperawatan komprehensif, praktik klinis ners, profesi ners, residensi keperawatan",Indonesia,Fisik,142,978-0-465-11131-2,2
470,TRX001258,USR00125,BK00953,2023-02-12,2023-02-26,2023-02-27,Terlambat,15.0,Pengantar Pencahayaan Ruang,"Cahyo Melani, drg. Irwan Widiastuti, M.Kom.",UI Press,2023,"Fakultas Sosial, Humaniora, & Seni",Desain Interior,Desain Interior & Arsitektur Ruang,"Buku ini membahas secara mendalam tentang prinsip pencahayaan dan estetika ruang, ergonomi dalam desain ruang, serta perancangan tata ruang interior. Dilengkapi dengan contoh kasus dan studi lapangan yang relevan.","furnitur, material interior, tata ruang, arsitektur ruang",Indonesia,E-book,418,978-1-81386-667-0,9999
471,TRX001259,USR00334,BK00822,2023-11-10,2023-11-24,2023-11-28,Terlambat,18.0,Dasar-Dasar Desain Komunikasi Visual,"Aisyah Mustofa, Siska Usamah",Elex Media Komputindo,2021,"Fakultas Sosial, Humaniora, & Seni",Desain Komunikasi Visual,Desain Komunikasi Visual & Ilustrasi,"Buku ini dirancang sebagai panduan untuk memahami proses kreatif desain grafis, estetika dalam karya seni rupa, serta strategi branding melalui visual. Membantu pembaca membangun pemahaman konseptual maupun praktis.","tipografi, layout, ilustrasi, seni rupa",Indonesia,Fisik,306,978-0-334-38364-2,0
472,TRX001266,USR00306,BK01367,2025-09-17,2025-10-01,2025-10-03,Terlambat,16.0,Dasar-Dasar Produksi Berita,"Hadi Rahmawati, Taswir Prasetya",PT Grasindo,2018,"Fakultas Sosial, Humaniora, & Seni",Ilmu Komunikasi,Jurnalistik & Media Digital,"Buku ini dirancang sebagai panduan untuk memahami etika jurnalistik di era digital, jurnalisme online kontemporer, serta komunikasi digital dan audiens. Disusun dengan bahasa yang mudah dipahami untuk kalangan akademik.","konten kreator, jurnalistik, media sosial, produksi berita",Indonesia,E-book,411,978-1-138-18655-2,9999
473,TRX001268,USR00028,BK00474,2025-10-26,2025-11-09,2025-11-11,Terlambat,16.0,Studi Manajemen Persediaan di Industri,"Karman Suryatmi, Dipa Halimah",Andi Publisher,2009,"Fakultas Sains, Teknologi, & Kesehatan",Teknik Industri,Ergonomi & Rantai Pasok,"Buku ini menyajikan kajian komprehensif mengenai manajemen rantai pasok dan distribusi, analisis ergonomi tempat kerja, serta pengendalian persediaan barang. Dilengkapi dengan contoh kasus dan studi lapangan yang relevan.","ergonomi, k3, logistik, distribusi",Indonesia,E-book,401,978-1-905807-78-9,9999
474,TRX001269,USR00183,BK01338,2023-06-12,2023-06-26,2023-06-30,Terlambat,18.0,Praktik Jurnalistik Digital,"KH. Galang Melani, S.T.",Bumi Aksara,2020,"Fakultas Sosial, Humaniora, & Seni",Ilmu Komunikasi,Jurnalistik & Media Digital,"Buku ini membahas secara mendalam tentang jurnalisme online kontemporer, komunikasi digital dan audiens, serta etika jurnalistik di era digital. Disusun dengan bahasa yang mudah dipahami untuk kalangan akademik.","media digital, jurnalistik, produksi berita, konten kreator",Indonesia,Fisik,303,978-0-273-00869-9,1
475,TRX001271,USR00120,BK01366,2024-04-01,2024-04-15,2024-04-16,Terlambat,15.0,Dasar-Dasar Komunikasi Digital,Mahdi Zulaika,Deepublish,2015,"Fakultas Sosial, Humaniora, & Seni",Ilmu Komunikasi,Jurnalistik & Media Digital,"Buku ini mengulas berbagai aspek penting dari komunikasi digital dan audiens, jurnalisme online kontemporer, serta strategi konten media sosial. Dilengkapi dengan contoh kasus dan studi lapangan yang relevan.","konten kreator, media digital, media sosial, jurnalistik",Inggris,E-book,279,978-0-85725-629-4,9999
476,TRX001275,USR00277,BK00473,2023-11-28,2023-12-12,2023-12-13,Terlambat,15.0,Manajemen Logistik: Konsep dan Praktik,Kasim Laksmiwati,Erlangga,2022,"Fakultas Sains, Teknologi, & Kesehatan",Teknik Industri,Ergonomi & Rantai Pasok,"Buku ini menyajikan kajian komprehensif mengenai manajemen rantai pasok dan distribusi, pengendalian persediaan barang, serta optimalisasi jaringan logistik. Dilengkapi dengan contoh kasus dan studi lapangan yang relevan.","distribusi, manajemen persediaan, supply chain, ergonomi",Indonesia,E-book,476,978-0-9712847-8-4,9999
477,TRX001278,USR00088,BK00949,2024-04-28,2024-05-12,2024-05-18,Terlambat,20.0,Dasar-Dasar Pencahayaan Ruang,Bagas Tampubolon,PT Grasindo,2009,"Fakultas Sosial, Humaniora, & Seni",Desain Interior,Desain Interior & Arsitektur Ruang,"Buku ini dirancang sebagai panduan untuk memahami pemilihan material dan furnitur, ergonomi dalam desain ruang, serta perancangan tata ruang interior. Cocok digunakan sebagai referensi utama bagi mahasiswa dan praktisi.","material interior, ergonomi ruang, pencahayaan ruang, desain interior",Indonesia,E-book,197,978-1-03-446945-2,9999
478,TRX001280,USR00317,BK00706,2025-07-10,2025-07-24,2025-07-29,Terlambat,19.0,Pengantar Teknologi Sediaan Farmasi Edisi Terbaru,Dagel Fujiati,Rajawali Pers,2013,"Fakultas Sains, Teknologi, & Kesehatan",Farmasi,Teknologi Farmasi & Pelayanan Kefarmasian,"Buku ini mengulas berbagai aspek penting dari teknologi pembuatan sediaan obat, pelayanan kefarmasian di rumah sakit, serta praktik farmasi klinis pasien. Menjadi rujukan penting dalam perkuliahan dan penelitian terkait.","compounding obat, farmasi komunitas, pelayanan kefarmasian, teknologi farmasi",Inggris,Fisik,123,978-1-875066-33-9,6
479,TRX001281,USR00344,BK01335,2025-06-04,2025-06-18,2025-06-19,Terlambat,15.0,Pengantar Produksi Berita,Ana Pudjiastuti,PT Grasindo,2008,"Fakultas Sosial, Humaniora, & Seni",Ilmu Komunikasi,Jurnalistik & Media Digital,"Buku ini memberikan pemahaman menyeluruh tentang komunikasi digital dan audiens, jurnalisme online kontemporer, serta produksi berita di media digital. Cocok digunakan sebagai referensi utama bagi mahasiswa dan praktisi.","media sosial, produksi berita, konten kreator, media digital",Indonesia,Fisik,504,978-1-958264-18-8,2
480,TRX001286,USR00157,BK01376,2023-12-07,2023-12-21,2023-12-25,Terlambat,18.0,Dasar-Dasar Komunikasi Digital Edisi Ke-3,Zelda Marbun,Nuha Medika,2012,"Fakultas Sosial, Humaniora, & Seni",Ilmu Komunikasi,Jurnalistik & Media Digital,"Buku ini menyajikan kajian komprehensif mengenai etika jurnalistik di era digital, produksi berita di media digital, serta jurnalisme online kontemporer. Cocok digunakan sebagai referensi utama bagi mahasiswa dan praktisi.","komunikasi digital, jurnalistik, media digital, media sosial",Indonesia,Fisik,540,978-1-58548-596-3,6
481,TRX001289,USR00025,BK00555,2025-12-14,2025-12-28,2025-12-31,Terlambat,17.0,Dasar-Dasar Keperawatan Medikal Bedah,Puti Shakila Haryanto,Nuha Medika,2008,"Fakultas Sains, Teknologi, & Kesehatan",Keperawatan,Keperawatan Klinis,"Buku ini dirancang sebagai panduan untuk memahami komunikasi terapeutik perawat, asuhan keperawatan pasien, serta prosedur klinis keperawatan. Membantu pembaca membangun pemahaman konseptual maupun praktis.","keperawatan, praktik klinis, keperawatan gawat darurat, keperawatan medikal bedah",Indonesia,E-book,268,978-0-520-85076-7,9999
482,TRX001294,USR00075,BK00331,2023-01-23,2023-02-06,2023-02-12,Terlambat,20.0,Perancangan Teknik Industri,Mumpuni Usamah,UI Press,2008,"Fakultas Sains, Teknologi, & Kesehatan",Teknik Industri,Teknik Industri & Manajemen Operasi,"Buku ini memberikan pemahaman menyeluruh tentang perancangan sistem kerja industri, optimalisasi proses produksi, serta efisiensi tata letak fasilitas pabrik. Menjadi rujukan penting dalam perkuliahan dan penelitian terkait.","efisiensi kerja, tata letak pabrik, perencanaan produksi, six sigma",Indonesia,E-book,275,978-1-138-61207-5,9999
483,TRX001295,USR00139,BK00759,2024-07-03,2024-07-17,2024-07-24,Terlambat,21.0,Modul Residensi Keperawatan,"Titi Mardhiyah, M.Ak, Dacin Rahayu",Deepublish,2018,"Fakultas Sains, Teknologi, & Kesehatan",Profesi Ners,Keperawatan Profesi Ners,"Buku ini dirancang sebagai panduan untuk memahami kompetensi ners dalam asuhan pasien, residensi dan pembelajaran klinik lanjutan, serta praktik klinik keperawatan profesional. Membantu pembaca membangun pemahaman konseptual maupun praktis.","profesi ners, evidence based practice, praktik klinis ners, kompetensi ners",Inggris,E-book,263,978-0-12-604326-6,9999
484,TRX001297,USR00027,BK00172,2023-10-12,2023-10-26,2023-11-02,Terlambat,21.0,Pengantar Keamanan Informasi,Samiah Samosir,Salemba Empat,2008,"Fakultas Sains, Teknologi, & Kesehatan",Informatika,Jaringan & Keamanan Siber,"Buku ini membahas secara mendalam tentang protokol komunikasi data, audit keamanan sistem, serta proteksi data digital. Menjadi rujukan penting dalam perkuliahan dan penelitian terkait.","firewall, hacking etis, keamanan siber, jaringan komputer",Indonesia,Fisik,151,978-1-4039-1065-3,3
485,TRX001298,USR00123,BK00514,2024-06-29,2024-07-13,2024-07-14,Terlambat,15.0,Panduan Keperawatan Medikal Bedah,"Umi Prastuti, S.Kom",Salemba Empat,2005,"Fakultas Sains, Teknologi, & Kesehatan",Keperawatan,Keperawatan Klinis,"Buku ini membahas secara mendalam tentang penanganan kondisi darurat medis, komunikasi terapeutik perawat, serta asuhan keperawatan pasien. Cocok digunakan sebagai referensi utama bagi mahasiswa dan praktisi.","praktik klinis, asuhan keperawatan, keperawatan medikal bedah, keperawatan gawat darurat",Indonesia,Fisik,376,978-1-5486-4015-6,0
486,TRX001299,USR00116,BK00366,2024-04-08,2024-04-22,2024-04-25,Terlambat,17.0,Dasar-Dasar Manajemen Operasi,Talia Handayani,Gramedia Pustaka Utama,2008,"Fakultas Sains, Teknologi, & Kesehatan",Teknik Industri,Teknik Industri & Manajemen Operasi,"Buku ini dirancang sebagai panduan untuk memahami efisiensi tata letak fasilitas pabrik, optimalisasi proses produksi, serta manajemen kualitas dan produktivitas. Cocok digunakan sebagai referensi utama bagi mahasiswa dan praktisi.","six sigma, produktivitas, manajemen operasi, manajemen kualitas",Indonesia,E-book,218,978-1-357-79071-4,9999
487,TRX001300,USR00063,BK00302,2023-04-20,2023-05-04,2023-05-05,Terlambat,15.0,Perancangan Basis Data Edisi Terbaru,Calista Kurniawan,Elex Media Komputindo,2022,"Fakultas Sains, Teknologi, & Kesehatan",Informatika,Basis Data,"Buku ini mengulas berbagai aspek penting dari query dan manipulasi data, arsitektur data warehouse, serta perancangan basis data. Disusun dengan bahasa yang mudah dipahami untuk kalangan akademik.","sql, nosql, data warehouse, manajemen data",Indonesia,E-book,223,978-0-934835-64-0,9999
488,TRX001302,USR00165,BK00566,2024-10-31,2024-11-14,2024-11-18,Terlambat,18.0,Kimia Farmasi untuk Praktik Klinis,"Maryadi Iswahyudi, S.Sos",Andi Publisher,2012,"Fakultas Sains, Teknologi, & Kesehatan",Farmasi,Farmakologi & Kefarmasian,"Buku ini menyajikan kajian komprehensif mengenai interaksi obat dalam tubuh, formulasi sediaan farmasi, serta pelayanan kefarmasian klinis. Disusun dengan bahasa yang mudah dipahami untuk kalangan akademik.","farmakokinetik, toksikologi, farmakologi, kimia farmasi",Indonesia,E-book,310,978-0-19-818984-8,9999
489,TRX001303,USR00208,BK00972,2024-11-02,2024-11-16,2024-11-23,Terlambat,21.0,Dasar-Dasar Arsitektur Ruang Dalam Edisi Ke-3,"Wawan Purnawati, R.M. Cager Wijayanti, S.Psi",Kencana Prenada,2022,"Fakultas Sosial, Humaniora, & Seni",Desain Interior,Desain Interior & Arsitektur Ruang,"Buku ini membahas secara mendalam tentang perancangan tata ruang interior, prinsip pencahayaan dan estetika ruang, serta pemilihan material dan furnitur. Menjadi rujukan penting dalam perkuliahan dan penelitian terkait.","desain interior, arsitektur ruang, furnitur, ergonomi ruang",Indonesia,Fisik,265,978-0-425-76270-7,8
490,TRX001304,USR00348,BK00756,2025-07-09,2025-07-23,2025-07-24,Terlambat,15.0,Keperawatan Komprehensif: Praktik Klinis Lanjutan,H. Virman Wibisono,Deepublish,2015,"Fakultas Sains, Teknologi, & Kesehatan",Profesi Ners,Keperawatan Profesi Ners,"Buku ini menyajikan kajian komprehensif mengenai etika dan profesionalisme keperawatan, residensi dan pembelajaran klinik lanjutan, serta praktik klinik keperawatan profesional. Dilengkapi dengan contoh kasus dan studi lapangan yang relevan.","evidence based practice, kompetensi ners, keperawatan komprehensif, residensi keperawatan",Inggris,E-book,341,978-0-10-225803-5,9999
491,TRX001305,USR00124,BK00985,2025-01-31,2025-02-14,2025-02-17,Terlambat,17.0,Tata Ruang: Konsep dan Aplikasi Edisi Ke-3,"Cayadi Hutasoit, R. Budi Maulana",PT Grasindo,2008,"Fakultas Sosial, Humaniora, & Seni",Desain Interior,Desain Interior & Arsitektur Ruang,"Buku ini mengulas berbagai aspek penting dari ergonomi dalam desain ruang, prinsip pencahayaan dan estetika ruang, serta konsep arsitektur ruang dalam modern. Cocok digunakan sebagai referensi utama bagi mahasiswa dan praktisi.","ergonomi ruang, furnitur, tata ruang, material interior",Indonesia,E-book,431,978-1-4579-3897-9,9999
492,TRX001307,USR00077,BK01221,2025-09-07,2025-09-21,2025-09-23,Terlambat,16.0,Memahami Psikologi Perkembangan Edisi Ke-3,Galih Laksita,PT Grasindo,2009,"Fakultas Sosial, Humaniora, & Seni",Psikologi,Psikologi Umum & Klinis,"Buku ini memberikan pemahaman menyeluruh tentang intervensi psikoterapi klinis, gangguan psikologis dan penanganannya, serta dinamika interaksi sosial manusia. Menjadi rujukan penting dalam perkuliahan dan penelitian terkait.","psikologi sosial, kesehatan mental, psikoterapi, psikologi klinis",Indonesia,Fisik,498,978-0-362-79246-1,8
493,TRX001311,USR00059,BK01298,2024-05-27,2024-06-10,2024-06-13,Terlambat,17.0,Dasar-Dasar Komunikasi Interpersonal,"Ir. Muhammad Dongoran, S.Ked",Kencana Prenada,2015,"Fakultas Sosial, Humaniora, & Seni",Ilmu Komunikasi,Komunikasi & Media,"Buku ini mengulas berbagai aspek penting dari dinamika komunikasi massa, jurnalisme di era digital, serta hubungan masyarakat dan citra publik. Membantu pembaca membangun pemahaman konseptual maupun praktis.","media digital, komunikasi massa, broadcasting, media sosial",Indonesia,Fisik,122,978-1-291-13717-0,1
494,TRX001316,USR00297,BK01221,2025-05-16,2025-05-30,2025-06-01,Terlambat,16.0,Memahami Psikologi Perkembangan Edisi Ke-3,Galih Laksita,PT Grasindo,2009,"Fakultas Sosial, Humaniora, & Seni",Psikologi,Psikologi Umum & Klinis,"Buku ini memberikan pemahaman menyeluruh tentang intervensi psikoterapi klinis, gangguan psikologis dan penanganannya, serta dinamika interaksi sosial manusia. Menjadi rujukan penting dalam perkuliahan dan penelitian terkait.","psikologi sosial, kesehatan mental, psikoterapi, psikologi klinis",Indonesia,Fisik,498,978-0-362-79246-1,8
495,TRX001318,USR00234,BK01015,2023-03-25,2023-04-08,2023-04-13,Terlambat,19.0,Pengantar Pencahayaan Ruang,Malika Januar,Rajawali Pers,2020,"Fakultas Sosial, Humaniora, & Seni",Desain Interior,Desain Interior & Arsitektur Ruang,"Buku ini mengulas berbagai aspek penting dari prinsip pencahayaan dan estetika ruang, pemilihan material dan furnitur, serta konsep arsitektur ruang dalam modern. Disusun dengan bahasa yang mudah dipahami untuk kalangan akademik.","material interior, furnitur, tata ruang, ergonomi ruang",Inggris,E-book,165,978-1-137-17173-3,9999
496,TRX001320,USR00227,BK00527,2024-12-16,2024-12-30,2025-01-02,Terlambat,17.0,Dasar-Dasar Keperawatan Maternitas,"Kamaria Samosir, Putri Irawan",Salemba Empat,2007,"Fakultas Sains, Teknologi, & Kesehatan",Keperawatan,Keperawatan Klinis,"Buku ini dirancang sebagai panduan untuk memahami prosedur klinis keperawatan, komunikasi terapeutik perawat, serta manajemen perawatan pasien. Dilengkapi dengan contoh kasus dan studi lapangan yang relevan.","keperawatan medikal bedah, keperawatan, praktik klinis, keperawatan gawat darurat",Indonesia,Fisik,245,978-1-67426-629-9,7
497,TRX001321,USR00373,BK01246,2024-08-28,2024-09-11,2024-09-18,Terlambat,21.0,Strategi Media Digital,Jinawi Sitorus,Rajawali Pers,2006,"Fakultas Sosial, Humaniora, & Seni",Ilmu Komunikasi,Komunikasi & Media,"Buku ini dirancang sebagai panduan untuk memahami strategi media dan publikasi, dinamika komunikasi massa, serta pengaruh media sosial terhadap opini publik. Membantu pembaca membangun pemahaman konseptual maupun praktis.","public relations, media sosial, broadcasting, jurnalistik",Inggris,E-book,249,978-0-238-97432-8,9999
498,TRX001331,USR00333,BK01261,2024-11-26,2024-12-10,2024-12-15,Terlambat,19.0,Pengantar Komunikasi Interpersonal Edisi Ke-3,Saiful Kuswoyo,PT Grasindo,2024,"Fakultas Sosial, Humaniora, & Seni",Ilmu Komunikasi,Komunikasi & Media,"Buku ini mengulas berbagai aspek penting dari hubungan masyarakat dan citra publik, dinamika komunikasi massa, serta jurnalisme di era digital. Membantu pembaca membangun pemahaman konseptual maupun praktis.","komunikasi massa, komunikasi interpersonal, public relations, media sosial",Indonesia,E-book,543,978-0-7788-5190-5,9999
499,TRX001333,USR00276,BK01325,2024-05-10,2024-05-24,2024-05-25,Terlambat,15.0,Strategi Content Creation,"Kani Habibi, drg. Oni Pudjiastuti, S.E.",Informatika Bandung,2013,"Fakultas Sosial, Humaniora, & Seni",Ilmu Komunikasi,Jurnalistik & Media Digital,"Buku ini dirancang sebagai panduan untuk memahami jurnalisme online kontemporer, etika jurnalistik di era digital, serta strategi konten media sosial. Disusun dengan bahasa yang mudah dipahami untuk kalangan akademik.","media digital, konten kreator, produksi berita, media sosial",Inggris,E-book,534,978-0-7768-2938-8,9999
500,TRX001334,USR00185,BK00724,2023-10-22,2023-11-05,2023-11-08,Terlambat,17.0,Pembelajaran Klinik Keperawatan Berbasis Bukti,Sabrina Hasanah,Informatika Bandung,2023,"Fakultas Sains, Teknologi, & Kesehatan",Profesi Ners,Keperawatan Profesi Ners,"Buku ini menyajikan kajian komprehensif mengenai etika dan profesionalisme keperawatan, praktik klinik keperawatan profesional, serta residensi dan pembelajaran klinik lanjutan. Disusun dengan bahasa yang mudah dipahami untuk kalangan akademik.","profesi ners, evidence based practice, keperawatan lanjutan, kompetensi ners",Inggris,E-book,501,978-1-209-54814-2,9999
501,TRX001335,USR00195,BK00337,2024-12-30,2025-01-13,2025-01-15,Terlambat,16.0,Optimalisasi Manajemen Operasi,"Darman Susanti, Tgk. Febi Latupono, S.E.",Gramedia Pustaka Utama,2005,"Fakultas Sains, Teknologi, & Kesehatan",Teknik Industri,Teknik Industri & Manajemen Operasi,"Buku ini memberikan pemahaman menyeluruh tentang perencanaan dan pengendalian produksi, optimalisasi proses produksi, serta perancangan sistem kerja industri. Cocok digunakan sebagai referensi utama bagi mahasiswa dan praktisi.","manajemen operasi, perencanaan produksi, six sigma, manajemen kualitas",Indonesia,Fisik,481,978-1-81414-139-4,4
502,TRX001337,USR00218,BK00635,2023-06-20,2023-07-04,2023-07-09,Terlambat,19.0,Dasar Teknologi Sediaan Farmasi,"Hasim Usada, Vino Budiyanto",Elex Media Komputindo,2018,"Fakultas Sains, Teknologi, & Kesehatan",Farmasi,Teknologi Farmasi & Pelayanan Kefarmasian,"Buku ini mengulas berbagai aspek penting dari teknologi pembuatan sediaan obat, praktik farmasi klinis pasien, serta pelayanan kefarmasian di rumah sakit. Disusun dengan bahasa yang mudah dipahami untuk kalangan akademik.","farmasi rumah sakit, sediaan farmasi, pelayanan kefarmasian, compounding obat",Indonesia,Fisik,138,978-0-382-49671-4,0
503,TRX001341,USR00356,BK01228,2023-04-25,2023-05-09,2023-05-12,Terlambat,17.0,Psikologi Kepribadian: Teori dan Aplikasi Edisi Terbaru,drg. Ika Wijaya,Bumi Aksara,2013,"Fakultas Sosial, Humaniora, & Seni",Psikologi,Psikologi Umum & Klinis,"Buku ini membahas secara mendalam tentang gangguan psikologis dan penanganannya, dinamika interaksi sosial manusia, serta perilaku dan proses mental manusia. Membantu pembaca membangun pemahaman konseptual maupun praktis.","psikologi sosial, psikologi klinis, psikologi, kepribadian",Indonesia,Fisik,273,978-0-04-023693-5,2
504,TRX001343,USR00285,BK01089,2023-12-28,2024-01-11,2024-01-12,Terlambat,15.0,Strategi Manajemen Sumber Daya Manusia,Cut Paulin Lazuardi,Erlangga,2007,"Fakultas Sosial, Humaniora, & Seni",Administrasi Bisnis,Administrasi & Manajemen Bisnis,"Buku ini menyajikan kajian komprehensif mengenai administrasi dan operasional bisnis, manajemen sumber daya manusia perusahaan, serta efisiensi operasional organisasi bisnis. Cocok digunakan sebagai referensi utama bagi mahasiswa dan praktisi.","tata kelola perusahaan, manajemen bisnis, manajemen keuangan, manajemen sumber daya manusia",Indonesia,E-book,354,978-1-152-98217-8,9999
505,TRX001349,USR00351,BK00161,2024-02-01,2024-02-15,2024-02-18,Terlambat,17.0,Pengantar Keamanan Siber Edisi Revisi,Balangga Susanti,Salemba Empat,2022,"Fakultas Sains, Teknologi, & Kesehatan",Informatika,Jaringan & Keamanan Siber,"Buku ini membahas secara mendalam tentang protokol komunikasi data, audit keamanan sistem, serta sistem enkripsi. Membantu pembaca membangun pemahaman konseptual maupun praktis.","hacking etis, firewall, cyber security, enkripsi",Indonesia,Fisik,278,978-0-08-330165-2,1
506,TRX001350,USR00228,BK00547,2023-09-02,2023-09-16,2023-09-17,Terlambat,15.0,Konsep Dasar Keperawatan Jiwa,"H. Pranata Prastuti, M.Farm, Usyi Yuniar",Andi Publisher,2008,"Fakultas Sains, Teknologi, & Kesehatan",Keperawatan,Keperawatan Klinis,"Buku ini dirancang sebagai panduan untuk memahami komunikasi terapeutik perawat, penanganan kondisi darurat medis, serta manajemen perawatan pasien. Menjadi rujukan penting dalam perkuliahan dan penelitian terkait.","keperawatan anak, praktik klinis, keperawatan, asuhan keperawatan",Indonesia,E-book,175,978-1-79678-427-5,9999
507,TRX001354,USR00191,BK01231,2023-07-09,2023-07-23,2023-07-26,Terlambat,17.0,Dasar-Dasar Psikologi Perkembangan,"Dr. Tirtayasa Sitompul, Mulya Simbolon, M.TI.",Deepublish,2020,"Fakultas Sosial, Humaniora, & Seni",Psikologi,Psikologi Umum & Klinis,"Buku ini mengulas berbagai aspek penting dari dinamika interaksi sosial manusia, perkembangan kepribadian individu, serta gangguan psikologis dan penanganannya. Cocok digunakan sebagai referensi utama bagi mahasiswa dan praktisi.","psikologi klinis, kesehatan mental, psikoterapi, psikologi sosial",Indonesia,Fisik,296,978-1-933067-45-2,6
508,TRX001355,USR00056,BK01138,2025-02-05,2025-02-19,2025-02-20,Terlambat,15.0,Pengantar Bisnis Digital Edisi Terbaru,"Drs. Indah Pradana, S.Kom, Rachel Mandasari",Elex Media Komputindo,2007,"Fakultas Sosial, Humaniora, & Seni",Administrasi Bisnis,Kewirausahaan & Pemasaran Bisnis,"Buku ini menyajikan kajian komprehensif mengenai manajemen pemasaran produk dan jasa, perencanaan strategi pemasaran, serta membangun bisnis rintisan startup. Menjadi rujukan penting dalam perkuliahan dan penelitian terkait.","kewirausahaan, manajemen pemasaran, strategi pemasaran, bisnis digital",Indonesia,E-book,488,978-1-270-51157-1,9999
509,TRX001363,USR00184,BK00999,2024-11-15,2024-11-29,2024-12-06,Terlambat,21.0,Prinsip Pencahayaan Ruang,"drg. Ayu Simbolon, R.A. Eli Purnawati",PT Grasindo,2007,"Fakultas Sosial, Humaniora, & Seni",Desain Interior,Desain Interior & Arsitektur Ruang,"Buku ini membahas secara mendalam tentang pemilihan material dan furnitur, konsep arsitektur ruang dalam modern, serta perancangan tata ruang interior. Cocok digunakan sebagai referensi utama bagi mahasiswa dan praktisi.","desain interior, furnitur, pencahayaan ruang, material interior",Inggris,Fisik,314,978-0-509-68832-9,1
510,TRX001365,USR00290,BK00482,2025-08-18,2025-09-01,2025-09-07,Terlambat,20.0,Panduan Keperawatan Dasar,"Sidiq Saputra, S.Psi, Hasna Januar",Elex Media Komputindo,2010,"Fakultas Sains, Teknologi, & Kesehatan",Keperawatan,Keperawatan Klinis,"Buku ini dirancang sebagai panduan untuk memahami prosedur klinis keperawatan, asuhan keperawatan pasien, serta penanganan kondisi darurat medis. Dilengkapi dengan contoh kasus dan studi lapangan yang relevan.","asuhan keperawatan, praktik klinis, keperawatan gawat darurat, keperawatan anak",Indonesia,E-book,213,978-1-7393852-5-5,9999
511,TRX001366,USR00278,BK01360,2024-01-09,2024-01-23,2024-01-26,Terlambat,17.0,Dasar-Dasar Komunikasi Digital Edisi Ke-3,Natalia Napitupulu,Informatika Bandung,2009,"Fakultas Sosial, Humaniora, & Seni",Ilmu Komunikasi,Jurnalistik & Media Digital,"Buku ini menyajikan kajian komprehensif mengenai produksi berita di media digital, jurnalisme online kontemporer, serta komunikasi digital dan audiens. Cocok digunakan sebagai referensi utama bagi mahasiswa dan praktisi.","konten kreator, komunikasi digital, jurnalistik, media sosial",Inggris,Fisik,326,978-0-9746191-7-0,8
512,TRX001367,USR00273,BK00780,2023-09-21,2023-10-05,2023-10-06,Terlambat,15.0,Modul Keperawatan Berbasis Bukti Edisi Terbaru,"Edison Prasetyo, S.Sos",Graha Ilmu,2009,"Fakultas Sains, Teknologi, & Kesehatan",Profesi Ners,Keperawatan Profesi Ners,"Buku ini menyajikan kajian komprehensif mengenai kompetensi ners dalam asuhan pasien, residensi dan pembelajaran klinik lanjutan, serta etika dan profesionalisme keperawatan. Membantu pembaca membangun pemahaman konseptual maupun praktis.","profesi ners, residensi keperawatan, keperawatan komprehensif, kompetensi ners",Indonesia,Fisik,146,978-1-213-14519-1,5
513,TRX001370,USR00191,BK01128,2024-03-27,2024-04-10,2024-04-12,Terlambat,16.0,Strategi Manajemen Pemasaran,Vega Hutapea,Bumi Aksara,2011,"Fakultas Sosial, Humaniora, & Seni",Administrasi Bisnis,Kewirausahaan & Pemasaran Bisnis,"Buku ini memberikan pemahaman menyeluruh tentang membangun bisnis rintisan startup, strategi kewirausahaan dan inovasi bisnis, serta manajemen pemasaran produk dan jasa. Menjadi rujukan penting dalam perkuliahan dan penelitian terkait.","bisnis digital, strategi pemasaran, kewirausahaan, startup",Indonesia,Fisik,374,978-0-10-633016-4,1
514,TRX001371,USR00090,BK01327,2024-07-24,2024-08-07,2024-08-14,Terlambat,21.0,Dasar-Dasar Media Sosial,Zelda Widiastuti,Elex Media Komputindo,2022,"Fakultas Sosial, Humaniora, & Seni",Ilmu Komunikasi,Jurnalistik & Media Digital,"Buku ini dirancang sebagai panduan untuk memahami komunikasi digital dan audiens, strategi konten media sosial, serta produksi berita di media digital. Menjadi rujukan penting dalam perkuliahan dan penelitian terkait.","media sosial, media digital, komunikasi digital, produksi berita",Indonesia,Fisik,409,978-1-03-359101-7,1
515,TRX001373,USR00223,BK00171,2025-10-20,2025-11-03,2025-11-04,Terlambat,15.0,Membangun Kriptografi yang Aman,Uda Melani,Erlangga,2024,"Fakultas Sains, Teknologi, & Kesehatan",Informatika,Jaringan & Keamanan Siber,"Buku ini menyajikan kajian komprehensif mengenai ancaman siber, keamanan jaringan komputer, serta sistem enkripsi. Disusun dengan bahasa yang mudah dipahami untuk kalangan akademik.","kriptografi, enkripsi, cyber security, hacking etis",Indonesia,Fisik,195,978-0-7286-7908-5,1
516,TRX001374,USR00039,BK01003,2025-12-08,2025-12-22,2025-12-25,Terlambat,17.0,Material dan Furnitur: Konsep dan Aplikasi,"Nasrullah Sudiati, Kasusra Dongoran, M.M.",Gramedia Pustaka Utama,2014,"Fakultas Sosial, Humaniora, & Seni",Desain Interior,Desain Interior & Arsitektur Ruang,"Buku ini membahas secara mendalam tentang prinsip pencahayaan dan estetika ruang, perancangan tata ruang interior, serta konsep arsitektur ruang dalam modern. Dilengkapi dengan contoh kasus dan studi lapangan yang relevan.","desain interior, pencahayaan ruang, ergonomi ruang, arsitektur ruang",Inggris,E-book,285,978-0-460-56876-0,9999
517,TRX001377,USR00053,BK01188,2025-05-24,2025-06-07,2025-06-08,Terlambat,15.0,Psikologi Kepribadian: Teori dan Aplikasi,"Cakrajiya Salahudin, Pangeran Wijaya",Andi Publisher,2009,"Fakultas Sosial, Humaniora, & Seni",Psikologi,Psikologi Umum & Klinis,"Buku ini dirancang sebagai panduan untuk memahami dinamika interaksi sosial manusia, perilaku dan proses mental manusia, serta intervensi psikoterapi klinis. Disusun dengan bahasa yang mudah dipahami untuk kalangan akademik.","psikologi sosial, perkembangan manusia, kesehatan mental, psikologi",Indonesia,Fisik,496,978-1-08-018498-9,1
518,TRX001383,USR00376,BK00521,2024-06-28,2024-07-12,2024-07-17,Terlambat,19.0,Dasar-Dasar Keperawatan Gawat Darurat,Irnanto Rajata,Alfabeta,2010,"Fakultas Sains, Teknologi, & Kesehatan",Keperawatan,Keperawatan Klinis,"Buku ini dirancang sebagai panduan untuk memahami komunikasi terapeutik perawat, penanganan kondisi darurat medis, serta manajemen perawatan pasien. Cocok digunakan sebagai referensi utama bagi mahasiswa dan praktisi.","praktik klinis, keperawatan, keperawatan anak, keperawatan gawat darurat",Indonesia,Fisik,143,978-0-380-55257-3,0
519,TRX001385,USR00340,BK00619,2025-10-19,2025-11-02,2025-11-05,Terlambat,17.0,Kimia Farmasi untuk Praktik Klinis,"Sari Widiastuti, M.Pd",Nuha Medika,2012,"Fakultas Sains, Teknologi, & Kesehatan",Farmasi,Farmakologi & Kefarmasian,"Buku ini menyajikan kajian komprehensif mengenai formulasi sediaan farmasi, interaksi obat dalam tubuh, serta efek samping dan dosis obat. Disusun dengan bahasa yang mudah dipahami untuk kalangan akademik.","farmakokinetik, farmasi klinis, obat, formulasi obat",Indonesia,E-book,179,978-1-4492-6831-2,9999
520,TRX001389,USR00017,BK00174,2025-05-22,2025-06-05,2025-06-12,Terlambat,21.0,Ethical Hacking: Prinsip dan Praktik,Keisha Waluyo,Nuha Medika,2013,"Fakultas Sains, Teknologi, & Kesehatan",Informatika,Jaringan & Keamanan Siber,"Buku ini menyajikan kajian komprehensif mengenai proteksi data digital, ancaman siber, serta audit keamanan sistem. Disusun dengan bahasa yang mudah dipahami untuk kalangan akademik.","enkripsi, jaringan komputer, kriptografi, protokol jaringan",Indonesia,Fisik,434,978-0-512-86823-7,3
521,TRX001390,USR00252,BK01305,2025-05-10,2025-05-24,2025-05-31,Terlambat,21.0,Jurnalistik Digital di Era Digital Edisi Ke-3,Winda Budiyanto,Informatika Bandung,2018,"Fakultas Sosial, Humaniora, & Seni",Ilmu Komunikasi,Jurnalistik & Media Digital,"Buku ini menyajikan kajian komprehensif mengenai produksi berita di media digital, strategi konten media sosial, serta etika jurnalistik di era digital. Membantu pembaca membangun pemahaman konseptual maupun praktis.","produksi berita, jurnalistik, media sosial, media digital",Indonesia,E-book,517,978-0-10-401648-0,9999
522,TRX001392,USR00348,BK00635,2024-10-19,2024-11-02,2024-11-03,Terlambat,15.0,Dasar Teknologi Sediaan Farmasi,"Hasim Usada, Vino Budiyanto",Elex Media Komputindo,2018,"Fakultas Sains, Teknologi, & Kesehatan",Farmasi,Teknologi Farmasi & Pelayanan Kefarmasian,"Buku ini mengulas berbagai aspek penting dari teknologi pembuatan sediaan obat, praktik farmasi klinis pasien, serta pelayanan kefarmasian di rumah sakit. Disusun dengan bahasa yang mudah dipahami untuk kalangan akademik.","farmasi rumah sakit, sediaan farmasi, pelayanan kefarmasian, compounding obat",Indonesia,Fisik,138,978-0-382-49671-4,0
523,TRX001396,USR00200,BK01186,2025-04-05,2025-04-19,2025-04-26,Terlambat,21.0,Memahami Psikologi Perkembangan,"Eluh Widiastuti, Nabila Wacana",UI Press,2016,"Fakultas Sosial, Humaniora, & Seni",Psikologi,Psikologi Umum & Klinis,"Buku ini membahas secara mendalam tentang gangguan psikologis dan penanganannya, perkembangan kepribadian individu, serta dinamika interaksi sosial manusia. Membantu pembaca membangun pemahaman konseptual maupun praktis.","perkembangan manusia, psikoterapi, psikologi, kepribadian",Inggris,E-book,136,978-0-10-219237-7,9999
524,TRX001398,USR00261,BK01056,2023-10-09,2023-10-23,2023-10-30,Terlambat,21.0,Dasar-Dasar Manajemen Sumber Daya Manusia,"Dr. Gilang Namaga, S.H.",Salemba Empat,2016,"Fakultas Sosial, Humaniora, & Seni",Administrasi Bisnis,Administrasi & Manajemen Bisnis,"Buku ini memberikan pemahaman menyeluruh tentang administrasi dan operasional bisnis, manajemen sumber daya manusia perusahaan, serta pengelolaan keuangan bisnis. Dilengkapi dengan contoh kasus dan studi lapangan yang relevan.","tata kelola perusahaan, manajemen bisnis, manajemen keuangan, administrasi bisnis",Indonesia,E-book,300,978-1-212-93289-1,9999
525,TRX001402,USR00263,BK00201,2025-10-10,2025-10-24,2025-10-28,Terlambat,18.0,Pengantar Infrastruktur Jaringan Edisi Revisi,Nilam Maulana,Deepublish,2023,"Fakultas Sains, Teknologi, & Kesehatan",Informatika,Jaringan & Keamanan Siber,"Buku ini menyajikan kajian komprehensif mengenai keamanan jaringan komputer, protokol komunikasi data, serta ancaman siber. Dilengkapi dengan contoh kasus dan studi lapangan yang relevan.","cyber security, enkripsi, protokol jaringan, jaringan komputer",Inggris,Fisik,186,978-0-646-47154-9,6
526,TRX001407,USR00279,BK00543,2025-02-18,2025-03-04,2025-03-11,Terlambat,21.0,Konsep Dasar Keperawatan Anak,"Prabawa Sihotang, Jaka Kusumo",Graha Ilmu,2021,"Fakultas Sains, Teknologi, & Kesehatan",Keperawatan,Keperawatan Klinis,"Buku ini dirancang sebagai panduan untuk memahami prosedur klinis keperawatan, penanganan kondisi darurat medis, serta manajemen perawatan pasien. Membantu pembaca membangun pemahaman konseptual maupun praktis.","praktik klinis, keperawatan, asuhan keperawatan, keperawatan gawat darurat",Inggris,Fisik,293,978-1-5480-1571-8,4
527,TRX001409,USR00174,BK00101,2023-07-25,2023-08-08,2023-08-10,Terlambat,16.0,Membangun Sistem Machine Learning Edisi Revisi,"Lulut Wahyuni, Tgk. Ana Najmudin, S.T.",Deepublish,2011,"Fakultas Sains, Teknologi, & Kesehatan",Informatika,Kecerdasan Buatan & Data Science,"Buku ini dirancang sebagai panduan untuk memahami pembelajaran mesin, otomatisasi cerdas, serta analisis data besar. Disusun dengan bahasa yang mudah dipahami untuk kalangan akademik.","artificial intelligence, data mining, neural network, kecerdasan buatan",Inggris,E-book,359,978-1-5022-9612-2,9999
528,TRX001410,USR00205,BK00951,2023-01-10,2023-01-24,2023-01-29,Terlambat,19.0,Tata Ruang: Konsep dan Aplikasi,Budi Nurdiyanti,Informatika Bandung,2011,"Fakultas Sosial, Humaniora, & Seni",Desain Interior,Desain Interior & Arsitektur Ruang,"Buku ini mengulas berbagai aspek penting dari konsep arsitektur ruang dalam modern, pemilihan material dan furnitur, serta perancangan tata ruang interior. Membantu pembaca membangun pemahaman konseptual maupun praktis.","material interior, ergonomi ruang, tata ruang, furnitur",Inggris,Fisik,226,978-1-9994973-2-3,8
529,TRX001411,USR00158,BK00590,2024-04-11,2024-04-25,2024-05-02,Terlambat,21.0,Farmakognosi untuk Praktik Klinis,"Ir. Eko Sinaga, S.Gz",Andi Publisher,2006,"Fakultas Sains, Teknologi, & Kesehatan",Farmasi,Farmakologi & Kefarmasian,"Buku ini dirancang sebagai panduan untuk memahami efek samping dan dosis obat, mekanisme kerja obat, serta interaksi obat dalam tubuh. Menjadi rujukan penting dalam perkuliahan dan penelitian terkait.","formulasi obat, farmakologi, toksikologi, obat",Indonesia,Fisik,544,978-1-164-23610-8,1
530,TRX001414,USR00028,BK00437,2023-08-07,2023-08-21,2023-08-26,Terlambat,19.0,Manajemen Keselamatan dan Kesehatan Kerja Edisi Ke-2,"Gilang Hutasoit, M.TI.",Deepublish,2023,"Fakultas Sains, Teknologi, & Kesehatan",Teknik Industri,Ergonomi & Rantai Pasok,"Buku ini dirancang sebagai panduan untuk memahami optimalisasi jaringan logistik, keselamatan dan kesehatan kerja industri, serta analisis ergonomi tempat kerja. Dilengkapi dengan contoh kasus dan studi lapangan yang relevan.","distribusi, ergonomi, supply chain, analisis beban kerja",Indonesia,E-book,185,978-0-686-02592-4,9999
531,TRX001418,USR00017,BK00646,2024-09-05,2024-09-19,2024-09-22,Terlambat,17.0,Pengantar Pelayanan Kefarmasian,"Karja Hastuti, M.Kom., Padma Gunawan",Deepublish,2011,"Fakultas Sains, Teknologi, & Kesehatan",Farmasi,Teknologi Farmasi & Pelayanan Kefarmasian,"Buku ini dirancang sebagai panduan untuk memahami standar pelayanan farmasi profesional, praktik farmasi klinis pasien, serta manajemen obat dan compounding. Menjadi rujukan penting dalam perkuliahan dan penelitian terkait.","sediaan farmasi, farmasi komunitas, pelayanan kefarmasian, farmasi rumah sakit",Indonesia,Fisik,230,978-0-468-75063-1,1
532,TRX001423,USR00218,BK00742,2023-06-20,2023-07-04,2023-07-07,Terlambat,17.0,Pembelajaran Klinik Keperawatan Komprehensif,"R. Cayadi Novitasari, S.Pd, Dr. Cinta Nuraini",Pustaka Pelajar,2005,"Fakultas Sains, Teknologi, & Kesehatan",Profesi Ners,Keperawatan Profesi Ners,"Buku ini membahas secara mendalam tentang residensi dan pembelajaran klinik lanjutan, etika dan profesionalisme keperawatan, serta kompetensi ners dalam asuhan pasien. Menjadi rujukan penting dalam perkuliahan dan penelitian terkait.","keperawatan lanjutan, praktik klinis ners, residensi keperawatan, keperawatan komprehensif",Indonesia,Fisik,407,978-1-84910-256-8,7
533,TRX001425,USR00159,BK00317,2023-04-14,2023-04-28,2023-04-30,Terlambat,16.0,Perancangan Perencanaan Produksi,Sakura Rahmawati,PT Grasindo,2022,"Fakultas Sains, Teknologi, & Kesehatan",Teknik Industri,Teknik Industri & Manajemen Operasi,"Buku ini menyajikan kajian komprehensif mengenai optimalisasi proses produksi, efisiensi tata letak fasilitas pabrik, serta perencanaan dan pengendalian produksi. Dilengkapi dengan contoh kasus dan studi lapangan yang relevan.","perencanaan produksi, tata letak pabrik, efisiensi kerja, manajemen kualitas",Indonesia,Fisik,198,978-1-08-086978-7,4
534,TRX001427,USR00281,BK00166,2023-08-10,2023-08-24,2023-08-25,Terlambat,15.0,Kriptografi: Prinsip dan Praktik Edisi Ke-3,"Tgk. Bakianto Wacana, Bakiono Nashiruddin, S.E.I",PT Grasindo,2006,"Fakultas Sains, Teknologi, & Kesehatan",Informatika,Jaringan & Keamanan Siber,"Buku ini menyajikan kajian komprehensif mengenai sistem enkripsi, keamanan jaringan komputer, serta proteksi data digital. Membantu pembaca membangun pemahaman konseptual maupun praktis.","keamanan siber, firewall, cyber security, jaringan komputer",Indonesia,Fisik,264,978-1-304-63745-1,4
535,TRX001433,USR00138,BK01208,2024-11-04,2024-11-18,2024-11-20,Terlambat,16.0,Konsep Psikologi Kepribadian Modern Edisi Terbaru,"T. Danang Wulandari, M.Kom.",Pustaka Pelajar,2011,"Fakultas Sosial, Humaniora, & Seni",Psikologi,Psikologi Umum & Klinis,"Buku ini mengulas berbagai aspek penting dari dinamika interaksi sosial manusia, gangguan psikologis dan penanganannya, serta perkembangan kepribadian individu. Disusun dengan bahasa yang mudah dipahami untuk kalangan akademik.","perkembangan manusia, psikologi sosial, kesehatan mental, psikologi klinis",Indonesia,E-book,503,978-1-5078-9679-2,9999
536,TRX001434,USR00174,BK00259,2023-08-27,2023-09-10,2023-09-13,Terlambat,17.0,Pengantar SQL Server Relasional Edisi Revisi,"Patricia Hakim, Sutan Kamal Wibisono, S.I.Kom",Pustaka Pelajar,2007,"Fakultas Sains, Teknologi, & Kesehatan",Informatika,Basis Data,"Buku ini membahas secara mendalam tentang manajemen sistem basis data, arsitektur data warehouse, serta query dan manipulasi data. Cocok digunakan sebagai referensi utama bagi mahasiswa dan praktisi.","normalisasi, nosql, database, basis data",Indonesia,Fisik,514,978-0-395-59059-1,6
537,TRX001435,USR00130,BK00507,2025-08-27,2025-09-10,2025-09-16,Terlambat,20.0,Keperawatan Gawat Darurat: Teori dan Praktik Klinis,Rahmi Manullang,Gramedia Pustaka Utama,2020,"Fakultas Sains, Teknologi, & Kesehatan",Keperawatan,Keperawatan Klinis,"Buku ini mengulas berbagai aspek penting dari penanganan kondisi darurat medis, asuhan keperawatan pasien, serta komunikasi terapeutik perawat. Membantu pembaca membangun pemahaman konseptual maupun praktis.","keperawatan, asuhan keperawatan, praktik klinis, keperawatan anak",Inggris,E-book,380,978-0-16-873977-6,9999
538,TRX001439,USR00247,BK00185,2025-03-23,2025-04-06,2025-04-13,Terlambat,21.0,Pengantar Kriptografi Edisi Revisi,Hairyanto Sihotang,Elex Media Komputindo,2020,"Fakultas Sains, Teknologi, & Kesehatan",Informatika,Jaringan & Keamanan Siber,"Buku ini mengulas berbagai aspek penting dari keamanan jaringan komputer, protokol komunikasi data, serta audit keamanan sistem. Membantu pembaca membangun pemahaman konseptual maupun praktis.","enkripsi, keamanan siber, jaringan komputer, cyber security",Indonesia,Fisik,225,978-0-932048-99-8,2
539,TRX001442,USR00167,BK01326,2024-09-21,2024-10-05,2024-10-07,Terlambat,16.0,Dasar-Dasar Produksi Berita,"Tgk. Icha Gunarto, S.IP",Elex Media Komputindo,2020,"Fakultas Sosial, Humaniora, & Seni",Ilmu Komunikasi,Jurnalistik & Media Digital,"Buku ini dirancang sebagai panduan untuk memahami komunikasi digital dan audiens, strategi konten media sosial, serta produksi berita di media digital. Disusun dengan bahasa yang mudah dipahami untuk kalangan akademik.","media sosial, produksi berita, jurnalistik, konten kreator",Inggris,E-book,458,978-1-80873-543-1,9999
540,TRX001445,USR00069,BK01080,2025-02-28,2025-03-14,2025-03-17,Terlambat,17.0,Pengantar Manajemen Sumber Daya Manusia,"R. Bella Zulaika, S.I.Kom, Xanana Saefullah",Informatika Bandung,2023,"Fakultas Sosial, Humaniora, & Seni",Administrasi Bisnis,Administrasi & Manajemen Bisnis,"Buku ini menyajikan kajian komprehensif mengenai administrasi dan operasional bisnis, efisiensi operasional organisasi bisnis, serta manajemen sumber daya manusia perusahaan. Menjadi rujukan penting dalam perkuliahan dan penelitian terkait.","manajemen sumber daya manusia, manajemen keuangan, manajemen bisnis, tata kelola perusahaan",Inggris,E-book,545,978-0-9762637-4-6,9999
541,TRX001452,USR00059,BK01246,2024-05-30,2024-06-13,2024-06-14,Terlambat,15.0,Strategi Media Digital,Jinawi Sitorus,Rajawali Pers,2006,"Fakultas Sosial, Humaniora, & Seni",Ilmu Komunikasi,Komunikasi & Media,"Buku ini dirancang sebagai panduan untuk memahami strategi media dan publikasi, dinamika komunikasi massa, serta pengaruh media sosial terhadap opini publik. Membantu pembaca membangun pemahaman konseptual maupun praktis.","public relations, media sosial, broadcasting, jurnalistik",Inggris,E-book,249,978-0-238-97432-8,9999
542,TRX001455,USR00230,BK00730,2025-08-28,2025-09-11,2025-09-12,Terlambat,15.0,Kompetensi Keperawatan Berbasis Bukti Edisi Ke-3,"Kamidin Yulianti, Rika Fujiati",Bumi Aksara,2005,"Fakultas Sains, Teknologi, & Kesehatan",Profesi Ners,Keperawatan Profesi Ners,"Buku ini menyajikan kajian komprehensif mengenai kompetensi ners dalam asuhan pasien, residensi dan pembelajaran klinik lanjutan, serta penerapan evidence-based practice. Dilengkapi dengan contoh kasus dan studi lapangan yang relevan.","praktik klinis ners, kompetensi ners, keperawatan lanjutan, evidence based practice",Indonesia,Fisik,433,978-1-301-36749-8,7
543,TRX001456,USR00263,BK00362,2025-10-07,2025-10-21,2025-10-23,Terlambat,16.0,Perancangan Manajemen Operasi,Ajeng Pangestu,Bumi Aksara,2021,"Fakultas Sains, Teknologi, & Kesehatan",Teknik Industri,Teknik Industri & Manajemen Operasi,"Buku ini membahas secara mendalam tentang perancangan sistem kerja industri, manajemen kualitas dan produktivitas, serta efisiensi tata letak fasilitas pabrik. Dilengkapi dengan contoh kasus dan studi lapangan yang relevan.","manajemen kualitas, produktivitas, six sigma, perencanaan produksi",Indonesia,Fisik,330,978-0-09-883920-1,5
544,TRX001458,USR00045,BK00504,2025-10-19,2025-11-02,2025-11-06,Terlambat,18.0,Keperawatan Medikal Bedah: Teori dan Praktik Klinis,"Shania Simbolon, S.H., R. Gamani Pradana, S.IP",Alfabeta,2022,"Fakultas Sains, Teknologi, & Kesehatan",Keperawatan,Keperawatan Klinis,"Buku ini dirancang sebagai panduan untuk memahami penanganan kondisi darurat medis, manajemen perawatan pasien, serta komunikasi terapeutik perawat. Disusun dengan bahasa yang mudah dipahami untuk kalangan akademik.","keperawatan gawat darurat, keperawatan medikal bedah, keperawatan anak, keperawatan",Indonesia,Fisik,207,978-1-363-17970-1,5
545,TRX001464,USR00069,BK00893,2025-06-13,2025-06-27,2025-07-03,Terlambat,20.0,Videografi: Konsep dan Praktik Edisi Ke-3,Tiara Oktaviani,PT Grasindo,2015,"Fakultas Sosial, Humaniora, & Seni",Desain Komunikasi Visual,Fotografi & Multimedia,"Buku ini dirancang sebagai panduan untuk memahami teknik pengambilan gambar fotografi, editing visual dan videografi, serta animasi dan motion graphic. Menjadi rujukan penting dalam perkuliahan dan penelitian terkait.","fotografi, motion graphic, media interaktif, multimedia",Indonesia,Fisik,376,978-1-132-83483-1,6
546,TRX001465,USR00253,BK01197,2024-04-24,2024-05-08,2024-05-15,Terlambat,21.0,Dasar-Dasar Psikologi Kepribadian Edisi Ke-3,Ina Nababan,Pustaka Pelajar,2009,"Fakultas Sosial, Humaniora, & Seni",Psikologi,Psikologi Umum & Klinis,"Buku ini memberikan pemahaman menyeluruh tentang gangguan psikologis dan penanganannya, perilaku dan proses mental manusia, serta intervensi psikoterapi klinis. Dilengkapi dengan contoh kasus dan studi lapangan yang relevan.","perkembangan manusia, psikologi sosial, kepribadian, kesehatan mental",Indonesia,E-book,225,978-1-4496-3924-2,9999
547,TRX001466,USR00337,BK01190,2023-12-13,2023-12-27,2024-01-01,Terlambat,19.0,Dasar-Dasar Psikologi Umum Edisi Revisi,"Lutfan Namaga, S.Pt",PT Grasindo,2007,"Fakultas Sosial, Humaniora, & Seni",Psikologi,Psikologi Umum & Klinis,"Buku ini membahas secara mendalam tentang gangguan psikologis dan penanganannya, perilaku dan proses mental manusia, serta dinamika interaksi sosial manusia. Disusun dengan bahasa yang mudah dipahami untuk kalangan akademik.","psikoterapi, psikologi, kepribadian, kesehatan mental",Inggris,E-book,306,978-0-8217-8192-0,9999
548,TRX001467,USR00285,BK01084,2025-07-29,2025-08-12,2025-08-18,Terlambat,20.0,Pengantar Manajemen Sumber Daya Manusia,"Nabila Mandala, S.Psi",UI Press,2020,"Fakultas Sosial, Humaniora, & Seni",Administrasi Bisnis,Administrasi & Manajemen Bisnis,"Buku ini memberikan pemahaman menyeluruh tentang pengelolaan keuangan bisnis, administrasi dan operasional bisnis, serta manajemen sumber daya manusia perusahaan. Dilengkapi dengan contoh kasus dan studi lapangan yang relevan.","administrasi bisnis, tata kelola perusahaan, manajemen keuangan, manajemen bisnis",Indonesia,Fisik,503,978-0-452-64712-1,0
549,TRX001470,USR00307,BK00740,2023-06-15,2023-06-29,2023-07-01,Terlambat,16.0,Residensi Keperawatan: Praktik Klinis Lanjutan Edisi Ke-2,Winda Fujiati,PT Grasindo,2022,"Fakultas Sains, Teknologi, & Kesehatan",Profesi Ners,Keperawatan Profesi Ners,"Buku ini mengulas berbagai aspek penting dari etika dan profesionalisme keperawatan, kompetensi ners dalam asuhan pasien, serta penerapan evidence-based practice. Menjadi rujukan penting dalam perkuliahan dan penelitian terkait.","praktik klinis ners, profesi ners, keperawatan komprehensif, keperawatan lanjutan",Inggris,Fisik,462,978-0-931418-18-1,8
550,TRX001473,USR00100,BK01338,2023-01-07,2023-01-21,2023-01-25,Terlambat,18.0,Praktik Jurnalistik Digital,"KH. Galang Melani, S.T.",Bumi Aksara,2020,"Fakultas Sosial, Humaniora, & Seni",Ilmu Komunikasi,Jurnalistik & Media Digital,"Buku ini membahas secara mendalam tentang jurnalisme online kontemporer, komunikasi digital dan audiens, serta etika jurnalistik di era digital. Disusun dengan bahasa yang mudah dipahami untuk kalangan akademik.","media digital, jurnalistik, produksi berita, konten kreator",Indonesia,Fisik,303,978-0-273-00869-9,1
551,TRX001474,USR00232,BK00151,2024-08-01,2024-08-15,2024-08-22,Terlambat,21.0,Ethical Hacking: Prinsip dan Praktik Edisi Ke-2,Belinda Winarno,Alfabeta,2014,"Fakultas Sains, Teknologi, & Kesehatan",Informatika,Jaringan & Keamanan Siber,"Buku ini mengulas berbagai aspek penting dari ancaman siber, sistem enkripsi, serta proteksi data digital. Disusun dengan bahasa yang mudah dipahami untuk kalangan akademik.","jaringan komputer, firewall, cyber security, hacking etis",Indonesia,Fisik,504,978-1-991216-55-7,6
552,TRX001477,USR00192,BK00830,2024-10-28,2024-11-11,2024-11-18,Terlambat,21.0,Pengantar Desain Komunikasi Visual Edisi Revisi,"drg. Maria Pangestu, dr. Kasiyah Usamah",Andi Publisher,2018,"Fakultas Sosial, Humaniora, & Seni",Desain Komunikasi Visual,Desain Komunikasi Visual & Ilustrasi,"Buku ini memberikan pemahaman menyeluruh tentang strategi branding melalui visual, prinsip visual dan tipografi, serta proses kreatif desain grafis. Menjadi rujukan penting dalam perkuliahan dan penelitian terkait.","seni rupa, branding, desain grafis, tipografi",Indonesia,Fisik,540,978-1-208-49649-9,8
553,TRX001482,USR00270,BK00074,2023-02-23,2023-03-09,2023-03-11,Terlambat,16.0,Konsep Dasar Natural Language Processing,Uli Kusmawati,Kencana Prenada,2009,"Fakultas Sains, Teknologi, & Kesehatan",Informatika,Kecerdasan Buatan & Data Science,"Buku ini mengulas berbagai aspek penting dari prediksi berbasis data, otomatisasi cerdas, serta pembelajaran mesin. Disusun dengan bahasa yang mudah dipahami untuk kalangan akademik.","data science, machine learning, neural network, artificial intelligence",Indonesia,Fisik,251,978-1-270-28951-7,3
554,TRX001486,USR00207,BK01175,2025-09-24,2025-10-08,2025-10-13,Terlambat,19.0,Memahami Psikologi Perkembangan,Cengkir Zulaika,Alfabeta,2021,"Fakultas Sosial, Humaniora, & Seni",Psikologi,Psikologi Umum & Klinis,"Buku ini dirancang sebagai panduan untuk memahami intervensi psikoterapi klinis, dinamika interaksi sosial manusia, serta gangguan psikologis dan penanganannya. Menjadi rujukan penting dalam perkuliahan dan penelitian terkait.","psikologi klinis, psikologi sosial, kesehatan mental, psikologi",Indonesia,Fisik,359,978-0-471-65609-8,1
555,TRX001494,USR00116,BK01335,2025-10-28,2025-11-11,2025-11-12,Terlambat,15.0,Pengantar Produksi Berita,Ana Pudjiastuti,PT Grasindo,2008,"Fakultas Sosial, Humaniora, & Seni",Ilmu Komunikasi,Jurnalistik & Media Digital,"Buku ini memberikan pemahaman menyeluruh tentang komunikasi digital dan audiens, jurnalisme online kontemporer, serta produksi berita di media digital. Cocok digunakan sebagai referensi utama bagi mahasiswa dan praktisi.","media sosial, produksi berita, konten kreator, media digital",Indonesia,Fisik,504,978-1-958264-18-8,2
556,TRX001495,USR00156,BK00338,2024-11-15,2024-11-29,2024-12-06,Terlambat,21.0,Optimalisasi Manajemen Operasi Edisi Ke-3,Julia Tamba,Bumi Aksara,2007,"Fakultas Sains, Teknologi, & Kesehatan",Teknik Industri,Teknik Industri & Manajemen Operasi,"Buku ini memberikan pemahaman menyeluruh tentang perancangan sistem kerja industri, optimalisasi proses produksi, serta manajemen kualitas dan produktivitas. Membantu pembaca membangun pemahaman konseptual maupun praktis.","perencanaan produksi, manajemen operasi, efisiensi kerja, manajemen kualitas",Indonesia,Fisik,122,978-0-14-913577-1,8
557,TRX001497,USR00358,BK01044,2024-05-13,2024-05-27,2024-05-29,Terlambat,16.0,Manajemen Sumber Daya Manusia: Teori dan Praktik,Farhunnisa Samosir,Erlangga,2021,"Fakultas Sosial, Humaniora, & Seni",Administrasi Bisnis,Administrasi & Manajemen Bisnis,"Buku ini menyajikan kajian komprehensif mengenai efisiensi operasional organisasi bisnis, pengelolaan keuangan bisnis, serta manajemen sumber daya manusia perusahaan. Cocok digunakan sebagai referensi utama bagi mahasiswa dan praktisi.","tata kelola perusahaan, manajemen bisnis, manajemen sumber daya manusia, manajemen keuangan",Inggris,E-book,471,978-1-4950-0507-7,9999
558,TRX001499,USR00120,BK01272,2023-02-18,2023-03-04,2023-03-10,Terlambat,20.0,Komunikasi Massa di Era Digital,"Drajat Mustofa, S.Gz",Rajawali Pers,2006,"Fakultas Sosial, Humaniora, & Seni",Ilmu Komunikasi,Komunikasi & Media,"Buku ini dirancang sebagai panduan untuk memahami pengaruh media sosial terhadap opini publik, hubungan masyarakat dan citra publik, serta dinamika komunikasi massa. Dilengkapi dengan contoh kasus dan studi lapangan yang relevan.","komunikasi massa, public relations, media sosial, broadcasting",Indonesia,E-book,549,978-0-01-623419-4,9999
559,TRX001500,USR00171,BK00508,2023-05-09,2023-05-23,2023-05-25,Terlambat,16.0,Keperawatan Maternitas: Teori dan Praktik Klinis,Amalia Aryani,UI Press,2022,"Fakultas Sains, Teknologi, & Kesehatan",Keperawatan,Keperawatan Klinis,"Buku ini membahas secara mendalam tentang penanganan kondisi darurat medis, prosedur klinis keperawatan, serta manajemen perawatan pasien. Menjadi rujukan penting dalam perkuliahan dan penelitian terkait.","keperawatan gawat darurat, keperawatan, keperawatan anak, praktik klinis",Indonesia,E-book,458,978-0-569-39290-7,9999
560,TRX001506,USR00223,BK00775,2024-08-25,2024-09-08,2024-09-09,Terlambat,15.0,Keperawatan Komprehensif: Praktik Klinis Lanjutan,"drg. Silvia Sudiati, S.Kom",Pustaka Pelajar,2015,"Fakultas Sains, Teknologi, & Kesehatan",Profesi Ners,Keperawatan Profesi Ners,"Buku ini mengulas berbagai aspek penting dari residensi dan pembelajaran klinik lanjutan, kompetensi ners dalam asuhan pasien, serta praktik klinik keperawatan profesional. Dilengkapi dengan contoh kasus dan studi lapangan yang relevan.","profesi ners, keperawatan lanjutan, keperawatan komprehensif, residensi keperawatan",Indonesia,E-book,294,978-0-16-376182-6,9999
561,TRX001510,USR00048,BK01366,2025-05-16,2025-05-30,2025-06-02,Terlambat,17.0,Dasar-Dasar Komunikasi Digital,Mahdi Zulaika,Deepublish,2015,"Fakultas Sosial, Humaniora, & Seni",Ilmu Komunikasi,Jurnalistik & Media Digital,"Buku ini mengulas berbagai aspek penting dari komunikasi digital dan audiens, jurnalisme online kontemporer, serta strategi konten media sosial. Dilengkapi dengan contoh kasus dan studi lapangan yang relevan.","konten kreator, media digital, media sosial, jurnalistik",Inggris,E-book,279,978-0-85725-629-4,9999
562,TRX001511,USR00024,BK00955,2025-12-06,2025-12-20,2025-12-26,Terlambat,20.0,Dasar-Dasar Tata Ruang,dr. Martana Tampubolon,Deepublish,2006,"Fakultas Sosial, Humaniora, & Seni",Desain Interior,Desain Interior & Arsitektur Ruang,"Buku ini memberikan pemahaman menyeluruh tentang ergonomi dalam desain ruang, pemilihan material dan furnitur, serta prinsip pencahayaan dan estetika ruang. Disusun dengan bahasa yang mudah dipahami untuk kalangan akademik.","ergonomi ruang, desain interior, arsitektur ruang, tata ruang",Indonesia,Fisik,488,978-0-575-63983-6,1
563,TRX001512,USR00291,BK01146,2025-10-02,2025-10-16,2025-10-18,Terlambat,16.0,Pengantar Bisnis Digital,Uchita Halim,Kencana Prenada,2012,"Fakultas Sosial, Humaniora, & Seni",Administrasi Bisnis,Kewirausahaan & Pemasaran Bisnis,"Buku ini mengulas berbagai aspek penting dari manajemen pemasaran produk dan jasa, perencanaan strategi pemasaran, serta membangun bisnis rintisan startup. Membantu pembaca membangun pemahaman konseptual maupun praktis.","e-commerce, strategi pemasaran, kewirausahaan, bisnis digital",Indonesia,Fisik,265,978-1-366-04432-7,7
564,TRX001513,USR00171,BK00520,2024-03-21,2024-04-04,2024-04-09,Terlambat,19.0,Dasar-Dasar Keperawatan Dasar,"Eli Safitri, Narji Nasyiah",Salemba Empat,2022,"Fakultas Sains, Teknologi, & Kesehatan",Keperawatan,Keperawatan Klinis,"Buku ini memberikan pemahaman menyeluruh tentang penanganan kondisi darurat medis, manajemen perawatan pasien, serta prosedur klinis keperawatan. Dilengkapi dengan contoh kasus dan studi lapangan yang relevan.","keperawatan anak, keperawatan, keperawatan gawat darurat, keperawatan medikal bedah",Indonesia,Fisik,218,978-0-222-31059-0,6
565,TRX001514,USR00310,BK00534,2023-06-22,2023-07-06,2023-07-12,Terlambat,20.0,Keperawatan Dasar: Teori dan Praktik Klinis,Pranata Utami,Pustaka Pelajar,2022,"Fakultas Sains, Teknologi, & Kesehatan",Keperawatan,Keperawatan Klinis,"Buku ini dirancang sebagai panduan untuk memahami prosedur klinis keperawatan, komunikasi terapeutik perawat, serta penanganan kondisi darurat medis. Menjadi rujukan penting dalam perkuliahan dan penelitian terkait.","praktik klinis, keperawatan medikal bedah, asuhan keperawatan, keperawatan gawat darurat",Indonesia,Fisik,162,978-0-928554-45-8,6
566,TRX001516,USR00296,BK00793,2023-08-28,2023-09-11,2023-09-18,Terlambat,21.0,Kreativitas dalam Desain Komunikasi Visual,"drg. Eli Habibi, S.I.Kom",UI Press,2010,"Fakultas Sosial, Humaniora, & Seni",Desain Komunikasi Visual,Desain Komunikasi Visual & Ilustrasi,"Buku ini memberikan pemahaman menyeluruh tentang prinsip visual dan tipografi, strategi branding melalui visual, serta proses kreatif desain grafis. Membantu pembaca membangun pemahaman konseptual maupun praktis.","branding, desain grafis, tipografi, desain komunikasi visual",Indonesia,E-book,402,978-0-411-15950-4,9999
567,TRX001518,USR00120,BK01190,2023-03-04,2023-03-18,2023-03-22,Terlambat,18.0,Dasar-Dasar Psikologi Umum Edisi Revisi,"Lutfan Namaga, S.Pt",PT Grasindo,2007,"Fakultas Sosial, Humaniora, & Seni",Psikologi,Psikologi Umum & Klinis,"Buku ini membahas secara mendalam tentang gangguan psikologis dan penanganannya, perilaku dan proses mental manusia, serta dinamika interaksi sosial manusia. Disusun dengan bahasa yang mudah dipahami untuk kalangan akademik.","psikoterapi, psikologi, kepribadian, kesehatan mental",Inggris,E-book,306,978-0-8217-8192-0,9999
568,TRX001520,USR00161,BK00819,2024-10-15,2024-10-29,2024-11-03,Terlambat,19.0,Dasar-Dasar Desain Komunikasi Visual,Kala Wijaya,Graha Ilmu,2021,"Fakultas Sosial, Humaniora, & Seni",Desain Komunikasi Visual,Desain Komunikasi Visual & Ilustrasi,"Buku ini memberikan pemahaman menyeluruh tentang prinsip visual dan tipografi, strategi branding melalui visual, serta estetika dalam karya seni rupa. Menjadi rujukan penting dalam perkuliahan dan penelitian terkait.","branding, ilustrasi, desain komunikasi visual, layout",Indonesia,Fisik,375,978-1-09-626265-7,8
569,TRX001521,USR00341,BK01342,2024-05-03,2024-05-17,2024-05-18,Terlambat,15.0,Dasar-Dasar Komunikasi Digital,Maida Handayani,Deepublish,2013,"Fakultas Sosial, Humaniora, & Seni",Ilmu Komunikasi,Jurnalistik & Media Digital,"Buku ini membahas secara mendalam tentang strategi konten media sosial, etika jurnalistik di era digital, serta jurnalisme online kontemporer. Disusun dengan bahasa yang mudah dipahami untuk kalangan akademik.","jurnalistik, media digital, media sosial, produksi berita",Indonesia,Fisik,326,978-1-207-26629-1,0
570,TRX001523,USR00199,BK00506,2023-06-16,2023-06-30,2023-07-07,Terlambat,21.0,Panduan Keperawatan Dasar,Dian Firmansyah,Kencana Prenada,2018,"Fakultas Sains, Teknologi, & Kesehatan",Keperawatan,Keperawatan Klinis,"Buku ini mengulas berbagai aspek penting dari manajemen perawatan pasien, komunikasi terapeutik perawat, serta penanganan kondisi darurat medis. Disusun dengan bahasa yang mudah dipahami untuk kalangan akademik.","keperawatan anak, praktik klinis, asuhan keperawatan, keperawatan gawat darurat",Indonesia,E-book,164,978-1-217-76253-0,9999
571,TRX001524,USR00038,BK00662,2025-05-11,2025-05-25,2025-05-28,Terlambat,17.0,Pengantar Teknologi Sediaan Farmasi,"Cawisono Novitasari, M.Ak",Rajawali Pers,2016,"Fakultas Sains, Teknologi, & Kesehatan",Farmasi,Teknologi Farmasi & Pelayanan Kefarmasian,"Buku ini memberikan pemahaman menyeluruh tentang standar pelayanan farmasi profesional, praktik farmasi klinis pasien, serta pelayanan kefarmasian di rumah sakit. Dilengkapi dengan contoh kasus dan studi lapangan yang relevan.","farmasi komunitas, farmasi rumah sakit, sediaan farmasi, compounding obat",Inggris,E-book,471,978-0-12-233865-6,9999
572,TRX001528,USR00376,BK00013,2025-07-10,2025-07-24,2025-07-29,Terlambat,19.0,Dasar Web Development,Puti Chelsea Laksita,Pustaka Pelajar,2020,"Fakultas Sains, Teknologi, & Kesehatan",Informatika,Pemrograman & Algoritma,"Buku ini menyajikan kajian komprehensif mengenai algoritma dan struktur data, pengembangan perangkat lunak, serta logika pemrograman. Menjadi rujukan penting dalam perkuliahan dan penelitian terkait.","struktur data, algoritma, logika komputasi, pemrograman",Indonesia,Fisik,150,978-0-278-24896-0,2
573,TRX001529,USR00221,BK01305,2025-07-22,2025-08-05,2025-08-08,Terlambat,17.0,Jurnalistik Digital di Era Digital Edisi Ke-3,Winda Budiyanto,Informatika Bandung,2018,"Fakultas Sosial, Humaniora, & Seni",Ilmu Komunikasi,Jurnalistik & Media Digital,"Buku ini menyajikan kajian komprehensif mengenai produksi berita di media digital, strategi konten media sosial, serta etika jurnalistik di era digital. Membantu pembaca membangun pemahaman konseptual maupun praktis.","produksi berita, jurnalistik, media sosial, media digital",Indonesia,E-book,517,978-0-10-401648-0,9999
574,TRX001535,USR00254,BK00126,2024-09-28,2024-10-12,2024-10-18,Terlambat,20.0,Konsep Dasar Data Science,Bella Kusumo,UI Press,2011,"Fakultas Sains, Teknologi, & Kesehatan",Informatika,Kecerdasan Buatan & Data Science,"Buku ini memberikan pemahaman menyeluruh tentang jaringan saraf tiruan, otomatisasi cerdas, serta kecerdasan buatan. Disusun dengan bahasa yang mudah dipahami untuk kalangan akademik.","neural network, data science, artificial intelligence, data mining",Indonesia,Fisik,143,978-0-89324-609-9,3
575,TRX001537,USR00079,BK00745,2024-09-07,2024-09-21,2024-09-25,Terlambat,18.0,Kompetensi Praktik Klinik Ners Edisi Revisi,"T. Enteng Aryani, H. Teguh Pradana",Kencana Prenada,2017,"Fakultas Sains, Teknologi, & Kesehatan",Profesi Ners,Keperawatan Profesi Ners,"Buku ini mengulas berbagai aspek penting dari praktik klinik keperawatan profesional, kompetensi ners dalam asuhan pasien, serta penerapan evidence-based practice. Dilengkapi dengan contoh kasus dan studi lapangan yang relevan.","keperawatan komprehensif, praktik klinis ners, profesi ners, residensi keperawatan",Indonesia,Fisik,142,978-0-465-11131-2,2
576,TRX001539,USR00237,BK00100,2025-10-25,2025-11-08,2025-11-11,Terlambat,17.0,Membangun Sistem Data Science,"Jaya Prasetyo, S.IP, Zulfa Puspita",Rajawali Pers,2021,"Fakultas Sains, Teknologi, & Kesehatan",Informatika,Kecerdasan Buatan & Data Science,"Buku ini menyajikan kajian komprehensif mengenai otomatisasi cerdas, analisis data besar, serta jaringan saraf tiruan. Disusun dengan bahasa yang mudah dipahami untuk kalangan akademik.","data science, data mining, big data, artificial intelligence",Indonesia,Fisik,358,978-0-493-68998-2,1
577,TRX001542,USR00187,BK00786,2025-05-16,2025-05-30,2025-06-04,Terlambat,19.0,Keperawatan Berbasis Bukti: Praktik Klinis Lanjutan,Ade Putra,Bumi Aksara,2008,"Fakultas Sains, Teknologi, & Kesehatan",Profesi Ners,Keperawatan Profesi Ners,"Buku ini mengulas berbagai aspek penting dari penerapan evidence-based practice, kompetensi ners dalam asuhan pasien, serta residensi dan pembelajaran klinik lanjutan. Menjadi rujukan penting dalam perkuliahan dan penelitian terkait.","keperawatan lanjutan, praktik klinis ners, evidence based practice, residensi keperawatan",Inggris,Fisik,348,978-1-872105-52-9,8
578,TRX001545,USR00038,BK00692,2024-06-18,2024-07-02,2024-07-03,Terlambat,15.0,Compounding Obat: Praktik dan Pelayanan,Ellis Budiman,Informatika Bandung,2007,"Fakultas Sains, Teknologi, & Kesehatan",Farmasi,Teknologi Farmasi & Pelayanan Kefarmasian,"Buku ini menyajikan kajian komprehensif mengenai praktik farmasi klinis pasien, manajemen obat dan compounding, serta teknologi pembuatan sediaan obat. Dilengkapi dengan contoh kasus dan studi lapangan yang relevan.","teknologi farmasi, farmasi rumah sakit, pelayanan kefarmasian, farmasi komunitas",Indonesia,Fisik,346,978-1-06-373149-0,5
579,TRX001550,USR00358,BK01111,2023-06-15,2023-06-29,2023-07-03,Terlambat,18.0,Dasar-Dasar Strategi Pemasaran,Kayla Hariyah,Bumi Aksara,2018,"Fakultas Sosial, Humaniora, & Seni",Administrasi Bisnis,Kewirausahaan & Pemasaran Bisnis,"Buku ini dirancang sebagai panduan untuk memahami pengembangan bisnis digital, perencanaan strategi pemasaran, serta strategi kewirausahaan dan inovasi bisnis. Menjadi rujukan penting dalam perkuliahan dan penelitian terkait.","strategi pemasaran, e-commerce, kewirausahaan, bisnis digital",Indonesia,Fisik,413,978-1-56283-333-6,6
580,TRX001555,USR00328,BK00400,2023-08-21,2023-09-04,2023-09-11,Terlambat,21.0,Pengantar Ergonomi,"Drs. Elisa Hidayat, M.TI.",PT Grasindo,2010,"Fakultas Sains, Teknologi, & Kesehatan",Teknik Industri,Ergonomi & Rantai Pasok,"Buku ini membahas secara mendalam tentang manajemen rantai pasok dan distribusi, keselamatan dan kesehatan kerja industri, serta analisis ergonomi tempat kerja. Dilengkapi dengan contoh kasus dan studi lapangan yang relevan.","rantai pasok, logistik, supply chain, k3",Inggris,Fisik,451,978-1-4485-7086-7,2
581,TRX001559,USR00281,BK00503,2025-05-18,2025-06-01,2025-06-04,Terlambat,17.0,Asuhan Keperawatan Jiwa Edisi Ke-3,"Anastasia Nasyiah, S.E., Panji Dabukke",Kencana Prenada,2009,"Fakultas Sains, Teknologi, & Kesehatan",Keperawatan,Keperawatan Klinis,"Buku ini mengulas berbagai aspek penting dari manajemen perawatan pasien, asuhan keperawatan pasien, serta prosedur klinis keperawatan. Disusun dengan bahasa yang mudah dipahami untuk kalangan akademik.","keperawatan, keperawatan gawat darurat, keperawatan anak, praktik klinis",Indonesia,Fisik,170,978-0-13-799563-9,6
582,TRX001565,USR00167,BK00189,2024-10-10,2024-10-24,2024-10-30,Terlambat,20.0,Dasar-Dasar Infrastruktur Jaringan,Hj. Salwa Susanti,Graha Ilmu,2017,"Fakultas Sains, Teknologi, & Kesehatan",Informatika,Jaringan & Keamanan Siber,"Buku ini memberikan pemahaman menyeluruh tentang ancaman siber, keamanan jaringan komputer, serta sistem enkripsi. Membantu pembaca membangun pemahaman konseptual maupun praktis.","cyber security, hacking etis, firewall, enkripsi",Indonesia,E-book,354,978-1-00-886008-7,9999
583,TRX001568,USR00370,BK00360,2025-01-28,2025-02-11,2025-02-18,Terlambat,21.0,Dasar-Dasar Manajemen Kualitas,Winda Sirait,Gramedia Pustaka Utama,2016,"Fakultas Sains, Teknologi, & Kesehatan",Teknik Industri,Teknik Industri & Manajemen Operasi,"Buku ini memberikan pemahaman menyeluruh tentang perencanaan dan pengendalian produksi, manajemen kualitas dan produktivitas, serta efisiensi tata letak fasilitas pabrik. Cocok digunakan sebagai referensi utama bagi mahasiswa dan praktisi.","six sigma, manajemen kualitas, tata letak pabrik, perencanaan produksi",Indonesia,Fisik,417,978-0-601-27961-6,0
584,TRX001575,USR00049,BK01326,2024-06-25,2024-07-09,2024-07-16,Terlambat,21.0,Dasar-Dasar Produksi Berita,"Tgk. Icha Gunarto, S.IP",Elex Media Komputindo,2020,"Fakultas Sosial, Humaniora, & Seni",Ilmu Komunikasi,Jurnalistik & Media Digital,"Buku ini dirancang sebagai panduan untuk memahami komunikasi digital dan audiens, strategi konten media sosial, serta produksi berita di media digital. Disusun dengan bahasa yang mudah dipahami untuk kalangan akademik.","media sosial, produksi berita, jurnalistik, konten kreator",Inggris,E-book,458,978-1-80873-543-1,9999
585,TRX001576,USR00053,BK01211,2023-04-10,2023-04-24,2023-04-26,Terlambat,16.0,Dasar-Dasar Psikologi Klinis Edisi Ke-2,"Kezia Damanik, Maya Hassanah",Graha Ilmu,2012,"Fakultas Sosial, Humaniora, & Seni",Psikologi,Psikologi Umum & Klinis,"Buku ini membahas secara mendalam tentang perkembangan kepribadian individu, intervensi psikoterapi klinis, serta perilaku dan proses mental manusia. Membantu pembaca membangun pemahaman konseptual maupun praktis.","psikologi, psikologi sosial, psikologi klinis, kesehatan mental",Indonesia,Fisik,527,978-0-645-34547-6,0
586,TRX001577,USR00315,BK00116,2023-10-05,2023-10-19,2023-10-20,Terlambat,15.0,Aplikasi Data Mining di Industri,"R. Juli Hutapea, M.Farm",UI Press,2021,"Fakultas Sains, Teknologi, & Kesehatan",Informatika,Kecerdasan Buatan & Data Science,"Buku ini dirancang sebagai panduan untuk memahami pembelajaran mesin, prediksi berbasis data, serta kecerdasan buatan. Menjadi rujukan penting dalam perkuliahan dan penelitian terkait.","data mining, artificial intelligence, neural network, deep learning",Indonesia,E-book,177,978-1-4629-1486-9,9999
587,TRX001579,USR00051,BK00546,2025-10-14,2025-10-28,2025-10-31,Terlambat,17.0,Dasar-Dasar Keperawatan Dasar Edisi Ke-3,"Ella Haryanto, S.I.Kom",Kencana Prenada,2006,"Fakultas Sains, Teknologi, & Kesehatan",Keperawatan,Keperawatan Klinis,"Buku ini membahas secara mendalam tentang komunikasi terapeutik perawat, penanganan kondisi darurat medis, serta prosedur klinis keperawatan. Membantu pembaca membangun pemahaman konseptual maupun praktis.","keperawatan gawat darurat, keperawatan medikal bedah, praktik klinis, keperawatan",Indonesia,Fisik,173,978-1-396-13674-0,4
588,TRX001591,USR00363,BK00497,2024-12-26,2025-01-09,2025-01-12,Terlambat,17.0,Keperawatan Gawat Darurat: Teori dan Praktik Klinis Edisi Revisi,"Dt. Lega Natsir, S.Psi, Banawa Saefullah",PT Grasindo,2010,"Fakultas Sains, Teknologi, & Kesehatan",Keperawatan,Keperawatan Klinis,"Buku ini membahas secara mendalam tentang penanganan kondisi darurat medis, komunikasi terapeutik perawat, serta prosedur klinis keperawatan. Membantu pembaca membangun pemahaman konseptual maupun praktis.","keperawatan anak, keperawatan gawat darurat, asuhan keperawatan, keperawatan",Inggris,E-book,479,978-1-258-27390-3,9999
589,TRX001592,USR00079,BK00201,2023-12-21,2024-01-04,2024-01-07,Terlambat,17.0,Pengantar Infrastruktur Jaringan Edisi Revisi,Nilam Maulana,Deepublish,2023,"Fakultas Sains, Teknologi, & Kesehatan",Informatika,Jaringan & Keamanan Siber,"Buku ini menyajikan kajian komprehensif mengenai keamanan jaringan komputer, protokol komunikasi data, serta ancaman siber. Dilengkapi dengan contoh kasus dan studi lapangan yang relevan.","cyber security, enkripsi, protokol jaringan, jaringan komputer",Inggris,Fisik,186,978-0-646-47154-9,6
590,TRX001594,USR00054,BK01092,2023-10-22,2023-11-05,2023-11-08,Terlambat,17.0,Pengantar Manajemen Pemasaran Edisi Ke-2,Mujur Yolanda,Elex Media Komputindo,2011,"Fakultas Sosial, Humaniora, & Seni",Administrasi Bisnis,Kewirausahaan & Pemasaran Bisnis,"Buku ini membahas secara mendalam tentang manajemen pemasaran produk dan jasa, membangun bisnis rintisan startup, serta pengembangan bisnis digital. Membantu pembaca membangun pemahaman konseptual maupun praktis.","manajemen pemasaran, startup, e-commerce, bisnis digital",Indonesia,Fisik,274,978-1-83452-734-5,7
591,TRX001600,USR00130,BK00391,2023-09-26,2023-10-10,2023-10-16,Terlambat,20.0,Pengantar Teknik Industri,"Cengkir Jailani, Hasna Mahendra",Elex Media Komputindo,2012,"Fakultas Sains, Teknologi, & Kesehatan",Teknik Industri,Teknik Industri & Manajemen Operasi,"Buku ini memberikan pemahaman menyeluruh tentang perencanaan dan pengendalian produksi, efisiensi tata letak fasilitas pabrik, serta manajemen kualitas dan produktivitas. Cocok digunakan sebagai referensi utama bagi mahasiswa dan praktisi.","manajemen operasi, teknik industri, six sigma, manajemen kualitas",Indonesia,Fisik,267,978-0-312-07356-5,7
592,TRX001612,USR00019,BK00375,2023-05-15,2023-05-29,2023-06-04,Terlambat,20.0,Manajemen Kualitas: Teori dan Aplikasi Edisi Revisi,"Mila Najmudin, R. Ratih Pradana",UI Press,2016,"Fakultas Sains, Teknologi, & Kesehatan",Teknik Industri,Teknik Industri & Manajemen Operasi,"Buku ini membahas secara mendalam tentang perancangan sistem kerja industri, manajemen kualitas dan produktivitas, serta optimalisasi proses produksi. Menjadi rujukan penting dalam perkuliahan dan penelitian terkait.","six sigma, produktivitas, efisiensi kerja, manajemen kualitas",Inggris,Fisik,148,978-1-386-63227-6,3
593,TRX001616,USR00143,BK00355,2023-11-24,2023-12-08,2023-12-11,Terlambat,17.0,Dasar-Dasar Manajemen Operasi,"Aurora Nuraini, Ghaliyati Laksmiwati",Elex Media Komputindo,2024,"Fakultas Sains, Teknologi, & Kesehatan",Teknik Industri,Teknik Industri & Manajemen Operasi,"Buku ini mengulas berbagai aspek penting dari perencanaan dan pengendalian produksi, manajemen kualitas dan produktivitas, serta perancangan sistem kerja industri. Cocok digunakan sebagai referensi utama bagi mahasiswa dan praktisi.","teknik industri, tata letak pabrik, manajemen kualitas, manajemen operasi",Indonesia,Fisik,220,978-1-991624-73-4,0
594,TRX001617,USR00329,BK00199,2023-02-24,2023-03-10,2023-03-15,Terlambat,19.0,Keamanan Siber di Era Digital,Dr. Hasim Jailani,Bumi Aksara,2012,"Fakultas Sains, Teknologi, & Kesehatan",Informatika,Jaringan & Keamanan Siber,"Buku ini menyajikan kajian komprehensif mengenai audit keamanan sistem, ancaman siber, serta keamanan jaringan komputer. Disusun dengan bahasa yang mudah dipahami untuk kalangan akademik.","firewall, protokol jaringan, enkripsi, keamanan siber",Inggris,Fisik,310,978-0-581-99560-5,4
595,TRX001622,USR00215,BK00900,2025-11-22,2025-12-06,2025-12-09,Terlambat,17.0,Desain Multimedia: Konsep dan Praktik,Qori Wijayanti,Bumi Aksara,2012,"Fakultas Sosial, Humaniora, & Seni",Desain Komunikasi Visual,Fotografi & Multimedia,"Buku ini membahas secara mendalam tentang animasi dan motion graphic, editing visual dan videografi, serta desain media interaktif. Cocok digunakan sebagai referensi utama bagi mahasiswa dan praktisi.","videografi, editing visual, media interaktif, multimedia",Indonesia,E-book,349,978-1-277-07070-5,9999
596,TRX001624,USR00196,BK00500,2025-12-12,2025-12-26,2026-01-01,Terlambat,20.0,Dasar-Dasar Keperawatan Anak,R. Tina Mandasari,Pustaka Pelajar,2009,"Fakultas Sains, Teknologi, & Kesehatan",Keperawatan,Keperawatan Klinis,"Buku ini dirancang sebagai panduan untuk memahami penanganan kondisi darurat medis, manajemen perawatan pasien, serta komunikasi terapeutik perawat. Menjadi rujukan penting dalam perkuliahan dan penelitian terkait.","keperawatan, asuhan keperawatan, keperawatan medikal bedah, praktik klinis",Indonesia,E-book,300,978-1-56083-318-5,9999
597,TRX001625,USR00328,BK00351,2023-05-18,2023-06-01,2023-06-04,Terlambat,17.0,Pengantar Teknik Industri Edisi Ke-2,"Titi Wijayanti, S.Pd",Nuha Medika,2019,"Fakultas Sains, Teknologi, & Kesehatan",Teknik Industri,Teknik Industri & Manajemen Operasi,"Buku ini dirancang sebagai panduan untuk memahami manajemen kualitas dan produktivitas, perencanaan dan pengendalian produksi, serta efisiensi tata letak fasilitas pabrik. Membantu pembaca membangun pemahaman konseptual maupun praktis.","six sigma, tata letak pabrik, manajemen kualitas, produktivitas",Indonesia,E-book,187,978-0-7977-2369-6,9999
598,TRX001627,USR00136,BK00467,2023-04-07,2023-04-21,2023-04-24,Terlambat,17.0,Manajemen Ergonomi,"Ir. Gadang Fujiati, S.I.Kom",Elex Media Komputindo,2017,"Fakultas Sains, Teknologi, & Kesehatan",Teknik Industri,Ergonomi & Rantai Pasok,"Buku ini membahas secara mendalam tentang keselamatan dan kesehatan kerja industri, analisis ergonomi tempat kerja, serta pengendalian persediaan barang. Cocok digunakan sebagai referensi utama bagi mahasiswa dan praktisi.","rantai pasok, logistik, manajemen persediaan, supply chain",Indonesia,Fisik,242,978-0-9862405-8-4,3
599,TRX001628,USR00348,BK00583,2025-11-22,2025-12-06,2025-12-10,Terlambat,18.0,Kimia Farmasi Klinis,Jessica Hastuti,PT Grasindo,2011,"Fakultas Sains, Teknologi, & Kesehatan",Farmasi,Farmakologi & Kefarmasian,"Buku ini menyajikan kajian komprehensif mengenai interaksi obat dalam tubuh, efek samping dan dosis obat, serta pelayanan kefarmasian klinis. Cocok digunakan sebagai referensi utama bagi mahasiswa dan praktisi.","farmasi klinis, kimia farmasi, toksikologi, farmakologi",Indonesia,Fisik,440,978-0-586-24150-9,8
600,TRX001629,USR00314,BK00763,2024-11-24,2024-12-08,2024-12-15,Terlambat,21.0,Praktik Klinik Ners: Praktik Klinis Lanjutan,Juli Sihombing,Gramedia Pustaka Utama,2023,"Fakultas Sains, Teknologi, & Kesehatan",Profesi Ners,Keperawatan Profesi Ners,"Buku ini dirancang sebagai panduan untuk memahami penerapan evidence-based practice, praktik klinik keperawatan profesional, serta residensi dan pembelajaran klinik lanjutan. Cocok digunakan sebagai referensi utama bagi mahasiswa dan praktisi.","residensi keperawatan, kompetensi ners, keperawatan komprehensif, profesi ners",Indonesia,Fisik,222,978-0-08-255598-8,7
601,TRX001630,USR00370,BK00392,2024-08-30,2024-09-13,2024-09-16,Terlambat,17.0,Pengantar Perencanaan Produksi,Winda Mandasari,Alfabeta,2014,"Fakultas Sains, Teknologi, & Kesehatan",Teknik Industri,Teknik Industri & Manajemen Operasi,"Buku ini menyajikan kajian komprehensif mengenai perencanaan dan pengendalian produksi, optimalisasi proses produksi, serta efisiensi tata letak fasilitas pabrik. Cocok digunakan sebagai referensi utama bagi mahasiswa dan praktisi.","manajemen kualitas, six sigma, perencanaan produksi, manajemen operasi",Indonesia,E-book,350,978-1-05-120461-6,9999
602,TRX001632,USR00317,BK00005,2023-08-02,2023-08-16,2023-08-22,Terlambat,20.0,C++: Konsep dan Implementasi,"Betania Gunawan, S.H.",Elex Media Komputindo,2015,"Fakultas Sains, Teknologi, & Kesehatan",Informatika,Pemrograman & Algoritma,"Buku ini menyajikan kajian komprehensif mengenai pemecahan masalah komputasional, implementasi kode, serta algoritma dan struktur data. Membantu pembaca membangun pemahaman konseptual maupun praktis.","java, coding, algoritma, python",Inggris,Fisik,449,978-0-316-47525-9,7
603,TRX001635,USR00346,BK00830,2024-06-14,2024-06-28,2024-06-29,Terlambat,15.0,Pengantar Desain Komunikasi Visual Edisi Revisi,"drg. Maria Pangestu, dr. Kasiyah Usamah",Andi Publisher,2018,"Fakultas Sosial, Humaniora, & Seni",Desain Komunikasi Visual,Desain Komunikasi Visual & Ilustrasi,"Buku ini memberikan pemahaman menyeluruh tentang strategi branding melalui visual, prinsip visual dan tipografi, serta proses kreatif desain grafis. Menjadi rujukan penting dalam perkuliahan dan penelitian terkait.","seni rupa, branding, desain grafis, tipografi",Indonesia,Fisik,540,978-1-208-49649-9,8
604,TRX001637,USR00084,BK00221,2023-08-07,2023-08-21,2023-08-23,Terlambat,16.0,Jaringan Komputer di Era Digital Edisi Ke-3,"Sutan Irwan Jailani, Yance Yolanda, S.H.",Deepublish,2019,"Fakultas Sains, Teknologi, & Kesehatan",Informatika,Jaringan & Keamanan Siber,"Buku ini menyajikan kajian komprehensif mengenai sistem enkripsi, audit keamanan sistem, serta proteksi data digital. Disusun dengan bahasa yang mudah dipahami untuk kalangan akademik.","enkripsi, hacking etis, keamanan siber, cyber security",Indonesia,Fisik,208,978-0-7451-7133-3,8
605,TRX001638,USR00279,BK00828,2025-02-12,2025-02-26,2025-03-01,Terlambat,17.0,Kreativitas dalam Desain Komunikasi Visual Edisi Revisi,"Titin Puspasari, Emil Hastuti, M.Kom.",Gramedia Pustaka Utama,2016,"Fakultas Sosial, Humaniora, & Seni",Desain Komunikasi Visual,Desain Komunikasi Visual & Ilustrasi,"Buku ini memberikan pemahaman menyeluruh tentang estetika dalam karya seni rupa, ilustrasi dan komposisi gambar, serta proses kreatif desain grafis. Disusun dengan bahasa yang mudah dipahami untuk kalangan akademik.","desain komunikasi visual, tipografi, branding, desain grafis",Indonesia,Fisik,221,978-1-342-34619-3,0
606,TRX001640,USR00246,BK01031,2023-04-22,2023-05-06,2023-05-07,Terlambat,15.0,Tata Kelola Perusahaan: Teori dan Praktik,"Lala Laksita, Dt. Radika Nuraini, S.Gz",Deepublish,2018,"Fakultas Sosial, Humaniora, & Seni",Administrasi Bisnis,Administrasi & Manajemen Bisnis,"Buku ini menyajikan kajian komprehensif mengenai manajemen sumber daya manusia perusahaan, strategi tata kelola perusahaan, serta administrasi dan operasional bisnis. Dilengkapi dengan contoh kasus dan studi lapangan yang relevan.","operasional bisnis, tata kelola perusahaan, manajemen keuangan, manajemen bisnis",Indonesia,E-book,192,978-0-9608587-4-3,9999
607,TRX001642,USR00061,BK01106,2025-10-29,2025-11-12,2025-11-15,Terlambat,17.0,Dasar-Dasar Bisnis Startup,"Tgk. Asmianto Kusumo, Atmaja Wasita, M.TI.",Bumi Aksara,2022,"Fakultas Sosial, Humaniora, & Seni",Administrasi Bisnis,Kewirausahaan & Pemasaran Bisnis,"Buku ini menyajikan kajian komprehensif mengenai perencanaan strategi pemasaran, membangun bisnis rintisan startup, serta strategi kewirausahaan dan inovasi bisnis. Menjadi rujukan penting dalam perkuliahan dan penelitian terkait.","startup, strategi pemasaran, bisnis digital, pemasaran",Indonesia,Fisik,158,978-0-550-21306-8,3
608,TRX001643,USR00002,BK00812,2025-07-10,2025-07-24,2025-07-30,Terlambat,20.0,Branding Visual: Konsep dan Praktik,"Puji Marbun, M.Ak",Alfabeta,2018,"Fakultas Sosial, Humaniora, & Seni",Desain Komunikasi Visual,Desain Komunikasi Visual & Ilustrasi,"Buku ini mengulas berbagai aspek penting dari strategi branding melalui visual, estetika dalam karya seni rupa, serta prinsip visual dan tipografi. Membantu pembaca membangun pemahaman konseptual maupun praktis.","tipografi, seni rupa, desain komunikasi visual, branding",Indonesia,E-book,337,978-0-533-90550-8,9999
609,TRX001647,USR00232,BK00313,2024-07-07,2024-07-21,2024-07-24,Terlambat,17.0,Manajemen Data Warehouse Modern Edisi Ke-2,"Drs. Yoga Safitri, S.Pd",Kencana Prenada,2022,"Fakultas Sains, Teknologi, & Kesehatan",Informatika,Basis Data,"Buku ini dirancang sebagai panduan untuk memahami manajemen sistem basis data, query dan manipulasi data, serta arsitektur data warehouse. Disusun dengan bahasa yang mudah dipahami untuk kalangan akademik.","data warehouse, normalisasi, basis data, database",Indonesia,E-book,462,978-1-55037-589-3,9999
610,TRX001649,USR00312,BK00507,2024-01-01,2024-01-15,2024-01-17,Terlambat,16.0,Keperawatan Gawat Darurat: Teori dan Praktik Klinis,Rahmi Manullang,Gramedia Pustaka Utama,2020,"Fakultas Sains, Teknologi, & Kesehatan",Keperawatan,Keperawatan Klinis,"Buku ini mengulas berbagai aspek penting dari penanganan kondisi darurat medis, asuhan keperawatan pasien, serta komunikasi terapeutik perawat. Membantu pembaca membangun pemahaman konseptual maupun praktis.","keperawatan, asuhan keperawatan, praktik klinis, keperawatan anak",Inggris,E-book,380,978-0-16-873977-6,9999
611,TRX001654,USR00026,BK00768,2025-07-26,2025-08-09,2025-08-14,Terlambat,19.0,Kompetensi Keperawatan Komprehensif,Catur Farida,Bumi Aksara,2017,"Fakultas Sains, Teknologi, & Kesehatan",Profesi Ners,Keperawatan Profesi Ners,"Buku ini menyajikan kajian komprehensif mengenai kompetensi ners dalam asuhan pasien, etika dan profesionalisme keperawatan, serta residensi dan pembelajaran klinik lanjutan. Dilengkapi dengan contoh kasus dan studi lapangan yang relevan.","evidence based practice, praktik klinis ners, profesi ners, keperawatan lanjutan",Inggris,E-book,447,978-1-69432-029-2,9999
612,TRX001658,USR00265,BK00183,2024-03-11,2024-03-25,2024-03-27,Terlambat,16.0,Dasar-Dasar Keamanan Informasi,Danuja Nainggolan,Andi Publisher,2008,"Fakultas Sains, Teknologi, & Kesehatan",Informatika,Jaringan & Keamanan Siber,"Buku ini mengulas berbagai aspek penting dari keamanan jaringan komputer, ancaman siber, serta audit keamanan sistem. Disusun dengan bahasa yang mudah dipahami untuk kalangan akademik.","kriptografi, keamanan siber, enkripsi, jaringan komputer",Indonesia,Fisik,312,978-1-393-63854-4,2
613,TRX001661,USR00342,BK00885,2025-06-07,2025-06-21,2025-06-27,Terlambat,20.0,Teknik Fotografi Digital,Gandi Andriani,Informatika Bandung,2012,"Fakultas Sosial, Humaniora, & Seni",Desain Komunikasi Visual,Fotografi & Multimedia,"Buku ini memberikan pemahaman menyeluruh tentang teknik pengambilan gambar fotografi, desain media interaktif, serta editing visual dan videografi. Dilengkapi dengan contoh kasus dan studi lapangan yang relevan.","editing visual, motion graphic, fotografi, multimedia",Inggris,E-book,301,978-0-502-38503-4,9999
614,TRX001665,USR00159,BK00339,2024-07-22,2024-08-05,2024-08-12,Terlambat,21.0,Pengantar Teknik Industri,Raisa Wahyuni,Elex Media Komputindo,2006,"Fakultas Sains, Teknologi, & Kesehatan",Teknik Industri,Teknik Industri & Manajemen Operasi,"Buku ini menyajikan kajian komprehensif mengenai optimalisasi proses produksi, perencanaan dan pengendalian produksi, serta manajemen kualitas dan produktivitas. Disusun dengan bahasa yang mudah dipahami untuk kalangan akademik.","six sigma, perencanaan produksi, manajemen kualitas, efisiensi kerja",Indonesia,Fisik,470,978-0-9955620-5-9,7
615,TRX001668,USR00211,BK01007,2025-01-02,2025-01-16,2025-01-20,Terlambat,18.0,Perancangan Material dan Furnitur,"Icha Samosir, S.E.",UI Press,2023,"Fakultas Sosial, Humaniora, & Seni",Desain Interior,Desain Interior & Arsitektur Ruang,"Buku ini dirancang sebagai panduan untuk memahami perancangan tata ruang interior, prinsip pencahayaan dan estetika ruang, serta konsep arsitektur ruang dalam modern. Cocok digunakan sebagai referensi utama bagi mahasiswa dan praktisi.","material interior, furnitur, tata ruang, ergonomi ruang",Indonesia,Fisik,521,978-1-74222-946-1,7
616,TRX001670,USR00147,BK01001,2023-09-07,2023-09-21,2023-09-26,Terlambat,19.0,Prinsip Arsitektur Ruang Dalam,Michelle Prasasta,Graha Ilmu,2011,"Fakultas Sosial, Humaniora, & Seni",Desain Interior,Desain Interior & Arsitektur Ruang,"Buku ini dirancang sebagai panduan untuk memahami ergonomi dalam desain ruang, prinsip pencahayaan dan estetika ruang, serta pemilihan material dan furnitur. Dilengkapi dengan contoh kasus dan studi lapangan yang relevan.","pencahayaan ruang, desain interior, material interior, furnitur",Indonesia,Fisik,421,978-0-278-19523-3,5
617,TRX001673,USR00020,BK00495,2023-12-21,2024-01-04,2024-01-06,Terlambat,16.0,Konsep Dasar Keperawatan Anak Edisi Ke-2,Yuni Kuswoyo,UI Press,2008,"Fakultas Sains, Teknologi, & Kesehatan",Keperawatan,Keperawatan Klinis,"Buku ini menyajikan kajian komprehensif mengenai prosedur klinis keperawatan, komunikasi terapeutik perawat, serta penanganan kondisi darurat medis. Cocok digunakan sebagai referensi utama bagi mahasiswa dan praktisi.","keperawatan, keperawatan medikal bedah, praktik klinis, keperawatan gawat darurat",Inggris,Fisik,146,978-0-911179-93-4,1
618,TRX001678,USR00270,BK00185,2025-05-09,2025-05-23,2025-05-26,Terlambat,17.0,Pengantar Kriptografi Edisi Revisi,Hairyanto Sihotang,Elex Media Komputindo,2020,"Fakultas Sains, Teknologi, & Kesehatan",Informatika,Jaringan & Keamanan Siber,"Buku ini mengulas berbagai aspek penting dari keamanan jaringan komputer, protokol komunikasi data, serta audit keamanan sistem. Membantu pembaca membangun pemahaman konseptual maupun praktis.","enkripsi, keamanan siber, jaringan komputer, cyber security",Indonesia,Fisik,225,978-0-932048-99-8,2
619,TRX001682,USR00005,BK01220,2025-03-31,2025-04-14,2025-04-18,Terlambat,18.0,Konsep Psikologi Klinis Modern,"Dr. Dian Firgantoro, S.Kom",Graha Ilmu,2010,"Fakultas Sosial, Humaniora, & Seni",Psikologi,Psikologi Umum & Klinis,"Buku ini dirancang sebagai panduan untuk memahami perkembangan kepribadian individu, perilaku dan proses mental manusia, serta gangguan psikologis dan penanganannya. Cocok digunakan sebagai referensi utama bagi mahasiswa dan praktisi.","psikologi sosial, psikologi klinis, psikoterapi, perkembangan manusia",Inggris,E-book,397,978-1-4196-6645-2,9999
620,TRX001683,USR00262,BK00943,2025-07-10,2025-07-24,2025-07-25,Terlambat,15.0,Pengantar Videografi,"Dr. Putu Lestari, M.Pd",Nuha Medika,2020,"Fakultas Sosial, Humaniora, & Seni",Desain Komunikasi Visual,Fotografi & Multimedia,"Buku ini memberikan pemahaman menyeluruh tentang editing visual dan videografi, animasi dan motion graphic, serta produksi konten multimedia digital. Cocok digunakan sebagai referensi utama bagi mahasiswa dan praktisi.","videografi, editing visual, media interaktif, motion graphic",Inggris,Fisik,202,978-1-357-78811-7,6
621,TRX001684,USR00277,BK00563,2025-06-05,2025-06-19,2025-06-20,Terlambat,15.0,Dasar Farmasi Klinis,Yuni Suwarno,Salemba Empat,2007,"Fakultas Sains, Teknologi, & Kesehatan",Farmasi,Farmakologi & Kefarmasian,"Buku ini menyajikan kajian komprehensif mengenai interaksi obat dalam tubuh, mekanisme kerja obat, serta pelayanan kefarmasian klinis. Dilengkapi dengan contoh kasus dan studi lapangan yang relevan.","farmasi klinis, obat, kimia farmasi, farmakologi",Indonesia,Fisik,366,978-1-936312-30-6,3
622,TRX001685,USR00130,BK00813,2023-04-06,2023-04-20,2023-04-26,Terlambat,20.0,Kreativitas dalam Tipografi,Ina Mardhiyah,Bumi Aksara,2008,"Fakultas Sosial, Humaniora, & Seni",Desain Komunikasi Visual,Desain Komunikasi Visual & Ilustrasi,"Buku ini dirancang sebagai panduan untuk memahami proses kreatif desain grafis, ilustrasi dan komposisi gambar, serta strategi branding melalui visual. Dilengkapi dengan contoh kasus dan studi lapangan yang relevan.","seni rupa, branding, tipografi, desain komunikasi visual",Indonesia,Fisik,426,978-1-76655-868-4,5
623,TRX001689,USR00200,BK01207,2023-10-22,2023-11-05,2023-11-08,Terlambat,17.0,Pengantar Psikologi Abnormal,Daru Januar,Rajawali Pers,2023,"Fakultas Sosial, Humaniora, & Seni",Psikologi,Psikologi Umum & Klinis,"Buku ini membahas secara mendalam tentang dinamika interaksi sosial manusia, gangguan psikologis dan penanganannya, serta perkembangan kepribadian individu. Dilengkapi dengan contoh kasus dan studi lapangan yang relevan.","psikologi klinis, psikologi sosial, perkembangan manusia, kepribadian",Inggris,Fisik,298,978-1-77269-608-0,0
624,TRX001692,USR00335,BK00820,2024-04-20,2024-05-04,2024-05-09,Terlambat,19.0,Prinsip Branding Visual Edisi Ke-2,R.M. Ibrani Pradipta,Alfabeta,2017,"Fakultas Sosial, Humaniora, & Seni",Desain Komunikasi Visual,Desain Komunikasi Visual & Ilustrasi,"Buku ini mengulas berbagai aspek penting dari ilustrasi dan komposisi gambar, proses kreatif desain grafis, serta prinsip visual dan tipografi. Disusun dengan bahasa yang mudah dipahami untuk kalangan akademik.","desain komunikasi visual, branding, ilustrasi, seni rupa",Indonesia,E-book,268,978-0-8196-4825-9,9999
625,TRX001701,USR00184,BK00382,2024-12-10,2024-12-24,2024-12-27,Terlambat,17.0,Dasar-Dasar Manajemen Operasi,"Gilda Wijayanti, S.T.",Alfabeta,2005,"Fakultas Sains, Teknologi, & Kesehatan",Teknik Industri,Teknik Industri & Manajemen Operasi,"Buku ini mengulas berbagai aspek penting dari perancangan sistem kerja industri, optimalisasi proses produksi, serta efisiensi tata letak fasilitas pabrik. Dilengkapi dengan contoh kasus dan studi lapangan yang relevan.","efisiensi kerja, manajemen kualitas, tata letak pabrik, six sigma",Indonesia,E-book,401,978-0-261-11780-8,9999
626,TRX001702,USR00173,BK00554,2023-05-30,2023-06-13,2023-06-16,Terlambat,17.0,Dasar-Dasar Keperawatan Maternitas,"Ir. Ganep Wibowo, S.IP",Informatika Bandung,2022,"Fakultas Sains, Teknologi, & Kesehatan",Keperawatan,Keperawatan Klinis,"Buku ini dirancang sebagai panduan untuk memahami manajemen perawatan pasien, prosedur klinis keperawatan, serta penanganan kondisi darurat medis. Dilengkapi dengan contoh kasus dan studi lapangan yang relevan.","keperawatan, asuhan keperawatan, keperawatan anak, keperawatan gawat darurat",Inggris,Fisik,457,978-1-56503-334-4,6
627,TRX001703,USR00241,BK00945,2024-02-14,2024-02-28,2024-03-04,Terlambat,19.0,Dasar-Dasar Videografi Edisi Ke-2,"Rangga Novitasari, M.Kom.",Kencana Prenada,2023,"Fakultas Sosial, Humaniora, & Seni",Desain Komunikasi Visual,Fotografi & Multimedia,"Buku ini mengulas berbagai aspek penting dari teknik pengambilan gambar fotografi, produksi konten multimedia digital, serta desain media interaktif. Dilengkapi dengan contoh kasus dan studi lapangan yang relevan.","editing visual, motion graphic, media interaktif, multimedia",Indonesia,Fisik,134,978-1-60416-448-0,1
628,TRX001707,USR00120,BK00376,2024-10-31,2024-11-14,2024-11-15,Terlambat,15.0,Pengantar Manajemen Kualitas,"Dt. Cecep Andriani, M.Kom.",Nuha Medika,2006,"Fakultas Sains, Teknologi, & Kesehatan",Teknik Industri,Teknik Industri & Manajemen Operasi,"Buku ini dirancang sebagai panduan untuk memahami manajemen kualitas dan produktivitas, optimalisasi proses produksi, serta perancangan sistem kerja industri. Disusun dengan bahasa yang mudah dipahami untuk kalangan akademik.","manajemen operasi, perencanaan produksi, produktivitas, teknik industri",Inggris,E-book,383,978-1-74489-061-4,9999
629,TRX001708,USR00284,BK00254,2023-08-16,2023-08-30,2023-09-01,Terlambat,16.0,Manajemen Sistem Basis Data Modern Edisi Terbaru,Wardaya Hariyah,Alfabeta,2017,"Fakultas Sains, Teknologi, & Kesehatan",Informatika,Basis Data,"Buku ini mengulas berbagai aspek penting dari query dan manipulasi data, manajemen sistem basis data, serta arsitektur data warehouse. Disusun dengan bahasa yang mudah dipahami untuk kalangan akademik.","nosql, database, sql, normalisasi",Inggris,Fisik,412,978-0-9667066-2-8,2
630,TRX001709,USR00132,BK01319,2024-09-19,2024-10-03,2024-10-07,Terlambat,18.0,Pengantar Jurnalistik Digital,"Prasetyo Permata, S.Pd",PT Grasindo,2021,"Fakultas Sosial, Humaniora, & Seni",Ilmu Komunikasi,Jurnalistik & Media Digital,"Buku ini dirancang sebagai panduan untuk memahami produksi berita di media digital, etika jurnalistik di era digital, serta komunikasi digital dan audiens. Membantu pembaca membangun pemahaman konseptual maupun praktis.","komunikasi digital, jurnalistik, produksi berita, media sosial",Indonesia,E-book,512,978-1-336-87509-8,9999
631,TRX001711,USR00348,BK00781,2025-09-20,2025-10-04,2025-10-11,Terlambat,21.0,Keperawatan Komprehensif: Praktik Klinis Lanjutan,Devi Tarihoran,Graha Ilmu,2014,"Fakultas Sains, Teknologi, & Kesehatan",Profesi Ners,Keperawatan Profesi Ners,"Buku ini dirancang sebagai panduan untuk memahami residensi dan pembelajaran klinik lanjutan, kompetensi ners dalam asuhan pasien, serta etika dan profesionalisme keperawatan. Cocok digunakan sebagai referensi utama bagi mahasiswa dan praktisi.","evidence based practice, profesi ners, keperawatan komprehensif, residensi keperawatan",Indonesia,E-book,148,978-0-922685-92-9,9999
632,TRX001716,USR00257,BK00458,2023-06-04,2023-06-18,2023-06-25,Terlambat,21.0,Rantai Pasok: Konsep dan Praktik,drg. Asirwanda Mustofa,Salemba Empat,2006,"Fakultas Sains, Teknologi, & Kesehatan",Teknik Industri,Ergonomi & Rantai Pasok,"Buku ini membahas secara mendalam tentang pengendalian persediaan barang, optimalisasi jaringan logistik, serta keselamatan dan kesehatan kerja industri. Membantu pembaca membangun pemahaman konseptual maupun praktis.","distribusi, k3, manajemen persediaan, analisis beban kerja",Indonesia,Fisik,410,978-1-01-601662-9,6
633,TRX001725,USR00274,BK00629,2023-04-11,2023-04-25,2023-04-29,Terlambat,18.0,Farmakognosi Klinis,Dadi Safitri,Alfabeta,2011,"Fakultas Sains, Teknologi, & Kesehatan",Farmasi,Farmakologi & Kefarmasian,"Buku ini memberikan pemahaman menyeluruh tentang interaksi obat dalam tubuh, pelayanan kefarmasian klinis, serta formulasi sediaan farmasi. Dilengkapi dengan contoh kasus dan studi lapangan yang relevan.","farmakologi, farmakokinetik, apoteker, kimia farmasi",Inggris,Fisik,368,978-0-7801-8204-2,2
634,TRX001731,USR00094,BK00207,2025-09-29,2025-10-13,2025-10-15,Terlambat,16.0,Jaringan Komputer: Prinsip dan Praktik Edisi Revisi,H. Hari Palastri,Alfabeta,2014,"Fakultas Sains, Teknologi, & Kesehatan",Informatika,Jaringan & Keamanan Siber,"Buku ini menyajikan kajian komprehensif mengenai keamanan jaringan komputer, audit keamanan sistem, serta ancaman siber. Menjadi rujukan penting dalam perkuliahan dan penelitian terkait.","enkripsi, keamanan siber, jaringan komputer, firewall",Inggris,Fisik,171,978-1-891135-29-3,2
635,TRX001732,USR00261,BK01094,2023-09-18,2023-10-02,2023-10-05,Terlambat,17.0,Strategi Pemasaran: Konsep dan Aplikasi,Ina Mandasari,Nuha Medika,2010,"Fakultas Sosial, Humaniora, & Seni",Administrasi Bisnis,Kewirausahaan & Pemasaran Bisnis,"Buku ini menyajikan kajian komprehensif mengenai manajemen pemasaran produk dan jasa, pengembangan bisnis digital, serta membangun bisnis rintisan startup. Disusun dengan bahasa yang mudah dipahami untuk kalangan akademik.","pemasaran, bisnis digital, startup, e-commerce",Inggris,Fisik,283,978-0-8031-4998-4,2
636,TRX001734,USR00014,BK00340,2025-04-12,2025-04-26,2025-04-28,Terlambat,16.0,Pengantar Manajemen Operasi,"Panji Prasetya, Ulya Yuniar, S.Farm",Erlangga,2008,"Fakultas Sains, Teknologi, & Kesehatan",Teknik Industri,Teknik Industri & Manajemen Operasi,"Buku ini memberikan pemahaman menyeluruh tentang manajemen kualitas dan produktivitas, efisiensi tata letak fasilitas pabrik, serta perencanaan dan pengendalian produksi. Cocok digunakan sebagai referensi utama bagi mahasiswa dan praktisi.","six sigma, produktivitas, manajemen operasi, tata letak pabrik",Indonesia,Fisik,522,978-1-257-77547-7,0
637,TRX001742,USR00367,BK01266,2024-10-07,2024-10-21,2024-10-24,Terlambat,17.0,Dasar-Dasar Jurnalistik,"Puspa Wahyuni, Cinthia Waskita",UI Press,2006,"Fakultas Sosial, Humaniora, & Seni",Ilmu Komunikasi,Komunikasi & Media,"Buku ini membahas secara mendalam tentang jurnalisme di era digital, dinamika komunikasi massa, serta pengaruh media sosial terhadap opini publik. Menjadi rujukan penting dalam perkuliahan dan penelitian terkait.","komunikasi massa, media sosial, public relations, komunikasi interpersonal",Indonesia,Fisik,475,978-1-61540-211-3,3
638,TRX001746,USR00060,BK00759,2024-01-24,2024-02-07,2024-02-08,Terlambat,15.0,Modul Residensi Keperawatan,"Titi Mardhiyah, M.Ak, Dacin Rahayu",Deepublish,2018,"Fakultas Sains, Teknologi, & Kesehatan",Profesi Ners,Keperawatan Profesi Ners,"Buku ini dirancang sebagai panduan untuk memahami kompetensi ners dalam asuhan pasien, residensi dan pembelajaran klinik lanjutan, serta praktik klinik keperawatan profesional. Membantu pembaca membangun pemahaman konseptual maupun praktis.","profesi ners, evidence based practice, praktik klinis ners, kompetensi ners",Inggris,E-book,263,978-0-12-604326-6,9999
639,TRX001750,USR00358,BK00396,2025-06-23,2025-07-07,2025-07-08,Terlambat,15.0,Dasar-Dasar Manajemen Logistik,Harto Prasasta,Erlangga,2010,"Fakultas Sains, Teknologi, & Kesehatan",Teknik Industri,Ergonomi & Rantai Pasok,"Buku ini membahas secara mendalam tentang analisis ergonomi tempat kerja, manajemen rantai pasok dan distribusi, serta optimalisasi jaringan logistik. Dilengkapi dengan contoh kasus dan studi lapangan yang relevan.","supply chain, analisis beban kerja, manajemen persediaan, logistik",Inggris,Fisik,203,978-0-9792513-2-0,7
640,TRX001751,USR00256,BK01315,2025-08-03,2025-08-17,2025-08-22,Terlambat,19.0,Strategi Produksi Berita Edisi Terbaru,"Gaman Prasetyo, S.Gz, Zulaikha Firmansyah",Informatika Bandung,2006,"Fakultas Sosial, Humaniora, & Seni",Ilmu Komunikasi,Jurnalistik & Media Digital,"Buku ini dirancang sebagai panduan untuk memahami strategi konten media sosial, etika jurnalistik di era digital, serta komunikasi digital dan audiens. Cocok digunakan sebagai referensi utama bagi mahasiswa dan praktisi.","komunikasi digital, konten kreator, jurnalistik, media sosial",Indonesia,Fisik,529,978-0-9875617-8-7,8
641,TRX001752,USR00360,BK00062,2025-07-02,2025-07-16,2025-07-22,Terlambat,20.0,Dasar Algoritma,"Bajragin Manullang, S.H.",Deepublish,2013,"Fakultas Sains, Teknologi, & Kesehatan",Informatika,Pemrograman & Algoritma,"Buku ini menyajikan kajian komprehensif mengenai algoritma dan struktur data, implementasi kode, serta logika pemrograman. Membantu pembaca membangun pemahaman konseptual maupun praktis.","java, python, struktur data, pemrograman",Indonesia,E-book,133,978-0-206-79740-9,9999
642,TRX001753,USR00199,BK00555,2024-01-21,2024-02-04,2024-02-10,Terlambat,20.0,Dasar-Dasar Keperawatan Medikal Bedah,Puti Shakila Haryanto,Nuha Medika,2008,"Fakultas Sains, Teknologi, & Kesehatan",Keperawatan,Keperawatan Klinis,"Buku ini dirancang sebagai panduan untuk memahami komunikasi terapeutik perawat, asuhan keperawatan pasien, serta prosedur klinis keperawatan. Membantu pembaca membangun pemahaman konseptual maupun praktis.","keperawatan, praktik klinis, keperawatan gawat darurat, keperawatan medikal bedah",Indonesia,E-book,268,978-0-520-85076-7,9999
643,TRX001754,USR00248,BK01207,2023-03-31,2023-04-14,2023-04-21,Terlambat,21.0,Pengantar Psikologi Abnormal,Daru Januar,Rajawali Pers,2023,"Fakultas Sosial, Humaniora, & Seni",Psikologi,Psikologi Umum & Klinis,"Buku ini membahas secara mendalam tentang dinamika interaksi sosial manusia, gangguan psikologis dan penanganannya, serta perkembangan kepribadian individu. Dilengkapi dengan contoh kasus dan studi lapangan yang relevan.","psikologi klinis, psikologi sosial, perkembangan manusia, kepribadian",Inggris,Fisik,298,978-1-77269-608-0,0
644,TRX001755,USR00114,BK00946,2024-12-01,2024-12-15,2024-12-20,Terlambat,19.0,Desain Interior: Konsep dan Aplikasi,"Raisa Wahyudin, Hj. Eli Megantara",Nuha Medika,2023,"Fakultas Sosial, Humaniora, & Seni",Desain Interior,Desain Interior & Arsitektur Ruang,"Buku ini dirancang sebagai panduan untuk memahami konsep arsitektur ruang dalam modern, ergonomi dalam desain ruang, serta prinsip pencahayaan dan estetika ruang. Membantu pembaca membangun pemahaman konseptual maupun praktis.","desain interior, arsitektur ruang, material interior, ergonomi ruang",Indonesia,E-book,227,978-0-9589477-3-2,9999
645,TRX001757,USR00262,BK01362,2023-12-06,2023-12-20,2023-12-26,Terlambat,20.0,Dasar-Dasar Komunikasi Digital,Ulva Firgantoro,Rajawali Pers,2020,"Fakultas Sosial, Humaniora, & Seni",Ilmu Komunikasi,Jurnalistik & Media Digital,"Buku ini membahas secara mendalam tentang etika jurnalistik di era digital, komunikasi digital dan audiens, serta produksi berita di media digital. Disusun dengan bahasa yang mudah dipahami untuk kalangan akademik.","media sosial, komunikasi digital, jurnalistik, konten kreator",Indonesia,Fisik,179,978-0-623-50405-5,3
646,TRX001763,USR00011,BK01183,2023-05-20,2023-06-03,2023-06-08,Terlambat,19.0,Dasar-Dasar Psikologi Perkembangan,Vicky Yolanda,UI Press,2015,"Fakultas Sosial, Humaniora, & Seni",Psikologi,Psikologi Umum & Klinis,"Buku ini memberikan pemahaman menyeluruh tentang perilaku dan proses mental manusia, perkembangan kepribadian individu, serta dinamika interaksi sosial manusia. Membantu pembaca membangun pemahaman konseptual maupun praktis.","psikologi sosial, psikologi, psikoterapi, kesehatan mental",Indonesia,E-book,181,978-1-04-235973-8,9999
647,TRX001764,USR00362,BK01035,2025-10-20,2025-11-03,2025-11-04,Terlambat,15.0,Dasar-Dasar Tata Kelola Perusahaan,"Pranawa Simbolon, M.Pd",Salemba Empat,2008,"Fakultas Sosial, Humaniora, & Seni",Administrasi Bisnis,Administrasi & Manajemen Bisnis,"Buku ini mengulas berbagai aspek penting dari efisiensi operasional organisasi bisnis, pengelolaan keuangan bisnis, serta manajemen sumber daya manusia perusahaan. Cocok digunakan sebagai referensi utama bagi mahasiswa dan praktisi.","manajemen bisnis, operasional bisnis, manajemen keuangan, administrasi bisnis",Indonesia,E-book,506,978-0-9592323-4-9,9999
648,TRX001765,USR00380,BK00565,2025-01-09,2025-01-23,2025-01-30,Terlambat,21.0,Prinsip Kimia Farmasi,"Kunthara Nugroho, S.Gz",Andi Publisher,2016,"Fakultas Sains, Teknologi, & Kesehatan",Farmasi,Farmakologi & Kefarmasian,"Buku ini dirancang sebagai panduan untuk memahami efek samping dan dosis obat, pelayanan kefarmasian klinis, serta mekanisme kerja obat. Disusun dengan bahasa yang mudah dipahami untuk kalangan akademik.","farmakokinetik, formulasi obat, farmakologi, apoteker",Inggris,Fisik,137,978-0-01-594165-9,8
649,TRX001766,USR00146,BK00316,2024-03-24,2024-04-07,2024-04-10,Terlambat,17.0,Optimalisasi Manajemen Kualitas,Wadi Wijaya,UI Press,2022,"Fakultas Sains, Teknologi, & Kesehatan",Teknik Industri,Teknik Industri & Manajemen Operasi,"Buku ini membahas secara mendalam tentang perancangan sistem kerja industri, manajemen kualitas dan produktivitas, serta perencanaan dan pengendalian produksi. Cocok digunakan sebagai referensi utama bagi mahasiswa dan praktisi.","perencanaan produksi, efisiensi kerja, manajemen operasi, produktivitas",Indonesia,Fisik,135,978-1-351-60917-3,3
650,TRX001767,USR00209,BK01278,2024-07-11,2024-07-25,2024-07-30,Terlambat,19.0,Pengantar Public Relations Edisi Revisi,Agus Prakasa,Deepublish,2008,"Fakultas Sosial, Humaniora, & Seni",Ilmu Komunikasi,Komunikasi & Media,"Buku ini membahas secara mendalam tentang dinamika komunikasi massa, strategi media dan publikasi, serta jurnalisme di era digital. Membantu pembaca membangun pemahaman konseptual maupun praktis.","public relations, jurnalistik, komunikasi massa, komunikasi interpersonal",Indonesia,E-book,241,978-1-388-21458-6,9999
651,TRX001772,USR00248,BK01176,2024-03-27,2024-04-10,2024-04-14,Terlambat,18.0,Konsep Psikologi Umum Modern,Jasmin Wibisono,Graha Ilmu,2012,"Fakultas Sosial, Humaniora, & Seni",Psikologi,Psikologi Umum & Klinis,"Buku ini menyajikan kajian komprehensif mengenai intervensi psikoterapi klinis, dinamika interaksi sosial manusia, serta gangguan psikologis dan penanganannya. Dilengkapi dengan contoh kasus dan studi lapangan yang relevan.","psikologi, perkembangan manusia, psikologi sosial, kesehatan mental",Indonesia,Fisik,277,978-0-469-97990-1,0
652,TRX001775,USR00179,BK00532,2024-09-17,2024-10-01,2024-10-08,Terlambat,21.0,Keperawatan Anak: Teori dan Praktik Klinis,"Tgk. Sari Kusmawati, S.IP",Gramedia Pustaka Utama,2007,"Fakultas Sains, Teknologi, & Kesehatan",Keperawatan,Keperawatan Klinis,"Buku ini mengulas berbagai aspek penting dari manajemen perawatan pasien, komunikasi terapeutik perawat, serta penanganan kondisi darurat medis. Disusun dengan bahasa yang mudah dipahami untuk kalangan akademik.","keperawatan gawat darurat, keperawatan medikal bedah, praktik klinis, keperawatan",Indonesia,E-book,195,978-0-429-02572-3,9999
653,TRX001776,USR00232,BK00199,2025-06-04,2025-06-18,2025-06-25,Terlambat,21.0,Keamanan Siber di Era Digital,Dr. Hasim Jailani,Bumi Aksara,2012,"Fakultas Sains, Teknologi, & Kesehatan",Informatika,Jaringan & Keamanan Siber,"Buku ini menyajikan kajian komprehensif mengenai audit keamanan sistem, ancaman siber, serta keamanan jaringan komputer. Disusun dengan bahasa yang mudah dipahami untuk kalangan akademik.","firewall, protokol jaringan, enkripsi, keamanan siber",Inggris,Fisik,310,978-0-581-99560-5,4
654,TRX001777,USR00005,BK01216,2025-08-16,2025-08-30,2025-09-05,Terlambat,20.0,Memahami Psikologi Perkembangan Edisi Terbaru,"Elma Mangunsong, M.Pd, Dipa Anggriawan",Gramedia Pustaka Utama,2009,"Fakultas Sosial, Humaniora, & Seni",Psikologi,Psikologi Umum & Klinis,"Buku ini memberikan pemahaman menyeluruh tentang gangguan psikologis dan penanganannya, dinamika interaksi sosial manusia, serta intervensi psikoterapi klinis. Cocok digunakan sebagai referensi utama bagi mahasiswa dan praktisi.","perkembangan manusia, kesehatan mental, psikologi sosial, kepribadian",Inggris,Fisik,349,978-0-480-88062-0,3
655,TRX001778,USR00374,BK00141,2024-08-25,2024-09-08,2024-09-12,Terlambat,18.0,Keamanan Informasi di Era Digital,"Kariman Situmorang, S.E.I",Deepublish,2016,"Fakultas Sains, Teknologi, & Kesehatan",Informatika,Jaringan & Keamanan Siber,"Buku ini membahas secara mendalam tentang audit keamanan sistem, sistem enkripsi, serta keamanan jaringan komputer. Dilengkapi dengan contoh kasus dan studi lapangan yang relevan.","hacking etis, firewall, jaringan komputer, cyber security",Indonesia,E-book,450,978-0-680-18242-5,9999
656,TRX001783,USR00101,BK00340,2023-12-05,2023-12-19,2023-12-26,Terlambat,21.0,Pengantar Manajemen Operasi,"Panji Prasetya, Ulya Yuniar, S.Farm",Erlangga,2008,"Fakultas Sains, Teknologi, & Kesehatan",Teknik Industri,Teknik Industri & Manajemen Operasi,"Buku ini memberikan pemahaman menyeluruh tentang manajemen kualitas dan produktivitas, efisiensi tata letak fasilitas pabrik, serta perencanaan dan pengendalian produksi. Cocok digunakan sebagai referensi utama bagi mahasiswa dan praktisi.","six sigma, produktivitas, manajemen operasi, tata letak pabrik",Indonesia,Fisik,522,978-1-257-77547-7,0
657,TRX001785,USR00157,BK01237,2024-09-14,2024-09-28,2024-09-30,Terlambat,16.0,Pengantar Komunikasi Interpersonal,"Warji Yuliarti, Aslijan Adriansyah",Erlangga,2018,"Fakultas Sosial, Humaniora, & Seni",Ilmu Komunikasi,Komunikasi & Media,"Buku ini mengulas berbagai aspek penting dari dinamika komunikasi massa, jurnalisme di era digital, serta pengaruh media sosial terhadap opini publik. Menjadi rujukan penting dalam perkuliahan dan penelitian terkait.","public relations, media sosial, komunikasi interpersonal, broadcasting",Indonesia,Fisik,236,978-0-02-455910-4,3
658,TRX001786,USR00258,BK00438,2023-12-06,2023-12-20,2023-12-24,Terlambat,18.0,Dasar-Dasar Manajemen Logistik,Taswir Maulana,Informatika Bandung,2005,"Fakultas Sains, Teknologi, & Kesehatan",Teknik Industri,Ergonomi & Rantai Pasok,"Buku ini dirancang sebagai panduan untuk memahami optimalisasi jaringan logistik, pengendalian persediaan barang, serta keselamatan dan kesehatan kerja industri. Menjadi rujukan penting dalam perkuliahan dan penelitian terkait.","analisis beban kerja, rantai pasok, manajemen persediaan, ergonomi",Indonesia,Fisik,341,978-0-644-74212-2,6
659,TRX001787,USR00363,BK00028,2024-07-07,2024-07-21,2024-07-24,Terlambat,17.0,Algoritma dan Algoritma,"R.M. Makuta Saptono, S.E., Maimunah Puspasari, S.Farm",Graha Ilmu,2015,"Fakultas Sains, Teknologi, & Kesehatan",Informatika,Pemrograman & Algoritma,"Buku ini menyajikan kajian komprehensif mengenai pemecahan masalah komputasional, algoritma dan struktur data, serta implementasi kode. Disusun dengan bahasa yang mudah dipahami untuk kalangan akademik.","kompleksitas, logika komputasi, struktur data, python",Indonesia,Fisik,197,978-0-12-805982-1,3
660,TRX001789,USR00363,BK01173,2025-05-02,2025-05-16,2025-05-17,Terlambat,15.0,Memahami Psikologi Kepribadian,"Reza Wijaya, S.H.",Pustaka Pelajar,2016,"Fakultas Sosial, Humaniora, & Seni",Psikologi,Psikologi Umum & Klinis,"Buku ini menyajikan kajian komprehensif mengenai intervensi psikoterapi klinis, perilaku dan proses mental manusia, serta gangguan psikologis dan penanganannya. Cocok digunakan sebagai referensi utama bagi mahasiswa dan praktisi.","kesehatan mental, perkembangan manusia, psikologi, psikoterapi",Indonesia,E-book,278,978-1-137-23081-2,9999
661,TRX001790,USR00052,BK00947,2024-09-02,2024-09-16,2024-09-17,Terlambat,15.0,Prinsip Arsitektur Ruang Dalam Edisi Terbaru,Ulva Mansur,Graha Ilmu,2023,"Fakultas Sosial, Humaniora, & Seni",Desain Interior,Desain Interior & Arsitektur Ruang,"Buku ini memberikan pemahaman menyeluruh tentang prinsip pencahayaan dan estetika ruang, konsep arsitektur ruang dalam modern, serta perancangan tata ruang interior. Cocok digunakan sebagai referensi utama bagi mahasiswa dan praktisi.","furnitur, desain interior, tata ruang, pencahayaan ruang",Indonesia,Fisik,154,978-1-05-622710-8,5
662,TRX001791,USR00214,BK00483,2023-12-12,2023-12-26,2023-12-31,Terlambat,19.0,Panduan Keperawatan Maternitas,Dt. Muni Anggriawan,Gramedia Pustaka Utama,2015,"Fakultas Sains, Teknologi, & Kesehatan",Keperawatan,Keperawatan Klinis,"Buku ini mengulas berbagai aspek penting dari asuhan keperawatan pasien, komunikasi terapeutik perawat, serta penanganan kondisi darurat medis. Cocok digunakan sebagai referensi utama bagi mahasiswa dan praktisi.","keperawatan, asuhan keperawatan, praktik klinis, keperawatan gawat darurat",Indonesia,Fisik,368,978-0-618-17534-5,1
663,TRX001797,USR00053,BK01217,2024-07-02,2024-07-16,2024-07-20,Terlambat,18.0,Pengantar Psikologi Sosial,Asirwada Halimah,UI Press,2007,"Fakultas Sosial, Humaniora, & Seni",Psikologi,Psikologi Umum & Klinis,"Buku ini menyajikan kajian komprehensif mengenai perkembangan kepribadian individu, perilaku dan proses mental manusia, serta dinamika interaksi sosial manusia. Cocok digunakan sebagai referensi utama bagi mahasiswa dan praktisi.","psikoterapi, kesehatan mental, kepribadian, psikologi klinis",Indonesia,Fisik,301,978-0-395-94737-1,0
664,TRX001798,USR00195,BK00393,2025-10-08,2025-10-22,2025-10-26,Terlambat,18.0,Tata Letak Pabrik: Teori dan Aplikasi,drg. Cemeti Nababan,Alfabeta,2024,"Fakultas Sains, Teknologi, & Kesehatan",Teknik Industri,Teknik Industri & Manajemen Operasi,"Buku ini memberikan pemahaman menyeluruh tentang perencanaan dan pengendalian produksi, optimalisasi proses produksi, serta manajemen kualitas dan produktivitas. Menjadi rujukan penting dalam perkuliahan dan penelitian terkait.","teknik industri, tata letak pabrik, manajemen operasi, produktivitas",Indonesia,Fisik,405,978-1-01-367303-0,0
665,TRX001807,USR00191,BK01213,2025-03-27,2025-04-10,2025-04-17,Terlambat,21.0,Psikologi Sosial: Teori dan Aplikasi,"Puspa Hardiansyah, S.T.",Nuha Medika,2006,"Fakultas Sosial, Humaniora, & Seni",Psikologi,Psikologi Umum & Klinis,"Buku ini menyajikan kajian komprehensif mengenai perkembangan kepribadian individu, intervensi psikoterapi klinis, serta perilaku dan proses mental manusia. Membantu pembaca membangun pemahaman konseptual maupun praktis.","kepribadian, psikologi klinis, psikologi, psikologi sosial",Indonesia,E-book,321,978-1-72426-423-7,9999
666,TRX001808,USR00341,BK01357,2023-08-04,2023-08-18,2023-08-25,Terlambat,21.0,Dasar-Dasar Produksi Berita,Ir. Puput Suwarno,Kencana Prenada,2022,"Fakultas Sosial, Humaniora, & Seni",Ilmu Komunikasi,Jurnalistik & Media Digital,"Buku ini membahas secara mendalam tentang etika jurnalistik di era digital, komunikasi digital dan audiens, serta strategi konten media sosial. Menjadi rujukan penting dalam perkuliahan dan penelitian terkait.","media sosial, produksi berita, konten kreator, jurnalistik",Indonesia,Fisik,232,978-0-205-09386-1,1
667,TRX001809,USR00127,BK00690,2023-06-12,2023-06-26,2023-06-29,Terlambat,17.0,Farmasi Rumah Sakit: Praktik dan Pelayanan Edisi Revisi,Yuni Nababan,Gramedia Pustaka Utama,2023,"Fakultas Sains, Teknologi, & Kesehatan",Farmasi,Teknologi Farmasi & Pelayanan Kefarmasian,"Buku ini memberikan pemahaman menyeluruh tentang standar pelayanan farmasi profesional, teknologi pembuatan sediaan obat, serta praktik farmasi klinis pasien. Disusun dengan bahasa yang mudah dipahami untuk kalangan akademik.","pelayanan kefarmasian, farmasi rumah sakit, teknologi farmasi, compounding obat",Inggris,Fisik,488,978-0-12-206815-7,7
668,TRX001812,USR00137,BK00428,2025-11-11,2025-11-25,2025-11-29,Terlambat,18.0,Studi Keselamatan dan Kesehatan Kerja di Industri,Dr. Warta Lazuardi,PT Grasindo,2015,"Fakultas Sains, Teknologi, & Kesehatan",Teknik Industri,Ergonomi & Rantai Pasok,"Buku ini membahas secara mendalam tentang keselamatan dan kesehatan kerja industri, manajemen rantai pasok dan distribusi, serta optimalisasi jaringan logistik. Membantu pembaca membangun pemahaman konseptual maupun praktis.","k3, distribusi, ergonomi, supply chain",Indonesia,Fisik,178,978-1-205-66474-7,1
669,TRX001813,USR00050,BK00759,2024-09-15,2024-09-29,2024-10-01,Terlambat,16.0,Modul Residensi Keperawatan,"Titi Mardhiyah, M.Ak, Dacin Rahayu",Deepublish,2018,"Fakultas Sains, Teknologi, & Kesehatan",Profesi Ners,Keperawatan Profesi Ners,"Buku ini dirancang sebagai panduan untuk memahami kompetensi ners dalam asuhan pasien, residensi dan pembelajaran klinik lanjutan, serta praktik klinik keperawatan profesional. Membantu pembaca membangun pemahaman konseptual maupun praktis.","profesi ners, evidence based practice, praktik klinis ners, kompetensi ners",Inggris,E-book,263,978-0-12-604326-6,9999
670,TRX001817,USR00115,BK01063,2024-08-02,2024-08-16,2024-08-23,Terlambat,21.0,Manajemen Manajemen Sumber Daya Manusia,Opan Suartini,Alfabeta,2015,"Fakultas Sosial, Humaniora, & Seni",Administrasi Bisnis,Administrasi & Manajemen Bisnis,"Buku ini membahas secara mendalam tentang pengelolaan keuangan bisnis, efisiensi operasional organisasi bisnis, serta manajemen sumber daya manusia perusahaan. Disusun dengan bahasa yang mudah dipahami untuk kalangan akademik.","tata kelola perusahaan, manajemen sumber daya manusia, manajemen keuangan, administrasi bisnis",Indonesia,Fisik,440,978-0-7660-1444-2,1
671,TRX001822,USR00252,BK01339,2023-07-22,2023-08-05,2023-08-07,Terlambat,16.0,Content Creation di Era Digital,Kayla Haryanto,Bumi Aksara,2015,"Fakultas Sosial, Humaniora, & Seni",Ilmu Komunikasi,Jurnalistik & Media Digital,"Buku ini membahas secara mendalam tentang strategi konten media sosial, produksi berita di media digital, serta etika jurnalistik di era digital. Membantu pembaca membangun pemahaman konseptual maupun praktis.","komunikasi digital, produksi berita, media digital, jurnalistik",Indonesia,Fisik,373,978-0-683-11395-2,6
672,TRX001823,USR00152,BK00682,2023-12-09,2023-12-23,2023-12-24,Terlambat,15.0,Dasar Compounding Obat,Cemani Safitri,Rajawali Pers,2018,"Fakultas Sains, Teknologi, & Kesehatan",Farmasi,Teknologi Farmasi & Pelayanan Kefarmasian,"Buku ini dirancang sebagai panduan untuk memahami pelayanan kefarmasian di rumah sakit, praktik farmasi klinis pasien, serta teknologi pembuatan sediaan obat. Menjadi rujukan penting dalam perkuliahan dan penelitian terkait.","farmasi komunitas, teknologi farmasi, compounding obat, farmasi rumah sakit",Indonesia,Fisik,254,978-1-62916-032-0,1
673,TRX001824,USR00037,BK01089,2023-06-20,2023-07-04,2023-07-05,Terlambat,15.0,Strategi Manajemen Sumber Daya Manusia,Cut Paulin Lazuardi,Erlangga,2007,"Fakultas Sosial, Humaniora, & Seni",Administrasi Bisnis,Administrasi & Manajemen Bisnis,"Buku ini menyajikan kajian komprehensif mengenai administrasi dan operasional bisnis, manajemen sumber daya manusia perusahaan, serta efisiensi operasional organisasi bisnis. Cocok digunakan sebagai referensi utama bagi mahasiswa dan praktisi.","tata kelola perusahaan, manajemen bisnis, manajemen keuangan, manajemen sumber daya manusia",Indonesia,E-book,354,978-1-152-98217-8,9999
674,TRX001825,USR00171,BK00764,2025-08-17,2025-08-31,2025-09-06,Terlambat,20.0,Modul Profesi Ners,"dr. Gilda Yulianti, Fathonah Padmasari",Elex Media Komputindo,2022,"Fakultas Sains, Teknologi, & Kesehatan",Profesi Ners,Keperawatan Profesi Ners,"Buku ini mengulas berbagai aspek penting dari residensi dan pembelajaran klinik lanjutan, penerapan evidence-based practice, serta praktik klinik keperawatan profesional. Disusun dengan bahasa yang mudah dipahami untuk kalangan akademik.","keperawatan komprehensif, residensi keperawatan, kompetensi ners, keperawatan lanjutan",Inggris,Fisik,256,978-0-12-910933-4,1
675,TRX001827,USR00341,BK00998,2023-12-13,2023-12-27,2023-12-29,Terlambat,16.0,Prinsip Material dan Furnitur Edisi Ke-2,"Ratna Yolanda, Lili Zulkarnain",Elex Media Komputindo,2023,"Fakultas Sosial, Humaniora, & Seni",Desain Interior,Desain Interior & Arsitektur Ruang,"Buku ini memberikan pemahaman menyeluruh tentang konsep arsitektur ruang dalam modern, ergonomi dalam desain ruang, serta perancangan tata ruang interior. Dilengkapi dengan contoh kasus dan studi lapangan yang relevan.","furnitur, desain interior, tata ruang, pencahayaan ruang",Indonesia,E-book,383,978-0-932998-19-4,9999
676,TRX001830,USR00277,BK00464,2023-06-08,2023-06-22,2023-06-27,Terlambat,19.0,Manajemen Manajemen Persediaan,H. Daryani Natsir,Erlangga,2011,"Fakultas Sains, Teknologi, & Kesehatan",Teknik Industri,Ergonomi & Rantai Pasok,"Buku ini menyajikan kajian komprehensif mengenai pengendalian persediaan barang, keselamatan dan kesehatan kerja industri, serta manajemen rantai pasok dan distribusi. Disusun dengan bahasa yang mudah dipahami untuk kalangan akademik.","manajemen persediaan, ergonomi, distribusi, analisis beban kerja",Inggris,Fisik,157,978-1-199-75817-0,7
677,TRX001831,USR00226,BK01220,2023-02-26,2023-03-12,2023-03-15,Terlambat,17.0,Konsep Psikologi Klinis Modern,"Dr. Dian Firgantoro, S.Kom",Graha Ilmu,2010,"Fakultas Sosial, Humaniora, & Seni",Psikologi,Psikologi Umum & Klinis,"Buku ini dirancang sebagai panduan untuk memahami perkembangan kepribadian individu, perilaku dan proses mental manusia, serta gangguan psikologis dan penanganannya. Cocok digunakan sebagai referensi utama bagi mahasiswa dan praktisi.","psikologi sosial, psikologi klinis, psikoterapi, perkembangan manusia",Inggris,E-book,397,978-1-4196-6645-2,9999
678,TRX001832,USR00178,BK00768,2023-12-02,2023-12-16,2023-12-22,Terlambat,20.0,Kompetensi Keperawatan Komprehensif,Catur Farida,Bumi Aksara,2017,"Fakultas Sains, Teknologi, & Kesehatan",Profesi Ners,Keperawatan Profesi Ners,"Buku ini menyajikan kajian komprehensif mengenai kompetensi ners dalam asuhan pasien, etika dan profesionalisme keperawatan, serta residensi dan pembelajaran klinik lanjutan. Dilengkapi dengan contoh kasus dan studi lapangan yang relevan.","evidence based practice, praktik klinis ners, profesi ners, keperawatan lanjutan",Inggris,E-book,447,978-1-69432-029-2,9999
679,TRX001833,USR00132,BK00511,2025-10-13,2025-10-27,2025-11-01,Terlambat,19.0,Panduan Keperawatan Medikal Bedah,Niyaga Haryanti,Pustaka Pelajar,2018,"Fakultas Sains, Teknologi, & Kesehatan",Keperawatan,Keperawatan Klinis,"Buku ini membahas secara mendalam tentang prosedur klinis keperawatan, komunikasi terapeutik perawat, serta penanganan kondisi darurat medis. Cocok digunakan sebagai referensi utama bagi mahasiswa dan praktisi.","keperawatan medikal bedah, keperawatan, keperawatan gawat darurat, asuhan keperawatan",Indonesia,Fisik,390,978-1-72625-701-5,8
680,TRX001843,USR00305,BK00265,2024-07-10,2024-07-24,2024-07-30,Terlambat,20.0,Manajemen Basis Data Modern Edisi Revisi,"Manah Pratiwi, Waluyo Mandasari",Graha Ilmu,2011,"Fakultas Sains, Teknologi, & Kesehatan",Informatika,Basis Data,"Buku ini membahas secara mendalam tentang manajemen sistem basis data, perancangan basis data, serta query dan manipulasi data. Menjadi rujukan penting dalam perkuliahan dan penelitian terkait.","database, nosql, normalisasi, basis data",Inggris,Fisik,522,978-1-135-52157-8,7
681,TRX001844,USR00203,BK01284,2025-11-10,2025-11-24,2025-11-30,Terlambat,20.0,Pengantar Komunikasi Massa,Laras Nasyidah,Nuha Medika,2021,"Fakultas Sosial, Humaniora, & Seni",Ilmu Komunikasi,Komunikasi & Media,"Buku ini membahas secara mendalam tentang dinamika komunikasi massa, jurnalisme di era digital, serta strategi media dan publikasi. Disusun dengan bahasa yang mudah dipahami untuk kalangan akademik.","media sosial, komunikasi massa, public relations, komunikasi interpersonal",Indonesia,Fisik,186,978-0-87233-351-2,2
682,TRX001848,USR00148,BK00488,2024-11-17,2024-12-01,2024-12-03,Terlambat,16.0,Dasar-Dasar Keperawatan Maternitas Edisi Terbaru,Anom Hidayanto,Gramedia Pustaka Utama,2018,"Fakultas Sains, Teknologi, & Kesehatan",Keperawatan,Keperawatan Klinis,"Buku ini membahas secara mendalam tentang prosedur klinis keperawatan, penanganan kondisi darurat medis, serta manajemen perawatan pasien. Cocok digunakan sebagai referensi utama bagi mahasiswa dan praktisi.","keperawatan anak, keperawatan gawat darurat, asuhan keperawatan, keperawatan",Indonesia,Fisik,316,978-1-70720-064-1,4
683,TRX001849,USR00089,BK00407,2023-05-26,2023-06-09,2023-06-16,Terlambat,21.0,Pengantar Rantai Pasok,"Caturangga Najmudin, dr. Johan Sirait",Informatika Bandung,2020,"Fakultas Sains, Teknologi, & Kesehatan",Teknik Industri,Ergonomi & Rantai Pasok,"Buku ini memberikan pemahaman menyeluruh tentang manajemen rantai pasok dan distribusi, analisis ergonomi tempat kerja, serta optimalisasi jaringan logistik. Dilengkapi dengan contoh kasus dan studi lapangan yang relevan.","logistik, k3, manajemen persediaan, analisis beban kerja",Indonesia,Fisik,205,978-1-55855-665-2,2
684,TRX001851,USR00338,BK00260,2025-07-10,2025-07-24,2025-07-26,Terlambat,16.0,Konsep Sistem Basis Data,"R. Padmi Nainggolan, Dr. Puput Saragih, S.E.",Deepublish,2021,"Fakultas Sains, Teknologi, & Kesehatan",Informatika,Basis Data,"Buku ini menyajikan kajian komprehensif mengenai normalisasi data, query dan manipulasi data, serta arsitektur data warehouse. Dilengkapi dengan contoh kasus dan studi lapangan yang relevan.","query, database, sql, nosql",Indonesia,Fisik,459,978-0-10-393087-9,5
685,TRX001854,USR00163,BK01230,2025-06-20,2025-07-04,2025-07-07,Terlambat,17.0,Konsep Psikologi Perkembangan Modern Edisi Revisi,Jarwa Marbun,Andi Publisher,2005,"Fakultas Sosial, Humaniora, & Seni",Psikologi,Psikologi Umum & Klinis,"Buku ini dirancang sebagai panduan untuk memahami perkembangan kepribadian individu, perilaku dan proses mental manusia, serta intervensi psikoterapi klinis. Menjadi rujukan penting dalam perkuliahan dan penelitian terkait.","perkembangan manusia, psikologi, psikologi sosial, kesehatan mental",Inggris,E-book,435,978-0-17-595749-1,9999
686,TRX001860,USR00084,BK01235,2025-10-27,2025-11-10,2025-11-11,Terlambat,15.0,Psikologi Klinis: Teori dan Aplikasi,Jinawi Lestari,Nuha Medika,2022,"Fakultas Sosial, Humaniora, & Seni",Psikologi,Psikologi Umum & Klinis,"Buku ini memberikan pemahaman menyeluruh tentang dinamika interaksi sosial manusia, perilaku dan proses mental manusia, serta gangguan psikologis dan penanganannya. Cocok digunakan sebagai referensi utama bagi mahasiswa dan praktisi.","psikoterapi, kesehatan mental, kepribadian, psikologi klinis",Indonesia,Fisik,251,978-0-663-43925-6,6
687,TRX001862,USR00034,BK00595,2024-05-23,2024-06-06,2024-06-13,Terlambat,21.0,Prinsip Kimia Farmasi,"Cut Puspa Hutagalung, Kambali Kurniawan",Nuha Medika,2024,"Fakultas Sains, Teknologi, & Kesehatan",Farmasi,Farmakologi & Kefarmasian,"Buku ini mengulas berbagai aspek penting dari efek samping dan dosis obat, mekanisme kerja obat, serta formulasi sediaan farmasi. Cocok digunakan sebagai referensi utama bagi mahasiswa dan praktisi.","formulasi obat, toksikologi, farmakologi, kimia farmasi",Indonesia,Fisik,191,978-1-179-45491-7,7
688,TRX001864,USR00055,BK01180,2025-07-18,2025-08-01,2025-08-02,Terlambat,15.0,Dasar-Dasar Psikologi Perkembangan,KH. Niyaga Hartati,Informatika Bandung,2014,"Fakultas Sosial, Humaniora, & Seni",Psikologi,Psikologi Umum & Klinis,"Buku ini memberikan pemahaman menyeluruh tentang perilaku dan proses mental manusia, intervensi psikoterapi klinis, serta perkembangan kepribadian individu. Cocok digunakan sebagai referensi utama bagi mahasiswa dan praktisi.","kesehatan mental, psikologi, psikologi klinis, psikoterapi",Indonesia,Fisik,374,978-1-102-90871-5,2
689,TRX001869,USR00240,BK00666,2024-03-09,2024-03-23,2024-03-24,Terlambat,15.0,Teknologi Farmasi Komunitas,"drg. Suci Padmasari, Argono Pranowo, S.H.",Bumi Aksara,2006,"Fakultas Sains, Teknologi, & Kesehatan",Farmasi,Teknologi Farmasi & Pelayanan Kefarmasian,"Buku ini memberikan pemahaman menyeluruh tentang manajemen obat dan compounding, pelayanan kefarmasian di rumah sakit, serta teknologi pembuatan sediaan obat. Menjadi rujukan penting dalam perkuliahan dan penelitian terkait.","compounding obat, farmasi rumah sakit, pelayanan kefarmasian, farmasi komunitas",Inggris,Fisik,499,978-1-363-46692-4,1
690,TRX001873,USR00213,BK00428,2023-08-04,2023-08-18,2023-08-21,Terlambat,17.0,Studi Keselamatan dan Kesehatan Kerja di Industri,Dr. Warta Lazuardi,PT Grasindo,2015,"Fakultas Sains, Teknologi, & Kesehatan",Teknik Industri,Ergonomi & Rantai Pasok,"Buku ini membahas secara mendalam tentang keselamatan dan kesehatan kerja industri, manajemen rantai pasok dan distribusi, serta optimalisasi jaringan logistik. Membantu pembaca membangun pemahaman konseptual maupun praktis.","k3, distribusi, ergonomi, supply chain",Indonesia,Fisik,178,978-1-205-66474-7,1
691,TRX001877,USR00216,BK00058,2024-07-13,2024-07-27,2024-07-31,Terlambat,18.0,Pengantar Logika Pemrograman,Endra Gunawan,PT Grasindo,2013,"Fakultas Sains, Teknologi, & Kesehatan",Informatika,Pemrograman & Algoritma,"Buku ini memberikan pemahaman menyeluruh tentang implementasi kode, efisiensi algoritma, serta algoritma dan struktur data. Disusun dengan bahasa yang mudah dipahami untuk kalangan akademik.","logika komputasi, algoritma, java, coding",Indonesia,Fisik,465,978-1-271-09477-6,3
692,TRX001880,USR00133,BK01007,2025-02-06,2025-02-20,2025-02-27,Terlambat,21.0,Perancangan Material dan Furnitur,"Icha Samosir, S.E.",UI Press,2023,"Fakultas Sosial, Humaniora, & Seni",Desain Interior,Desain Interior & Arsitektur Ruang,"Buku ini dirancang sebagai panduan untuk memahami perancangan tata ruang interior, prinsip pencahayaan dan estetika ruang, serta konsep arsitektur ruang dalam modern. Cocok digunakan sebagai referensi utama bagi mahasiswa dan praktisi.","material interior, furnitur, tata ruang, ergonomi ruang",Indonesia,Fisik,521,978-1-74222-946-1,7
693,TRX001881,USR00098,BK00316,2023-05-06,2023-05-20,2023-05-23,Terlambat,17.0,Optimalisasi Manajemen Kualitas,Wadi Wijaya,UI Press,2022,"Fakultas Sains, Teknologi, & Kesehatan",Teknik Industri,Teknik Industri & Manajemen Operasi,"Buku ini membahas secara mendalam tentang perancangan sistem kerja industri, manajemen kualitas dan produktivitas, serta perencanaan dan pengendalian produksi. Cocok digunakan sebagai referensi utama bagi mahasiswa dan praktisi.","perencanaan produksi, efisiensi kerja, manajemen operasi, produktivitas",Indonesia,Fisik,135,978-1-351-60917-3,3
694,TRX001883,USR00052,BK00495,2025-09-10,2025-09-24,2025-10-01,Terlambat,21.0,Konsep Dasar Keperawatan Anak Edisi Ke-2,Yuni Kuswoyo,UI Press,2008,"Fakultas Sains, Teknologi, & Kesehatan",Keperawatan,Keperawatan Klinis,"Buku ini menyajikan kajian komprehensif mengenai prosedur klinis keperawatan, komunikasi terapeutik perawat, serta penanganan kondisi darurat medis. Cocok digunakan sebagai referensi utama bagi mahasiswa dan praktisi.","keperawatan, keperawatan medikal bedah, praktik klinis, keperawatan gawat darurat",Inggris,Fisik,146,978-0-911179-93-4,1
695,TRX001884,USR00205,BK00818,2025-08-11,2025-08-25,2025-08-31,Terlambat,20.0,Dasar-Dasar Desain Grafis Edisi Terbaru,"drg. Samiah Permadi, S.Ked, Ami Budiman",Informatika Bandung,2014,"Fakultas Sosial, Humaniora, & Seni",Desain Komunikasi Visual,Desain Komunikasi Visual & Ilustrasi,"Buku ini membahas secara mendalam tentang proses kreatif desain grafis, strategi branding melalui visual, serta prinsip visual dan tipografi. Dilengkapi dengan contoh kasus dan studi lapangan yang relevan.","ilustrasi, desain komunikasi visual, seni rupa, branding",Inggris,Fisik,229,978-0-589-55296-1,3
696,TRX001885,USR00331,BK00950,2023-02-22,2023-03-08,2023-03-13,Terlambat,19.0,Dasar-Dasar Tata Ruang Edisi Terbaru,drg. Hamima Purwanti,Rajawali Pers,2017,"Fakultas Sosial, Humaniora, & Seni",Desain Interior,Desain Interior & Arsitektur Ruang,"Buku ini membahas secara mendalam tentang perancangan tata ruang interior, konsep arsitektur ruang dalam modern, serta ergonomi dalam desain ruang. Menjadi rujukan penting dalam perkuliahan dan penelitian terkait.","furnitur, pencahayaan ruang, tata ruang, desain interior",Indonesia,Fisik,141,978-0-921342-49-6,1
697,TRX001886,USR00358,BK01008,2024-05-03,2024-05-17,2024-05-21,Terlambat,18.0,Perancangan Pencahayaan Ruang,Suci Pradana,Deepublish,2024,"Fakultas Sosial, Humaniora, & Seni",Desain Interior,Desain Interior & Arsitektur Ruang,"Buku ini mengulas berbagai aspek penting dari perancangan tata ruang interior, pemilihan material dan furnitur, serta ergonomi dalam desain ruang. Menjadi rujukan penting dalam perkuliahan dan penelitian terkait.","ergonomi ruang, furnitur, pencahayaan ruang, arsitektur ruang",Indonesia,Fisik,397,978-0-942904-58-1,8
698,TRX001890,USR00041,BK00333,2024-05-11,2024-05-25,2024-05-28,Terlambat,17.0,Dasar-Dasar Perencanaan Produksi,"Mila Usamah, Mala Sihotang",Pustaka Pelajar,2014,"Fakultas Sains, Teknologi, & Kesehatan",Teknik Industri,Teknik Industri & Manajemen Operasi,"Buku ini membahas secara mendalam tentang optimalisasi proses produksi, perencanaan dan pengendalian produksi, serta efisiensi tata letak fasilitas pabrik. Membantu pembaca membangun pemahaman konseptual maupun praktis.","tata letak pabrik, teknik industri, six sigma, manajemen kualitas",Inggris,Fisik,138,978-1-180-91901-6,5
699,TRX001891,USR00195,BK00362,2023-05-11,2023-05-25,2023-05-30,Terlambat,19.0,Perancangan Manajemen Operasi,Ajeng Pangestu,Bumi Aksara,2021,"Fakultas Sains, Teknologi, & Kesehatan",Teknik Industri,Teknik Industri & Manajemen Operasi,"Buku ini membahas secara mendalam tentang perancangan sistem kerja industri, manajemen kualitas dan produktivitas, serta efisiensi tata letak fasilitas pabrik. Dilengkapi dengan contoh kasus dan studi lapangan yang relevan.","manajemen kualitas, produktivitas, six sigma, perencanaan produksi",Indonesia,Fisik,330,978-0-09-883920-1,5
700,TRX001896,USR00243,BK00350,2023-12-05,2023-12-19,2023-12-25,Terlambat,20.0,Teknik Industri: Teori dan Aplikasi Edisi Ke-3,"R. Diana Usamah, Dt. Tri Pertiwi",Pustaka Pelajar,2009,"Fakultas Sains, Teknologi, & Kesehatan",Teknik Industri,Teknik Industri & Manajemen Operasi,"Buku ini memberikan pemahaman menyeluruh tentang efisiensi tata letak fasilitas pabrik, perancangan sistem kerja industri, serta optimalisasi proses produksi. Membantu pembaca membangun pemahaman konseptual maupun praktis.","produktivitas, tata letak pabrik, manajemen operasi, six sigma",Indonesia,Fisik,347,978-0-242-86990-0,0
701,TRX001898,USR00134,BK00743,2023-05-04,2023-05-18,2023-05-24,Terlambat,20.0,Praktik Klinik Ners: Praktik Klinis Lanjutan,Gangsar Wastuti,Deepublish,2022,"Fakultas Sains, Teknologi, & Kesehatan",Profesi Ners,Keperawatan Profesi Ners,"Buku ini dirancang sebagai panduan untuk memahami kompetensi ners dalam asuhan pasien, praktik klinik keperawatan profesional, serta etika dan profesionalisme keperawatan. Membantu pembaca membangun pemahaman konseptual maupun praktis.","keperawatan lanjutan, kompetensi ners, profesi ners, evidence based practice",Indonesia,E-book,144,978-1-924082-22-8,9999
702,TRX001900,USR00042,BK00732,2025-07-16,2025-07-30,2025-08-04,Terlambat,19.0,Panduan Praktik Keperawatan Komprehensif,Jindra Yuniar,Kencana Prenada,2024,"Fakultas Sains, Teknologi, & Kesehatan",Profesi Ners,Keperawatan Profesi Ners,"Buku ini mengulas berbagai aspek penting dari praktik klinik keperawatan profesional, residensi dan pembelajaran klinik lanjutan, serta penerapan evidence-based practice. Cocok digunakan sebagai referensi utama bagi mahasiswa dan praktisi.","kompetensi ners, praktik klinis ners, evidence based practice, keperawatan lanjutan",Indonesia,E-book,479,978-0-9997419-2-4,9999
703,TRX001902,USR00183,BK01277,2023-01-29,2023-02-12,2023-02-16,Terlambat,18.0,Pengantar Jurnalistik,Syahrini Prasetyo,Kencana Prenada,2017,"Fakultas Sosial, Humaniora, & Seni",Ilmu Komunikasi,Komunikasi & Media,"Buku ini mengulas berbagai aspek penting dari pengaruh media sosial terhadap opini publik, hubungan masyarakat dan citra publik, serta dinamika komunikasi massa. Cocok digunakan sebagai referensi utama bagi mahasiswa dan praktisi.","public relations, komunikasi massa, media digital, broadcasting",Indonesia,Fisik,322,978-0-476-42737-2,3
704,TRX001905,USR00329,BK01170,2024-03-12,2024-03-26,2024-03-30,Terlambat,18.0,Konsep Psikologi Klinis Modern,Umi Namaga,PT Grasindo,2014,"Fakultas Sosial, Humaniora, & Seni",Psikologi,Psikologi Umum & Klinis,"Buku ini dirancang sebagai panduan untuk memahami gangguan psikologis dan penanganannya, perkembangan kepribadian individu, serta intervensi psikoterapi klinis. Cocok digunakan sebagai referensi utama bagi mahasiswa dan praktisi.","psikoterapi, psikologi, perkembangan manusia, kepribadian",Indonesia,Fisik,151,978-0-582-95829-6,7
705,TRX001907,USR00014,BK01247,2025-03-09,2025-03-23,2025-03-26,Terlambat,17.0,Memahami Komunikasi Massa,"Ani Anggriawan, Gatra Siregar, M.Ak",Erlangga,2019,"Fakultas Sosial, Humaniora, & Seni",Ilmu Komunikasi,Komunikasi & Media,"Buku ini mengulas berbagai aspek penting dari dinamika komunikasi massa, strategi media dan publikasi, serta hubungan masyarakat dan citra publik. Cocok digunakan sebagai referensi utama bagi mahasiswa dan praktisi.","public relations, komunikasi massa, media sosial, broadcasting",Indonesia,Fisik,382,978-1-01-783325-6,8
706,TRX001910,USR00244,BK00530,2024-04-15,2024-04-29,2024-05-06,Terlambat,21.0,Asuhan Keperawatan Medikal Bedah Edisi Ke-3,"Ridwan Sihombing, Ir. Ilsa Lailasari, M.Pd",Bumi Aksara,2016,"Fakultas Sains, Teknologi, & Kesehatan",Keperawatan,Keperawatan Klinis,"Buku ini memberikan pemahaman menyeluruh tentang asuhan keperawatan pasien, prosedur klinis keperawatan, serta komunikasi terapeutik perawat. Dilengkapi dengan contoh kasus dan studi lapangan yang relevan.","keperawatan anak, asuhan keperawatan, keperawatan, praktik klinis",Indonesia,E-book,316,978-0-00-244714-0,9999
707,TRX001912,USR00309,BK01311,2025-02-23,2025-03-09,2025-03-11,Terlambat,16.0,Pengantar Jurnalistik Digital,Laras Setiawan,Bumi Aksara,2008,"Fakultas Sosial, Humaniora, & Seni",Ilmu Komunikasi,Jurnalistik & Media Digital,"Buku ini dirancang sebagai panduan untuk memahami komunikasi digital dan audiens, etika jurnalistik di era digital, serta strategi konten media sosial. Disusun dengan bahasa yang mudah dipahami untuk kalangan akademik.","media sosial, konten kreator, produksi berita, komunikasi digital",Indonesia,E-book,337,978-0-315-38882-6,9999
708,TRX001916,USR00182,BK00484,2023-10-08,2023-10-22,2023-10-23,Terlambat,15.0,Asuhan Keperawatan Gawat Darurat,"Febi Firmansyah, Lukman Iswahyudi",Pustaka Pelajar,2013,"Fakultas Sains, Teknologi, & Kesehatan",Keperawatan,Keperawatan Klinis,"Buku ini dirancang sebagai panduan untuk memahami penanganan kondisi darurat medis, asuhan keperawatan pasien, serta prosedur klinis keperawatan. Membantu pembaca membangun pemahaman konseptual maupun praktis.","keperawatan gawat darurat, keperawatan, praktik klinis, keperawatan anak",Inggris,Fisik,429,978-0-911192-69-8,6
709,TRX001918,USR00185,BK00748,2024-12-08,2024-12-22,2024-12-29,Terlambat,21.0,Keperawatan Berbasis Bukti: Praktik Klinis Lanjutan,Ella Wulandari,Erlangga,2009,"Fakultas Sains, Teknologi, & Kesehatan",Profesi Ners,Keperawatan Profesi Ners,"Buku ini memberikan pemahaman menyeluruh tentang kompetensi ners dalam asuhan pasien, praktik klinik keperawatan profesional, serta penerapan evidence-based practice. Dilengkapi dengan contoh kasus dan studi lapangan yang relevan.","residensi keperawatan, profesi ners, kompetensi ners, keperawatan komprehensif",Inggris,Fisik,175,978-0-15-285067-8,1
710,TRX001920,USR00046,BK00157,2024-05-15,2024-05-29,2024-06-02,Terlambat,18.0,Keamanan Informasi: Prinsip dan Praktik,Salimah Kuswandari,UI Press,2019,"Fakultas Sains, Teknologi, & Kesehatan",Informatika,Jaringan & Keamanan Siber,"Buku ini dirancang sebagai panduan untuk memahami keamanan jaringan komputer, sistem enkripsi, serta audit keamanan sistem. Dilengkapi dengan contoh kasus dan studi lapangan yang relevan.","cyber security, protokol jaringan, hacking etis, keamanan siber",Indonesia,E-book,503,978-1-278-58549-9,9999
711,TRX001925,USR00037,BK01212,2025-05-08,2025-05-22,2025-05-25,Terlambat,17.0,Memahami Psikologi Sosial,Cawisadi Prasetya,Deepublish,2017,"Fakultas Sosial, Humaniora, & Seni",Psikologi,Psikologi Umum & Klinis,"Buku ini mengulas berbagai aspek penting dari gangguan psikologis dan penanganannya, intervensi psikoterapi klinis, serta perilaku dan proses mental manusia. Dilengkapi dengan contoh kasus dan studi lapangan yang relevan.","psikoterapi, kesehatan mental, psikologi klinis, psikologi sosial",Inggris,Fisik,123,978-0-650-31219-7,8
712,TRX001928,USR00121,BK00933,2024-07-14,2024-07-28,2024-08-04,Terlambat,21.0,Pengantar Videografi,Vivi Puspasari,Informatika Bandung,2023,"Fakultas Sosial, Humaniora, & Seni",Desain Komunikasi Visual,Fotografi & Multimedia,"Buku ini membahas secara mendalam tentang animasi dan motion graphic, desain media interaktif, serta produksi konten multimedia digital. Disusun dengan bahasa yang mudah dipahami untuk kalangan akademik.","multimedia, motion graphic, videografi, fotografi",Inggris,E-book,346,978-0-8358-3286-1,9999
713,TRX001933,USR00177,BK00774,2024-12-02,2024-12-16,2024-12-23,Terlambat,21.0,Kompetensi Keperawatan Komprehensif,Jagaraga Nashiruddin,Rajawali Pers,2018,"Fakultas Sains, Teknologi, & Kesehatan",Profesi Ners,Keperawatan Profesi Ners,"Buku ini mengulas berbagai aspek penting dari penerapan evidence-based practice, kompetensi ners dalam asuhan pasien, serta residensi dan pembelajaran klinik lanjutan. Membantu pembaca membangun pemahaman konseptual maupun praktis.","praktik klinis ners, keperawatan komprehensif, kompetensi ners, profesi ners",Indonesia,E-book,264,978-0-9724042-2-8,9999
714,TRX001935,USR00250,BK00876,2024-03-29,2024-04-12,2024-04-18,Terlambat,20.0,Teknik Desain Multimedia Edisi Revisi,"Ophelia Wahyuni, M.TI.",Rajawali Pers,2018,"Fakultas Sosial, Humaniora, & Seni",Desain Komunikasi Visual,Fotografi & Multimedia,"Buku ini dirancang sebagai panduan untuk memahami produksi konten multimedia digital, animasi dan motion graphic, serta teknik pengambilan gambar fotografi. Dilengkapi dengan contoh kasus dan studi lapangan yang relevan.","videografi, motion graphic, editing visual, fotografi",Indonesia,Fisik,228,978-0-599-59961-1,1
715,TRX001937,USR00164,BK00457,2023-09-25,2023-10-09,2023-10-11,Terlambat,16.0,Dasar-Dasar Manajemen Persediaan,Tgk. Kunthara Simanjuntak,Gramedia Pustaka Utama,2014,"Fakultas Sains, Teknologi, & Kesehatan",Teknik Industri,Ergonomi & Rantai Pasok,"Buku ini dirancang sebagai panduan untuk memahami analisis ergonomi tempat kerja, pengendalian persediaan barang, serta optimalisasi jaringan logistik. Dilengkapi dengan contoh kasus dan studi lapangan yang relevan.","logistik, k3, distribusi, analisis beban kerja",Inggris,E-book,547,978-0-493-21495-5,9999
716,TRX001942,USR00181,BK00556,2023-05-16,2023-05-30,2023-06-03,Terlambat,18.0,Konsep Dasar Keperawatan Anak,Drs. Lili Santoso,Kencana Prenada,2016,"Fakultas Sains, Teknologi, & Kesehatan",Keperawatan,Keperawatan Klinis,"Buku ini memberikan pemahaman menyeluruh tentang manajemen perawatan pasien, komunikasi terapeutik perawat, serta prosedur klinis keperawatan. Cocok digunakan sebagai referensi utama bagi mahasiswa dan praktisi.","keperawatan, asuhan keperawatan, keperawatan anak, praktik klinis",Indonesia,Fisik,457,978-1-905696-59-8,4
717,TRX001948,USR00353,BK00554,2025-10-18,2025-11-01,2025-11-04,Terlambat,17.0,Dasar-Dasar Keperawatan Maternitas,"Ir. Ganep Wibowo, S.IP",Informatika Bandung,2022,"Fakultas Sains, Teknologi, & Kesehatan",Keperawatan,Keperawatan Klinis,"Buku ini dirancang sebagai panduan untuk memahami manajemen perawatan pasien, prosedur klinis keperawatan, serta penanganan kondisi darurat medis. Dilengkapi dengan contoh kasus dan studi lapangan yang relevan.","keperawatan, asuhan keperawatan, keperawatan anak, keperawatan gawat darurat",Inggris,Fisik,457,978-1-56503-334-4,6
718,TRX001949,USR00173,BK00522,2024-12-01,2024-12-15,2024-12-18,Terlambat,17.0,Keperawatan Maternitas: Teori dan Praktik Klinis,R.M. Kasusra Sihombing,Deepublish,2011,"Fakultas Sains, Teknologi, & Kesehatan",Keperawatan,Keperawatan Klinis,"Buku ini dirancang sebagai panduan untuk memahami komunikasi terapeutik perawat, penanganan kondisi darurat medis, serta prosedur klinis keperawatan. Disusun dengan bahasa yang mudah dipahami untuk kalangan akademik.","keperawatan, asuhan keperawatan, keperawatan anak, keperawatan medikal bedah",Indonesia,Fisik,412,978-0-672-75208-7,3
719,TRX001952,USR00089,BK00399,2023-10-14,2023-10-28,2023-10-29,Terlambat,15.0,Dasar-Dasar Ergonomi Edisi Terbaru,"Maida Purwanti, S.Pd",Salemba Empat,2015,"Fakultas Sains, Teknologi, & Kesehatan",Teknik Industri,Ergonomi & Rantai Pasok,"Buku ini dirancang sebagai panduan untuk memahami pengendalian persediaan barang, analisis ergonomi tempat kerja, serta optimalisasi jaringan logistik. Menjadi rujukan penting dalam perkuliahan dan penelitian terkait.","analisis beban kerja, k3, manajemen persediaan, ergonomi",Indonesia,Fisik,530,978-0-928557-49-7,4
720,TRX001956,USR00228,BK00534,2023-02-28,2023-03-14,2023-03-17,Terlambat,17.0,Keperawatan Dasar: Teori dan Praktik Klinis,Pranata Utami,Pustaka Pelajar,2022,"Fakultas Sains, Teknologi, & Kesehatan",Keperawatan,Keperawatan Klinis,"Buku ini dirancang sebagai panduan untuk memahami prosedur klinis keperawatan, komunikasi terapeutik perawat, serta penanganan kondisi darurat medis. Menjadi rujukan penting dalam perkuliahan dan penelitian terkait.","praktik klinis, keperawatan medikal bedah, asuhan keperawatan, keperawatan gawat darurat",Indonesia,Fisik,162,978-0-928554-45-8,6
721,TRX001959,USR00220,BK01197,2023-08-08,2023-08-22,2023-08-24,Terlambat,16.0,Dasar-Dasar Psikologi Kepribadian Edisi Ke-3,Ina Nababan,Pustaka Pelajar,2009,"Fakultas Sosial, Humaniora, & Seni",Psikologi,Psikologi Umum & Klinis,"Buku ini memberikan pemahaman menyeluruh tentang gangguan psikologis dan penanganannya, perilaku dan proses mental manusia, serta intervensi psikoterapi klinis. Dilengkapi dengan contoh kasus dan studi lapangan yang relevan.","perkembangan manusia, psikologi sosial, kepribadian, kesehatan mental",Indonesia,E-book,225,978-1-4496-3924-2,9999
722,TRX001964,USR00298,BK00826,2024-06-25,2024-07-09,2024-07-14,Terlambat,19.0,Pengantar Tipografi Edisi Ke-3,Karman Rajasa,Erlangga,2024,"Fakultas Sosial, Humaniora, & Seni",Desain Komunikasi Visual,Desain Komunikasi Visual & Ilustrasi,"Buku ini menyajikan kajian komprehensif mengenai proses kreatif desain grafis, prinsip visual dan tipografi, serta strategi branding melalui visual. Dilengkapi dengan contoh kasus dan studi lapangan yang relevan.","tipografi, ilustrasi, seni rupa, branding",Indonesia,Fisik,189,978-0-908088-23-2,0
723,TRX001966,USR00047,BK00462,2023-05-18,2023-06-01,2023-06-08,Terlambat,21.0,Manajemen Ergonomi,R. Oni Jailani,Bumi Aksara,2007,"Fakultas Sains, Teknologi, & Kesehatan",Teknik Industri,Ergonomi & Rantai Pasok,"Buku ini dirancang sebagai panduan untuk memahami keselamatan dan kesehatan kerja industri, optimalisasi jaringan logistik, serta manajemen rantai pasok dan distribusi. Cocok digunakan sebagai referensi utama bagi mahasiswa dan praktisi.","logistik, analisis beban kerja, supply chain, distribusi",Inggris,Fisik,478,978-0-581-48769-8,4
724,TRX001967,USR00163,BK01198,2024-09-03,2024-09-17,2024-09-19,Terlambat,16.0,Dasar-Dasar Psikologi Abnormal,Mahfud Tarihoran,Pustaka Pelajar,2021,"Fakultas Sosial, Humaniora, & Seni",Psikologi,Psikologi Umum & Klinis,"Buku ini dirancang sebagai panduan untuk memahami intervensi psikoterapi klinis, gangguan psikologis dan penanganannya, serta perilaku dan proses mental manusia. Menjadi rujukan penting dalam perkuliahan dan penelitian terkait.","perkembangan manusia, psikologi sosial, psikologi klinis, kesehatan mental",Indonesia,Fisik,463,978-0-7982-1433-9,0
725,TRX001969,USR00329,BK01225,2025-12-13,2025-12-27,2025-12-28,Terlambat,15.0,Konsep Psikologi Perkembangan Modern,"Adikara Januar, Panca Purwanti",Kencana Prenada,2012,"Fakultas Sosial, Humaniora, & Seni",Psikologi,Psikologi Umum & Klinis,"Buku ini membahas secara mendalam tentang gangguan psikologis dan penanganannya, perilaku dan proses mental manusia, serta dinamika interaksi sosial manusia. Membantu pembaca membangun pemahaman konseptual maupun praktis.","perkembangan manusia, kesehatan mental, psikologi, psikoterapi",Indonesia,Fisik,395,978-0-08-385076-1,2
726,TRX001970,USR00216,BK00016,2023-05-22,2023-06-05,2023-06-10,Terlambat,19.0,C++: Konsep dan Implementasi,"Sutan Estiawan Winarsih, Gabriella Namaga",Nuha Medika,2005,"Fakultas Sains, Teknologi, & Kesehatan",Informatika,Pemrograman & Algoritma,"Buku ini mengulas berbagai aspek penting dari logika pemrograman, implementasi kode, serta pemecahan masalah komputasional. Cocok digunakan sebagai referensi utama bagi mahasiswa dan praktisi.","logika komputasi, struktur data, python, java",Indonesia,Fisik,395,978-1-376-31165-5,3
727,TRX001976,USR00052,BK00422,2023-08-05,2023-08-19,2023-08-21,Terlambat,16.0,Manajemen Ergonomi,Safina Anggriawan,Salemba Empat,2010,"Fakultas Sains, Teknologi, & Kesehatan",Teknik Industri,Ergonomi & Rantai Pasok,"Buku ini memberikan pemahaman menyeluruh tentang keselamatan dan kesehatan kerja industri, optimalisasi jaringan logistik, serta manajemen rantai pasok dan distribusi. Menjadi rujukan penting dalam perkuliahan dan penelitian terkait.","distribusi, k3, supply chain, analisis beban kerja",Indonesia,Fisik,484,978-1-4510-4636-6,7
728,TRX001979,USR00083,BK00796,2023-09-15,2023-09-29,2023-10-05,Terlambat,20.0,Prinsip Desain Grafis,Olivia Nababan,Rajawali Pers,2020,"Fakultas Sosial, Humaniora, & Seni",Desain Komunikasi Visual,Desain Komunikasi Visual & Ilustrasi,"Buku ini menyajikan kajian komprehensif mengenai strategi branding melalui visual, proses kreatif desain grafis, serta estetika dalam karya seni rupa. Disusun dengan bahasa yang mudah dipahami untuk kalangan akademik.","desain komunikasi visual, desain grafis, layout, branding",Indonesia,E-book,548,978-1-5215-6818-7,9999
729,TRX001981,USR00177,BK00784,2025-12-03,2025-12-17,2025-12-22,Terlambat,19.0,Panduan Praktik Profesi Ners Edisi Ke-2,"dr. Garan Simanjuntak, M.Kom.",Bumi Aksara,2021,"Fakultas Sains, Teknologi, & Kesehatan",Profesi Ners,Keperawatan Profesi Ners,"Buku ini memberikan pemahaman menyeluruh tentang penerapan evidence-based practice, residensi dan pembelajaran klinik lanjutan, serta etika dan profesionalisme keperawatan. Cocok digunakan sebagai referensi utama bagi mahasiswa dan praktisi.","keperawatan lanjutan, praktik klinis ners, evidence based practice, residensi keperawatan",Inggris,Fisik,462,978-1-69523-668-4,6
730,TRX001982,USR00086,BK00358,2025-01-17,2025-01-31,2025-02-02,Terlambat,16.0,Perancangan Manajemen Kualitas Edisi Terbaru,"Padmi Utama, Tgk. Sabrina Widodo",Deepublish,2011,"Fakultas Sains, Teknologi, & Kesehatan",Teknik Industri,Teknik Industri & Manajemen Operasi,"Buku ini dirancang sebagai panduan untuk memahami optimalisasi proses produksi, perencanaan dan pengendalian produksi, serta manajemen kualitas dan produktivitas. Dilengkapi dengan contoh kasus dan studi lapangan yang relevan.","perencanaan produksi, six sigma, produktivitas, tata letak pabrik",Inggris,Fisik,403,978-1-887258-87-6,7
731,TRX001983,USR00118,BK01275,2025-04-29,2025-05-13,2025-05-19,Terlambat,20.0,Strategi Media Sosial dan Masyarakat,Maya Hardiansyah,Graha Ilmu,2007,"Fakultas Sosial, Humaniora, & Seni",Ilmu Komunikasi,Komunikasi & Media,"Buku ini mengulas berbagai aspek penting dari dinamika komunikasi massa, hubungan masyarakat dan citra publik, serta pengaruh media sosial terhadap opini publik. Menjadi rujukan penting dalam perkuliahan dan penelitian terkait.","broadcasting, komunikasi interpersonal, media digital, media sosial",Indonesia,E-book,259,978-0-672-00784-2,9999
732,TRX001984,USR00109,BK00714,2023-03-30,2023-04-13,2023-04-20,Terlambat,21.0,Teknologi Sediaan Farmasi: Praktik dan Pelayanan,Karman Ardianto,Graha Ilmu,2013,"Fakultas Sains, Teknologi, & Kesehatan",Farmasi,Teknologi Farmasi & Pelayanan Kefarmasian,"Buku ini memberikan pemahaman menyeluruh tentang manajemen obat dan compounding, praktik farmasi klinis pasien, serta standar pelayanan farmasi profesional. Cocok digunakan sebagai referensi utama bagi mahasiswa dan praktisi.","sediaan farmasi, pelayanan kefarmasian, farmasi komunitas, teknologi farmasi",Indonesia,Fisik,250,978-1-77596-555-8,5
733,TRX001988,USR00317,BK00699,2025-02-03,2025-02-17,2025-02-18,Terlambat,15.0,Teknologi Teknologi Sediaan Farmasi,"Tedi Lestari, Xanana Nababan",UI Press,2019,"Fakultas Sains, Teknologi, & Kesehatan",Farmasi,Teknologi Farmasi & Pelayanan Kefarmasian,"Buku ini memberikan pemahaman menyeluruh tentang teknologi pembuatan sediaan obat, standar pelayanan farmasi profesional, serta manajemen obat dan compounding. Dilengkapi dengan contoh kasus dan studi lapangan yang relevan.","farmasi komunitas, compounding obat, sediaan farmasi, farmasi rumah sakit",Indonesia,Fisik,466,978-0-321-29833-1,4
734,TRX001990,USR00240,BK00667,2024-09-30,2024-10-14,2024-10-20,Terlambat,20.0,Dasar Pelayanan Kefarmasian,"dr. Hamima Pudjiastuti, S.Pt",Graha Ilmu,2005,"Fakultas Sains, Teknologi, & Kesehatan",Farmasi,Teknologi Farmasi & Pelayanan Kefarmasian,"Buku ini membahas secara mendalam tentang manajemen obat dan compounding, standar pelayanan farmasi profesional, serta praktik farmasi klinis pasien. Dilengkapi dengan contoh kasus dan studi lapangan yang relevan.","sediaan farmasi, compounding obat, teknologi farmasi, pelayanan kefarmasian",Indonesia,Fisik,383,978-0-478-53907-3,7
735,TRX001991,USR00248,BK01003,2025-03-05,2025-03-19,2025-03-26,Terlambat,21.0,Material dan Furnitur: Konsep dan Aplikasi,"Nasrullah Sudiati, Kasusra Dongoran, M.M.",Gramedia Pustaka Utama,2014,"Fakultas Sosial, Humaniora, & Seni",Desain Interior,Desain Interior & Arsitektur Ruang,"Buku ini membahas secara mendalam tentang prinsip pencahayaan dan estetika ruang, perancangan tata ruang interior, serta konsep arsitektur ruang dalam modern. Dilengkapi dengan contoh kasus dan studi lapangan yang relevan.","desain interior, pencahayaan ruang, ergonomi ruang, arsitektur ruang",Inggris,E-book,285,978-0-460-56876-0,9999
736,TRX001996,USR00191,BK01204,2024-07-30,2024-08-13,2024-08-14,Terlambat,15.0,Konsep Psikologi Sosial Modern Edisi Ke-3,"Mala Permadi, Darmaji Safitri",Nuha Medika,2019,"Fakultas Sosial, Humaniora, & Seni",Psikologi,Psikologi Umum & Klinis,"Buku ini membahas secara mendalam tentang perilaku dan proses mental manusia, dinamika interaksi sosial manusia, serta perkembangan kepribadian individu. Cocok digunakan sebagai referensi utama bagi mahasiswa dan praktisi.","perkembangan manusia, kesehatan mental, psikologi sosial, psikologi",Indonesia,Fisik,532,978-1-320-89532-3,1
737,TRX001998,USR00082,BK01224,2023-07-05,2023-07-19,2023-07-26,Terlambat,21.0,Psikologi Umum: Teori dan Aplikasi,Liman Sihombing,Informatika Bandung,2009,"Fakultas Sosial, Humaniora, & Seni",Psikologi,Psikologi Umum & Klinis,"Buku ini memberikan pemahaman menyeluruh tentang dinamika interaksi sosial manusia, gangguan psikologis dan penanganannya, serta perkembangan kepribadian individu. Cocok digunakan sebagai referensi utama bagi mahasiswa dan praktisi.","psikoterapi, psikologi, kepribadian, perkembangan manusia",Inggris,Fisik,254,978-1-07-155348-0,5
738,TRX001999,USR00212,BK01059,2024-05-14,2024-05-28,2024-05-31,Terlambat,17.0,Manajemen Administrasi Bisnis Edisi Revisi,"R. Vanesa Prasasta, S.Sos",Alfabeta,2022,"Fakultas Sosial, Humaniora, & Seni",Administrasi Bisnis,Administrasi & Manajemen Bisnis,"Buku ini memberikan pemahaman menyeluruh tentang administrasi dan operasional bisnis, strategi tata kelola perusahaan, serta pengelolaan keuangan bisnis. Disusun dengan bahasa yang mudah dipahami untuk kalangan akademik.","operasional bisnis, manajemen bisnis, tata kelola perusahaan, manajemen sumber daya manusia",Inggris,Fisik,222,978-1-69335-134-1,5
739,TRX002001,USR00062,BK00329,2023-01-10,2023-01-24,2023-01-26,Terlambat,16.0,Dasar-Dasar Manajemen Kualitas,"Utama Yuniar, Ir. Hesti Gunarto",Informatika Bandung,2009,"Fakultas Sains, Teknologi, & Kesehatan",Teknik Industri,Teknik Industri & Manajemen Operasi,"Buku ini memberikan pemahaman menyeluruh tentang efisiensi tata letak fasilitas pabrik, perencanaan dan pengendalian produksi, serta perancangan sistem kerja industri. Cocok digunakan sebagai referensi utama bagi mahasiswa dan praktisi.","efisiensi kerja, teknik industri, tata letak pabrik, manajemen operasi",Indonesia,E-book,449,978-1-164-84085-5,9999
740,TRX002003,USR00178,BK00752,2025-10-01,2025-10-15,2025-10-18,Terlambat,17.0,Panduan Praktik Keperawatan Komprehensif,Karsana Mulyani,Andi Publisher,2022,"Fakultas Sains, Teknologi, & Kesehatan",Profesi Ners,Keperawatan Profesi Ners,"Buku ini membahas secara mendalam tentang residensi dan pembelajaran klinik lanjutan, praktik klinik keperawatan profesional, serta etika dan profesionalisme keperawatan. Membantu pembaca membangun pemahaman konseptual maupun praktis.","profesi ners, keperawatan komprehensif, keperawatan lanjutan, evidence based practice",Indonesia,E-book,541,978-1-170-24376-3,9999
741,TRX002011,USR00350,BK00969,2024-11-05,2024-11-19,2024-11-24,Terlambat,19.0,Prinsip Pencahayaan Ruang,"Unggul Januar, S.E.",Deepublish,2009,"Fakultas Sosial, Humaniora, & Seni",Desain Interior,Desain Interior & Arsitektur Ruang,"Buku ini mengulas berbagai aspek penting dari konsep arsitektur ruang dalam modern, ergonomi dalam desain ruang, serta pemilihan material dan furnitur. Membantu pembaca membangun pemahaman konseptual maupun praktis.","pencahayaan ruang, material interior, desain interior, furnitur",Indonesia,Fisik,302,978-1-278-20797-1,8
742,TRX002012,USR00090,BK01318,2023-05-18,2023-06-01,2023-06-07,Terlambat,20.0,Strategi Content Creation Edisi Ke-3,Hj. Gabriella Wijaya,Salemba Empat,2007,"Fakultas Sosial, Humaniora, & Seni",Ilmu Komunikasi,Jurnalistik & Media Digital,"Buku ini memberikan pemahaman menyeluruh tentang produksi berita di media digital, strategi konten media sosial, serta etika jurnalistik di era digital. Menjadi rujukan penting dalam perkuliahan dan penelitian terkait.","media sosial, konten kreator, media digital, produksi berita",Indonesia,E-book,324,978-1-201-49118-7,9999
743,TRX002014,USR00081,BK00091,2025-08-13,2025-08-27,2025-08-31,Terlambat,18.0,Pengantar Natural Language Processing,"Drs. Danang Hidayat, M.Pd",Informatika Bandung,2019,"Fakultas Sains, Teknologi, & Kesehatan",Informatika,Kecerdasan Buatan & Data Science,"Buku ini mengulas berbagai aspek penting dari kecerdasan buatan, otomatisasi cerdas, serta analisis data besar. Disusun dengan bahasa yang mudah dipahami untuk kalangan akademik.","data science, neural network, data mining, big data",Indonesia,E-book,347,978-0-352-90422-5,9999
744,TRX002015,USR00052,BK00450,2025-03-12,2025-03-26,2025-03-28,Terlambat,16.0,Pengantar Ergonomi Edisi Ke-2,"KH. Garang Haryanto, S.E.I",Elex Media Komputindo,2024,"Fakultas Sains, Teknologi, & Kesehatan",Teknik Industri,Ergonomi & Rantai Pasok,"Buku ini menyajikan kajian komprehensif mengenai pengendalian persediaan barang, keselamatan dan kesehatan kerja industri, serta optimalisasi jaringan logistik. Cocok digunakan sebagai referensi utama bagi mahasiswa dan praktisi.","logistik, analisis beban kerja, k3, supply chain",Indonesia,Fisik,287,978-0-568-29962-7,3
745,TRX002016,USR00100,BK00815,2024-09-14,2024-09-28,2024-10-02,Terlambat,18.0,Prinsip Desain Komunikasi Visual,"Hj. Shakila Zulaika, S.Farm",Rajawali Pers,2024,"Fakultas Sosial, Humaniora, & Seni",Desain Komunikasi Visual,Desain Komunikasi Visual & Ilustrasi,"Buku ini memberikan pemahaman menyeluruh tentang proses kreatif desain grafis, strategi branding melalui visual, serta prinsip visual dan tipografi. Menjadi rujukan penting dalam perkuliahan dan penelitian terkait.","layout, tipografi, desain komunikasi visual, ilustrasi",Inggris,Fisik,318,978-0-11-109617-8,5
746,TRX002017,USR00337,BK01202,2024-10-30,2024-11-13,2024-11-20,Terlambat,21.0,Dasar-Dasar Psikologi Kepribadian Edisi Revisi,Iriana Lazuardi,Erlangga,2010,"Fakultas Sosial, Humaniora, & Seni",Psikologi,Psikologi Umum & Klinis,"Buku ini membahas secara mendalam tentang intervensi psikoterapi klinis, perilaku dan proses mental manusia, serta gangguan psikologis dan penanganannya. Menjadi rujukan penting dalam perkuliahan dan penelitian terkait.","psikologi sosial, kesehatan mental, perkembangan manusia, psikoterapi",Indonesia,Fisik,435,978-0-15-001418-8,8
747,TRX002019,USR00127,BK00580,2024-04-05,2024-04-19,2024-04-23,Terlambat,18.0,Pengantar Farmasetika Edisi Ke-2,Hairyanto Padmasari,Deepublish,2007,"Fakultas Sains, Teknologi, & Kesehatan",Farmasi,Farmakologi & Kefarmasian,"Buku ini menyajikan kajian komprehensif mengenai efek samping dan dosis obat, formulasi sediaan farmasi, serta mekanisme kerja obat. Disusun dengan bahasa yang mudah dipahami untuk kalangan akademik.","kimia farmasi, obat, farmakologi, toksikologi",Indonesia,E-book,300,978-0-07-256366-5,9999
748,TRX002021,USR00264,BK00530,2024-11-06,2024-11-20,2024-11-22,Terlambat,16.0,Asuhan Keperawatan Medikal Bedah Edisi Ke-3,"Ridwan Sihombing, Ir. Ilsa Lailasari, M.Pd",Bumi Aksara,2016,"Fakultas Sains, Teknologi, & Kesehatan",Keperawatan,Keperawatan Klinis,"Buku ini memberikan pemahaman menyeluruh tentang asuhan keperawatan pasien, prosedur klinis keperawatan, serta komunikasi terapeutik perawat. Dilengkapi dengan contoh kasus dan studi lapangan yang relevan.","keperawatan anak, asuhan keperawatan, keperawatan, praktik klinis",Indonesia,E-book,316,978-0-00-244714-0,9999
749,TRX002026,USR00131,BK01162,2024-05-02,2024-05-16,2024-05-21,Terlambat,19.0,Dasar-Dasar Manajemen Pemasaran,Gading Pratama,Pustaka Pelajar,2011,"Fakultas Sosial, Humaniora, & Seni",Administrasi Bisnis,Kewirausahaan & Pemasaran Bisnis,"Buku ini membahas secara mendalam tentang manajemen pemasaran produk dan jasa, strategi kewirausahaan dan inovasi bisnis, serta perencanaan strategi pemasaran. Dilengkapi dengan contoh kasus dan studi lapangan yang relevan.","manajemen pemasaran, e-commerce, bisnis digital, pemasaran",Indonesia,Fisik,303,978-1-5146-0401-4,5
750,TRX002029,USR00059,BK00856,2025-06-21,2025-07-05,2025-07-07,Terlambat,16.0,Ilustrasi Digital: Konsep dan Praktik,Panca Irawan,Graha Ilmu,2020,"Fakultas Sosial, Humaniora, & Seni",Desain Komunikasi Visual,Desain Komunikasi Visual & Ilustrasi,"Buku ini menyajikan kajian komprehensif mengenai prinsip visual dan tipografi, estetika dalam karya seni rupa, serta strategi branding melalui visual. Menjadi rujukan penting dalam perkuliahan dan penelitian terkait.","tipografi, ilustrasi, desain grafis, seni rupa",Indonesia,E-book,535,978-1-148-78245-4,9999
751,TRX002030,USR00166,BK01350,2023-10-02,2023-10-16,2023-10-17,Terlambat,15.0,Produksi Berita di Era Digital Edisi Ke-3,"Vinsen Nashiruddin, Aditya Marpaung",Informatika Bandung,2023,"Fakultas Sosial, Humaniora, & Seni",Ilmu Komunikasi,Jurnalistik & Media Digital,"Buku ini menyajikan kajian komprehensif mengenai jurnalisme online kontemporer, strategi konten media sosial, serta komunikasi digital dan audiens. Membantu pembaca membangun pemahaman konseptual maupun praktis.","media sosial, produksi berita, konten kreator, media digital",Indonesia,E-book,512,978-1-9821-3486-0,9999
752,TRX002033,USR00022,BK00466,2025-04-18,2025-05-02,2025-05-03,Terlambat,15.0,Dasar-Dasar Ergonomi,"Hj. Yessi Adriansyah, R.M. Mitra Maryadi, M.M.",Nuha Medika,2009,"Fakultas Sains, Teknologi, & Kesehatan",Teknik Industri,Ergonomi & Rantai Pasok,"Buku ini membahas secara mendalam tentang manajemen rantai pasok dan distribusi, analisis ergonomi tempat kerja, serta pengendalian persediaan barang. Disusun dengan bahasa yang mudah dipahami untuk kalangan akademik.","rantai pasok, analisis beban kerja, manajemen persediaan, logistik",Indonesia,Fisik,230,978-1-997335-49-8,0
753,TRX002037,USR00029,BK00793,2025-01-16,2025-01-30,2025-02-06,Terlambat,21.0,Kreativitas dalam Desain Komunikasi Visual,"drg. Eli Habibi, S.I.Kom",UI Press,2010,"Fakultas Sosial, Humaniora, & Seni",Desain Komunikasi Visual,Desain Komunikasi Visual & Ilustrasi,"Buku ini memberikan pemahaman menyeluruh tentang prinsip visual dan tipografi, strategi branding melalui visual, serta proses kreatif desain grafis. Membantu pembaca membangun pemahaman konseptual maupun praktis.","branding, desain grafis, tipografi, desain komunikasi visual",Indonesia,E-book,402,978-0-411-15950-4,9999
754,TRX002038,USR00214,BK00526,2023-08-28,2023-09-11,2023-09-18,Terlambat,21.0,Dasar-Dasar Keperawatan Dasar,Rahmi Suartini,Deepublish,2020,"Fakultas Sains, Teknologi, & Kesehatan",Keperawatan,Keperawatan Klinis,"Buku ini memberikan pemahaman menyeluruh tentang komunikasi terapeutik perawat, manajemen perawatan pasien, serta asuhan keperawatan pasien. Cocok digunakan sebagai referensi utama bagi mahasiswa dan praktisi.","asuhan keperawatan, keperawatan anak, praktik klinis, keperawatan medikal bedah",Inggris,Fisik,537,978-1-62656-504-3,2
755,TRX002039,USR00235,BK00572,2023-03-04,2023-03-18,2023-03-20,Terlambat,16.0,Pengantar Farmasetika,Unjani Zulkarnain,Informatika Bandung,2009,"Fakultas Sains, Teknologi, & Kesehatan",Farmasi,Farmakologi & Kefarmasian,"Buku ini menyajikan kajian komprehensif mengenai pelayanan kefarmasian klinis, efek samping dan dosis obat, serta mekanisme kerja obat. Disusun dengan bahasa yang mudah dipahami untuk kalangan akademik.","formulasi obat, farmakokinetik, obat, apoteker",Inggris,E-book,182,978-1-124-81569-5,9999
756,TRX002044,USR00082,BK01338,2025-03-22,2025-04-05,2025-04-09,Terlambat,18.0,Praktik Jurnalistik Digital,"KH. Galang Melani, S.T.",Bumi Aksara,2020,"Fakultas Sosial, Humaniora, & Seni",Ilmu Komunikasi,Jurnalistik & Media Digital,"Buku ini membahas secara mendalam tentang jurnalisme online kontemporer, komunikasi digital dan audiens, serta etika jurnalistik di era digital. Disusun dengan bahasa yang mudah dipahami untuk kalangan akademik.","media digital, jurnalistik, produksi berita, konten kreator",Indonesia,Fisik,303,978-0-273-00869-9,1
757,TRX002045,USR00238,BK00105,2024-02-13,2024-02-27,2024-03-01,Terlambat,17.0,Data Science untuk Pemula Edisi Ke-2,Harto Rahimah,Pustaka Pelajar,2022,"Fakultas Sains, Teknologi, & Kesehatan",Informatika,Kecerdasan Buatan & Data Science,"Buku ini dirancang sebagai panduan untuk memahami otomatisasi cerdas, analisis data besar, serta prediksi berbasis data. Membantu pembaca membangun pemahaman konseptual maupun praktis.","big data, deep learning, kecerdasan buatan, neural network",Indonesia,Fisik,537,978-0-343-24451-4,0
758,TRX002046,USR00348,BK00603,2025-01-10,2025-01-24,2025-01-26,Terlambat,16.0,Kimia Farmasi untuk Praktik Klinis,"Almira Nuraini, S.Ked",Graha Ilmu,2011,"Fakultas Sains, Teknologi, & Kesehatan",Farmasi,Farmakologi & Kefarmasian,"Buku ini membahas secara mendalam tentang formulasi sediaan farmasi, interaksi obat dalam tubuh, serta efek samping dan dosis obat. Dilengkapi dengan contoh kasus dan studi lapangan yang relevan.","farmakologi, kimia farmasi, farmasi klinis, toksikologi",Indonesia,Fisik,372,978-1-81467-179-2,1
759,TRX002047,USR00087,BK00863,2024-12-12,2024-12-26,2024-12-27,Terlambat,15.0,Teknik Media Interaktif,Gada Samosir,Kencana Prenada,2008,"Fakultas Sosial, Humaniora, & Seni",Desain Komunikasi Visual,Fotografi & Multimedia,"Buku ini menyajikan kajian komprehensif mengenai animasi dan motion graphic, produksi konten multimedia digital, serta editing visual dan videografi. Membantu pembaca membangun pemahaman konseptual maupun praktis.","motion graphic, editing visual, videografi, multimedia",Indonesia,E-book,140,978-1-9782-6612-4,9999
760,TRX002048,USR00225,BK00660,2024-02-01,2024-02-15,2024-02-22,Terlambat,21.0,Panduan Pelayanan Kefarmasian Edisi Ke-2,Timbul Saptono,Deepublish,2021,"Fakultas Sains, Teknologi, & Kesehatan",Farmasi,Teknologi Farmasi & Pelayanan Kefarmasian,"Buku ini membahas secara mendalam tentang praktik farmasi klinis pasien, manajemen obat dan compounding, serta standar pelayanan farmasi profesional. Dilengkapi dengan contoh kasus dan studi lapangan yang relevan.","sediaan farmasi, teknologi farmasi, pelayanan kefarmasian, farmasi rumah sakit",Indonesia,E-book,477,978-1-83230-241-8,9999
761,TRX002050,USR00279,BK00531,2023-01-12,2023-01-26,2023-02-02,Terlambat,21.0,Keperawatan Anak: Teori dan Praktik Klinis,"Elma Lestari, Septi Prasasta, S.Ked",Salemba Empat,2024,"Fakultas Sains, Teknologi, & Kesehatan",Keperawatan,Keperawatan Klinis,"Buku ini membahas secara mendalam tentang manajemen perawatan pasien, asuhan keperawatan pasien, serta prosedur klinis keperawatan. Cocok digunakan sebagai referensi utama bagi mahasiswa dan praktisi.","keperawatan medikal bedah, praktik klinis, keperawatan, keperawatan gawat darurat",Indonesia,Fisik,391,978-1-71959-796-8,5
762,TRX002051,USR00031,BK00340,2024-07-08,2024-07-22,2024-07-24,Terlambat,16.0,Pengantar Manajemen Operasi,"Panji Prasetya, Ulya Yuniar, S.Farm",Erlangga,2008,"Fakultas Sains, Teknologi, & Kesehatan",Teknik Industri,Teknik Industri & Manajemen Operasi,"Buku ini memberikan pemahaman menyeluruh tentang manajemen kualitas dan produktivitas, efisiensi tata letak fasilitas pabrik, serta perencanaan dan pengendalian produksi. Cocok digunakan sebagai referensi utama bagi mahasiswa dan praktisi.","six sigma, produktivitas, manajemen operasi, tata letak pabrik",Indonesia,Fisik,522,978-1-257-77547-7,0
763,TRX002053,USR00164,BK00415,2025-11-25,2025-12-09,2025-12-14,Terlambat,19.0,Dasar-Dasar Ergonomi,Winda Wijaya,Alfabeta,2007,"Fakultas Sains, Teknologi, & Kesehatan",Teknik Industri,Ergonomi & Rantai Pasok,"Buku ini dirancang sebagai panduan untuk memahami keselamatan dan kesehatan kerja industri, pengendalian persediaan barang, serta manajemen rantai pasok dan distribusi. Dilengkapi dengan contoh kasus dan studi lapangan yang relevan.","distribusi, k3, ergonomi, rantai pasok",Indonesia,E-book,506,978-0-517-90864-8,9999
764,TRX002055,USR00213,BK00398,2025-05-15,2025-05-29,2025-05-31,Terlambat,16.0,Studi Keselamatan dan Kesehatan Kerja di Industri Edisi Revisi,Puti Yuliarti,PT Grasindo,2008,"Fakultas Sains, Teknologi, & Kesehatan",Teknik Industri,Ergonomi & Rantai Pasok,"Buku ini membahas secara mendalam tentang keselamatan dan kesehatan kerja industri, analisis ergonomi tempat kerja, serta manajemen rantai pasok dan distribusi. Disusun dengan bahasa yang mudah dipahami untuk kalangan akademik.","supply chain, logistik, ergonomi, rantai pasok",Indonesia,E-book,174,978-1-306-52407-0,9999
765,TRX002056,USR00084,BK01221,2023-03-08,2023-03-22,2023-03-29,Terlambat,21.0,Memahami Psikologi Perkembangan Edisi Ke-3,Galih Laksita,PT Grasindo,2009,"Fakultas Sosial, Humaniora, & Seni",Psikologi,Psikologi Umum & Klinis,"Buku ini memberikan pemahaman menyeluruh tentang intervensi psikoterapi klinis, gangguan psikologis dan penanganannya, serta dinamika interaksi sosial manusia. Menjadi rujukan penting dalam perkuliahan dan penelitian terkait.","psikologi sosial, kesehatan mental, psikoterapi, psikologi klinis",Indonesia,Fisik,498,978-0-362-79246-1,8
766,TRX002057,USR00009,BK00496,2024-08-24,2024-09-07,2024-09-08,Terlambat,15.0,Dasar-Dasar Keperawatan Maternitas,Rangga Pangestu,PT Grasindo,2010,"Fakultas Sains, Teknologi, & Kesehatan",Keperawatan,Keperawatan Klinis,"Buku ini mengulas berbagai aspek penting dari prosedur klinis keperawatan, komunikasi terapeutik perawat, serta penanganan kondisi darurat medis. Membantu pembaca membangun pemahaman konseptual maupun praktis.","keperawatan anak, asuhan keperawatan, keperawatan, praktik klinis",Indonesia,Fisik,538,978-1-65198-253-2,6
767,TRX002059,USR00163,BK01091,2023-03-13,2023-03-27,2023-03-30,Terlambat,17.0,Pengantar Tata Kelola Perusahaan,Dinda Permadi,Kencana Prenada,2012,"Fakultas Sosial, Humaniora, & Seni",Administrasi Bisnis,Administrasi & Manajemen Bisnis,"Buku ini memberikan pemahaman menyeluruh tentang manajemen sumber daya manusia perusahaan, efisiensi operasional organisasi bisnis, serta strategi tata kelola perusahaan. Disusun dengan bahasa yang mudah dipahami untuk kalangan akademik.","administrasi bisnis, manajemen keuangan, tata kelola perusahaan, operasional bisnis",Inggris,Fisik,203,978-0-605-07918-2,0
768,TRX002062,USR00203,BK00980,2024-04-20,2024-05-04,2024-05-11,Terlambat,21.0,Arsitektur Ruang Dalam: Konsep dan Aplikasi,"Yosef Winarsih, S.Sos",Bumi Aksara,2023,"Fakultas Sosial, Humaniora, & Seni",Desain Interior,Desain Interior & Arsitektur Ruang,"Buku ini dirancang sebagai panduan untuk memahami konsep arsitektur ruang dalam modern, ergonomi dalam desain ruang, serta pemilihan material dan furnitur. Menjadi rujukan penting dalam perkuliahan dan penelitian terkait.","material interior, furnitur, tata ruang, ergonomi ruang",Indonesia,Fisik,294,978-0-464-19785-0,4
769,TRX002064,USR00220,BK00430,2025-02-13,2025-02-27,2025-03-03,Terlambat,18.0,Manajemen Persediaan: Konsep dan Praktik,Cindy Kuswandari,Rajawali Pers,2017,"Fakultas Sains, Teknologi, & Kesehatan",Teknik Industri,Ergonomi & Rantai Pasok,"Buku ini dirancang sebagai panduan untuk memahami optimalisasi jaringan logistik, manajemen rantai pasok dan distribusi, serta keselamatan dan kesehatan kerja industri. Membantu pembaca membangun pemahaman konseptual maupun praktis.","ergonomi, rantai pasok, distribusi, analisis beban kerja",Indonesia,Fisik,282,978-1-5267-7223-7,7
770,TRX002068,USR00334,BK01011,2023-01-30,2023-02-13,2023-02-20,Terlambat,21.0,Dasar-Dasar Material dan Furnitur Edisi Ke-3,Estiawan Sudiati,Graha Ilmu,2010,"Fakultas Sosial, Humaniora, & Seni",Desain Interior,Desain Interior & Arsitektur Ruang,"Buku ini menyajikan kajian komprehensif mengenai pemilihan material dan furnitur, prinsip pencahayaan dan estetika ruang, serta konsep arsitektur ruang dalam modern. Membantu pembaca membangun pemahaman konseptual maupun praktis.","desain interior, ergonomi ruang, tata ruang, material interior",Indonesia,Fisik,149,978-0-577-90833-6,1
771,TRX002069,USR00225,BK00708,2024-10-04,2024-10-18,2024-10-25,Terlambat,21.0,Dasar Teknologi Sediaan Farmasi Edisi Terbaru,"Saadat Marpaung, S.Ked",Deepublish,2018,"Fakultas Sains, Teknologi, & Kesehatan",Farmasi,Teknologi Farmasi & Pelayanan Kefarmasian,"Buku ini memberikan pemahaman menyeluruh tentang praktik farmasi klinis pasien, standar pelayanan farmasi profesional, serta manajemen obat dan compounding. Dilengkapi dengan contoh kasus dan studi lapangan yang relevan.","teknologi farmasi, sediaan farmasi, farmasi rumah sakit, compounding obat",Indonesia,E-book,197,978-0-669-18362-7,9999
772,TRX002071,USR00127,BK00658,2025-05-07,2025-05-21,2025-05-24,Terlambat,17.0,Panduan Teknologi Sediaan Farmasi,Jaya Sitompul,Graha Ilmu,2020,"Fakultas Sains, Teknologi, & Kesehatan",Farmasi,Teknologi Farmasi & Pelayanan Kefarmasian,"Buku ini menyajikan kajian komprehensif mengenai pelayanan kefarmasian di rumah sakit, praktik farmasi klinis pasien, serta standar pelayanan farmasi profesional. Menjadi rujukan penting dalam perkuliahan dan penelitian terkait.","sediaan farmasi, pelayanan kefarmasian, teknologi farmasi, farmasi rumah sakit",Indonesia,E-book,171,978-0-620-50150-7,9999
773,TRX002076,USR00251,BK00901,2023-02-13,2023-02-27,2023-03-04,Terlambat,19.0,Teknik Motion Graphic Edisi Ke-2,Natalia Uyainah,Erlangga,2005,"Fakultas Sosial, Humaniora, & Seni",Desain Komunikasi Visual,Fotografi & Multimedia,"Buku ini mengulas berbagai aspek penting dari teknik pengambilan gambar fotografi, editing visual dan videografi, serta desain media interaktif. Menjadi rujukan penting dalam perkuliahan dan penelitian terkait.","videografi, media interaktif, multimedia, motion graphic",Indonesia,E-book,417,978-1-09-149851-8,9999
774,TRX002078,USR00314,BK00748,2023-01-10,2023-01-24,2023-01-28,Terlambat,18.0,Keperawatan Berbasis Bukti: Praktik Klinis Lanjutan,Ella Wulandari,Erlangga,2009,"Fakultas Sains, Teknologi, & Kesehatan",Profesi Ners,Keperawatan Profesi Ners,"Buku ini memberikan pemahaman menyeluruh tentang kompetensi ners dalam asuhan pasien, praktik klinik keperawatan profesional, serta penerapan evidence-based practice. Dilengkapi dengan contoh kasus dan studi lapangan yang relevan.","residensi keperawatan, profesi ners, kompetensi ners, keperawatan komprehensif",Inggris,Fisik,175,978-0-15-285067-8,1
775,TRX002080,USR00084,BK01231,2025-11-09,2025-11-23,2025-11-25,Terlambat,16.0,Dasar-Dasar Psikologi Perkembangan,"Dr. Tirtayasa Sitompul, Mulya Simbolon, M.TI.",Deepublish,2020,"Fakultas Sosial, Humaniora, & Seni",Psikologi,Psikologi Umum & Klinis,"Buku ini mengulas berbagai aspek penting dari dinamika interaksi sosial manusia, perkembangan kepribadian individu, serta gangguan psikologis dan penanganannya. Cocok digunakan sebagai referensi utama bagi mahasiswa dan praktisi.","psikologi klinis, kesehatan mental, psikoterapi, psikologi sosial",Indonesia,Fisik,296,978-1-933067-45-2,6
776,TRX002087,USR00014,BK01235,2023-12-25,2024-01-08,2024-01-09,Terlambat,15.0,Psikologi Klinis: Teori dan Aplikasi,Jinawi Lestari,Nuha Medika,2022,"Fakultas Sosial, Humaniora, & Seni",Psikologi,Psikologi Umum & Klinis,"Buku ini memberikan pemahaman menyeluruh tentang dinamika interaksi sosial manusia, perilaku dan proses mental manusia, serta gangguan psikologis dan penanganannya. Cocok digunakan sebagai referensi utama bagi mahasiswa dan praktisi.","psikoterapi, kesehatan mental, kepribadian, psikologi klinis",Indonesia,Fisik,251,978-0-663-43925-6,6
777,TRX002091,USR00123,BK00537,2024-08-31,2024-09-14,2024-09-19,Terlambat,19.0,Konsep Dasar Keperawatan Gawat Darurat Edisi Ke-2,"Karen Mandala, M.M., Drs. Vanesa Siregar",Informatika Bandung,2020,"Fakultas Sains, Teknologi, & Kesehatan",Keperawatan,Keperawatan Klinis,"Buku ini dirancang sebagai panduan untuk memahami komunikasi terapeutik perawat, prosedur klinis keperawatan, serta manajemen perawatan pasien. Disusun dengan bahasa yang mudah dipahami untuk kalangan akademik.","keperawatan gawat darurat, keperawatan anak, asuhan keperawatan, keperawatan",Indonesia,Fisik,520,978-1-01-322342-6,0
778,TRX002094,USR00317,BK00156,2024-04-20,2024-05-04,2024-05-10,Terlambat,20.0,Keamanan Siber di Era Digital,Eka Zulkarnain,Andi Publisher,2017,"Fakultas Sains, Teknologi, & Kesehatan",Informatika,Jaringan & Keamanan Siber,"Buku ini membahas secara mendalam tentang protokol komunikasi data, proteksi data digital, serta audit keamanan sistem. Dilengkapi dengan contoh kasus dan studi lapangan yang relevan.","jaringan komputer, protokol jaringan, cyber security, enkripsi",Indonesia,Fisik,280,978-1-897028-38-4,5
779,TRX002098,USR00251,BK00672,2024-02-19,2024-03-04,2024-03-09,Terlambat,19.0,Panduan Pelayanan Kefarmasian,Darsirah Pranowo,Informatika Bandung,2005,"Fakultas Sains, Teknologi, & Kesehatan",Farmasi,Teknologi Farmasi & Pelayanan Kefarmasian,"Buku ini mengulas berbagai aspek penting dari manajemen obat dan compounding, teknologi pembuatan sediaan obat, serta praktik farmasi klinis pasien. Disusun dengan bahasa yang mudah dipahami untuk kalangan akademik.","compounding obat, sediaan farmasi, teknologi farmasi, farmasi komunitas",Indonesia,Fisik,520,978-0-89877-515-0,6
780,TRX002100,USR00278,BK01237,2024-10-17,2024-10-31,2024-11-05,Terlambat,19.0,Pengantar Komunikasi Interpersonal,"Warji Yuliarti, Aslijan Adriansyah",Erlangga,2018,"Fakultas Sosial, Humaniora, & Seni",Ilmu Komunikasi,Komunikasi & Media,"Buku ini mengulas berbagai aspek penting dari dinamika komunikasi massa, jurnalisme di era digital, serta pengaruh media sosial terhadap opini publik. Menjadi rujukan penting dalam perkuliahan dan penelitian terkait.","public relations, media sosial, komunikasi interpersonal, broadcasting",Indonesia,Fisik,236,978-0-02-455910-4,3
781,TRX002101,USR00167,BK01351,2024-12-05,2024-12-19,2024-12-20,Terlambat,15.0,Pengantar Produksi Berita,Kemal Palastri,Deepublish,2007,"Fakultas Sosial, Humaniora, & Seni",Ilmu Komunikasi,Jurnalistik & Media Digital,"Buku ini mengulas berbagai aspek penting dari strategi konten media sosial, jurnalisme online kontemporer, serta produksi berita di media digital. Menjadi rujukan penting dalam perkuliahan dan penelitian terkait.","konten kreator, media sosial, komunikasi digital, produksi berita",Inggris,E-book,477,978-1-9736-3831-5,9999
782,TRX002105,USR00057,BK00913,2025-08-21,2025-09-04,2025-09-09,Terlambat,19.0,Teknik Desain Multimedia Edisi Revisi,Dr. Siti Napitupulu,Informatika Bandung,2012,"Fakultas Sosial, Humaniora, & Seni",Desain Komunikasi Visual,Fotografi & Multimedia,"Buku ini memberikan pemahaman menyeluruh tentang editing visual dan videografi, produksi konten multimedia digital, serta teknik pengambilan gambar fotografi. Cocok digunakan sebagai referensi utama bagi mahasiswa dan praktisi.","videografi, media interaktif, fotografi, motion graphic",Indonesia,E-book,462,978-1-02-164871-6,9999
783,TRX002106,USR00324,BK01056,2024-01-29,2024-02-12,2024-02-18,Terlambat,20.0,Dasar-Dasar Manajemen Sumber Daya Manusia,"Dr. Gilang Namaga, S.H.",Salemba Empat,2016,"Fakultas Sosial, Humaniora, & Seni",Administrasi Bisnis,Administrasi & Manajemen Bisnis,"Buku ini memberikan pemahaman menyeluruh tentang administrasi dan operasional bisnis, manajemen sumber daya manusia perusahaan, serta pengelolaan keuangan bisnis. Dilengkapi dengan contoh kasus dan studi lapangan yang relevan.","tata kelola perusahaan, manajemen bisnis, manajemen keuangan, administrasi bisnis",Indonesia,E-book,300,978-1-212-93289-1,9999
784,TRX002109,USR00193,BK00895,2025-02-12,2025-02-26,2025-03-05,Terlambat,21.0,Desain Multimedia: Konsep dan Praktik,"drg. Ifa Hutasoit, Estiawan Suryatmi",Salemba Empat,2016,"Fakultas Sosial, Humaniora, & Seni",Desain Komunikasi Visual,Fotografi & Multimedia,"Buku ini mengulas berbagai aspek penting dari editing visual dan videografi, produksi konten multimedia digital, serta desain media interaktif. Membantu pembaca membangun pemahaman konseptual maupun praktis.","editing visual, fotografi, motion graphic, media interaktif",Indonesia,Fisik,279,978-1-06-670336-4,1
785,TRX002110,USR00134,BK01147,2024-05-28,2024-06-11,2024-06-15,Terlambat,18.0,Dasar-Dasar Bisnis Digital Edisi Revisi,Aisyah Dabukke,PT Grasindo,2009,"Fakultas Sosial, Humaniora, & Seni",Administrasi Bisnis,Kewirausahaan & Pemasaran Bisnis,"Buku ini menyajikan kajian komprehensif mengenai membangun bisnis rintisan startup, perencanaan strategi pemasaran, serta strategi kewirausahaan dan inovasi bisnis. Membantu pembaca membangun pemahaman konseptual maupun praktis.","strategi pemasaran, kewirausahaan, manajemen pemasaran, pemasaran",Indonesia,Fisik,255,978-0-572-76829-4,2
786,TRX002111,USR00132,BK00600,2024-03-17,2024-03-31,2024-04-04,Terlambat,18.0,Farmasetika Klinis Edisi Ke-2,"Zaenab Utami, Drs. Fitriani Irawan, S.Pd",Andi Publisher,2018,"Fakultas Sains, Teknologi, & Kesehatan",Farmasi,Farmakologi & Kefarmasian,"Buku ini membahas secara mendalam tentang interaksi obat dalam tubuh, mekanisme kerja obat, serta efek samping dan dosis obat. Disusun dengan bahasa yang mudah dipahami untuk kalangan akademik.","farmakologi, farmakokinetik, apoteker, kimia farmasi",Indonesia,Fisik,469,978-0-7601-2277-8,8
787,TRX002112,USR00105,BK01008,2025-08-19,2025-09-02,2025-09-08,Terlambat,20.0,Perancangan Pencahayaan Ruang,Suci Pradana,Deepublish,2024,"Fakultas Sosial, Humaniora, & Seni",Desain Interior,Desain Interior & Arsitektur Ruang,"Buku ini mengulas berbagai aspek penting dari perancangan tata ruang interior, pemilihan material dan furnitur, serta ergonomi dalam desain ruang. Menjadi rujukan penting dalam perkuliahan dan penelitian terkait.","ergonomi ruang, furnitur, pencahayaan ruang, arsitektur ruang",Indonesia,Fisik,397,978-0-942904-58-1,8
788,TRX002113,USR00249,BK00676,2024-01-15,2024-01-29,2024-01-31,Terlambat,16.0,Teknologi Pelayanan Kefarmasian,Qori Hartati,Rajawali Pers,2011,"Fakultas Sains, Teknologi, & Kesehatan",Farmasi,Teknologi Farmasi & Pelayanan Kefarmasian,"Buku ini memberikan pemahaman menyeluruh tentang standar pelayanan farmasi profesional, pelayanan kefarmasian di rumah sakit, serta manajemen obat dan compounding. Dilengkapi dengan contoh kasus dan studi lapangan yang relevan.","farmasi rumah sakit, pelayanan kefarmasian, farmasi komunitas, sediaan farmasi",Indonesia,Fisik,201,978-0-218-20970-9,6
789,TRX002118,USR00373,BK00935,2024-10-13,2024-10-27,2024-11-02,Terlambat,20.0,Motion Graphic: Konsep dan Praktik Edisi Revisi,dr. Prima Laksita,Graha Ilmu,2008,"Fakultas Sosial, Humaniora, & Seni",Desain Komunikasi Visual,Fotografi & Multimedia,"Buku ini menyajikan kajian komprehensif mengenai produksi konten multimedia digital, editing visual dan videografi, serta teknik pengambilan gambar fotografi. Dilengkapi dengan contoh kasus dan studi lapangan yang relevan.","fotografi, videografi, multimedia, editing visual",Indonesia,Fisik,226,978-0-440-33041-7,0
790,TRX002120,USR00307,BK00774,2024-12-11,2024-12-25,2024-12-26,Terlambat,15.0,Kompetensi Keperawatan Komprehensif,Jagaraga Nashiruddin,Rajawali Pers,2018,"Fakultas Sains, Teknologi, & Kesehatan",Profesi Ners,Keperawatan Profesi Ners,"Buku ini mengulas berbagai aspek penting dari penerapan evidence-based practice, kompetensi ners dalam asuhan pasien, serta residensi dan pembelajaran klinik lanjutan. Membantu pembaca membangun pemahaman konseptual maupun praktis.","praktik klinis ners, keperawatan komprehensif, kompetensi ners, profesi ners",Indonesia,E-book,264,978-0-9724042-2-8,9999
791,TRX002123,USR00319,BK01228,2025-01-07,2025-01-21,2025-01-24,Terlambat,17.0,Psikologi Kepribadian: Teori dan Aplikasi Edisi Terbaru,drg. Ika Wijaya,Bumi Aksara,2013,"Fakultas Sosial, Humaniora, & Seni",Psikologi,Psikologi Umum & Klinis,"Buku ini membahas secara mendalam tentang gangguan psikologis dan penanganannya, dinamika interaksi sosial manusia, serta perilaku dan proses mental manusia. Membantu pembaca membangun pemahaman konseptual maupun praktis.","psikologi sosial, psikologi klinis, psikologi, kepribadian",Indonesia,Fisik,273,978-0-04-023693-5,2
792,TRX002125,USR00296,BK00912,2023-05-03,2023-05-17,2023-05-22,Terlambat,19.0,Teknik Fotografi Digital,"Lanang Widiastuti, S.E.I",Graha Ilmu,2009,"Fakultas Sosial, Humaniora, & Seni",Desain Komunikasi Visual,Fotografi & Multimedia,"Buku ini menyajikan kajian komprehensif mengenai produksi konten multimedia digital, editing visual dan videografi, serta desain media interaktif. Cocok digunakan sebagai referensi utama bagi mahasiswa dan praktisi.","editing visual, multimedia, fotografi, motion graphic",Indonesia,E-book,207,978-1-55116-682-7,9999
793,TRX002137,USR00101,BK00360,2024-04-26,2024-05-10,2024-05-11,Terlambat,15.0,Dasar-Dasar Manajemen Kualitas,Winda Sirait,Gramedia Pustaka Utama,2016,"Fakultas Sains, Teknologi, & Kesehatan",Teknik Industri,Teknik Industri & Manajemen Operasi,"Buku ini memberikan pemahaman menyeluruh tentang perencanaan dan pengendalian produksi, manajemen kualitas dan produktivitas, serta efisiensi tata letak fasilitas pabrik. Cocok digunakan sebagai referensi utama bagi mahasiswa dan praktisi.","six sigma, manajemen kualitas, tata letak pabrik, perencanaan produksi",Indonesia,Fisik,417,978-0-601-27961-6,0
794,TRX002141,USR00310,BK00504,2023-01-04,2023-01-18,2023-01-23,Terlambat,19.0,Keperawatan Medikal Bedah: Teori dan Praktik Klinis,"Shania Simbolon, S.H., R. Gamani Pradana, S.IP",Alfabeta,2022,"Fakultas Sains, Teknologi, & Kesehatan",Keperawatan,Keperawatan Klinis,"Buku ini dirancang sebagai panduan untuk memahami penanganan kondisi darurat medis, manajemen perawatan pasien, serta komunikasi terapeutik perawat. Disusun dengan bahasa yang mudah dipahami untuk kalangan akademik.","keperawatan gawat darurat, keperawatan medikal bedah, keperawatan anak, keperawatan",Indonesia,Fisik,207,978-1-363-17970-1,5
795,TRX002145,USR00175,BK01047,2025-05-02,2025-05-16,2025-05-17,Terlambat,15.0,Manajemen Manajemen Keuangan,"Ir. Abyasa Saragih, M.Kom.",Alfabeta,2020,"Fakultas Sosial, Humaniora, & Seni",Administrasi Bisnis,Administrasi & Manajemen Bisnis,"Buku ini mengulas berbagai aspek penting dari pengelolaan keuangan bisnis, manajemen sumber daya manusia perusahaan, serta strategi tata kelola perusahaan. Membantu pembaca membangun pemahaman konseptual maupun praktis.","tata kelola perusahaan, manajemen sumber daya manusia, operasional bisnis, administrasi bisnis",Inggris,Fisik,492,978-1-258-59177-9,8
796,TRX002146,USR00311,BK00431,2024-10-16,2024-10-30,2024-11-03,Terlambat,18.0,Pengantar Manajemen Persediaan Edisi Ke-2,Anggabaya Wasita,Informatika Bandung,2023,"Fakultas Sains, Teknologi, & Kesehatan",Teknik Industri,Ergonomi & Rantai Pasok,"Buku ini menyajikan kajian komprehensif mengenai analisis ergonomi tempat kerja, manajemen rantai pasok dan distribusi, serta pengendalian persediaan barang. Disusun dengan bahasa yang mudah dipahami untuk kalangan akademik.","ergonomi, supply chain, analisis beban kerja, manajemen persediaan",Inggris,Fisik,445,978-1-63331-279-1,8
797,TRX002147,USR00162,BK00745,2023-06-05,2023-06-19,2023-06-21,Terlambat,16.0,Kompetensi Praktik Klinik Ners Edisi Revisi,"T. Enteng Aryani, H. Teguh Pradana",Kencana Prenada,2017,"Fakultas Sains, Teknologi, & Kesehatan",Profesi Ners,Keperawatan Profesi Ners,"Buku ini mengulas berbagai aspek penting dari praktik klinik keperawatan profesional, kompetensi ners dalam asuhan pasien, serta penerapan evidence-based practice. Dilengkapi dengan contoh kasus dan studi lapangan yang relevan.","keperawatan komprehensif, praktik klinis ners, profesi ners, residensi keperawatan",Indonesia,Fisik,142,978-0-465-11131-2,2
798,TRX002153,USR00061,BK01161,2025-05-21,2025-06-04,2025-06-06,Terlambat,16.0,Dasar-Dasar Strategi Pemasaran,"Ir. Sabri Prayoga, S.Pt, Puti Ade Dabukke",Alfabeta,2013,"Fakultas Sosial, Humaniora, & Seni",Administrasi Bisnis,Kewirausahaan & Pemasaran Bisnis,"Buku ini mengulas berbagai aspek penting dari perencanaan strategi pemasaran, manajemen pemasaran produk dan jasa, serta strategi kewirausahaan dan inovasi bisnis. Dilengkapi dengan contoh kasus dan studi lapangan yang relevan.","strategi pemasaran, startup, e-commerce, pemasaran",Inggris,Fisik,349,978-0-404-76921-5,0
799,TRX002156,USR00063,BK00217,2024-08-22,2024-09-05,2024-09-12,Terlambat,21.0,Dasar-Dasar Keamanan Informasi,Rina Mandala,Nuha Medika,2014,"Fakultas Sains, Teknologi, & Kesehatan",Informatika,Jaringan & Keamanan Siber,"Buku ini memberikan pemahaman menyeluruh tentang sistem enkripsi, proteksi data digital, serta ancaman siber. Disusun dengan bahasa yang mudah dipahami untuk kalangan akademik.","protokol jaringan, firewall, kriptografi, enkripsi",Indonesia,Fisik,331,978-1-278-28274-9,8
800,TRX002157,USR00093,BK00470,2025-11-05,2025-11-19,2025-11-25,Terlambat,20.0,Pengantar Manajemen Logistik,Salsabila Mahendra,Alfabeta,2010,"Fakultas Sains, Teknologi, & Kesehatan",Teknik Industri,Ergonomi & Rantai Pasok,"Buku ini dirancang sebagai panduan untuk memahami optimalisasi jaringan logistik, keselamatan dan kesehatan kerja industri, serta analisis ergonomi tempat kerja. Membantu pembaca membangun pemahaman konseptual maupun praktis.","rantai pasok, k3, logistik, supply chain",Indonesia,E-book,286,978-0-10-276212-9,9999
801,TRX002161,USR00025,BK00025,2023-04-27,2023-05-11,2023-05-15,Terlambat,18.0,Algoritma dan Algoritma,Wardi Tampubolon,Graha Ilmu,2014,"Fakultas Sains, Teknologi, & Kesehatan",Informatika,Pemrograman & Algoritma,"Buku ini menyajikan kajian komprehensif mengenai pengembangan perangkat lunak, logika pemrograman, serta pemecahan masalah komputasional. Cocok digunakan sebagai referensi utama bagi mahasiswa dan praktisi.","logika komputasi, java, coding, kompleksitas",Indonesia,Fisik,464,978-0-542-78498-9,4
802,TRX002166,USR00285,BK01029,2024-04-20,2024-05-04,2024-05-08,Terlambat,18.0,Pengantar Tata Kelola Perusahaan,"Queen Palastri, Ir. Elon Puspita, M.TI.",Informatika Bandung,2006,"Fakultas Sosial, Humaniora, & Seni",Administrasi Bisnis,Administrasi & Manajemen Bisnis,"Buku ini membahas secara mendalam tentang administrasi dan operasional bisnis, efisiensi operasional organisasi bisnis, serta pengelolaan keuangan bisnis. Membantu pembaca membangun pemahaman konseptual maupun praktis.","manajemen bisnis, manajemen sumber daya manusia, operasional bisnis, administrasi bisnis",Indonesia,Fisik,245,978-0-215-57325-4,0
803,TRX002170,USR00250,BK00833,2023-04-06,2023-04-20,2023-04-25,Terlambat,19.0,Pengantar Tipografi,"Rahmi Prabowo, Sutan Baktiono Purwanti",Elex Media Komputindo,2009,"Fakultas Sosial, Humaniora, & Seni",Desain Komunikasi Visual,Desain Komunikasi Visual & Ilustrasi,"Buku ini mengulas berbagai aspek penting dari proses kreatif desain grafis, prinsip visual dan tipografi, serta ilustrasi dan komposisi gambar. Cocok digunakan sebagai referensi utama bagi mahasiswa dan praktisi.","desain komunikasi visual, ilustrasi, tipografi, branding",Inggris,E-book,219,978-0-9665533-0-7,9999
804,TRX002171,USR00305,BK00228,2024-07-11,2024-07-25,2024-07-30,Terlambat,19.0,Dasar-Dasar Kriptografi,"Yusuf Aryani, Malik Mustofa",Kencana Prenada,2010,"Fakultas Sains, Teknologi, & Kesehatan",Informatika,Jaringan & Keamanan Siber,"Buku ini membahas secara mendalam tentang protokol komunikasi data, audit keamanan sistem, serta sistem enkripsi. Menjadi rujukan penting dalam perkuliahan dan penelitian terkait.","firewall, enkripsi, jaringan komputer, cyber security",Indonesia,E-book,320,978-0-415-41520-0,9999
805,TRX002172,USR00147,BK00944,2024-11-16,2024-11-30,2024-12-07,Terlambat,21.0,Pengantar Fotografi Digital,"Tira Hutagalung, Dian Budiman",Gramedia Pustaka Utama,2019,"Fakultas Sosial, Humaniora, & Seni",Desain Komunikasi Visual,Fotografi & Multimedia,"Buku ini dirancang sebagai panduan untuk memahami teknik pengambilan gambar fotografi, produksi konten multimedia digital, serta desain media interaktif. Membantu pembaca membangun pemahaman konseptual maupun praktis.","multimedia, editing visual, motion graphic, media interaktif",Indonesia,E-book,209,978-0-237-10672-0,9999
806,TRX002173,USR00245,BK01007,2025-08-13,2025-08-27,2025-08-31,Terlambat,18.0,Perancangan Material dan Furnitur,"Icha Samosir, S.E.",UI Press,2023,"Fakultas Sosial, Humaniora, & Seni",Desain Interior,Desain Interior & Arsitektur Ruang,"Buku ini dirancang sebagai panduan untuk memahami perancangan tata ruang interior, prinsip pencahayaan dan estetika ruang, serta konsep arsitektur ruang dalam modern. Cocok digunakan sebagai referensi utama bagi mahasiswa dan praktisi.","material interior, furnitur, tata ruang, ergonomi ruang",Indonesia,Fisik,521,978-1-74222-946-1,7
807,TRX002178,USR00059,BK01268,2024-03-02,2024-03-16,2024-03-20,Terlambat,18.0,Pengantar Public Relations,Martaka Purnawati,Pustaka Pelajar,2006,"Fakultas Sosial, Humaniora, & Seni",Ilmu Komunikasi,Komunikasi & Media,"Buku ini membahas secara mendalam tentang jurnalisme di era digital, strategi media dan publikasi, serta pengaruh media sosial terhadap opini publik. Menjadi rujukan penting dalam perkuliahan dan penelitian terkait.","jurnalistik, media sosial, komunikasi interpersonal, public relations",Inggris,Fisik,145,978-0-7322-8360-5,4
808,TRX002179,USR00147,BK01023,2023-01-11,2023-01-25,2023-01-28,Terlambat,17.0,Dasar-Dasar Material dan Furnitur,"Kamila Sihotang, M.M.",UI Press,2016,"Fakultas Sosial, Humaniora, & Seni",Desain Interior,Desain Interior & Arsitektur Ruang,"Buku ini dirancang sebagai panduan untuk memahami pemilihan material dan furnitur, ergonomi dalam desain ruang, serta prinsip pencahayaan dan estetika ruang. Cocok digunakan sebagai referensi utama bagi mahasiswa dan praktisi.","ergonomi ruang, desain interior, furnitur, tata ruang",Indonesia,Fisik,461,978-1-966060-65-9,1
809,TRX002180,USR00350,BK01320,2024-08-21,2024-09-04,2024-09-08,Terlambat,18.0,Dasar-Dasar Komunikasi Digital Edisi Terbaru,Praba Wasita,Salemba Empat,2023,"Fakultas Sosial, Humaniora, & Seni",Ilmu Komunikasi,Jurnalistik & Media Digital,"Buku ini memberikan pemahaman menyeluruh tentang komunikasi digital dan audiens, strategi konten media sosial, serta produksi berita di media digital. Dilengkapi dengan contoh kasus dan studi lapangan yang relevan.","komunikasi digital, jurnalistik, konten kreator, media sosial",Inggris,E-book,430,978-0-239-98213-1,9999
810,TRX002181,USR00058,BK00934,2024-01-31,2024-02-14,2024-02-16,Terlambat,16.0,Teknik Videografi Edisi Ke-3,"R.A. Icha Marpaung, S.I.Kom",Deepublish,2014,"Fakultas Sosial, Humaniora, & Seni",Desain Komunikasi Visual,Fotografi & Multimedia,"Buku ini mengulas berbagai aspek penting dari editing visual dan videografi, desain media interaktif, serta produksi konten multimedia digital. Membantu pembaca membangun pemahaman konseptual maupun praktis.","media interaktif, multimedia, editing visual, motion graphic",Indonesia,Fisik,434,978-1-383-00081-8,1
811,TRX002182,USR00166,BK01312,2023-09-29,2023-10-13,2023-10-19,Terlambat,20.0,Praktik Produksi Berita Edisi Ke-2,"Tgk. Julia Mansur, M.M.",Kencana Prenada,2010,"Fakultas Sosial, Humaniora, & Seni",Ilmu Komunikasi,Jurnalistik & Media Digital,"Buku ini dirancang sebagai panduan untuk memahami etika jurnalistik di era digital, jurnalisme online kontemporer, serta produksi berita di media digital. Menjadi rujukan penting dalam perkuliahan dan penelitian terkait.","produksi berita, komunikasi digital, media sosial, konten kreator",Indonesia,Fisik,339,978-1-04-043333-1,0
812,TRX002187,USR00089,BK00396,2025-03-30,2025-04-13,2025-04-17,Terlambat,18.0,Dasar-Dasar Manajemen Logistik,Harto Prasasta,Erlangga,2010,"Fakultas Sains, Teknologi, & Kesehatan",Teknik Industri,Ergonomi & Rantai Pasok,"Buku ini membahas secara mendalam tentang analisis ergonomi tempat kerja, manajemen rantai pasok dan distribusi, serta optimalisasi jaringan logistik. Dilengkapi dengan contoh kasus dan studi lapangan yang relevan.","supply chain, analisis beban kerja, manajemen persediaan, logistik",Inggris,Fisik,203,978-0-9792513-2-0,7
813,TRX002191,USR00367,BK00971,2023-03-27,2023-04-10,2023-04-15,Terlambat,19.0,Pengantar Material dan Furnitur,"Wisnu Pradipta, Dr. Balangga Andriani, S.Farm",Informatika Bandung,2010,"Fakultas Sosial, Humaniora, & Seni",Desain Interior,Desain Interior & Arsitektur Ruang,"Buku ini dirancang sebagai panduan untuk memahami konsep arsitektur ruang dalam modern, ergonomi dalam desain ruang, serta prinsip pencahayaan dan estetika ruang. Disusun dengan bahasa yang mudah dipahami untuk kalangan akademik.","ergonomi ruang, desain interior, pencahayaan ruang, tata ruang",Indonesia,Fisik,491,978-1-902824-98-7,6
814,TRX002194,USR00017,BK00661,2024-06-04,2024-06-18,2024-06-22,Terlambat,18.0,Dasar Teknologi Sediaan Farmasi Edisi Ke-3,Radika Wastuti,Salemba Empat,2005,"Fakultas Sains, Teknologi, & Kesehatan",Farmasi,Teknologi Farmasi & Pelayanan Kefarmasian,"Buku ini menyajikan kajian komprehensif mengenai praktik farmasi klinis pasien, manajemen obat dan compounding, serta teknologi pembuatan sediaan obat. Menjadi rujukan penting dalam perkuliahan dan penelitian terkait.","teknologi farmasi, farmasi komunitas, compounding obat, sediaan farmasi",Indonesia,Fisik,274,978-1-153-47355-2,4
815,TRX002195,USR00237,BK01171,2024-07-11,2024-07-25,2024-07-29,Terlambat,18.0,Dasar-Dasar Psikologi Umum,Rahman Putra,Deepublish,2007,"Fakultas Sosial, Humaniora, & Seni",Psikologi,Psikologi Umum & Klinis,"Buku ini membahas secara mendalam tentang intervensi psikoterapi klinis, gangguan psikologis dan penanganannya, serta dinamika interaksi sosial manusia. Cocok digunakan sebagai referensi utama bagi mahasiswa dan praktisi.","psikologi, psikologi sosial, psikologi klinis, psikoterapi",Indonesia,Fisik,410,978-0-618-80819-9,6
816,TRX002197,USR00075,BK00671,2023-03-23,2023-04-06,2023-04-13,Terlambat,21.0,Pelayanan Kefarmasian: Praktik dan Pelayanan,"Sabar Palastri, Ajeng Salahudin",Kencana Prenada,2024,"Fakultas Sains, Teknologi, & Kesehatan",Farmasi,Teknologi Farmasi & Pelayanan Kefarmasian,"Buku ini mengulas berbagai aspek penting dari pelayanan kefarmasian di rumah sakit, teknologi pembuatan sediaan obat, serta praktik farmasi klinis pasien. Disusun dengan bahasa yang mudah dipahami untuk kalangan akademik.","farmasi komunitas, compounding obat, teknologi farmasi, farmasi rumah sakit",Indonesia,Fisik,413,978-1-66907-826-5,7
817,TRX002199,USR00290,BK00481,2025-09-08,2025-09-22,2025-09-25,Terlambat,17.0,Asuhan Keperawatan Dasar,dr. Adinata Suwarno,Rajawali Pers,2005,"Fakultas Sains, Teknologi, & Kesehatan",Keperawatan,Keperawatan Klinis,"Buku ini menyajikan kajian komprehensif mengenai komunikasi terapeutik perawat, manajemen perawatan pasien, serta asuhan keperawatan pasien. Menjadi rujukan penting dalam perkuliahan dan penelitian terkait.","asuhan keperawatan, keperawatan medikal bedah, praktik klinis, keperawatan gawat darurat",Indonesia,E-book,333,978-1-58018-569-1,9999
818,TRX002202,USR00289,BK00985,2023-04-15,2023-04-29,2023-05-04,Terlambat,19.0,Tata Ruang: Konsep dan Aplikasi Edisi Ke-3,"Cayadi Hutasoit, R. Budi Maulana",PT Grasindo,2008,"Fakultas Sosial, Humaniora, & Seni",Desain Interior,Desain Interior & Arsitektur Ruang,"Buku ini mengulas berbagai aspek penting dari ergonomi dalam desain ruang, prinsip pencahayaan dan estetika ruang, serta konsep arsitektur ruang dalam modern. Cocok digunakan sebagai referensi utama bagi mahasiswa dan praktisi.","ergonomi ruang, furnitur, tata ruang, material interior",Indonesia,E-book,431,978-1-4579-3897-9,9999
819,TRX002204,USR00190,BK00494,2023-03-06,2023-03-20,2023-03-24,Terlambat,18.0,Keperawatan Maternitas: Teori dan Praktik Klinis Edisi Ke-3,"Ratna Pradipta, S.Pt, Oman Megantara",Deepublish,2019,"Fakultas Sains, Teknologi, & Kesehatan",Keperawatan,Keperawatan Klinis,"Buku ini membahas secara mendalam tentang prosedur klinis keperawatan, manajemen perawatan pasien, serta komunikasi terapeutik perawat. Disusun dengan bahasa yang mudah dipahami untuk kalangan akademik.","asuhan keperawatan, keperawatan gawat darurat, keperawatan anak, keperawatan",Indonesia,Fisik,476,978-0-7903-2020-5,7
820,TRX002205,USR00030,BK00798,2023-08-02,2023-08-16,2023-08-21,Terlambat,19.0,Pengantar Desain Komunikasi Visual,"Gina Pratama, S.E.I, H. Caraka Mardhiyah, M.TI.",Andi Publisher,2010,"Fakultas Sosial, Humaniora, & Seni",Desain Komunikasi Visual,Desain Komunikasi Visual & Ilustrasi,"Buku ini membahas secara mendalam tentang prinsip visual dan tipografi, estetika dalam karya seni rupa, serta proses kreatif desain grafis. Dilengkapi dengan contoh kasus dan studi lapangan yang relevan.","branding, desain grafis, seni rupa, layout",Indonesia,Fisik,351,978-1-254-59606-8,1
821,TRX002206,USR00345,BK00438,2023-05-20,2023-06-03,2023-06-05,Terlambat,16.0,Dasar-Dasar Manajemen Logistik,Taswir Maulana,Informatika Bandung,2005,"Fakultas Sains, Teknologi, & Kesehatan",Teknik Industri,Ergonomi & Rantai Pasok,"Buku ini dirancang sebagai panduan untuk memahami optimalisasi jaringan logistik, pengendalian persediaan barang, serta keselamatan dan kesehatan kerja industri. Menjadi rujukan penting dalam perkuliahan dan penelitian terkait.","analisis beban kerja, rantai pasok, manajemen persediaan, ergonomi",Indonesia,Fisik,341,978-0-644-74212-2,6
822,TRX002210,USR00074,BK01213,2023-11-24,2023-12-08,2023-12-14,Terlambat,20.0,Psikologi Sosial: Teori dan Aplikasi,"Puspa Hardiansyah, S.T.",Nuha Medika,2006,"Fakultas Sosial, Humaniora, & Seni",Psikologi,Psikologi Umum & Klinis,"Buku ini menyajikan kajian komprehensif mengenai perkembangan kepribadian individu, intervensi psikoterapi klinis, serta perilaku dan proses mental manusia. Membantu pembaca membangun pemahaman konseptual maupun praktis.","kepribadian, psikologi klinis, psikologi, psikologi sosial",Indonesia,E-book,321,978-1-72426-423-7,9999
823,TRX002213,USR00255,BK00784,2024-06-12,2024-06-26,2024-07-03,Terlambat,21.0,Panduan Praktik Profesi Ners Edisi Ke-2,"dr. Garan Simanjuntak, M.Kom.",Bumi Aksara,2021,"Fakultas Sains, Teknologi, & Kesehatan",Profesi Ners,Keperawatan Profesi Ners,"Buku ini memberikan pemahaman menyeluruh tentang penerapan evidence-based practice, residensi dan pembelajaran klinik lanjutan, serta etika dan profesionalisme keperawatan. Cocok digunakan sebagai referensi utama bagi mahasiswa dan praktisi.","keperawatan lanjutan, praktik klinis ners, evidence based practice, residensi keperawatan",Inggris,Fisik,462,978-1-69523-668-4,6
824,TRX002214,USR00195,BK00335,2023-02-22,2023-03-08,2023-03-13,Terlambat,19.0,Pengantar Teknik Industri Edisi Revisi,Pangeran Wijaya,Kencana Prenada,2024,"Fakultas Sains, Teknologi, & Kesehatan",Teknik Industri,Teknik Industri & Manajemen Operasi,"Buku ini membahas secara mendalam tentang efisiensi tata letak fasilitas pabrik, perancangan sistem kerja industri, serta perencanaan dan pengendalian produksi. Menjadi rujukan penting dalam perkuliahan dan penelitian terkait.","manajemen operasi, tata letak pabrik, manajemen kualitas, efisiensi kerja",Indonesia,Fisik,338,978-0-450-88210-4,5
825,TRX002217,USR00223,BK00762,2025-01-24,2025-02-07,2025-02-14,Terlambat,21.0,Panduan Praktik Keperawatan Berbasis Bukti,Mitra Sinaga,Deepublish,2015,"Fakultas Sains, Teknologi, & Kesehatan",Profesi Ners,Keperawatan Profesi Ners,"Buku ini membahas secara mendalam tentang etika dan profesionalisme keperawatan, penerapan evidence-based practice, serta residensi dan pembelajaran klinik lanjutan. Menjadi rujukan penting dalam perkuliahan dan penelitian terkait.","praktik klinis ners, residensi keperawatan, kompetensi ners, keperawatan lanjutan",Indonesia,E-book,242,978-1-74916-247-1,9999
826,TRX002220,USR00141,BK00677,2023-03-16,2023-03-30,2023-04-02,Terlambat,17.0,Teknologi Sediaan Farmasi: Praktik dan Pelayanan,Dalimin Hidayat,Bumi Aksara,2019,"Fakultas Sains, Teknologi, & Kesehatan",Farmasi,Teknologi Farmasi & Pelayanan Kefarmasian,"Buku ini memberikan pemahaman menyeluruh tentang praktik farmasi klinis pasien, manajemen obat dan compounding, serta pelayanan kefarmasian di rumah sakit. Menjadi rujukan penting dalam perkuliahan dan penelitian terkait.","compounding obat, farmasi komunitas, teknologi farmasi, sediaan farmasi",Inggris,Fisik,210,978-1-334-81705-2,6
827,TRX002221,USR00211,BK00962,2023-04-15,2023-04-29,2023-05-01,Terlambat,16.0,Desain Interior: Konsep dan Aplikasi Edisi Revisi,Dr. Clara Latupono,Salemba Empat,2018,"Fakultas Sosial, Humaniora, & Seni",Desain Interior,Desain Interior & Arsitektur Ruang,"Buku ini memberikan pemahaman menyeluruh tentang pemilihan material dan furnitur, ergonomi dalam desain ruang, serta konsep arsitektur ruang dalam modern. Menjadi rujukan penting dalam perkuliahan dan penelitian terkait.","pencahayaan ruang, tata ruang, material interior, ergonomi ruang",Indonesia,Fisik,419,978-0-12-590203-8,1
828,TRX002222,USR00027,BK00228,2023-11-22,2023-12-06,2023-12-13,Terlambat,21.0,Dasar-Dasar Kriptografi,"Yusuf Aryani, Malik Mustofa",Kencana Prenada,2010,"Fakultas Sains, Teknologi, & Kesehatan",Informatika,Jaringan & Keamanan Siber,"Buku ini membahas secara mendalam tentang protokol komunikasi data, audit keamanan sistem, serta sistem enkripsi. Menjadi rujukan penting dalam perkuliahan dan penelitian terkait.","firewall, enkripsi, jaringan komputer, cyber security",Indonesia,E-book,320,978-0-415-41520-0,9999
829,TRX002226,USR00096,BK00993,2024-07-18,2024-08-01,2024-08-04,Terlambat,17.0,Dasar-Dasar Pencahayaan Ruang,"Tgk. Jabal Wulandari, M.M.",Salemba Empat,2015,"Fakultas Sosial, Humaniora, & Seni",Desain Interior,Desain Interior & Arsitektur Ruang,"Buku ini dirancang sebagai panduan untuk memahami pemilihan material dan furnitur, perancangan tata ruang interior, serta konsep arsitektur ruang dalam modern. Dilengkapi dengan contoh kasus dan studi lapangan yang relevan.","furnitur, desain interior, arsitektur ruang, material interior",Indonesia,E-book,237,978-0-9929596-6-1,9999
830,TRX002227,USR00157,BK01252,2024-05-13,2024-05-27,2024-05-31,Terlambat,18.0,Dasar-Dasar Jurnalistik,"Dr. Wage Agustina, Jais Uyainah",Gramedia Pustaka Utama,2019,"Fakultas Sosial, Humaniora, & Seni",Ilmu Komunikasi,Komunikasi & Media,"Buku ini dirancang sebagai panduan untuk memahami hubungan masyarakat dan citra publik, dinamika komunikasi massa, serta pengaruh media sosial terhadap opini publik. Menjadi rujukan penting dalam perkuliahan dan penelitian terkait.","media digital, komunikasi interpersonal, jurnalistik, public relations",Indonesia,Fisik,244,978-0-7938-8413-1,6
831,TRX002230,USR00074,BK01216,2025-10-11,2025-10-25,2025-10-28,Terlambat,17.0,Memahami Psikologi Perkembangan Edisi Terbaru,"Elma Mangunsong, M.Pd, Dipa Anggriawan",Gramedia Pustaka Utama,2009,"Fakultas Sosial, Humaniora, & Seni",Psikologi,Psikologi Umum & Klinis,"Buku ini memberikan pemahaman menyeluruh tentang gangguan psikologis dan penanganannya, dinamika interaksi sosial manusia, serta intervensi psikoterapi klinis. Cocok digunakan sebagai referensi utama bagi mahasiswa dan praktisi.","perkembangan manusia, kesehatan mental, psikologi sosial, kepribadian",Inggris,Fisik,349,978-0-480-88062-0,3
832,TRX002234,USR00290,BK00507,2025-10-09,2025-10-23,2025-10-26,Terlambat,17.0,Keperawatan Gawat Darurat: Teori dan Praktik Klinis,Rahmi Manullang,Gramedia Pustaka Utama,2020,"Fakultas Sains, Teknologi, & Kesehatan",Keperawatan,Keperawatan Klinis,"Buku ini mengulas berbagai aspek penting dari penanganan kondisi darurat medis, asuhan keperawatan pasien, serta komunikasi terapeutik perawat. Membantu pembaca membangun pemahaman konseptual maupun praktis.","keperawatan, asuhan keperawatan, praktik klinis, keperawatan anak",Inggris,E-book,380,978-0-16-873977-6,9999
833,TRX002237,USR00311,BK00632,2023-01-19,2023-02-02,2023-02-04,Terlambat,16.0,Panduan Pelayanan Kefarmasian Edisi Terbaru,"Dodo Irawan, Gaiman Wasita",Kencana Prenada,2018,"Fakultas Sains, Teknologi, & Kesehatan",Farmasi,Teknologi Farmasi & Pelayanan Kefarmasian,"Buku ini memberikan pemahaman menyeluruh tentang manajemen obat dan compounding, teknologi pembuatan sediaan obat, serta standar pelayanan farmasi profesional. Membantu pembaca membangun pemahaman konseptual maupun praktis.","pelayanan kefarmasian, compounding obat, teknologi farmasi, farmasi rumah sakit",Indonesia,Fisik,257,978-0-9520046-1-5,8
834,TRX002238,USR00072,BK01284,2024-01-01,2024-01-15,2024-01-18,Terlambat,17.0,Pengantar Komunikasi Massa,Laras Nasyidah,Nuha Medika,2021,"Fakultas Sosial, Humaniora, & Seni",Ilmu Komunikasi,Komunikasi & Media,"Buku ini membahas secara mendalam tentang dinamika komunikasi massa, jurnalisme di era digital, serta strategi media dan publikasi. Disusun dengan bahasa yang mudah dipahami untuk kalangan akademik.","media sosial, komunikasi massa, public relations, komunikasi interpersonal",Indonesia,Fisik,186,978-0-87233-351-2,2
835,TRX002240,USR00242,BK00305,2025-08-03,2025-08-17,2025-08-18,Terlambat,15.0,Konsep SQL Server,"R. Azalea Siregar, S.I.Kom, Ir. Galar Aryani, S.IP",Graha Ilmu,2014,"Fakultas Sains, Teknologi, & Kesehatan",Informatika,Basis Data,"Buku ini dirancang sebagai panduan untuk memahami arsitektur data warehouse, query dan manipulasi data, serta perancangan basis data. Cocok digunakan sebagai referensi utama bagi mahasiswa dan praktisi.","query, nosql, manajemen data, sql",Indonesia,Fisik,331,978-0-02-255794-2,1
836,TRX002243,USR00335,BK00842,2024-07-12,2024-07-26,2024-07-30,Terlambat,18.0,Prinsip Branding Visual Edisi Ke-3,"Puti Prasasta, Marsudi Putra, S.Pt",Informatika Bandung,2017,"Fakultas Sosial, Humaniora, & Seni",Desain Komunikasi Visual,Desain Komunikasi Visual & Ilustrasi,"Buku ini mengulas berbagai aspek penting dari ilustrasi dan komposisi gambar, strategi branding melalui visual, serta estetika dalam karya seni rupa. Disusun dengan bahasa yang mudah dipahami untuk kalangan akademik.","layout, tipografi, seni rupa, ilustrasi",Indonesia,Fisik,461,978-1-03-037637-2,5
837,TRX002244,USR00141,BK00660,2025-02-25,2025-03-11,2025-03-14,Terlambat,17.0,Panduan Pelayanan Kefarmasian Edisi Ke-2,Timbul Saptono,Deepublish,2021,"Fakultas Sains, Teknologi, & Kesehatan",Farmasi,Teknologi Farmasi & Pelayanan Kefarmasian,"Buku ini membahas secara mendalam tentang praktik farmasi klinis pasien, manajemen obat dan compounding, serta standar pelayanan farmasi profesional. Dilengkapi dengan contoh kasus dan studi lapangan yang relevan.","sediaan farmasi, teknologi farmasi, pelayanan kefarmasian, farmasi rumah sakit",Indonesia,E-book,477,978-1-83230-241-8,9999
838,TRX002245,USR00351,BK00589,2024-02-23,2024-03-08,2024-03-10,Terlambat,16.0,Pengantar Farmakognosi,"Hj. Natalia Hasanah, S.T.",Informatika Bandung,2005,"Fakultas Sains, Teknologi, & Kesehatan",Farmasi,Farmakologi & Kefarmasian,"Buku ini membahas secara mendalam tentang efek samping dan dosis obat, pelayanan kefarmasian klinis, serta interaksi obat dalam tubuh. Membantu pembaca membangun pemahaman konseptual maupun praktis.","kimia farmasi, farmasi klinis, toksikologi, farmakokinetik",Indonesia,Fisik,434,978-1-09-759230-2,4
839,TRX002249,USR00291,BK01102,2025-06-03,2025-06-17,2025-06-18,Terlambat,15.0,Strategi Strategi Pemasaran,Cici Kusumo,Alfabeta,2024,"Fakultas Sosial, Humaniora, & Seni",Administrasi Bisnis,Kewirausahaan & Pemasaran Bisnis,"Buku ini memberikan pemahaman menyeluruh tentang perencanaan strategi pemasaran, membangun bisnis rintisan startup, serta strategi kewirausahaan dan inovasi bisnis. Membantu pembaca membangun pemahaman konseptual maupun praktis.","strategi pemasaran, startup, kewirausahaan, e-commerce",Indonesia,E-book,202,978-0-621-13695-1,9999
840,TRX002251,USR00366,BK00807,2023-08-22,2023-09-05,2023-09-07,Terlambat,16.0,Dasar-Dasar Branding Visual,"dr. Jasmani Prabowo, S.Gz",Pustaka Pelajar,2020,"Fakultas Sosial, Humaniora, & Seni",Desain Komunikasi Visual,Desain Komunikasi Visual & Ilustrasi,"Buku ini menyajikan kajian komprehensif mengenai proses kreatif desain grafis, ilustrasi dan komposisi gambar, serta prinsip visual dan tipografi. Menjadi rujukan penting dalam perkuliahan dan penelitian terkait.","desain grafis, tipografi, seni rupa, branding",Indonesia,Fisik,208,978-0-644-21214-4,6
841,TRX002253,USR00341,BK01318,2023-05-31,2023-06-14,2023-06-17,Terlambat,17.0,Strategi Content Creation Edisi Ke-3,Hj. Gabriella Wijaya,Salemba Empat,2007,"Fakultas Sosial, Humaniora, & Seni",Ilmu Komunikasi,Jurnalistik & Media Digital,"Buku ini memberikan pemahaman menyeluruh tentang produksi berita di media digital, strategi konten media sosial, serta etika jurnalistik di era digital. Menjadi rujukan penting dalam perkuliahan dan penelitian terkait.","media sosial, konten kreator, media digital, produksi berita",Indonesia,E-book,324,978-1-201-49118-7,9999
842,TRX002254,USR00072,BK01185,2024-05-06,2024-05-20,2024-05-25,Terlambat,19.0,Dasar-Dasar Psikologi Kepribadian Edisi Terbaru,"Nugraha Novitasari, Kartika Usada, M.Pd",PT Grasindo,2024,"Fakultas Sosial, Humaniora, & Seni",Psikologi,Psikologi Umum & Klinis,"Buku ini menyajikan kajian komprehensif mengenai intervensi psikoterapi klinis, dinamika interaksi sosial manusia, serta perilaku dan proses mental manusia. Dilengkapi dengan contoh kasus dan studi lapangan yang relevan.","psikologi, psikoterapi, kepribadian, psikologi sosial",Indonesia,Fisik,371,978-1-70468-611-0,1
843,TRX002255,USR00215,BK01178,2024-04-02,2024-04-16,2024-04-17,Terlambat,15.0,Pengantar Psikologi Umum Edisi Terbaru,dr. Silvia Lestari,Kencana Prenada,2014,"Fakultas Sosial, Humaniora, & Seni",Psikologi,Psikologi Umum & Klinis,"Buku ini memberikan pemahaman menyeluruh tentang dinamika interaksi sosial manusia, gangguan psikologis dan penanganannya, serta perilaku dan proses mental manusia. Dilengkapi dengan contoh kasus dan studi lapangan yang relevan.","psikoterapi, psikologi sosial, psikologi, psikologi klinis",Indonesia,E-book,420,978-1-07-174811-4,9999
844,TRX002259,USR00156,BK00232,2023-03-15,2023-03-29,2023-04-04,Terlambat,20.0,Perancangan SQL Server,"Catur Farida, S.I.Kom",Pustaka Pelajar,2014,"Fakultas Sains, Teknologi, & Kesehatan",Informatika,Basis Data,"Buku ini memberikan pemahaman menyeluruh tentang normalisasi data, query dan manipulasi data, serta manajemen sistem basis data. Disusun dengan bahasa yang mudah dipahami untuk kalangan akademik.","manajemen data, query, database, sql",Indonesia,Fisik,450,978-0-697-31121-4,1
845,TRX002262,USR00347,BK00751,2023-11-05,2023-11-19,2023-11-20,Terlambat,15.0,Modul Profesi Ners,Kamila Kurniawan,Gramedia Pustaka Utama,2018,"Fakultas Sains, Teknologi, & Kesehatan",Profesi Ners,Keperawatan Profesi Ners,"Buku ini membahas secara mendalam tentang etika dan profesionalisme keperawatan, penerapan evidence-based practice, serta praktik klinik keperawatan profesional. Cocok digunakan sebagai referensi utama bagi mahasiswa dan praktisi.","residensi keperawatan, evidence based practice, praktik klinis ners, kompetensi ners",Indonesia,E-book,284,978-1-265-01673-9,9999
846,TRX002267,USR00366,BK00826,2023-05-16,2023-05-30,2023-06-03,Terlambat,18.0,Pengantar Tipografi Edisi Ke-3,Karman Rajasa,Erlangga,2024,"Fakultas Sosial, Humaniora, & Seni",Desain Komunikasi Visual,Desain Komunikasi Visual & Ilustrasi,"Buku ini menyajikan kajian komprehensif mengenai proses kreatif desain grafis, prinsip visual dan tipografi, serta strategi branding melalui visual. Dilengkapi dengan contoh kasus dan studi lapangan yang relevan.","tipografi, ilustrasi, seni rupa, branding",Indonesia,Fisik,189,978-0-908088-23-2,0
847,TRX002272,USR00226,BK01287,2023-05-29,2023-06-12,2023-06-18,Terlambat,20.0,Media Sosial dan Masyarakat di Era Digital,Cinthia Irawan,Alfabeta,2007,"Fakultas Sosial, Humaniora, & Seni",Ilmu Komunikasi,Komunikasi & Media,"Buku ini memberikan pemahaman menyeluruh tentang dinamika komunikasi massa, strategi media dan publikasi, serta pengaruh media sosial terhadap opini publik. Menjadi rujukan penting dalam perkuliahan dan penelitian terkait.","komunikasi interpersonal, komunikasi massa, jurnalistik, public relations",Indonesia,Fisik,532,978-1-06-557820-8,1
848,TRX002274,USR00112,BK00438,2023-10-06,2023-10-20,2023-10-21,Terlambat,15.0,Dasar-Dasar Manajemen Logistik,Taswir Maulana,Informatika Bandung,2005,"Fakultas Sains, Teknologi, & Kesehatan",Teknik Industri,Ergonomi & Rantai Pasok,"Buku ini dirancang sebagai panduan untuk memahami optimalisasi jaringan logistik, pengendalian persediaan barang, serta keselamatan dan kesehatan kerja industri. Menjadi rujukan penting dalam perkuliahan dan penelitian terkait.","analisis beban kerja, rantai pasok, manajemen persediaan, ergonomi",Indonesia,Fisik,341,978-0-644-74212-2,6
849,TRX002276,USR00177,BK00738,2024-10-24,2024-11-07,2024-11-12,Terlambat,19.0,Pembelajaran Klinik Profesi Ners,"Drs. Gasti Rahayu, Indah Mahendra",Gramedia Pustaka Utama,2014,"Fakultas Sains, Teknologi, & Kesehatan",Profesi Ners,Keperawatan Profesi Ners,"Buku ini mengulas berbagai aspek penting dari etika dan profesionalisme keperawatan, praktik klinik keperawatan profesional, serta residensi dan pembelajaran klinik lanjutan. Menjadi rujukan penting dalam perkuliahan dan penelitian terkait.","residensi keperawatan, profesi ners, praktik klinis ners, kompetensi ners",Indonesia,Fisik,208,978-0-8446-2671-0,3
850,TRX002277,USR00135,BK01270,2024-11-06,2024-11-20,2024-11-25,Terlambat,19.0,Dasar-Dasar Komunikasi Interpersonal,"Drs. Icha Situmorang, S.E.I",Gramedia Pustaka Utama,2013,"Fakultas Sosial, Humaniora, & Seni",Ilmu Komunikasi,Komunikasi & Media,"Buku ini dirancang sebagai panduan untuk memahami pengaruh media sosial terhadap opini publik, jurnalisme di era digital, serta hubungan masyarakat dan citra publik. Menjadi rujukan penting dalam perkuliahan dan penelitian terkait.","broadcasting, media sosial, komunikasi massa, media digital",Inggris,E-book,396,978-1-944391-64-5,9999
851,TRX002280,USR00120,BK01205,2024-11-29,2024-12-13,2024-12-18,Terlambat,19.0,Dasar-Dasar Psikologi Kepribadian,"dr. Damu Namaga, M.Ak, Xanana Marpaung",Deepublish,2019,"Fakultas Sosial, Humaniora, & Seni",Psikologi,Psikologi Umum & Klinis,"Buku ini menyajikan kajian komprehensif mengenai perkembangan kepribadian individu, gangguan psikologis dan penanganannya, serta perilaku dan proses mental manusia. Menjadi rujukan penting dalam perkuliahan dan penelitian terkait.","kesehatan mental, kepribadian, psikologi, psikoterapi",Indonesia,Fisik,312,978-1-71136-337-0,3
852,TRX002284,USR00192,BK00853,2025-07-06,2025-07-20,2025-07-22,Terlambat,16.0,Dasar-Dasar Branding Visual,Hj. Icha Pradana,Deepublish,2016,"Fakultas Sosial, Humaniora, & Seni",Desain Komunikasi Visual,Desain Komunikasi Visual & Ilustrasi,"Buku ini mengulas berbagai aspek penting dari estetika dalam karya seni rupa, strategi branding melalui visual, serta prinsip visual dan tipografi. Cocok digunakan sebagai referensi utama bagi mahasiswa dan praktisi.","ilustrasi, desain komunikasi visual, desain grafis, layout",Inggris,Fisik,399,978-0-11-457758-2,4
853,TRX002286,USR00198,BK00624,2023-04-16,2023-04-30,2023-05-03,Terlambat,17.0,Farmasetika Klinis,Hairyanto Pertiwi,Nuha Medika,2015,"Fakultas Sains, Teknologi, & Kesehatan",Farmasi,Farmakologi & Kefarmasian,"Buku ini memberikan pemahaman menyeluruh tentang pelayanan kefarmasian klinis, formulasi sediaan farmasi, serta efek samping dan dosis obat. Menjadi rujukan penting dalam perkuliahan dan penelitian terkait.","obat, kimia farmasi, farmakologi, formulasi obat",Indonesia,E-book,489,978-0-8215-4544-7,9999
854,TRX002289,USR00353,BK00490,2025-01-26,2025-02-09,2025-02-11,Terlambat,16.0,Konsep Dasar Keperawatan Anak,"Harjo Laksmiwati, Kasim Nasyiah",Salemba Empat,2016,"Fakultas Sains, Teknologi, & Kesehatan",Keperawatan,Keperawatan Klinis,"Buku ini membahas secara mendalam tentang penanganan kondisi darurat medis, prosedur klinis keperawatan, serta manajemen perawatan pasien. Membantu pembaca membangun pemahaman konseptual maupun praktis.","keperawatan, praktik klinis, keperawatan medikal bedah, keperawatan anak",Indonesia,Fisik,415,978-1-4601-5851-7,0
855,TRX002290,USR00275,BK00486,2025-05-09,2025-05-23,2025-05-24,Terlambat,15.0,Asuhan Keperawatan Jiwa Edisi Ke-3,"R. Enteng Halim, S.Sos",Gramedia Pustaka Utama,2015,"Fakultas Sains, Teknologi, & Kesehatan",Keperawatan,Keperawatan Klinis,"Buku ini menyajikan kajian komprehensif mengenai komunikasi terapeutik perawat, penanganan kondisi darurat medis, serta manajemen perawatan pasien. Cocok digunakan sebagai referensi utama bagi mahasiswa dan praktisi.","asuhan keperawatan, keperawatan medikal bedah, keperawatan anak, keperawatan gawat darurat",Indonesia,Fisik,533,978-1-04-427173-1,5
856,TRX002298,USR00046,BK00139,2024-10-23,2024-11-06,2024-11-11,Terlambat,19.0,Pengantar Keamanan Siber,Paiman Lailasari,UI Press,2017,"Fakultas Sains, Teknologi, & Kesehatan",Informatika,Jaringan & Keamanan Siber,"Buku ini memberikan pemahaman menyeluruh tentang sistem enkripsi, proteksi data digital, serta ancaman siber. Disusun dengan bahasa yang mudah dipahami untuk kalangan akademik.","firewall, protokol jaringan, hacking etis, kriptografi",Indonesia,E-book,222,978-1-895782-91-2,9999
857,TRX002299,USR00241,BK00922,2023-03-16,2023-03-30,2023-04-04,Terlambat,19.0,Dasar-Dasar Motion Graphic,R.M. Radika Hasanah,PT Grasindo,2022,"Fakultas Sosial, Humaniora, & Seni",Desain Komunikasi Visual,Fotografi & Multimedia,"Buku ini menyajikan kajian komprehensif mengenai desain media interaktif, teknik pengambilan gambar fotografi, serta produksi konten multimedia digital. Dilengkapi dengan contoh kasus dan studi lapangan yang relevan.","editing visual, motion graphic, fotografi, multimedia",Inggris,Fisik,364,978-0-17-674124-2,3
858,TRX002303,USR00019,BK00393,2025-07-27,2025-08-10,2025-08-12,Terlambat,16.0,Tata Letak Pabrik: Teori dan Aplikasi,drg. Cemeti Nababan,Alfabeta,2024,"Fakultas Sains, Teknologi, & Kesehatan",Teknik Industri,Teknik Industri & Manajemen Operasi,"Buku ini memberikan pemahaman menyeluruh tentang perencanaan dan pengendalian produksi, optimalisasi proses produksi, serta manajemen kualitas dan produktivitas. Menjadi rujukan penting dalam perkuliahan dan penelitian terkait.","teknik industri, tata letak pabrik, manajemen operasi, produktivitas",Indonesia,Fisik,405,978-1-01-367303-0,0
859,TRX002306,USR00052,BK00427,2024-11-25,2024-12-09,2024-12-13,Terlambat,18.0,Dasar-Dasar Keselamatan dan Kesehatan Kerja,Drs. Silvia Pangestu,Alfabeta,2005,"Fakultas Sains, Teknologi, & Kesehatan",Teknik Industri,Ergonomi & Rantai Pasok,"Buku ini dirancang sebagai panduan untuk memahami analisis ergonomi tempat kerja, optimalisasi jaringan logistik, serta pengendalian persediaan barang. Dilengkapi dengan contoh kasus dan studi lapangan yang relevan.","logistik, distribusi, k3, analisis beban kerja",Indonesia,Fisik,544,978-1-82629-251-0,7
860,TRX002308,USR00371,BK01202,2023-10-02,2023-10-16,2023-10-21,Terlambat,19.0,Dasar-Dasar Psikologi Kepribadian Edisi Revisi,Iriana Lazuardi,Erlangga,2010,"Fakultas Sosial, Humaniora, & Seni",Psikologi,Psikologi Umum & Klinis,"Buku ini membahas secara mendalam tentang intervensi psikoterapi klinis, perilaku dan proses mental manusia, serta gangguan psikologis dan penanganannya. Menjadi rujukan penting dalam perkuliahan dan penelitian terkait.","psikologi sosial, kesehatan mental, perkembangan manusia, psikoterapi",Indonesia,Fisik,435,978-0-15-001418-8,8
861,TRX002310,USR00234,BK00800,2023-10-01,2023-10-15,2023-10-16,Terlambat,15.0,Desain Komunikasi Visual: Konsep dan Praktik,Cinta Hasanah,Pustaka Pelajar,2007,"Fakultas Sosial, Humaniora, & Seni",Desain Komunikasi Visual,Desain Komunikasi Visual & Ilustrasi,"Buku ini membahas secara mendalam tentang ilustrasi dan komposisi gambar, prinsip visual dan tipografi, serta proses kreatif desain grafis. Menjadi rujukan penting dalam perkuliahan dan penelitian terkait.","desain komunikasi visual, desain grafis, ilustrasi, tipografi",Indonesia,E-book,167,978-0-421-49551-7,9999
862,TRX002315,USR00160,BK01203,2025-05-24,2025-06-07,2025-06-10,Terlambat,17.0,Pengantar Psikologi Perkembangan,T. Cagak Kuswoyo,Elex Media Komputindo,2005,"Fakultas Sosial, Humaniora, & Seni",Psikologi,Psikologi Umum & Klinis,"Buku ini memberikan pemahaman menyeluruh tentang perkembangan kepribadian individu, gangguan psikologis dan penanganannya, serta perilaku dan proses mental manusia. Membantu pembaca membangun pemahaman konseptual maupun praktis.","psikoterapi, psikologi sosial, psikologi klinis, psikologi",Indonesia,Fisik,135,978-0-09-001594-8,2
863,TRX002316,USR00105,BK00980,2025-05-14,2025-05-28,2025-06-01,Terlambat,18.0,Arsitektur Ruang Dalam: Konsep dan Aplikasi,"Yosef Winarsih, S.Sos",Bumi Aksara,2023,"Fakultas Sosial, Humaniora, & Seni",Desain Interior,Desain Interior & Arsitektur Ruang,"Buku ini dirancang sebagai panduan untuk memahami konsep arsitektur ruang dalam modern, ergonomi dalam desain ruang, serta pemilihan material dan furnitur. Menjadi rujukan penting dalam perkuliahan dan penelitian terkait.","material interior, furnitur, tata ruang, ergonomi ruang",Indonesia,Fisik,294,978-0-464-19785-0,4
864,TRX002319,USR00320,BK00786,2023-12-22,2024-01-05,2024-01-06,Terlambat,15.0,Keperawatan Berbasis Bukti: Praktik Klinis Lanjutan,Ade Putra,Bumi Aksara,2008,"Fakultas Sains, Teknologi, & Kesehatan",Profesi Ners,Keperawatan Profesi Ners,"Buku ini mengulas berbagai aspek penting dari penerapan evidence-based practice, kompetensi ners dalam asuhan pasien, serta residensi dan pembelajaran klinik lanjutan. Menjadi rujukan penting dalam perkuliahan dan penelitian terkait.","keperawatan lanjutan, praktik klinis ners, evidence based practice, residensi keperawatan",Inggris,Fisik,348,978-1-872105-52-9,8
865,TRX002323,USR00375,BK01324,2025-09-03,2025-09-17,2025-09-20,Terlambat,17.0,Strategi Jurnalistik Digital,Puti Yuliana Dongoran,PT Grasindo,2015,"Fakultas Sosial, Humaniora, & Seni",Ilmu Komunikasi,Jurnalistik & Media Digital,"Buku ini memberikan pemahaman menyeluruh tentang strategi konten media sosial, komunikasi digital dan audiens, serta jurnalisme online kontemporer. Cocok digunakan sebagai referensi utama bagi mahasiswa dan praktisi.","media digital, konten kreator, produksi berita, jurnalistik",Indonesia,E-book,139,978-0-7153-1234-6,9999
866,TRX002324,USR00326,BK00098,2025-01-11,2025-01-25,2025-01-28,Terlambat,17.0,Konsep Dasar Data Mining,Ian Kuswoyo,Deepublish,2007,"Fakultas Sains, Teknologi, & Kesehatan",Informatika,Kecerdasan Buatan & Data Science,"Buku ini dirancang sebagai panduan untuk memahami analisis data besar, pembelajaran mesin, serta otomatisasi cerdas. Membantu pembaca membangun pemahaman konseptual maupun praktis.","neural network, deep learning, big data, data mining",Indonesia,Fisik,457,978-0-8098-8516-9,5
867,TRX002325,USR00104,BK01364,2025-12-03,2025-12-17,2025-12-22,Terlambat,19.0,Media Sosial di Era Digital Edisi Terbaru,Hafshah Najmudin,Elex Media Komputindo,2018,"Fakultas Sosial, Humaniora, & Seni",Ilmu Komunikasi,Jurnalistik & Media Digital,"Buku ini memberikan pemahaman menyeluruh tentang komunikasi digital dan audiens, jurnalisme online kontemporer, serta strategi konten media sosial. Disusun dengan bahasa yang mudah dipahami untuk kalangan akademik.","jurnalistik, komunikasi digital, media digital, media sosial",Indonesia,Fisik,403,978-1-963259-42-1,1
868,TRX002326,USR00340,BK00656,2024-07-31,2024-08-14,2024-08-19,Terlambat,19.0,Pengantar Teknologi Sediaan Farmasi,"Upik Pangestu, S.Pt, Fitriani Widiastuti",Nuha Medika,2016,"Fakultas Sains, Teknologi, & Kesehatan",Farmasi,Teknologi Farmasi & Pelayanan Kefarmasian,"Buku ini dirancang sebagai panduan untuk memahami pelayanan kefarmasian di rumah sakit, manajemen obat dan compounding, serta teknologi pembuatan sediaan obat. Disusun dengan bahasa yang mudah dipahami untuk kalangan akademik.","compounding obat, farmasi komunitas, pelayanan kefarmasian, farmasi rumah sakit",Indonesia,Fisik,547,978-1-959959-46-5,6
869,TRX002327,USR00199,BK00536,2024-01-24,2024-02-07,2024-02-12,Terlambat,19.0,Konsep Dasar Keperawatan Anak Edisi Ke-2,"Chandra Mardhiyah, Radika Nainggolan",Andi Publisher,2023,"Fakultas Sains, Teknologi, & Kesehatan",Keperawatan,Keperawatan Klinis,"Buku ini membahas secara mendalam tentang asuhan keperawatan pasien, komunikasi terapeutik perawat, serta prosedur klinis keperawatan. Cocok digunakan sebagai referensi utama bagi mahasiswa dan praktisi.","praktik klinis, asuhan keperawatan, keperawatan anak, keperawatan medikal bedah",Inggris,E-book,200,978-1-71120-754-4,9999
870,TRX002330,USR00190,BK00693,2024-08-07,2024-08-21,2024-08-24,Terlambat,17.0,Pengantar Farmasi Rumah Sakit,"Aurora Hidayat, Hendra Sihombing",Salemba Empat,2011,"Fakultas Sains, Teknologi, & Kesehatan",Farmasi,Teknologi Farmasi & Pelayanan Kefarmasian,"Buku ini mengulas berbagai aspek penting dari manajemen obat dan compounding, pelayanan kefarmasian di rumah sakit, serta praktik farmasi klinis pasien. Membantu pembaca membangun pemahaman konseptual maupun praktis.","sediaan farmasi, compounding obat, farmasi komunitas, pelayanan kefarmasian",Indonesia,Fisik,218,978-0-89241-956-2,6
871,TRX002332,USR00310,BK00485,2024-09-29,2024-10-13,2024-10-16,Terlambat,17.0,Panduan Keperawatan Dasar,"R.M. Umar Kusumo, S.E.",Nuha Medika,2005,"Fakultas Sains, Teknologi, & Kesehatan",Keperawatan,Keperawatan Klinis,"Buku ini mengulas berbagai aspek penting dari penanganan kondisi darurat medis, asuhan keperawatan pasien, serta prosedur klinis keperawatan. Cocok digunakan sebagai referensi utama bagi mahasiswa dan praktisi.","asuhan keperawatan, keperawatan medikal bedah, keperawatan anak, praktik klinis",Inggris,E-book,547,978-1-71746-542-9,9999
872,TRX002333,USR00101,BK00392,2024-05-15,2024-05-29,2024-06-05,Terlambat,21.0,Pengantar Perencanaan Produksi,Winda Mandasari,Alfabeta,2014,"Fakultas Sains, Teknologi, & Kesehatan",Teknik Industri,Teknik Industri & Manajemen Operasi,"Buku ini menyajikan kajian komprehensif mengenai perencanaan dan pengendalian produksi, optimalisasi proses produksi, serta efisiensi tata letak fasilitas pabrik. Cocok digunakan sebagai referensi utama bagi mahasiswa dan praktisi.","manajemen kualitas, six sigma, perencanaan produksi, manajemen operasi",Indonesia,E-book,350,978-1-05-120461-6,9999
873,TRX002335,USR00182,BK00510,2024-08-16,2024-08-30,2024-09-01,Terlambat,16.0,Konsep Dasar Keperawatan Jiwa,Kalim Budiman,Bumi Aksara,2011,"Fakultas Sains, Teknologi, & Kesehatan",Keperawatan,Keperawatan Klinis,"Buku ini dirancang sebagai panduan untuk memahami manajemen perawatan pasien, prosedur klinis keperawatan, serta asuhan keperawatan pasien. Menjadi rujukan penting dalam perkuliahan dan penelitian terkait.","keperawatan medikal bedah, praktik klinis, keperawatan anak, asuhan keperawatan",Indonesia,Fisik,436,978-0-254-31074-2,7
874,TRX002337,USR00091,BK01017,2024-03-16,2024-03-30,2024-04-01,Terlambat,16.0,Arsitektur Ruang Dalam: Konsep dan Aplikasi Edisi Ke-3,Hj. Raisa Hasanah,Erlangga,2018,"Fakultas Sosial, Humaniora, & Seni",Desain Interior,Desain Interior & Arsitektur Ruang,"Buku ini mengulas berbagai aspek penting dari ergonomi dalam desain ruang, perancangan tata ruang interior, serta pemilihan material dan furnitur. Membantu pembaca membangun pemahaman konseptual maupun praktis.","material interior, tata ruang, arsitektur ruang, pencahayaan ruang",Inggris,Fisik,219,978-1-69472-587-5,8
875,TRX002343,USR00320,BK00727,2024-08-21,2024-09-04,2024-09-11,Terlambat,21.0,Panduan Praktik Residensi Keperawatan,Karsana Suryono,Pustaka Pelajar,2024,"Fakultas Sains, Teknologi, & Kesehatan",Profesi Ners,Keperawatan Profesi Ners,"Buku ini memberikan pemahaman menyeluruh tentang praktik klinik keperawatan profesional, etika dan profesionalisme keperawatan, serta penerapan evidence-based practice. Disusun dengan bahasa yang mudah dipahami untuk kalangan akademik.","keperawatan lanjutan, praktik klinis ners, residensi keperawatan, evidence based practice",Indonesia,Fisik,223,978-0-86125-904-5,4
876,TRX002344,USR00269,BK00748,2025-08-09,2025-08-23,2025-08-30,Terlambat,21.0,Keperawatan Berbasis Bukti: Praktik Klinis Lanjutan,Ella Wulandari,Erlangga,2009,"Fakultas Sains, Teknologi, & Kesehatan",Profesi Ners,Keperawatan Profesi Ners,"Buku ini memberikan pemahaman menyeluruh tentang kompetensi ners dalam asuhan pasien, praktik klinik keperawatan profesional, serta penerapan evidence-based practice. Dilengkapi dengan contoh kasus dan studi lapangan yang relevan.","residensi keperawatan, profesi ners, kompetensi ners, keperawatan komprehensif",Inggris,Fisik,175,978-0-15-285067-8,1
877,TRX002347,USR00107,BK00667,2023-04-29,2023-05-13,2023-05-14,Terlambat,15.0,Dasar Pelayanan Kefarmasian,"dr. Hamima Pudjiastuti, S.Pt",Graha Ilmu,2005,"Fakultas Sains, Teknologi, & Kesehatan",Farmasi,Teknologi Farmasi & Pelayanan Kefarmasian,"Buku ini membahas secara mendalam tentang manajemen obat dan compounding, standar pelayanan farmasi profesional, serta praktik farmasi klinis pasien. Dilengkapi dengan contoh kasus dan studi lapangan yang relevan.","sediaan farmasi, compounding obat, teknologi farmasi, pelayanan kefarmasian",Indonesia,Fisik,383,978-0-478-53907-3,7
878,TRX002349,USR00216,BK00055,2023-03-29,2023-04-12,2023-04-19,Terlambat,21.0,Algoritma dan Algoritma,"Hesti Samosir, M.Farm",Alfabeta,2017,"Fakultas Sains, Teknologi, & Kesehatan",Informatika,Pemrograman & Algoritma,"Buku ini mengulas berbagai aspek penting dari implementasi kode, efisiensi algoritma, serta pengembangan perangkat lunak. Cocok digunakan sebagai referensi utama bagi mahasiswa dan praktisi.","struktur data, kompleksitas, java, pemrograman",Indonesia,E-book,471,978-1-885685-57-5,9999
879,TRX002351,USR00049,BK00968,2025-11-20,2025-12-04,2025-12-08,Terlambat,18.0,Dasar-Dasar Desain Interior,Padmi Waluyo,Nuha Medika,2023,"Fakultas Sosial, Humaniora, & Seni",Desain Interior,Desain Interior & Arsitektur Ruang,"Buku ini mengulas berbagai aspek penting dari perancangan tata ruang interior, konsep arsitektur ruang dalam modern, serta ergonomi dalam desain ruang. Membantu pembaca membangun pemahaman konseptual maupun praktis.","pencahayaan ruang, furnitur, desain interior, arsitektur ruang",Indonesia,Fisik,162,978-1-150-26755-0,7
880,TRX002353,USR00201,BK00911,2025-03-18,2025-04-01,2025-04-03,Terlambat,16.0,Pengantar Fotografi Digital,Vinsen Tarihoran,Pustaka Pelajar,2007,"Fakultas Sosial, Humaniora, & Seni",Desain Komunikasi Visual,Fotografi & Multimedia,"Buku ini membahas secara mendalam tentang produksi konten multimedia digital, editing visual dan videografi, serta desain media interaktif. Membantu pembaca membangun pemahaman konseptual maupun praktis.","videografi, motion graphic, editing visual, multimedia",Inggris,Fisik,144,978-0-7639-2836-0,2
881,TRX002357,USR00350,BK00976,2025-06-03,2025-06-17,2025-06-20,Terlambat,17.0,Desain Interior: Konsep dan Aplikasi,"Salsabila Rahmawati, Darman Sudiati",Informatika Bandung,2011,"Fakultas Sosial, Humaniora, & Seni",Desain Interior,Desain Interior & Arsitektur Ruang,"Buku ini dirancang sebagai panduan untuk memahami konsep arsitektur ruang dalam modern, pemilihan material dan furnitur, serta ergonomi dalam desain ruang. Dilengkapi dengan contoh kasus dan studi lapangan yang relevan.","arsitektur ruang, desain interior, tata ruang, pencahayaan ruang",Indonesia,Fisik,229,978-0-555-80996-9,7
882,TRX002359,USR00370,BK00117,2023-09-24,2023-10-08,2023-10-09,Terlambat,15.0,Data Mining untuk Pemula Edisi Ke-2,"Prima Sitompul, S.E.I, Nardi Novitasari, S.Pt",Erlangga,2019,"Fakultas Sains, Teknologi, & Kesehatan",Informatika,Kecerdasan Buatan & Data Science,"Buku ini membahas secara mendalam tentang otomatisasi cerdas, prediksi berbasis data, serta jaringan saraf tiruan. Membantu pembaca membangun pemahaman konseptual maupun praktis.","data mining, machine learning, big data, deep learning",Inggris,Fisik,382,978-1-05-423573-0,6
883,TRX002366,USR00289,BK01240,2023-07-04,2023-07-18,2023-07-21,Terlambat,17.0,Strategi Media Digital,Rachel Prasetyo,Bumi Aksara,2005,"Fakultas Sosial, Humaniora, & Seni",Ilmu Komunikasi,Komunikasi & Media,"Buku ini mengulas berbagai aspek penting dari hubungan masyarakat dan citra publik, dinamika komunikasi massa, serta jurnalisme di era digital. Disusun dengan bahasa yang mudah dipahami untuk kalangan akademik.","media digital, jurnalistik, broadcasting, public relations",Indonesia,Fisik,544,978-0-652-77584-6,1
884,TRX002367,USR00103,BK00561,2025-01-24,2025-02-07,2025-02-08,Terlambat,15.0,Toksikologi Klinis,"Salsabila Pudjiastuti, Teguh Budiyanto",Pustaka Pelajar,2007,"Fakultas Sains, Teknologi, & Kesehatan",Farmasi,Farmakologi & Kefarmasian,"Buku ini membahas secara mendalam tentang efek samping dan dosis obat, mekanisme kerja obat, serta interaksi obat dalam tubuh. Menjadi rujukan penting dalam perkuliahan dan penelitian terkait.","obat, toksikologi, farmasi klinis, kimia farmasi",Indonesia,Fisik,471,978-1-374-89690-1,6
885,TRX002370,USR00110,BK01020,2025-02-16,2025-03-02,2025-03-06,Terlambat,18.0,Perancangan Desain Interior,"Gadang Kuswoyo, M.M.",Graha Ilmu,2009,"Fakultas Sosial, Humaniora, & Seni",Desain Interior,Desain Interior & Arsitektur Ruang,"Buku ini dirancang sebagai panduan untuk memahami ergonomi dalam desain ruang, konsep arsitektur ruang dalam modern, serta perancangan tata ruang interior. Cocok digunakan sebagai referensi utama bagi mahasiswa dan praktisi.","tata ruang, desain interior, pencahayaan ruang, material interior",Indonesia,E-book,347,978-0-313-34845-7,9999
886,TRX002371,USR00312,BK00549,2023-04-24,2023-05-08,2023-05-12,Terlambat,18.0,Dasar-Dasar Keperawatan Medikal Bedah,"Gamanto Mangunsong, S.Pd",Alfabeta,2013,"Fakultas Sains, Teknologi, & Kesehatan",Keperawatan,Keperawatan Klinis,"Buku ini membahas secara mendalam tentang prosedur klinis keperawatan, asuhan keperawatan pasien, serta komunikasi terapeutik perawat. Menjadi rujukan penting dalam perkuliahan dan penelitian terkait.","keperawatan, keperawatan medikal bedah, keperawatan anak, asuhan keperawatan",Indonesia,Fisik,192,978-0-87734-778-1,1
887,TRX002372,USR00231,BK01112,2024-09-01,2024-09-15,2024-09-18,Terlambat,17.0,Dasar-Dasar Bisnis Startup Edisi Terbaru,R.A. Titi Wahyuni,Elex Media Komputindo,2021,"Fakultas Sosial, Humaniora, & Seni",Administrasi Bisnis,Kewirausahaan & Pemasaran Bisnis,"Buku ini mengulas berbagai aspek penting dari membangun bisnis rintisan startup, pengembangan bisnis digital, serta manajemen pemasaran produk dan jasa. Cocok digunakan sebagai referensi utama bagi mahasiswa dan praktisi.","startup, bisnis digital, manajemen pemasaran, strategi pemasaran",Indonesia,Fisik,330,978-1-86543-627-2,7
888,TRX002375,USR00169,BK01158,2024-11-14,2024-11-28,2024-11-29,Terlambat,15.0,Pengantar Bisnis Digital,Wani Kurniawan,Rajawali Pers,2008,"Fakultas Sosial, Humaniora, & Seni",Administrasi Bisnis,Kewirausahaan & Pemasaran Bisnis,"Buku ini menyajikan kajian komprehensif mengenai strategi kewirausahaan dan inovasi bisnis, perencanaan strategi pemasaran, serta membangun bisnis rintisan startup. Cocok digunakan sebagai referensi utama bagi mahasiswa dan praktisi.","manajemen pemasaran, strategi pemasaran, startup, e-commerce",Indonesia,E-book,417,978-0-943945-70-5,9999
889,TRX002377,USR00118,BK01368,2025-03-16,2025-03-30,2025-03-31,Terlambat,15.0,Dasar-Dasar Jurnalistik Digital,Wawan Yuliarti,Bumi Aksara,2021,"Fakultas Sosial, Humaniora, & Seni",Ilmu Komunikasi,Jurnalistik & Media Digital,"Buku ini mengulas berbagai aspek penting dari jurnalisme online kontemporer, komunikasi digital dan audiens, serta produksi berita di media digital. Disusun dengan bahasa yang mudah dipahami untuk kalangan akademik.","konten kreator, produksi berita, media sosial, media digital",Indonesia,Fisik,349,978-1-68509-574-1,1
890,TRX002378,USR00001,BK00497,2024-02-16,2024-03-01,2024-03-02,Terlambat,15.0,Keperawatan Gawat Darurat: Teori dan Praktik Klinis Edisi Revisi,"Dt. Lega Natsir, S.Psi, Banawa Saefullah",PT Grasindo,2010,"Fakultas Sains, Teknologi, & Kesehatan",Keperawatan,Keperawatan Klinis,"Buku ini membahas secara mendalam tentang penanganan kondisi darurat medis, komunikasi terapeutik perawat, serta prosedur klinis keperawatan. Membantu pembaca membangun pemahaman konseptual maupun praktis.","keperawatan anak, keperawatan gawat darurat, asuhan keperawatan, keperawatan",Inggris,E-book,479,978-1-258-27390-3,9999
891,TRX002380,USR00146,BK00370,2025-07-01,2025-07-15,2025-07-20,Terlambat,19.0,Perancangan Teknik Industri,"Ir. Kani Mangunsong, S.IP",Informatika Bandung,2012,"Fakultas Sains, Teknologi, & Kesehatan",Teknik Industri,Teknik Industri & Manajemen Operasi,"Buku ini memberikan pemahaman menyeluruh tentang manajemen kualitas dan produktivitas, optimalisasi proses produksi, serta efisiensi tata letak fasilitas pabrik. Cocok digunakan sebagai referensi utama bagi mahasiswa dan praktisi.","produktivitas, teknik industri, efisiensi kerja, manajemen operasi",Inggris,Fisik,511,978-0-7908-0759-1,4
892,TRX002383,USR00336,BK00019,2024-02-05,2024-02-19,2024-02-23,Terlambat,18.0,Pengantar Web Development,"Cut Cornelia Prakasa, S.E.",Informatika Bandung,2009,"Fakultas Sains, Teknologi, & Kesehatan",Informatika,Pemrograman & Algoritma,"Buku ini dirancang sebagai panduan untuk memahami efisiensi algoritma, algoritma dan struktur data, serta implementasi kode. Membantu pembaca membangun pemahaman konseptual maupun praktis.","algoritma, kompleksitas, coding, struktur data",Indonesia,Fisik,277,978-1-7360260-6-9,5
893,TRX002384,USR00263,BK00521,2024-05-19,2024-06-02,2024-06-04,Terlambat,16.0,Dasar-Dasar Keperawatan Gawat Darurat,Irnanto Rajata,Alfabeta,2010,"Fakultas Sains, Teknologi, & Kesehatan",Keperawatan,Keperawatan Klinis,"Buku ini dirancang sebagai panduan untuk memahami komunikasi terapeutik perawat, penanganan kondisi darurat medis, serta manajemen perawatan pasien. Cocok digunakan sebagai referensi utama bagi mahasiswa dan praktisi.","praktik klinis, keperawatan, keperawatan anak, keperawatan gawat darurat",Indonesia,Fisik,143,978-0-380-55257-3,0
894,TRX002395,USR00099,BK00236,2024-11-19,2024-12-03,2024-12-09,Terlambat,20.0,Database NoSQL: Teori dan Aplikasi,"Puti Amalia Saptono, Arta Halim",UI Press,2017,"Fakultas Sains, Teknologi, & Kesehatan",Informatika,Basis Data,"Buku ini menyajikan kajian komprehensif mengenai arsitektur data warehouse, normalisasi data, serta manajemen sistem basis data. Membantu pembaca membangun pemahaman konseptual maupun praktis.","query, database, manajemen data, basis data",Indonesia,Fisik,525,978-1-86661-889-9,7
895,TRX002397,USR00158,BK00560,2023-02-22,2023-03-08,2023-03-10,Terlambat,16.0,Farmasi Klinis untuk Praktik Klinis,"Ridwan Sihombing, M.TI.",Rajawali Pers,2008,"Fakultas Sains, Teknologi, & Kesehatan",Farmasi,Farmakologi & Kefarmasian,"Buku ini membahas secara mendalam tentang formulasi sediaan farmasi, mekanisme kerja obat, serta efek samping dan dosis obat. Membantu pembaca membangun pemahaman konseptual maupun praktis.","apoteker, kimia farmasi, farmasi klinis, farmakologi",Inggris,E-book,182,978-1-85366-498-4,9999
896,TRX002399,USR00051,BK00056,2025-06-17,2025-07-01,2025-07-06,Terlambat,19.0,Belajar Web Development dari Nol,Ina Ramadan,Bumi Aksara,2006,"Fakultas Sains, Teknologi, & Kesehatan",Informatika,Pemrograman & Algoritma,"Buku ini menyajikan kajian komprehensif mengenai pengembangan perangkat lunak, logika pemrograman, serta implementasi kode. Cocok digunakan sebagai referensi utama bagi mahasiswa dan praktisi.","java, pemrograman, python, struktur data",Inggris,Fisik,416,978-0-351-82337-4,5
897,TRX002400,USR00291,BK01119,2024-12-19,2025-01-02,2025-01-04,Terlambat,16.0,Membangun Strategi Pemasaran,Perkasa Gunarto,Informatika Bandung,2024,"Fakultas Sosial, Humaniora, & Seni",Administrasi Bisnis,Kewirausahaan & Pemasaran Bisnis,"Buku ini mengulas berbagai aspek penting dari manajemen pemasaran produk dan jasa, strategi kewirausahaan dan inovasi bisnis, serta membangun bisnis rintisan startup. Membantu pembaca membangun pemahaman konseptual maupun praktis.","manajemen pemasaran, kewirausahaan, bisnis digital, pemasaran",Inggris,Fisik,281,978-1-76720-957-8,6
898,TRX002402,USR00277,BK00322,2023-11-06,2023-11-20,2023-11-25,Terlambat,19.0,Perancangan Manajemen Kualitas Edisi Terbaru,Emas Marpaung,Andi Publisher,2021,"Fakultas Sains, Teknologi, & Kesehatan",Teknik Industri,Teknik Industri & Manajemen Operasi,"Buku ini membahas secara mendalam tentang perancangan sistem kerja industri, manajemen kualitas dan produktivitas, serta optimalisasi proses produksi. Dilengkapi dengan contoh kasus dan studi lapangan yang relevan.","teknik industri, six sigma, produktivitas, manajemen kualitas",Indonesia,Fisik,187,978-1-204-38057-0,4
899,TRX002403,USR00246,BK00296,2023-09-09,2023-09-23,2023-09-29,Terlambat,20.0,Konsep Basis Data,Ajiman Wastuti,Deepublish,2006,"Fakultas Sains, Teknologi, & Kesehatan",Informatika,Basis Data,"Buku ini dirancang sebagai panduan untuk memahami arsitektur data warehouse, manajemen sistem basis data, serta query dan manipulasi data. Menjadi rujukan penting dalam perkuliahan dan penelitian terkait.","sql, manajemen data, nosql, normalisasi",Indonesia,E-book,457,978-0-354-21689-0,9999
900,TRX002404,USR00028,BK00696,2023-04-11,2023-04-25,2023-04-30,Terlambat,19.0,Farmasi Rumah Sakit: Praktik dan Pelayanan,Asmuni Mandala,Deepublish,2012,"Fakultas Sains, Teknologi, & Kesehatan",Farmasi,Teknologi Farmasi & Pelayanan Kefarmasian,"Buku ini membahas secara mendalam tentang standar pelayanan farmasi profesional, manajemen obat dan compounding, serta teknologi pembuatan sediaan obat. Cocok digunakan sebagai referensi utama bagi mahasiswa dan praktisi.","compounding obat, sediaan farmasi, farmasi rumah sakit, teknologi farmasi",Indonesia,E-book,365,978-1-4326-3039-3,9999
901,TRX002406,USR00025,BK00662,2024-11-24,2024-12-08,2024-12-14,Terlambat,20.0,Pengantar Teknologi Sediaan Farmasi,"Cawisono Novitasari, M.Ak",Rajawali Pers,2016,"Fakultas Sains, Teknologi, & Kesehatan",Farmasi,Teknologi Farmasi & Pelayanan Kefarmasian,"Buku ini memberikan pemahaman menyeluruh tentang standar pelayanan farmasi profesional, praktik farmasi klinis pasien, serta pelayanan kefarmasian di rumah sakit. Dilengkapi dengan contoh kasus dan studi lapangan yang relevan.","farmasi komunitas, farmasi rumah sakit, sediaan farmasi, compounding obat",Inggris,E-book,471,978-0-12-233865-6,9999
902,TRX002407,USR00301,BK00795,2023-01-04,2023-01-18,2023-01-24,Terlambat,20.0,Ilustrasi Digital: Konsep dan Praktik,Embuh Hutasoit,Salemba Empat,2010,"Fakultas Sosial, Humaniora, & Seni",Desain Komunikasi Visual,Desain Komunikasi Visual & Ilustrasi,"Buku ini mengulas berbagai aspek penting dari strategi branding melalui visual, proses kreatif desain grafis, serta estetika dalam karya seni rupa. Membantu pembaca membangun pemahaman konseptual maupun praktis.","desain komunikasi visual, branding, seni rupa, desain grafis",Indonesia,E-book,322,978-1-00-514054-0,9999
903,TRX002408,USR00341,BK01348,2025-09-23,2025-10-07,2025-10-11,Terlambat,18.0,Pengantar Komunikasi Digital,"Ir. Janet Hardiansyah, S.E.I",UI Press,2012,"Fakultas Sosial, Humaniora, & Seni",Ilmu Komunikasi,Jurnalistik & Media Digital,"Buku ini dirancang sebagai panduan untuk memahami etika jurnalistik di era digital, jurnalisme online kontemporer, serta produksi berita di media digital. Menjadi rujukan penting dalam perkuliahan dan penelitian terkait.","media sosial, media digital, produksi berita, konten kreator",Inggris,Fisik,291,978-1-80164-403-7,2
904,TRX002410,USR00310,BK00090,2025-05-24,2025-06-07,2025-06-08,Terlambat,15.0,Konsep Dasar Computer Vision,Ika Nainggolan,Pustaka Pelajar,2010,"Fakultas Sains, Teknologi, & Kesehatan",Informatika,Kecerdasan Buatan & Data Science,"Buku ini memberikan pemahaman menyeluruh tentang jaringan saraf tiruan, otomatisasi cerdas, serta prediksi berbasis data. Disusun dengan bahasa yang mudah dipahami untuk kalangan akademik.","big data, data science, machine learning, artificial intelligence",Inggris,Fisik,528,978-1-139-00532-6,8
905,TRX002413,USR00041,BK00396,2024-02-11,2024-02-25,2024-02-29,Terlambat,18.0,Dasar-Dasar Manajemen Logistik,Harto Prasasta,Erlangga,2010,"Fakultas Sains, Teknologi, & Kesehatan",Teknik Industri,Ergonomi & Rantai Pasok,"Buku ini membahas secara mendalam tentang analisis ergonomi tempat kerja, manajemen rantai pasok dan distribusi, serta optimalisasi jaringan logistik. Dilengkapi dengan contoh kasus dan studi lapangan yang relevan.","supply chain, analisis beban kerja, manajemen persediaan, logistik",Inggris,Fisik,203,978-0-9792513-2-0,7
906,TRX002414,USR00347,BK00756,2023-12-15,2023-12-29,2024-01-03,Terlambat,19.0,Keperawatan Komprehensif: Praktik Klinis Lanjutan,H. Virman Wibisono,Deepublish,2015,"Fakultas Sains, Teknologi, & Kesehatan",Profesi Ners,Keperawatan Profesi Ners,"Buku ini menyajikan kajian komprehensif mengenai etika dan profesionalisme keperawatan, residensi dan pembelajaran klinik lanjutan, serta praktik klinik keperawatan profesional. Dilengkapi dengan contoh kasus dan studi lapangan yang relevan.","evidence based practice, kompetensi ners, keperawatan komprehensif, residensi keperawatan",Inggris,E-book,341,978-0-10-225803-5,9999
907,TRX002415,USR00360,BK00941,2024-03-23,2024-04-06,2024-04-10,Terlambat,18.0,Media Interaktif: Konsep dan Praktik Edisi Revisi,R.M. Daniswara Lestari,Nuha Medika,2011,"Fakultas Sosial, Humaniora, & Seni",Desain Komunikasi Visual,Fotografi & Multimedia,"Buku ini memberikan pemahaman menyeluruh tentang desain media interaktif, produksi konten multimedia digital, serta teknik pengambilan gambar fotografi. Dilengkapi dengan contoh kasus dan studi lapangan yang relevan.","editing visual, videografi, motion graphic, fotografi",Indonesia,E-book,455,978-0-269-78930-4,9999
908,TRX002418,USR00088,BK01267,2023-09-25,2023-10-09,2023-10-11,Terlambat,16.0,Memahami Komunikasi Interpersonal,"Cut Cici Kuswandari, Jarwadi Tarihoran",UI Press,2005,"Fakultas Sosial, Humaniora, & Seni",Ilmu Komunikasi,Komunikasi & Media,"Buku ini mengulas berbagai aspek penting dari pengaruh media sosial terhadap opini publik, dinamika komunikasi massa, serta jurnalisme di era digital. Membantu pembaca membangun pemahaman konseptual maupun praktis.","public relations, media digital, jurnalistik, komunikasi massa",Indonesia,E-book,499,978-0-429-83152-2,9999
909,TRX002420,USR00334,BK01045,2025-09-23,2025-10-07,2025-10-10,Terlambat,17.0,Strategi Manajemen Operasional Edisi Ke-2,Oman Megantara,Bumi Aksara,2009,"Fakultas Sosial, Humaniora, & Seni",Administrasi Bisnis,Administrasi & Manajemen Bisnis,"Buku ini mengulas berbagai aspek penting dari manajemen sumber daya manusia perusahaan, efisiensi operasional organisasi bisnis, serta pengelolaan keuangan bisnis. Dilengkapi dengan contoh kasus dan studi lapangan yang relevan.","tata kelola perusahaan, administrasi bisnis, manajemen keuangan, manajemen bisnis",Inggris,Fisik,307,978-0-86982-210-4,0
910,TRX002421,USR00238,BK00129,2023-08-24,2023-09-07,2023-09-13,Terlambat,20.0,Data Mining: Teori dan Praktik,"Artawan Thamrin, Tgk. Rahmat Yuniar",Alfabeta,2021,"Fakultas Sains, Teknologi, & Kesehatan",Informatika,Kecerdasan Buatan & Data Science,"Buku ini membahas secara mendalam tentang kecerdasan buatan, prediksi berbasis data, serta jaringan saraf tiruan. Cocok digunakan sebagai referensi utama bagi mahasiswa dan praktisi.","data mining, big data, kecerdasan buatan, machine learning",Indonesia,Fisik,377,978-1-72217-043-1,6
911,TRX002422,USR00295,BK00122,2025-03-07,2025-03-21,2025-03-23,Terlambat,16.0,Pengantar Machine Learning,"Prabowo Marpaung, Mila Mulyani",Bumi Aksara,2018,"Fakultas Sains, Teknologi, & Kesehatan",Informatika,Kecerdasan Buatan & Data Science,"Buku ini dirancang sebagai panduan untuk memahami pembelajaran mesin, analisis data besar, serta otomatisasi cerdas. Dilengkapi dengan contoh kasus dan studi lapangan yang relevan.","big data, neural network, artificial intelligence, data science",Indonesia,Fisik,405,978-1-137-50606-1,2
912,TRX002423,USR00060,BK00471,2025-12-09,2025-12-23,2025-12-26,Terlambat,17.0,Dasar-Dasar Manajemen Logistik Edisi Ke-3,"Reksa Agustina, M.M.",Gramedia Pustaka Utama,2021,"Fakultas Sains, Teknologi, & Kesehatan",Teknik Industri,Ergonomi & Rantai Pasok,"Buku ini dirancang sebagai panduan untuk memahami optimalisasi jaringan logistik, keselamatan dan kesehatan kerja industri, serta manajemen rantai pasok dan distribusi. Dilengkapi dengan contoh kasus dan studi lapangan yang relevan.","k3, ergonomi, supply chain, distribusi",Indonesia,Fisik,435,978-0-7868-7653-2,1
913,TRX002424,USR00240,BK00695,2025-01-11,2025-01-25,2025-01-28,Terlambat,17.0,Panduan Pelayanan Kefarmasian,Ir. Opung Pradipta,Gramedia Pustaka Utama,2013,"Fakultas Sains, Teknologi, & Kesehatan",Farmasi,Teknologi Farmasi & Pelayanan Kefarmasian,"Buku ini menyajikan kajian komprehensif mengenai manajemen obat dan compounding, praktik farmasi klinis pasien, serta standar pelayanan farmasi profesional. Menjadi rujukan penting dalam perkuliahan dan penelitian terkait.","pelayanan kefarmasian, teknologi farmasi, farmasi komunitas, sediaan farmasi",Indonesia,Fisik,458,978-0-09-143639-1,4
914,TRX002430,USR00302,BK00026,2023-06-16,2023-06-30,2023-07-06,Terlambat,20.0,Pengantar Java Edisi Ke-2,Mulyanto Puspasari,Gramedia Pustaka Utama,2009,"Fakultas Sains, Teknologi, & Kesehatan",Informatika,Pemrograman & Algoritma,"Buku ini memberikan pemahaman menyeluruh tentang logika pemrograman, pemecahan masalah komputasional, serta efisiensi algoritma. Dilengkapi dengan contoh kasus dan studi lapangan yang relevan.","struktur data, java, coding, pemrograman",Indonesia,Fisik,232,978-0-241-18244-4,2
915,TRX002441,USR00259,BK00828,2023-02-11,2023-02-25,2023-03-04,Terlambat,21.0,Kreativitas dalam Desain Komunikasi Visual Edisi Revisi,"Titin Puspasari, Emil Hastuti, M.Kom.",Gramedia Pustaka Utama,2016,"Fakultas Sosial, Humaniora, & Seni",Desain Komunikasi Visual,Desain Komunikasi Visual & Ilustrasi,"Buku ini memberikan pemahaman menyeluruh tentang estetika dalam karya seni rupa, ilustrasi dan komposisi gambar, serta proses kreatif desain grafis. Disusun dengan bahasa yang mudah dipahami untuk kalangan akademik.","desain komunikasi visual, tipografi, branding, desain grafis",Indonesia,Fisik,221,978-1-342-34619-3,0
916,TRX002443,USR00045,BK00724,2024-10-28,2024-11-11,2024-11-15,Terlambat,18.0,Pembelajaran Klinik Keperawatan Berbasis Bukti,Sabrina Hasanah,Informatika Bandung,2023,"Fakultas Sains, Teknologi, & Kesehatan",Profesi Ners,Keperawatan Profesi Ners,"Buku ini menyajikan kajian komprehensif mengenai etika dan profesionalisme keperawatan, praktik klinik keperawatan profesional, serta residensi dan pembelajaran klinik lanjutan. Disusun dengan bahasa yang mudah dipahami untuk kalangan akademik.","profesi ners, evidence based practice, keperawatan lanjutan, kompetensi ners",Inggris,E-book,501,978-1-209-54814-2,9999
917,TRX002444,USR00371,BK01209,2024-01-25,2024-02-08,2024-02-11,Terlambat,17.0,Pengantar Psikologi Kepribadian,Hardana Megantara,Erlangga,2010,"Fakultas Sosial, Humaniora, & Seni",Psikologi,Psikologi Umum & Klinis,"Buku ini memberikan pemahaman menyeluruh tentang dinamika interaksi sosial manusia, intervensi psikoterapi klinis, serta gangguan psikologis dan penanganannya. Cocok digunakan sebagai referensi utama bagi mahasiswa dan praktisi.","psikoterapi, perkembangan manusia, kesehatan mental, psikologi",Indonesia,E-book,486,978-1-263-35564-9,9999
918,TRX002445,USR00322,BK01254,2025-08-18,2025-09-01,2025-09-04,Terlambat,17.0,Pengantar Public Relations,Wadi Rajata,Kencana Prenada,2009,"Fakultas Sosial, Humaniora, & Seni",Ilmu Komunikasi,Komunikasi & Media,"Buku ini menyajikan kajian komprehensif mengenai jurnalisme di era digital, hubungan masyarakat dan citra publik, serta strategi media dan publikasi. Dilengkapi dengan contoh kasus dan studi lapangan yang relevan.","public relations, media digital, komunikasi interpersonal, jurnalistik",Inggris,Fisik,315,978-1-4626-3251-0,6
919,TRX002446,USR00364,BK00068,2025-06-14,2025-06-28,2025-06-29,Terlambat,15.0,Aplikasi Data Science di Industri Edisi Revisi,Galih Ramadan,Deepublish,2005,"Fakultas Sains, Teknologi, & Kesehatan",Informatika,Kecerdasan Buatan & Data Science,"Buku ini dirancang sebagai panduan untuk memahami pembelajaran mesin, jaringan saraf tiruan, serta kecerdasan buatan. Disusun dengan bahasa yang mudah dipahami untuk kalangan akademik.","big data, machine learning, data science, neural network",Indonesia,E-book,510,978-0-680-87603-4,9999
920,TRX002447,USR00120,BK01254,2025-10-18,2025-11-01,2025-11-06,Terlambat,19.0,Pengantar Public Relations,Wadi Rajata,Kencana Prenada,2009,"Fakultas Sosial, Humaniora, & Seni",Ilmu Komunikasi,Komunikasi & Media,"Buku ini menyajikan kajian komprehensif mengenai jurnalisme di era digital, hubungan masyarakat dan citra publik, serta strategi media dan publikasi. Dilengkapi dengan contoh kasus dan studi lapangan yang relevan.","public relations, media digital, komunikasi interpersonal, jurnalistik",Inggris,Fisik,315,978-1-4626-3251-0,6
921,TRX002449,USR00131,BK00771,2023-04-05,2023-04-19,2023-04-22,Terlambat,17.0,Pembelajaran Klinik Keperawatan Komprehensif Edisi Ke-2,"Abyasa Yulianti, Siti Suartini",Salemba Empat,2009,"Fakultas Sains, Teknologi, & Kesehatan",Profesi Ners,Keperawatan Profesi Ners,"Buku ini memberikan pemahaman menyeluruh tentang penerapan evidence-based practice, residensi dan pembelajaran klinik lanjutan, serta kompetensi ners dalam asuhan pasien. Menjadi rujukan penting dalam perkuliahan dan penelitian terkait.","residensi keperawatan, keperawatan komprehensif, kompetensi ners, evidence based practice",Inggris,Fisik,132,978-1-184-26945-2,2
922,TRX002451,USR00010,BK00064,2023-10-30,2023-11-13,2023-11-14,Terlambat,15.0,Belajar Algoritma dari Nol,"R. Belinda Halim, S.E., T. Legawa Purnawati, S.Pd",Nuha Medika,2020,"Fakultas Sains, Teknologi, & Kesehatan",Informatika,Pemrograman & Algoritma,"Buku ini memberikan pemahaman menyeluruh tentang algoritma dan struktur data, pemecahan masalah komputasional, serta efisiensi algoritma. Cocok digunakan sebagai referensi utama bagi mahasiswa dan praktisi.","pemrograman, java, logika komputasi, algoritma",Indonesia,Fisik,284,978-0-7464-8877-5,2
923,TRX002453,USR00249,BK00346,2024-12-20,2025-01-03,2025-01-05,Terlambat,16.0,Optimalisasi Manajemen Kualitas Edisi Terbaru,"Radit Saefullah, S.T.",PT Grasindo,2007,"Fakultas Sains, Teknologi, & Kesehatan",Teknik Industri,Teknik Industri & Manajemen Operasi,"Buku ini memberikan pemahaman menyeluruh tentang perencanaan dan pengendalian produksi, optimalisasi proses produksi, serta efisiensi tata letak fasilitas pabrik. Cocok digunakan sebagai referensi utama bagi mahasiswa dan praktisi.","teknik industri, tata letak pabrik, perencanaan produksi, manajemen operasi",Indonesia,E-book,136,978-1-65918-463-1,9999
924,TRX002455,USR00006,BK00827,2023-03-12,2023-03-26,2023-03-31,Terlambat,19.0,Prinsip Branding Visual,"dr. Calista Pratama, S.Ked",PT Grasindo,2024,"Fakultas Sosial, Humaniora, & Seni",Desain Komunikasi Visual,Desain Komunikasi Visual & Ilustrasi,"Buku ini dirancang sebagai panduan untuk memahami estetika dalam karya seni rupa, ilustrasi dan komposisi gambar, serta strategi branding melalui visual. Disusun dengan bahasa yang mudah dipahami untuk kalangan akademik.","ilustrasi, desain komunikasi visual, branding, layout",Indonesia,E-book,328,978-0-312-44731-1,9999
925,TRX002458,USR00143,BK00371,2023-10-18,2023-11-01,2023-11-03,Terlambat,16.0,Perencanaan Produksi: Teori dan Aplikasi,Nilam Permata,Kencana Prenada,2020,"Fakultas Sains, Teknologi, & Kesehatan",Teknik Industri,Teknik Industri & Manajemen Operasi,"Buku ini mengulas berbagai aspek penting dari perencanaan dan pengendalian produksi, perancangan sistem kerja industri, serta efisiensi tata letak fasilitas pabrik. Menjadi rujukan penting dalam perkuliahan dan penelitian terkait.","efisiensi kerja, manajemen kualitas, produktivitas, manajemen operasi",Indonesia,Fisik,170,978-1-284-63920-9,0
926,TRX002459,USR00148,BK00366,2023-03-10,2023-03-24,2023-03-27,Terlambat,17.0,Dasar-Dasar Manajemen Operasi,Talia Handayani,Gramedia Pustaka Utama,2008,"Fakultas Sains, Teknologi, & Kesehatan",Teknik Industri,Teknik Industri & Manajemen Operasi,"Buku ini dirancang sebagai panduan untuk memahami efisiensi tata letak fasilitas pabrik, optimalisasi proses produksi, serta manajemen kualitas dan produktivitas. Cocok digunakan sebagai referensi utama bagi mahasiswa dan praktisi.","six sigma, produktivitas, manajemen operasi, manajemen kualitas",Indonesia,E-book,218,978-1-357-79071-4,9999
927,TRX002461,USR00297,BK00908,2025-04-17,2025-05-01,2025-05-03,Terlambat,16.0,Media Interaktif: Konsep dan Praktik Edisi Ke-3,"Olga Maryadi, S.Sos",PT Grasindo,2018,"Fakultas Sosial, Humaniora, & Seni",Desain Komunikasi Visual,Fotografi & Multimedia,"Buku ini membahas secara mendalam tentang desain media interaktif, produksi konten multimedia digital, serta teknik pengambilan gambar fotografi. Membantu pembaca membangun pemahaman konseptual maupun praktis.","multimedia, fotografi, editing visual, motion graphic",Inggris,Fisik,148,978-0-398-98681-0,1
928,TRX002462,USR00094,BK00198,2024-10-12,2024-10-26,2024-10-27,Terlambat,15.0,Dasar-Dasar Infrastruktur Jaringan,"Karen Kurniawan, Adhiarja Samosir",Pustaka Pelajar,2022,"Fakultas Sains, Teknologi, & Kesehatan",Informatika,Jaringan & Keamanan Siber,"Buku ini mengulas berbagai aspek penting dari sistem enkripsi, audit keamanan sistem, serta proteksi data digital. Dilengkapi dengan contoh kasus dan studi lapangan yang relevan.","hacking etis, kriptografi, enkripsi, jaringan komputer",Indonesia,E-book,273,978-1-4121-2678-6,9999
929,TRX002463,USR00075,BK00175,2024-01-11,2024-01-25,2024-01-29,Terlambat,18.0,Membangun Keamanan Informasi yang Aman,"Cut Usyi Damanik, S.Pd",UI Press,2017,"Fakultas Sains, Teknologi, & Kesehatan",Informatika,Jaringan & Keamanan Siber,"Buku ini dirancang sebagai panduan untuk memahami protokol komunikasi data, proteksi data digital, serta sistem enkripsi. Cocok digunakan sebagai referensi utama bagi mahasiswa dan praktisi.","keamanan siber, cyber security, kriptografi, enkripsi",Inggris,E-book,520,978-1-86337-524-5,9999
930,TRX002464,USR00348,BK00611,2024-04-04,2024-04-18,2024-04-21,Terlambat,17.0,Kimia Farmasi Klinis Edisi Terbaru,Vivi Ardianto,Graha Ilmu,2005,"Fakultas Sains, Teknologi, & Kesehatan",Farmasi,Farmakologi & Kefarmasian,"Buku ini dirancang sebagai panduan untuk memahami mekanisme kerja obat, formulasi sediaan farmasi, serta interaksi obat dalam tubuh. Dilengkapi dengan contoh kasus dan studi lapangan yang relevan.","formulasi obat, farmakologi, kimia farmasi, farmasi klinis",Inggris,Fisik,520,978-1-5482-1456-2,0
931,TRX002468,USR00069,BK01045,2023-03-10,2023-03-24,2023-03-26,Terlambat,16.0,Strategi Manajemen Operasional Edisi Ke-2,Oman Megantara,Bumi Aksara,2009,"Fakultas Sosial, Humaniora, & Seni",Administrasi Bisnis,Administrasi & Manajemen Bisnis,"Buku ini mengulas berbagai aspek penting dari manajemen sumber daya manusia perusahaan, efisiensi operasional organisasi bisnis, serta pengelolaan keuangan bisnis. Dilengkapi dengan contoh kasus dan studi lapangan yang relevan.","tata kelola perusahaan, administrasi bisnis, manajemen keuangan, manajemen bisnis",Inggris,Fisik,307,978-0-86982-210-4,0
932,TRX002470,USR00129,BK00946,2024-11-19,2024-12-03,2024-12-05,Terlambat,16.0,Desain Interior: Konsep dan Aplikasi,"Raisa Wahyudin, Hj. Eli Megantara",Nuha Medika,2023,"Fakultas Sosial, Humaniora, & Seni",Desain Interior,Desain Interior & Arsitektur Ruang,"Buku ini dirancang sebagai panduan untuk memahami konsep arsitektur ruang dalam modern, ergonomi dalam desain ruang, serta prinsip pencahayaan dan estetika ruang. Membantu pembaca membangun pemahaman konseptual maupun praktis.","desain interior, arsitektur ruang, material interior, ergonomi ruang",Indonesia,E-book,227,978-0-9589477-3-2,9999
933,TRX002471,USR00316,BK00071,2024-12-29,2025-01-12,2025-01-15,Terlambat,17.0,Natural Language Processing untuk Pemula,"Devi Yuliarti, R. Najwa Siregar, M.TI.",Gramedia Pustaka Utama,2008,"Fakultas Sains, Teknologi, & Kesehatan",Informatika,Kecerdasan Buatan & Data Science,"Buku ini mengulas berbagai aspek penting dari pembelajaran mesin, otomatisasi cerdas, serta analisis data besar. Disusun dengan bahasa yang mudah dipahami untuk kalangan akademik.","machine learning, data mining, deep learning, data science",Inggris,E-book,340,978-1-77378-263-8,9999
934,TRX002473,USR00116,BK00527,2025-06-24,2025-07-08,2025-07-12,Terlambat,18.0,Dasar-Dasar Keperawatan Maternitas,"Kamaria Samosir, Putri Irawan",Salemba Empat,2007,"Fakultas Sains, Teknologi, & Kesehatan",Keperawatan,Keperawatan Klinis,"Buku ini dirancang sebagai panduan untuk memahami prosedur klinis keperawatan, komunikasi terapeutik perawat, serta manajemen perawatan pasien. Dilengkapi dengan contoh kasus dan studi lapangan yang relevan.","keperawatan medikal bedah, keperawatan, praktik klinis, keperawatan gawat darurat",Indonesia,Fisik,245,978-1-67426-629-9,7
935,TRX002477,USR00264,BK00536,2025-01-06,2025-01-20,2025-01-24,Terlambat,18.0,Konsep Dasar Keperawatan Anak Edisi Ke-2,"Chandra Mardhiyah, Radika Nainggolan",Andi Publisher,2023,"Fakultas Sains, Teknologi, & Kesehatan",Keperawatan,Keperawatan Klinis,"Buku ini membahas secara mendalam tentang asuhan keperawatan pasien, komunikasi terapeutik perawat, serta prosedur klinis keperawatan. Cocok digunakan sebagai referensi utama bagi mahasiswa dan praktisi.","praktik klinis, asuhan keperawatan, keperawatan anak, keperawatan medikal bedah",Inggris,E-book,200,978-1-71120-754-4,9999
936,TRX002480,USR00275,BK00235,2024-09-12,2024-09-26,2024-10-03,Terlambat,21.0,Basis Data: Teori dan Aplikasi Edisi Terbaru,"Legawa Hidayanto, M.TI., Gatra Simanjuntak",Erlangga,2006,"Fakultas Sains, Teknologi, & Kesehatan",Informatika,Basis Data,"Buku ini memberikan pemahaman menyeluruh tentang manajemen sistem basis data, normalisasi data, serta arsitektur data warehouse. Menjadi rujukan penting dalam perkuliahan dan penelitian terkait.","manajemen data, database, sql, basis data",Indonesia,Fisik,480,978-1-965827-10-9,8
937,TRX002484,USR00068,BK00343,2024-11-18,2024-12-02,2024-12-08,Terlambat,20.0,Pengantar Teknik Industri,Tri Rahmawati,Kencana Prenada,2023,"Fakultas Sains, Teknologi, & Kesehatan",Teknik Industri,Teknik Industri & Manajemen Operasi,"Buku ini dirancang sebagai panduan untuk memahami manajemen kualitas dan produktivitas, optimalisasi proses produksi, serta efisiensi tata letak fasilitas pabrik. Dilengkapi dengan contoh kasus dan studi lapangan yang relevan.","produktivitas, perencanaan produksi, efisiensi kerja, manajemen operasi",Indonesia,Fisik,387,978-0-7881-6580-1,7
938,TRX002485,USR00236,BK00677,2023-09-24,2023-10-08,2023-10-12,Terlambat,18.0,Teknologi Sediaan Farmasi: Praktik dan Pelayanan,Dalimin Hidayat,Bumi Aksara,2019,"Fakultas Sains, Teknologi, & Kesehatan",Farmasi,Teknologi Farmasi & Pelayanan Kefarmasian,"Buku ini memberikan pemahaman menyeluruh tentang praktik farmasi klinis pasien, manajemen obat dan compounding, serta pelayanan kefarmasian di rumah sakit. Menjadi rujukan penting dalam perkuliahan dan penelitian terkait.","compounding obat, farmasi komunitas, teknologi farmasi, sediaan farmasi",Inggris,Fisik,210,978-1-334-81705-2,6
939,TRX002487,USR00188,BK01044,2024-11-11,2024-11-25,2024-11-27,Terlambat,16.0,Manajemen Sumber Daya Manusia: Teori dan Praktik,Farhunnisa Samosir,Erlangga,2021,"Fakultas Sosial, Humaniora, & Seni",Administrasi Bisnis,Administrasi & Manajemen Bisnis,"Buku ini menyajikan kajian komprehensif mengenai efisiensi operasional organisasi bisnis, pengelolaan keuangan bisnis, serta manajemen sumber daya manusia perusahaan. Cocok digunakan sebagai referensi utama bagi mahasiswa dan praktisi.","tata kelola perusahaan, manajemen bisnis, manajemen sumber daya manusia, manajemen keuangan",Inggris,E-book,471,978-1-4950-0507-7,9999
940,TRX002489,USR00217,BK01096,2024-03-08,2024-03-22,2024-03-28,Terlambat,20.0,Pengantar Kewirausahaan Edisi Ke-3,"R. Oni Uwais, S.Gz",Deepublish,2018,"Fakultas Sosial, Humaniora, & Seni",Administrasi Bisnis,Kewirausahaan & Pemasaran Bisnis,"Buku ini memberikan pemahaman menyeluruh tentang manajemen pemasaran produk dan jasa, perencanaan strategi pemasaran, serta strategi kewirausahaan dan inovasi bisnis. Dilengkapi dengan contoh kasus dan studi lapangan yang relevan.","startup, e-commerce, strategi pemasaran, bisnis digital",Indonesia,E-book,511,978-0-7235-1373-5,9999
941,TRX002493,USR00190,BK00220,2025-04-13,2025-04-27,2025-04-28,Terlambat,15.0,Dasar-Dasar Infrastruktur Jaringan,"Genta Nasyiah, Ella Haryanti",Bumi Aksara,2012,"Fakultas Sains, Teknologi, & Kesehatan",Informatika,Jaringan & Keamanan Siber,"Buku ini dirancang sebagai panduan untuk memahami sistem enkripsi, audit keamanan sistem, serta proteksi data digital. Menjadi rujukan penting dalam perkuliahan dan penelitian terkait.","jaringan komputer, cyber security, kriptografi, enkripsi",Indonesia,Fisik,318,978-0-914858-07-2,6
942,TRX002496,USR00255,BK00197,2025-05-04,2025-05-18,2025-05-22,Terlambat,18.0,Pengantar Infrastruktur Jaringan Edisi Revisi,"Lanang Wijayanti, S.Sos",Erlangga,2012,"Fakultas Sains, Teknologi, & Kesehatan",Informatika,Jaringan & Keamanan Siber,"Buku ini menyajikan kajian komprehensif mengenai ancaman siber, audit keamanan sistem, serta proteksi data digital. Membantu pembaca membangun pemahaman konseptual maupun praktis.","firewall, protokol jaringan, cyber security, hacking etis",Inggris,E-book,283,978-1-311-42626-0,9999
943,TRX002498,USR00142,BK00816,2023-04-15,2023-04-29,2023-05-06,Terlambat,21.0,Pengantar Tipografi Edisi Revisi,"Umi Oktaviani, M.Pd, Mahesa Handayani",Erlangga,2006,"Fakultas Sosial, Humaniora, & Seni",Desain Komunikasi Visual,Desain Komunikasi Visual & Ilustrasi,"Buku ini memberikan pemahaman menyeluruh tentang proses kreatif desain grafis, prinsip visual dan tipografi, serta strategi branding melalui visual. Dilengkapi dengan contoh kasus dan studi lapangan yang relevan.","desain grafis, tipografi, layout, branding",Indonesia,Fisik,292,978-1-63378-613-4,4
944,TRX002499,USR00115,BK01082,2023-01-29,2023-02-12,2023-02-19,Terlambat,21.0,Pengantar Administrasi Bisnis,Cut Tania Tamba,Alfabeta,2024,"Fakultas Sosial, Humaniora, & Seni",Administrasi Bisnis,Administrasi & Manajemen Bisnis,"Buku ini menyajikan kajian komprehensif mengenai pengelolaan keuangan bisnis, administrasi dan operasional bisnis, serta strategi tata kelola perusahaan. Membantu pembaca membangun pemahaman konseptual maupun praktis.","administrasi bisnis, manajemen bisnis, operasional bisnis, manajemen sumber daya manusia",Inggris,Fisik,293,978-0-918623-39-3,2
945,TRX002501,USR00192,BK00798,2024-04-15,2024-04-29,2024-05-05,Terlambat,20.0,Pengantar Desain Komunikasi Visual,"Gina Pratama, S.E.I, H. Caraka Mardhiyah, M.TI.",Andi Publisher,2010,"Fakultas Sosial, Humaniora, & Seni",Desain Komunikasi Visual,Desain Komunikasi Visual & Ilustrasi,"Buku ini membahas secara mendalam tentang prinsip visual dan tipografi, estetika dalam karya seni rupa, serta proses kreatif desain grafis. Dilengkapi dengan contoh kasus dan studi lapangan yang relevan.","branding, desain grafis, seni rupa, layout",Indonesia,Fisik,351,978-1-254-59606-8,1
946,TRX002504,USR00235,BK00619,2024-03-24,2024-04-07,2024-04-09,Terlambat,16.0,Kimia Farmasi untuk Praktik Klinis,"Sari Widiastuti, M.Pd",Nuha Medika,2012,"Fakultas Sains, Teknologi, & Kesehatan",Farmasi,Farmakologi & Kefarmasian,"Buku ini menyajikan kajian komprehensif mengenai formulasi sediaan farmasi, interaksi obat dalam tubuh, serta efek samping dan dosis obat. Disusun dengan bahasa yang mudah dipahami untuk kalangan akademik.","farmakokinetik, farmasi klinis, obat, formulasi obat",Indonesia,E-book,179,978-1-4492-6831-2,9999
947,TRX002506,USR00221,BK01363,2025-10-17,2025-10-31,2025-11-07,Terlambat,21.0,Dasar-Dasar Content Creation,"dr. Harjaya Safitri, S.Psi",Andi Publisher,2014,"Fakultas Sosial, Humaniora, & Seni",Ilmu Komunikasi,Jurnalistik & Media Digital,"Buku ini dirancang sebagai panduan untuk memahami produksi berita di media digital, strategi konten media sosial, serta jurnalisme online kontemporer. Cocok digunakan sebagai referensi utama bagi mahasiswa dan praktisi.","jurnalistik, media digital, produksi berita, komunikasi digital",Indonesia,Fisik,550,978-0-01-248255-1,8
948,TRX002507,USR00214,BK00527,2023-03-18,2023-04-01,2023-04-07,Terlambat,20.0,Dasar-Dasar Keperawatan Maternitas,"Kamaria Samosir, Putri Irawan",Salemba Empat,2007,"Fakultas Sains, Teknologi, & Kesehatan",Keperawatan,Keperawatan Klinis,"Buku ini dirancang sebagai panduan untuk memahami prosedur klinis keperawatan, komunikasi terapeutik perawat, serta manajemen perawatan pasien. Dilengkapi dengan contoh kasus dan studi lapangan yang relevan.","keperawatan medikal bedah, keperawatan, praktik klinis, keperawatan gawat darurat",Indonesia,Fisik,245,978-1-67426-629-9,7
949,TRX002508,USR00105,BK00955,2023-09-03,2023-09-17,2023-09-20,Terlambat,17.0,Dasar-Dasar Tata Ruang,dr. Martana Tampubolon,Deepublish,2006,"Fakultas Sosial, Humaniora, & Seni",Desain Interior,Desain Interior & Arsitektur Ruang,"Buku ini memberikan pemahaman menyeluruh tentang ergonomi dalam desain ruang, pemilihan material dan furnitur, serta prinsip pencahayaan dan estetika ruang. Disusun dengan bahasa yang mudah dipahami untuk kalangan akademik.","ergonomi ruang, desain interior, arsitektur ruang, tata ruang",Indonesia,Fisik,488,978-0-575-63983-6,1
950,TRX002517,USR00299,BK00726,2024-01-23,2024-02-06,2024-02-12,Terlambat,20.0,Residensi Keperawatan: Praktik Klinis Lanjutan,"Dr. Titi Wijaya, S.Pd",Graha Ilmu,2011,"Fakultas Sains, Teknologi, & Kesehatan",Profesi Ners,Keperawatan Profesi Ners,"Buku ini mengulas berbagai aspek penting dari penerapan evidence-based practice, residensi dan pembelajaran klinik lanjutan, serta etika dan profesionalisme keperawatan. Dilengkapi dengan contoh kasus dan studi lapangan yang relevan.","praktik klinis ners, residensi keperawatan, keperawatan komprehensif, profesi ners",Inggris,Fisik,519,978-0-86567-566-7,2
951,TRX002519,USR00169,BK01126,2023-01-05,2023-01-19,2023-01-23,Terlambat,18.0,Strategi Manajemen Pemasaran,"Bakiadi Widiastuti, S.Psi",Deepublish,2021,"Fakultas Sosial, Humaniora, & Seni",Administrasi Bisnis,Kewirausahaan & Pemasaran Bisnis,"Buku ini menyajikan kajian komprehensif mengenai perencanaan strategi pemasaran, strategi kewirausahaan dan inovasi bisnis, serta membangun bisnis rintisan startup. Dilengkapi dengan contoh kasus dan studi lapangan yang relevan.","pemasaran, e-commerce, kewirausahaan, startup",Inggris,Fisik,382,978-0-213-12512-7,7
952,TRX002522,USR00362,BK01350,2023-06-26,2023-07-10,2023-07-16,Terlambat,20.0,Produksi Berita di Era Digital Edisi Ke-3,"Vinsen Nashiruddin, Aditya Marpaung",Informatika Bandung,2023,"Fakultas Sosial, Humaniora, & Seni",Ilmu Komunikasi,Jurnalistik & Media Digital,"Buku ini menyajikan kajian komprehensif mengenai jurnalisme online kontemporer, strategi konten media sosial, serta komunikasi digital dan audiens. Membantu pembaca membangun pemahaman konseptual maupun praktis.","media sosial, produksi berita, konten kreator, media digital",Indonesia,E-book,512,978-1-9821-3486-0,9999
953,TRX002528,USR00139,BK00543,2023-01-28,2023-02-11,2023-02-14,Terlambat,17.0,Konsep Dasar Keperawatan Anak,"Prabawa Sihotang, Jaka Kusumo",Graha Ilmu,2021,"Fakultas Sains, Teknologi, & Kesehatan",Keperawatan,Keperawatan Klinis,"Buku ini dirancang sebagai panduan untuk memahami prosedur klinis keperawatan, penanganan kondisi darurat medis, serta manajemen perawatan pasien. Membantu pembaca membangun pemahaman konseptual maupun praktis.","praktik klinis, keperawatan, asuhan keperawatan, keperawatan gawat darurat",Inggris,Fisik,293,978-1-5480-1571-8,4
954,TRX002530,USR00267,BK00586,2025-09-27,2025-10-11,2025-10-16,Terlambat,19.0,Prinsip Farmakologi Edisi Revisi,"Elisa Hastuti, Calista Lailasari",Salemba Empat,2014,"Fakultas Sains, Teknologi, & Kesehatan",Farmasi,Farmakologi & Kefarmasian,"Buku ini menyajikan kajian komprehensif mengenai mekanisme kerja obat, pelayanan kefarmasian klinis, serta interaksi obat dalam tubuh. Disusun dengan bahasa yang mudah dipahami untuk kalangan akademik.","formulasi obat, farmakologi, toksikologi, farmasi klinis",Indonesia,E-book,258,978-1-58777-121-7,9999
955,TRX002534,USR00039,BK01069,2023-09-11,2023-09-25,2023-10-02,Terlambat,21.0,Dasar-Dasar Manajemen Keuangan,"Lalita Tampubolon, S.E.",Informatika Bandung,2009,"Fakultas Sosial, Humaniora, & Seni",Administrasi Bisnis,Administrasi & Manajemen Bisnis,"Buku ini membahas secara mendalam tentang strategi tata kelola perusahaan, administrasi dan operasional bisnis, serta pengelolaan keuangan bisnis. Cocok digunakan sebagai referensi utama bagi mahasiswa dan praktisi.","manajemen sumber daya manusia, operasional bisnis, manajemen keuangan, manajemen bisnis",Inggris,Fisik,276,978-0-559-83541-4,4
956,TRX002535,USR00341,BK01345,2025-07-03,2025-07-17,2025-07-20,Terlambat,17.0,Dasar-Dasar Media Sosial Edisi Ke-2,"Gangsar Wacana, Jarwa Palastri",Rajawali Pers,2007,"Fakultas Sosial, Humaniora, & Seni",Ilmu Komunikasi,Jurnalistik & Media Digital,"Buku ini dirancang sebagai panduan untuk memahami strategi konten media sosial, produksi berita di media digital, serta komunikasi digital dan audiens. Cocok digunakan sebagai referensi utama bagi mahasiswa dan praktisi.","media digital, jurnalistik, produksi berita, konten kreator",Indonesia,Fisik,393,978-1-03-211920-5,4
957,TRX002537,USR00299,BK00780,2024-02-17,2024-03-02,2024-03-04,Terlambat,16.0,Modul Keperawatan Berbasis Bukti Edisi Terbaru,"Edison Prasetyo, S.Sos",Graha Ilmu,2009,"Fakultas Sains, Teknologi, & Kesehatan",Profesi Ners,Keperawatan Profesi Ners,"Buku ini menyajikan kajian komprehensif mengenai kompetensi ners dalam asuhan pasien, residensi dan pembelajaran klinik lanjutan, serta etika dan profesionalisme keperawatan. Membantu pembaca membangun pemahaman konseptual maupun praktis.","profesi ners, residensi keperawatan, keperawatan komprehensif, kompetensi ners",Indonesia,Fisik,146,978-1-213-14519-1,5
958,TRX002538,USR00120,BK01303,2025-04-17,2025-05-01,2025-05-06,Terlambat,19.0,Pengantar Komunikasi Massa,Puti Gilda Zulkarnain,Graha Ilmu,2015,"Fakultas Sosial, Humaniora, & Seni",Ilmu Komunikasi,Komunikasi & Media,"Buku ini dirancang sebagai panduan untuk memahami jurnalisme di era digital, pengaruh media sosial terhadap opini publik, serta strategi media dan publikasi. Menjadi rujukan penting dalam perkuliahan dan penelitian terkait.","jurnalistik, media sosial, public relations, komunikasi interpersonal",Indonesia,Fisik,300,978-1-83550-542-7,1
959,TRX002546,USR00360,BK00850,2024-03-30,2024-04-13,2024-04-18,Terlambat,19.0,Dasar-Dasar Desain Grafis,"Farhunnisa Narpati, Sutan Ganjaran Uyainah, S.Pd",Elex Media Komputindo,2023,"Fakultas Sosial, Humaniora, & Seni",Desain Komunikasi Visual,Desain Komunikasi Visual & Ilustrasi,"Buku ini membahas secara mendalam tentang estetika dalam karya seni rupa, strategi branding melalui visual, serta ilustrasi dan komposisi gambar. Menjadi rujukan penting dalam perkuliahan dan penelitian terkait.","layout, desain komunikasi visual, ilustrasi, desain grafis",Indonesia,Fisik,240,978-0-12-897432-2,6
960,TRX002548,USR00258,BK00443,2024-05-08,2024-05-22,2024-05-29,Terlambat,21.0,Studi Keselamatan dan Kesehatan Kerja di Industri Edisi Terbaru,Yuliana Hidayat,Elex Media Komputindo,2023,"Fakultas Sains, Teknologi, & Kesehatan",Teknik Industri,Ergonomi & Rantai Pasok,"Buku ini dirancang sebagai panduan untuk memahami pengendalian persediaan barang, analisis ergonomi tempat kerja, serta manajemen rantai pasok dan distribusi. Disusun dengan bahasa yang mudah dipahami untuk kalangan akademik.","distribusi, analisis beban kerja, k3, ergonomi",Indonesia,Fisik,126,978-0-472-14586-7,1
961,TRX002550,USR00082,BK01351,2023-02-14,2023-02-28,2023-03-01,Terlambat,15.0,Pengantar Produksi Berita,Kemal Palastri,Deepublish,2007,"Fakultas Sosial, Humaniora, & Seni",Ilmu Komunikasi,Jurnalistik & Media Digital,"Buku ini mengulas berbagai aspek penting dari strategi konten media sosial, jurnalisme online kontemporer, serta produksi berita di media digital. Menjadi rujukan penting dalam perkuliahan dan penelitian terkait.","konten kreator, media sosial, komunikasi digital, produksi berita",Inggris,E-book,477,978-1-9736-3831-5,9999
962,TRX002555,USR00336,BK01225,2023-10-27,2023-11-10,2023-11-12,Terlambat,16.0,Konsep Psikologi Perkembangan Modern,"Adikara Januar, Panca Purwanti",Kencana Prenada,2012,"Fakultas Sosial, Humaniora, & Seni",Psikologi,Psikologi Umum & Klinis,"Buku ini membahas secara mendalam tentang gangguan psikologis dan penanganannya, perilaku dan proses mental manusia, serta dinamika interaksi sosial manusia. Membantu pembaca membangun pemahaman konseptual maupun praktis.","perkembangan manusia, kesehatan mental, psikologi, psikoterapi",Indonesia,Fisik,395,978-0-08-385076-1,2
963,TRX002558,USR00054,BK01007,2025-09-10,2025-09-24,2025-10-01,Terlambat,21.0,Perancangan Material dan Furnitur,"Icha Samosir, S.E.",UI Press,2023,"Fakultas Sosial, Humaniora, & Seni",Desain Interior,Desain Interior & Arsitektur Ruang,"Buku ini dirancang sebagai panduan untuk memahami perancangan tata ruang interior, prinsip pencahayaan dan estetika ruang, serta konsep arsitektur ruang dalam modern. Cocok digunakan sebagai referensi utama bagi mahasiswa dan praktisi.","material interior, furnitur, tata ruang, ergonomi ruang",Indonesia,Fisik,521,978-1-74222-946-1,7
964,TRX002559,USR00065,BK00512,2023-03-18,2023-04-01,2023-04-08,Terlambat,21.0,Keperawatan Medikal Bedah: Teori dan Praktik Klinis,"Shakila Sitorus, Dt. Ega Aryani",Alfabeta,2010,"Fakultas Sains, Teknologi, & Kesehatan",Keperawatan,Keperawatan Klinis,"Buku ini mengulas berbagai aspek penting dari komunikasi terapeutik perawat, manajemen perawatan pasien, serta prosedur klinis keperawatan. Menjadi rujukan penting dalam perkuliahan dan penelitian terkait.","praktik klinis, keperawatan medikal bedah, asuhan keperawatan, keperawatan anak",Indonesia,Fisik,456,978-0-19-508501-3,7
965,TRX002560,USR00345,BK00436,2024-01-12,2024-01-26,2024-01-28,Terlambat,16.0,Dasar-Dasar Ergonomi Edisi Ke-3,Jaeman Rahayu,Kencana Prenada,2014,"Fakultas Sains, Teknologi, & Kesehatan",Teknik Industri,Ergonomi & Rantai Pasok,"Buku ini membahas secara mendalam tentang pengendalian persediaan barang, optimalisasi jaringan logistik, serta analisis ergonomi tempat kerja. Membantu pembaca membangun pemahaman konseptual maupun praktis.","k3, ergonomi, rantai pasok, distribusi",Indonesia,Fisik,305,978-1-145-21117-9,0
966,TRX002561,USR00305,BK00312,2025-05-07,2025-05-21,2025-05-27,Terlambat,20.0,Konsep Sistem Basis Data,Iriana Lazuardi,Graha Ilmu,2008,"Fakultas Sains, Teknologi, & Kesehatan",Informatika,Basis Data,"Buku ini membahas secara mendalam tentang arsitektur data warehouse, manajemen sistem basis data, serta normalisasi data. Menjadi rujukan penting dalam perkuliahan dan penelitian terkait.","manajemen data, query, database, data warehouse",Indonesia,Fisik,392,978-0-16-608801-2,7
967,TRX002563,USR00067,BK00998,2023-04-21,2023-05-05,2023-05-10,Terlambat,19.0,Prinsip Material dan Furnitur Edisi Ke-2,"Ratna Yolanda, Lili Zulkarnain",Elex Media Komputindo,2023,"Fakultas Sosial, Humaniora, & Seni",Desain Interior,Desain Interior & Arsitektur Ruang,"Buku ini memberikan pemahaman menyeluruh tentang konsep arsitektur ruang dalam modern, ergonomi dalam desain ruang, serta perancangan tata ruang interior. Dilengkapi dengan contoh kasus dan studi lapangan yang relevan.","furnitur, desain interior, tata ruang, pencahayaan ruang",Indonesia,E-book,383,978-0-932998-19-4,9999
968,TRX002564,USR00230,BK00724,2024-02-09,2024-02-23,2024-03-01,Terlambat,21.0,Pembelajaran Klinik Keperawatan Berbasis Bukti,Sabrina Hasanah,Informatika Bandung,2023,"Fakultas Sains, Teknologi, & Kesehatan",Profesi Ners,Keperawatan Profesi Ners,"Buku ini menyajikan kajian komprehensif mengenai etika dan profesionalisme keperawatan, praktik klinik keperawatan profesional, serta residensi dan pembelajaran klinik lanjutan. Disusun dengan bahasa yang mudah dipahami untuk kalangan akademik.","profesi ners, evidence based practice, keperawatan lanjutan, kompetensi ners",Inggris,E-book,501,978-1-209-54814-2,9999
969,TRX002566,USR00035,BK00250,2023-12-29,2024-01-12,2024-01-13,Terlambat,15.0,Perancangan Sistem Basis Data,Vera Pranowo,Deepublish,2022,"Fakultas Sains, Teknologi, & Kesehatan",Informatika,Basis Data,"Buku ini mengulas berbagai aspek penting dari normalisasi data, perancangan basis data, serta manajemen sistem basis data. Cocok digunakan sebagai referensi utama bagi mahasiswa dan praktisi.","basis data, nosql, database, sql",Inggris,Fisik,301,978-1-74112-490-3,3
970,TRX002567,USR00378,BK00476,2024-08-05,2024-08-19,2024-08-23,Terlambat,18.0,Konsep Dasar Keperawatan Maternitas,Lasmono Kusmawati,Salemba Empat,2024,"Fakultas Sains, Teknologi, & Kesehatan",Keperawatan,Keperawatan Klinis,"Buku ini membahas secara mendalam tentang asuhan keperawatan pasien, komunikasi terapeutik perawat, serta prosedur klinis keperawatan. Disusun dengan bahasa yang mudah dipahami untuk kalangan akademik.","praktik klinis, keperawatan anak, asuhan keperawatan, keperawatan gawat darurat",Indonesia,Fisik,314,978-0-490-47128-3,7
971,TRX002568,USR00328,BK00545,2025-07-08,2025-07-22,2025-07-27,Terlambat,19.0,Panduan Keperawatan Anak Edisi Ke-3,"Joko Wulandari, S.IP",Pustaka Pelajar,2023,"Fakultas Sains, Teknologi, & Kesehatan",Keperawatan,Keperawatan Klinis,"Buku ini menyajikan kajian komprehensif mengenai komunikasi terapeutik perawat, manajemen perawatan pasien, serta prosedur klinis keperawatan. Cocok digunakan sebagai referensi utama bagi mahasiswa dan praktisi.","keperawatan, asuhan keperawatan, keperawatan anak, keperawatan gawat darurat",Indonesia,Fisik,266,978-1-81126-691-5,6
972,TRX002572,USR00228,BK00500,2024-08-28,2024-09-11,2024-09-15,Terlambat,18.0,Dasar-Dasar Keperawatan Anak,R. Tina Mandasari,Pustaka Pelajar,2009,"Fakultas Sains, Teknologi, & Kesehatan",Keperawatan,Keperawatan Klinis,"Buku ini dirancang sebagai panduan untuk memahami penanganan kondisi darurat medis, manajemen perawatan pasien, serta komunikasi terapeutik perawat. Menjadi rujukan penting dalam perkuliahan dan penelitian terkait.","keperawatan, asuhan keperawatan, keperawatan medikal bedah, praktik klinis",Indonesia,E-book,300,978-1-56083-318-5,9999
973,TRX002573,USR00253,BK01172,2023-06-24,2023-07-08,2023-07-13,Terlambat,19.0,Psikologi Umum: Teori dan Aplikasi Edisi Ke-3,Dodo Pudjiastuti,PT Grasindo,2014,"Fakultas Sosial, Humaniora, & Seni",Psikologi,Psikologi Umum & Klinis,"Buku ini menyajikan kajian komprehensif mengenai dinamika interaksi sosial manusia, intervensi psikoterapi klinis, serta gangguan psikologis dan penanganannya. Disusun dengan bahasa yang mudah dipahami untuk kalangan akademik.","kepribadian, kesehatan mental, psikologi, perkembangan manusia",Indonesia,Fisik,455,978-0-571-55868-1,2
974,TRX002574,USR00259,BK00991,2025-07-19,2025-08-02,2025-08-08,Terlambat,20.0,Arsitektur Ruang Dalam: Konsep dan Aplikasi,Jamalia Situmorang,Pustaka Pelajar,2022,"Fakultas Sosial, Humaniora, & Seni",Desain Interior,Desain Interior & Arsitektur Ruang,"Buku ini memberikan pemahaman menyeluruh tentang pemilihan material dan furnitur, konsep arsitektur ruang dalam modern, serta prinsip pencahayaan dan estetika ruang. Disusun dengan bahasa yang mudah dipahami untuk kalangan akademik.","furnitur, desain interior, pencahayaan ruang, tata ruang",Indonesia,Fisik,344,978-0-7738-2646-5,6
975,TRX002575,USR00156,BK00231,2024-07-06,2024-07-20,2024-07-22,Terlambat,16.0,Sistem Basis Data: Teori dan Aplikasi Edisi Ke-2,"Clara Jailani, Galar Uwais",UI Press,2009,"Fakultas Sains, Teknologi, & Kesehatan",Informatika,Basis Data,"Buku ini mengulas berbagai aspek penting dari query dan manipulasi data, normalisasi data, serta arsitektur data warehouse. Membantu pembaca membangun pemahaman konseptual maupun praktis.","sql, data warehouse, database, normalisasi",Indonesia,Fisik,206,978-0-622-18909-3,0
976,TRX002578,USR00065,BK00519,2025-10-20,2025-11-03,2025-11-06,Terlambat,17.0,Panduan Keperawatan Gawat Darurat Edisi Revisi,R. Widya Samosir,PT Grasindo,2023,"Fakultas Sains, Teknologi, & Kesehatan",Keperawatan,Keperawatan Klinis,"Buku ini mengulas berbagai aspek penting dari manajemen perawatan pasien, penanganan kondisi darurat medis, serta asuhan keperawatan pasien. Dilengkapi dengan contoh kasus dan studi lapangan yang relevan.","asuhan keperawatan, keperawatan medikal bedah, keperawatan gawat darurat, keperawatan anak",Indonesia,Fisik,186,978-1-375-40254-5,1
977,TRX002582,USR00302,BK00289,2025-02-06,2025-02-20,2025-02-22,Terlambat,16.0,Manajemen SQL Server Modern Edisi Ke-2,"Cahyono Dongoran, M.Kom.",Graha Ilmu,2010,"Fakultas Sains, Teknologi, & Kesehatan",Informatika,Basis Data,"Buku ini menyajikan kajian komprehensif mengenai arsitektur data warehouse, manajemen sistem basis data, serta query dan manipulasi data. Membantu pembaca membangun pemahaman konseptual maupun praktis.","normalisasi, query, sql, database",Indonesia,E-book,392,978-1-66609-935-5,9999
978,TRX002583,USR00215,BK01176,2024-10-01,2024-10-15,2024-10-16,Terlambat,15.0,Konsep Psikologi Umum Modern,Jasmin Wibisono,Graha Ilmu,2012,"Fakultas Sosial, Humaniora, & Seni",Psikologi,Psikologi Umum & Klinis,"Buku ini menyajikan kajian komprehensif mengenai intervensi psikoterapi klinis, dinamika interaksi sosial manusia, serta gangguan psikologis dan penanganannya. Dilengkapi dengan contoh kasus dan studi lapangan yang relevan.","psikologi, perkembangan manusia, psikologi sosial, kesehatan mental",Indonesia,Fisik,277,978-0-469-97990-1,0
979,TRX002589,USR00063,BK00265,2023-09-05,2023-09-19,2023-09-26,Terlambat,21.0,Manajemen Basis Data Modern Edisi Revisi,"Manah Pratiwi, Waluyo Mandasari",Graha Ilmu,2011,"Fakultas Sains, Teknologi, & Kesehatan",Informatika,Basis Data,"Buku ini membahas secara mendalam tentang manajemen sistem basis data, perancangan basis data, serta query dan manipulasi data. Menjadi rujukan penting dalam perkuliahan dan penelitian terkait.","database, nosql, normalisasi, basis data",Inggris,Fisik,522,978-1-135-52157-8,7
980,TRX002591,USR00203,BK01250,2023-03-01,2023-03-15,2023-03-21,Terlambat,20.0,Strategi Jurnalistik Edisi Revisi,Zahra Rahayu,Alfabeta,2011,"Fakultas Sosial, Humaniora, & Seni",Ilmu Komunikasi,Komunikasi & Media,"Buku ini menyajikan kajian komprehensif mengenai hubungan masyarakat dan citra publik, dinamika komunikasi massa, serta jurnalisme di era digital. Menjadi rujukan penting dalam perkuliahan dan penelitian terkait.","broadcasting, komunikasi massa, media digital, media sosial",Indonesia,Fisik,231,978-1-4403-9464-5,5
981,TRX002592,USR00146,BK00457,2025-04-25,2025-05-09,2025-05-12,Terlambat,17.0,Dasar-Dasar Manajemen Persediaan,Tgk. Kunthara Simanjuntak,Gramedia Pustaka Utama,2014,"Fakultas Sains, Teknologi, & Kesehatan",Teknik Industri,Ergonomi & Rantai Pasok,"Buku ini dirancang sebagai panduan untuk memahami analisis ergonomi tempat kerja, pengendalian persediaan barang, serta optimalisasi jaringan logistik. Dilengkapi dengan contoh kasus dan studi lapangan yang relevan.","logistik, k3, distribusi, analisis beban kerja",Inggris,E-book,547,978-0-493-21495-5,9999
982,TRX002593,USR00053,BK01202,2023-11-19,2023-12-03,2023-12-05,Terlambat,16.0,Dasar-Dasar Psikologi Kepribadian Edisi Revisi,Iriana Lazuardi,Erlangga,2010,"Fakultas Sosial, Humaniora, & Seni",Psikologi,Psikologi Umum & Klinis,"Buku ini membahas secara mendalam tentang intervensi psikoterapi klinis, perilaku dan proses mental manusia, serta gangguan psikologis dan penanganannya. Menjadi rujukan penting dalam perkuliahan dan penelitian terkait.","psikologi sosial, kesehatan mental, perkembangan manusia, psikoterapi",Indonesia,Fisik,435,978-0-15-001418-8,8
983,TRX002594,USR00120,BK01241,2023-06-28,2023-07-12,2023-07-16,Terlambat,18.0,Pengantar Public Relations,Safina Wacana,Erlangga,2010,"Fakultas Sosial, Humaniora, & Seni",Ilmu Komunikasi,Komunikasi & Media,"Buku ini memberikan pemahaman menyeluruh tentang hubungan masyarakat dan citra publik, dinamika komunikasi massa, serta strategi media dan publikasi. Dilengkapi dengan contoh kasus dan studi lapangan yang relevan.","broadcasting, media sosial, komunikasi massa, public relations",Indonesia,Fisik,510,978-0-453-37220-6,2
984,TRX002596,USR00110,BK00960,2025-12-15,2025-12-29,2025-12-30,Terlambat,15.0,Perancangan Desain Interior,"dr. Padma Budiman, Hadi Agustina, S.Gz",Erlangga,2007,"Fakultas Sosial, Humaniora, & Seni",Desain Interior,Desain Interior & Arsitektur Ruang,"Buku ini menyajikan kajian komprehensif mengenai pemilihan material dan furnitur, perancangan tata ruang interior, serta konsep arsitektur ruang dalam modern. Disusun dengan bahasa yang mudah dipahami untuk kalangan akademik.","desain interior, ergonomi ruang, pencahayaan ruang, furnitur",Indonesia,Fisik,391,978-0-8241-2704-6,4
985,TRX002598,USR00046,BK01172,2025-01-20,2025-02-03,2025-02-06,Terlambat,17.0,Psikologi Umum: Teori dan Aplikasi Edisi Ke-3,Dodo Pudjiastuti,PT Grasindo,2014,"Fakultas Sosial, Humaniora, & Seni",Psikologi,Psikologi Umum & Klinis,"Buku ini menyajikan kajian komprehensif mengenai dinamika interaksi sosial manusia, intervensi psikoterapi klinis, serta gangguan psikologis dan penanganannya. Disusun dengan bahasa yang mudah dipahami untuk kalangan akademik.","kepribadian, kesehatan mental, psikologi, perkembangan manusia",Indonesia,Fisik,455,978-0-571-55868-1,2
986,TRX002600,USR00096,BK00963,2025-10-12,2025-10-26,2025-10-30,Terlambat,18.0,Pengantar Material dan Furnitur Edisi Revisi,"Hardi Haryanti, S.Pt",Rajawali Pers,2007,"Fakultas Sosial, Humaniora, & Seni",Desain Interior,Desain Interior & Arsitektur Ruang,"Buku ini dirancang sebagai panduan untuk memahami prinsip pencahayaan dan estetika ruang, konsep arsitektur ruang dalam modern, serta ergonomi dalam desain ruang. Cocok digunakan sebagai referensi utama bagi mahasiswa dan praktisi.","ergonomi ruang, furnitur, pencahayaan ruang, desain interior",Indonesia,Fisik,421,978-1-324-06424-4,7
987,TRX002602,USR00043,BK01341,2025-04-01,2025-04-15,2025-04-21,Terlambat,20.0,Praktik Komunikasi Digital Edisi Revisi,"R.M. Setya Usamah, M.TI.",Graha Ilmu,2021,"Fakultas Sosial, Humaniora, & Seni",Ilmu Komunikasi,Jurnalistik & Media Digital,"Buku ini dirancang sebagai panduan untuk memahami komunikasi digital dan audiens, produksi berita di media digital, serta etika jurnalistik di era digital. Menjadi rujukan penting dalam perkuliahan dan penelitian terkait.","jurnalistik, media sosial, konten kreator, produksi berita",Inggris,Fisik,185,978-1-62053-440-3,5
988,TRX002605,USR00174,BK00170,2024-09-17,2024-10-01,2024-10-03,Terlambat,16.0,Pengantar Kriptografi,Puti Almira Pudjiastuti,Salemba Empat,2011,"Fakultas Sains, Teknologi, & Kesehatan",Informatika,Jaringan & Keamanan Siber,"Buku ini menyajikan kajian komprehensif mengenai ancaman siber, protokol komunikasi data, serta audit keamanan sistem. Cocok digunakan sebagai referensi utama bagi mahasiswa dan praktisi.","hacking etis, protokol jaringan, enkripsi, cyber security",Indonesia,Fisik,174,978-0-258-71397-6,2
989,TRX002606,USR00361,BK00008,2024-02-22,2024-03-07,2024-03-10,Terlambat,17.0,Belajar Python dari Nol,"Iriana Prabowo, M.Kom., Syahrini Haryanti",Gramedia Pustaka Utama,2020,"Fakultas Sains, Teknologi, & Kesehatan",Informatika,Pemrograman & Algoritma,"Buku ini dirancang sebagai panduan untuk memahami efisiensi algoritma, pengembangan perangkat lunak, serta algoritma dan struktur data. Disusun dengan bahasa yang mudah dipahami untuk kalangan akademik.","java, struktur data, python, coding",Indonesia,Fisik,545,978-1-238-84969-2,4
990,TRX002609,USR00351,BK00182,2024-12-21,2025-01-04,2025-01-08,Terlambat,18.0,Pengantar Keamanan Informasi Edisi Ke-2,"H. Radit Nainggolan, Embuh Waluyo",Deepublish,2018,"Fakultas Sains, Teknologi, & Kesehatan",Informatika,Jaringan & Keamanan Siber,"Buku ini memberikan pemahaman menyeluruh tentang audit keamanan sistem, keamanan jaringan komputer, serta sistem enkripsi. Menjadi rujukan penting dalam perkuliahan dan penelitian terkait.","keamanan siber, cyber security, hacking etis, jaringan komputer",Inggris,Fisik,313,978-0-398-37354-2,5
991,TRX002611,USR00096,BK01105,2025-10-06,2025-10-20,2025-10-21,Terlambat,15.0,Dasar-Dasar Strategi Pemasaran,"Dagel Sitorus, M.M.",PT Grasindo,2024,"Fakultas Sosial, Humaniora, & Seni",Administrasi Bisnis,Kewirausahaan & Pemasaran Bisnis,"Buku ini menyajikan kajian komprehensif mengenai manajemen pemasaran produk dan jasa, membangun bisnis rintisan startup, serta pengembangan bisnis digital. Membantu pembaca membangun pemahaman konseptual maupun praktis.","pemasaran, bisnis digital, startup, e-commerce",Indonesia,Fisik,537,978-1-139-84822-0,7
992,TRX002615,USR00306,BK00050,2025-08-20,2025-09-03,2025-09-10,Terlambat,21.0,Algoritma dan Logika Pemrograman,"Drs. Purwa Gunarto, S.I.Kom",PT Grasindo,2020,"Fakultas Sains, Teknologi, & Kesehatan",Informatika,Pemrograman & Algoritma,"Buku ini membahas secara mendalam tentang pemecahan masalah komputasional, logika pemrograman, serta pengembangan perangkat lunak. Disusun dengan bahasa yang mudah dipahami untuk kalangan akademik.","java, logika komputasi, struktur data, pemrograman",Inggris,E-book,525,978-1-185-06716-3,9999
993,TRX002618,USR00212,BK01076,2023-04-28,2023-05-12,2023-05-15,Terlambat,17.0,Manajemen Administrasi Bisnis,drg. Sari Permata,Salemba Empat,2009,"Fakultas Sosial, Humaniora, & Seni",Administrasi Bisnis,Administrasi & Manajemen Bisnis,"Buku ini memberikan pemahaman menyeluruh tentang strategi tata kelola perusahaan, pengelolaan keuangan bisnis, serta manajemen sumber daya manusia perusahaan. Membantu pembaca membangun pemahaman konseptual maupun praktis.","operasional bisnis, manajemen sumber daya manusia, manajemen bisnis, manajemen keuangan",Indonesia,Fisik,125,978-1-5465-5358-8,0
994,TRX002625,USR00274,BK00602,2025-05-15,2025-05-29,2025-06-03,Terlambat,19.0,Dasar Kimia Farmasi Edisi Ke-3,"Zizi Lailasari, Ratna Riyanti, M.Pd",Kencana Prenada,2022,"Fakultas Sains, Teknologi, & Kesehatan",Farmasi,Farmakologi & Kefarmasian,"Buku ini mengulas berbagai aspek penting dari formulasi sediaan farmasi, mekanisme kerja obat, serta efek samping dan dosis obat. Cocok digunakan sebagai referensi utama bagi mahasiswa dan praktisi.","formulasi obat, apoteker, farmasi klinis, toksikologi",Indonesia,Fisik,436,978-0-7678-9973-4,0
995,TRX002629,USR00026,BK00767,2024-07-07,2024-07-21,2024-07-28,Terlambat,21.0,Panduan Praktik Profesi Ners,"Dt. Caturangga Rahimah, S.T.",Nuha Medika,2006,"Fakultas Sains, Teknologi, & Kesehatan",Profesi Ners,Keperawatan Profesi Ners,"Buku ini mengulas berbagai aspek penting dari etika dan profesionalisme keperawatan, kompetensi ners dalam asuhan pasien, serta residensi dan pembelajaran klinik lanjutan. Membantu pembaca membangun pemahaman konseptual maupun praktis.","praktik klinis ners, keperawatan komprehensif, keperawatan lanjutan, kompetensi ners",Indonesia,E-book,123,978-1-09-036788-4,9999
996,TRX002633,USR00147,BK00995,2023-04-04,2023-04-18,2023-04-22,Terlambat,18.0,Perancangan Material dan Furnitur Edisi Ke-2,Danuja Kusumo,Graha Ilmu,2005,"Fakultas Sosial, Humaniora, & Seni",Desain Interior,Desain Interior & Arsitektur Ruang,"Buku ini dirancang sebagai panduan untuk memahami konsep arsitektur ruang dalam modern, pemilihan material dan furnitur, serta ergonomi dalam desain ruang. Cocok digunakan sebagai referensi utama bagi mahasiswa dan praktisi.","arsitektur ruang, pencahayaan ruang, desain interior, ergonomi ruang",Indonesia,E-book,425,978-0-268-65369-9,9999
997,TRX002634,USR00155,BK00099,2024-10-19,2024-11-02,2024-11-05,Terlambat,17.0,Pengantar Kecerdasan Buatan Edisi Ke-3,Salwa Anggraini,PT Grasindo,2012,"Fakultas Sains, Teknologi, & Kesehatan",Informatika,Kecerdasan Buatan & Data Science,"Buku ini mengulas berbagai aspek penting dari jaringan saraf tiruan, prediksi berbasis data, serta analisis data besar. Menjadi rujukan penting dalam perkuliahan dan penelitian terkait.","artificial intelligence, neural network, big data, machine learning",Indonesia,Fisik,157,978-1-945198-32-8,0
998,TRX002636,USR00275,BK00529,2024-08-03,2024-08-17,2024-08-21,Terlambat,18.0,Asuhan Keperawatan Jiwa,"Vinsen Saputra, S.Farm",Salemba Empat,2020,"Fakultas Sains, Teknologi, & Kesehatan",Keperawatan,Keperawatan Klinis,"Buku ini mengulas berbagai aspek penting dari komunikasi terapeutik perawat, penanganan kondisi darurat medis, serta asuhan keperawatan pasien. Disusun dengan bahasa yang mudah dipahami untuk kalangan akademik.","praktik klinis, keperawatan, asuhan keperawatan, keperawatan gawat darurat",Indonesia,Fisik,398,978-1-923264-87-8,4
999,TRX002637,USR00106,BK00202,2025-01-30,2025-02-13,2025-02-17,Terlambat,18.0,Membangun Keamanan Informasi yang Aman,Najam Utami,Kencana Prenada,2012,"Fakultas Sains, Teknologi, & Kesehatan",Informatika,Jaringan & Keamanan Siber,"Buku ini membahas secara mendalam tentang keamanan jaringan komputer, ancaman siber, serta proteksi data digital. Cocok digunakan sebagai referensi utama bagi mahasiswa dan praktisi.","jaringan komputer, firewall, keamanan siber, cyber security",Indonesia,Fisik,186,978-0-7124-0659-8,1
1000,TRX002638,USR00100,BK01192,2025-05-23,2025-06-06,2025-06-11,Terlambat,19.0,Memahami Psikologi Sosial,Rachel Prasetyo,Andi Publisher,2022,"Fakultas Sosial, Humaniora, & Seni",Psikologi,Psikologi Umum & Klinis,"Buku ini membahas secara mendalam tentang gangguan psikologis dan penanganannya, perkembangan kepribadian individu, serta intervensi psikoterapi klinis. Dilengkapi dengan contoh kasus dan studi lapangan yang relevan.","perkembangan manusia, psikologi, kesehatan mental, psikologi sosial",Inggris,Fisik,288,978-1-9862-3984-4,1
1001,TRX002641,USR00262,BK00992,2024-03-14,2024-03-28,2024-04-01,Terlambat,18.0,Pengantar Arsitektur Ruang Dalam,Mitra Pertiwi,UI Press,2020,"Fakultas Sosial, Humaniora, & Seni",Desain Interior,Desain Interior & Arsitektur Ruang,"Buku ini menyajikan kajian komprehensif mengenai pemilihan material dan furnitur, ergonomi dalam desain ruang, serta prinsip pencahayaan dan estetika ruang. Cocok digunakan sebagai referensi utama bagi mahasiswa dan praktisi.","tata ruang, ergonomi ruang, furnitur, desain interior",Indonesia,E-book,397,978-1-85138-544-7,9999
1002,TRX002642,USR00326,BK00081,2025-03-25,2025-04-08,2025-04-14,Terlambat,20.0,Kecerdasan Buatan: Teori dan Praktik,Harjaya Pertiwi,Deepublish,2010,"Fakultas Sains, Teknologi, & Kesehatan",Informatika,Kecerdasan Buatan & Data Science,"Buku ini menyajikan kajian komprehensif mengenai pembelajaran mesin, prediksi berbasis data, serta jaringan saraf tiruan. Dilengkapi dengan contoh kasus dan studi lapangan yang relevan.","machine learning, big data, data science, neural network",Inggris,Fisik,330,978-1-4064-0909-3,5
1003,TRX002643,USR00336,BK00615,2023-12-13,2023-12-27,2024-01-03,Terlambat,21.0,Pengantar Kimia Farmasi Edisi Ke-2,"Uli Sihotang, S.I.Kom, Raden Setiawan",Kencana Prenada,2022,"Fakultas Sains, Teknologi, & Kesehatan",Farmasi,Farmakologi & Kefarmasian,"Buku ini mengulas berbagai aspek penting dari interaksi obat dalam tubuh, efek samping dan dosis obat, serta formulasi sediaan farmasi. Cocok digunakan sebagai referensi utama bagi mahasiswa dan praktisi.","farmakologi, obat, kimia farmasi, farmakokinetik",Indonesia,E-book,252,978-1-7389975-6-5,9999
1004,TRX002646,USR00264,BK00484,2025-03-10,2025-03-24,2025-03-25,Terlambat,15.0,Asuhan Keperawatan Gawat Darurat,"Febi Firmansyah, Lukman Iswahyudi",Pustaka Pelajar,2013,"Fakultas Sains, Teknologi, & Kesehatan",Keperawatan,Keperawatan Klinis,"Buku ini dirancang sebagai panduan untuk memahami penanganan kondisi darurat medis, asuhan keperawatan pasien, serta prosedur klinis keperawatan. Membantu pembaca membangun pemahaman konseptual maupun praktis.","keperawatan gawat darurat, keperawatan, praktik klinis, keperawatan anak",Inggris,Fisik,429,978-0-911192-69-8,6
1005,TRX002650,USR00276,BK01378,2025-11-11,2025-11-25,2025-12-01,Terlambat,20.0,Pengantar Content Creation,Cahya Ardianto,Kencana Prenada,2012,"Fakultas Sosial, Humaniora, & Seni",Ilmu Komunikasi,Jurnalistik & Media Digital,"Buku ini memberikan pemahaman menyeluruh tentang produksi berita di media digital, komunikasi digital dan audiens, serta strategi konten media sosial. Menjadi rujukan penting dalam perkuliahan dan penelitian terkait.","jurnalistik, media sosial, konten kreator, produksi berita",Inggris,Fisik,310,978-0-245-39313-6,7
1006,TRX002651,USR00290,BK00405,2023-04-21,2023-05-05,2023-05-06,Terlambat,15.0,Studi Manajemen Persediaan di Industri,"dr. Wulan Hakim, M.Ak",Informatika Bandung,2008,"Fakultas Sains, Teknologi, & Kesehatan",Teknik Industri,Ergonomi & Rantai Pasok,"Buku ini dirancang sebagai panduan untuk memahami manajemen rantai pasok dan distribusi, analisis ergonomi tempat kerja, serta pengendalian persediaan barang. Disusun dengan bahasa yang mudah dipahami untuk kalangan akademik.","analisis beban kerja, supply chain, rantai pasok, manajemen persediaan",Indonesia,Fisik,322,978-0-14-138113-8,1
1007,TRX002655,USR00089,BK00309,2024-03-14,2024-03-28,2024-04-02,Terlambat,19.0,Konsep Basis Data,Yahya Winarsih,Kencana Prenada,2023,"Fakultas Sains, Teknologi, & Kesehatan",Informatika,Basis Data,"Buku ini menyajikan kajian komprehensif mengenai arsitektur data warehouse, normalisasi data, serta manajemen sistem basis data. Disusun dengan bahasa yang mudah dipahami untuk kalangan akademik.","sql, data warehouse, manajemen data, database",Indonesia,Fisik,279,978-0-637-56289-8,5
1008,TRX002661,USR00061,BK01120,2024-05-03,2024-05-17,2024-05-21,Terlambat,18.0,Pengantar Manajemen Pemasaran Edisi Revisi,Ir. Elvina Hassanah,Bumi Aksara,2017,"Fakultas Sosial, Humaniora, & Seni",Administrasi Bisnis,Kewirausahaan & Pemasaran Bisnis,"Buku ini mengulas berbagai aspek penting dari strategi kewirausahaan dan inovasi bisnis, pengembangan bisnis digital, serta manajemen pemasaran produk dan jasa. Menjadi rujukan penting dalam perkuliahan dan penelitian terkait.","pemasaran, startup, manajemen pemasaran, bisnis digital",Indonesia,E-book,522,978-1-955151-22-1,9999
1009,TRX002665,USR00238,BK00235,2025-10-03,2025-10-17,2025-10-21,Terlambat,18.0,Basis Data: Teori dan Aplikasi Edisi Terbaru,"Legawa Hidayanto, M.TI., Gatra Simanjuntak",Erlangga,2006,"Fakultas Sains, Teknologi, & Kesehatan",Informatika,Basis Data,"Buku ini memberikan pemahaman menyeluruh tentang manajemen sistem basis data, normalisasi data, serta arsitektur data warehouse. Menjadi rujukan penting dalam perkuliahan dan penelitian terkait.","manajemen data, database, sql, basis data",Indonesia,Fisik,480,978-1-965827-10-9,8
1010,TRX002666,USR00035,BK01061,2024-04-03,2024-04-17,2024-04-18,Terlambat,15.0,Pengantar Manajemen Keuangan,Paramita Jailani,Rajawali Pers,2007,"Fakultas Sosial, Humaniora, & Seni",Administrasi Bisnis,Administrasi & Manajemen Bisnis,"Buku ini memberikan pemahaman menyeluruh tentang administrasi dan operasional bisnis, strategi tata kelola perusahaan, serta efisiensi operasional organisasi bisnis. Dilengkapi dengan contoh kasus dan studi lapangan yang relevan.","operasional bisnis, manajemen sumber daya manusia, manajemen bisnis, manajemen keuangan",Indonesia,Fisik,323,978-0-7418-9721-3,7
1011,TRX002667,USR00112,BK00415,2024-12-14,2024-12-28,2024-12-31,Terlambat,17.0,Dasar-Dasar Ergonomi,Winda Wijaya,Alfabeta,2007,"Fakultas Sains, Teknologi, & Kesehatan",Teknik Industri,Ergonomi & Rantai Pasok,"Buku ini dirancang sebagai panduan untuk memahami keselamatan dan kesehatan kerja industri, pengendalian persediaan barang, serta manajemen rantai pasok dan distribusi. Dilengkapi dengan contoh kasus dan studi lapangan yang relevan.","distribusi, k3, ergonomi, rantai pasok",Indonesia,E-book,506,978-0-517-90864-8,9999
1012,TRX002679,USR00080,BK00381,2023-10-15,2023-10-29,2023-10-30,Terlambat,15.0,Pengantar Manajemen Kualitas,Hj. Lala Saputra,Kencana Prenada,2024,"Fakultas Sains, Teknologi, & Kesehatan",Teknik Industri,Teknik Industri & Manajemen Operasi,"Buku ini menyajikan kajian komprehensif mengenai manajemen kualitas dan produktivitas, efisiensi tata letak fasilitas pabrik, serta perencanaan dan pengendalian produksi. Disusun dengan bahasa yang mudah dipahami untuk kalangan akademik.","manajemen operasi, six sigma, efisiensi kerja, tata letak pabrik",Inggris,Fisik,178,978-1-9876-2202-7,2
1013,TRX002683,USR00017,BK00162,2024-04-18,2024-05-02,2024-05-08,Terlambat,20.0,Ethical Hacking: Prinsip dan Praktik,"Nadine Januar, S.E.I",Rajawali Pers,2018,"Fakultas Sains, Teknologi, & Kesehatan",Informatika,Jaringan & Keamanan Siber,"Buku ini menyajikan kajian komprehensif mengenai audit keamanan sistem, proteksi data digital, serta keamanan jaringan komputer. Cocok digunakan sebagai referensi utama bagi mahasiswa dan praktisi.","keamanan siber, cyber security, protokol jaringan, kriptografi",Inggris,E-book,431,978-0-677-34540-6,9999
1014,TRX002684,USR00071,BK01184,2024-05-27,2024-06-10,2024-06-17,Terlambat,21.0,Dasar-Dasar Psikologi Kepribadian,"Maimunah Latupono, S.IP",Gramedia Pustaka Utama,2021,"Fakultas Sosial, Humaniora, & Seni",Psikologi,Psikologi Umum & Klinis,"Buku ini dirancang sebagai panduan untuk memahami dinamika interaksi sosial manusia, gangguan psikologis dan penanganannya, serta perkembangan kepribadian individu. Menjadi rujukan penting dalam perkuliahan dan penelitian terkait.","psikologi klinis, kepribadian, psikologi, psikoterapi",Inggris,Fisik,519,978-0-299-07756-3,7
1015,TRX002688,USR00328,BK00426,2024-01-02,2024-01-16,2024-01-23,Terlambat,21.0,Studi Keselamatan dan Kesehatan Kerja di Industri,"Luwar Utami, S.H., Halima Pertiwi",Bumi Aksara,2005,"Fakultas Sains, Teknologi, & Kesehatan",Teknik Industri,Ergonomi & Rantai Pasok,"Buku ini membahas secara mendalam tentang keselamatan dan kesehatan kerja industri, pengendalian persediaan barang, serta optimalisasi jaringan logistik. Dilengkapi dengan contoh kasus dan studi lapangan yang relevan.","distribusi, supply chain, analisis beban kerja, ergonomi",Indonesia,E-book,406,978-1-4957-8232-9,9999
1016,TRX002690,USR00323,BK01349,2025-09-12,2025-09-26,2025-10-03,Terlambat,21.0,Strategi Media Sosial,Farhunnisa Zulaika,Informatika Bandung,2024,"Fakultas Sosial, Humaniora, & Seni",Ilmu Komunikasi,Jurnalistik & Media Digital,"Buku ini dirancang sebagai panduan untuk memahami strategi konten media sosial, jurnalisme online kontemporer, serta produksi berita di media digital. Cocok digunakan sebagai referensi utama bagi mahasiswa dan praktisi.","jurnalistik, produksi berita, media sosial, media digital",Inggris,Fisik,173,978-0-678-12778-0,4
1017,TRX002691,USR00177,BK00477,2024-11-28,2024-12-12,2024-12-17,Terlambat,19.0,Keperawatan Gawat Darurat: Teori dan Praktik Klinis,Soleh Setiawan,UI Press,2005,"Fakultas Sains, Teknologi, & Kesehatan",Keperawatan,Keperawatan Klinis,"Buku ini menyajikan kajian komprehensif mengenai komunikasi terapeutik perawat, prosedur klinis keperawatan, serta asuhan keperawatan pasien. Cocok digunakan sebagai referensi utama bagi mahasiswa dan praktisi.","keperawatan, keperawatan medikal bedah, asuhan keperawatan, keperawatan gawat darurat",Inggris,Fisik,332,978-0-944401-92-7,6
1018,TRX002694,USR00241,BK00978,2025-02-19,2025-03-05,2025-03-07,Terlambat,16.0,Prinsip Desain Interior,Ira Wibisono,Andi Publisher,2020,"Fakultas Sosial, Humaniora, & Seni",Desain Interior,Desain Interior & Arsitektur Ruang,"Buku ini membahas secara mendalam tentang perancangan tata ruang interior, ergonomi dalam desain ruang, serta pemilihan material dan furnitur. Menjadi rujukan penting dalam perkuliahan dan penelitian terkait.","furnitur, tata ruang, arsitektur ruang, material interior",Indonesia,E-book,252,978-0-462-26817-0,9999
1019,TRX002701,USR00206,BK00557,2023-07-19,2023-08-02,2023-08-08,Terlambat,20.0,Keperawatan Dasar: Teori dan Praktik Klinis Edisi Terbaru,"Respati Lestari, Muhammad Wulandari",Kencana Prenada,2018,"Fakultas Sains, Teknologi, & Kesehatan",Keperawatan,Keperawatan Klinis,"Buku ini menyajikan kajian komprehensif mengenai penanganan kondisi darurat medis, manajemen perawatan pasien, serta prosedur klinis keperawatan. Membantu pembaca membangun pemahaman konseptual maupun praktis.","keperawatan, asuhan keperawatan, keperawatan medikal bedah, keperawatan anak",Inggris,Fisik,435,978-1-78529-456-3,6
1020,TRX002708,USR00064,BK01205,2024-12-08,2024-12-22,2024-12-26,Terlambat,18.0,Dasar-Dasar Psikologi Kepribadian,"dr. Damu Namaga, M.Ak, Xanana Marpaung",Deepublish,2019,"Fakultas Sosial, Humaniora, & Seni",Psikologi,Psikologi Umum & Klinis,"Buku ini menyajikan kajian komprehensif mengenai perkembangan kepribadian individu, gangguan psikologis dan penanganannya, serta perilaku dan proses mental manusia. Menjadi rujukan penting dalam perkuliahan dan penelitian terkait.","kesehatan mental, kepribadian, psikologi, psikoterapi",Indonesia,Fisik,312,978-1-71136-337-0,3
1021,TRX002711,USR00201,BK01286,2023-06-12,2023-06-26,2023-06-29,Terlambat,17.0,Memahami Media Sosial dan Masyarakat Edisi Terbaru,Bakiman Ramadan,Elex Media Komputindo,2012,"Fakultas Sosial, Humaniora, & Seni",Ilmu Komunikasi,Komunikasi & Media,"Buku ini membahas secara mendalam tentang hubungan masyarakat dan citra publik, jurnalisme di era digital, serta strategi media dan publikasi. Membantu pembaca membangun pemahaman konseptual maupun praktis.","media sosial, jurnalistik, public relations, media digital",Indonesia,E-book,430,978-0-7482-0736-7,9999
1022,TRX002717,USR00281,BK00208,2023-04-17,2023-05-01,2023-05-02,Terlambat,15.0,Pengantar Kriptografi,Kardi Yuliarti,Alfabeta,2024,"Fakultas Sains, Teknologi, & Kesehatan",Informatika,Jaringan & Keamanan Siber,"Buku ini mengulas berbagai aspek penting dari proteksi data digital, audit keamanan sistem, serta ancaman siber. Menjadi rujukan penting dalam perkuliahan dan penelitian terkait.","keamanan siber, jaringan komputer, hacking etis, protokol jaringan",Indonesia,Fisik,537,978-1-61014-388-2,5
1023,TRX002721,USR00206,BK00513,2025-02-27,2025-03-13,2025-03-18,Terlambat,19.0,Konsep Dasar Keperawatan Gawat Darurat,"Karimah Hastuti, Cut Karimah Utama",Erlangga,2015,"Fakultas Sains, Teknologi, & Kesehatan",Keperawatan,Keperawatan Klinis,"Buku ini memberikan pemahaman menyeluruh tentang manajemen perawatan pasien, asuhan keperawatan pasien, serta komunikasi terapeutik perawat. Menjadi rujukan penting dalam perkuliahan dan penelitian terkait.","praktik klinis, asuhan keperawatan, keperawatan, keperawatan anak",Indonesia,E-book,221,978-0-8325-3817-9,9999
1024,TRX002725,USR00225,BK00708,2023-07-02,2023-07-16,2023-07-21,Terlambat,19.0,Dasar Teknologi Sediaan Farmasi Edisi Terbaru,"Saadat Marpaung, S.Ked",Deepublish,2018,"Fakultas Sains, Teknologi, & Kesehatan",Farmasi,Teknologi Farmasi & Pelayanan Kefarmasian,"Buku ini memberikan pemahaman menyeluruh tentang praktik farmasi klinis pasien, standar pelayanan farmasi profesional, serta manajemen obat dan compounding. Dilengkapi dengan contoh kasus dan studi lapangan yang relevan.","teknologi farmasi, sediaan farmasi, farmasi rumah sakit, compounding obat",Indonesia,E-book,197,978-0-669-18362-7,9999
1025,TRX002727,USR00120,BK01365,2025-01-23,2025-02-06,2025-02-13,Terlambat,21.0,Strategi Media Sosial,"Dirja Usada, S.E.I, Kasiran Permata, S.T.",Andi Publisher,2006,"Fakultas Sosial, Humaniora, & Seni",Ilmu Komunikasi,Jurnalistik & Media Digital,"Buku ini mengulas berbagai aspek penting dari strategi konten media sosial, etika jurnalistik di era digital, serta produksi berita di media digital. Disusun dengan bahasa yang mudah dipahami untuk kalangan akademik.","media sosial, jurnalistik, produksi berita, komunikasi digital",Indonesia,Fisik,291,978-0-389-15624-6,3
1026,TRX002728,USR00357,BK00969,2023-02-14,2023-02-28,2023-03-03,Terlambat,17.0,Prinsip Pencahayaan Ruang,"Unggul Januar, S.E.",Deepublish,2009,"Fakultas Sosial, Humaniora, & Seni",Desain Interior,Desain Interior & Arsitektur Ruang,"Buku ini mengulas berbagai aspek penting dari konsep arsitektur ruang dalam modern, ergonomi dalam desain ruang, serta pemilihan material dan furnitur. Membantu pembaca membangun pemahaman konseptual maupun praktis.","pencahayaan ruang, material interior, desain interior, furnitur",Indonesia,Fisik,302,978-1-278-20797-1,8
1027,TRX002729,USR00052,BK00591,2023-05-25,2023-06-08,2023-06-12,Terlambat,18.0,Farmakologi untuk Praktik Klinis,"R.A. Elisa Wibisono, S.Sos",Pustaka Pelajar,2009,"Fakultas Sains, Teknologi, & Kesehatan",Farmasi,Farmakologi & Kefarmasian,"Buku ini menyajikan kajian komprehensif mengenai pelayanan kefarmasian klinis, mekanisme kerja obat, serta formulasi sediaan farmasi. Membantu pembaca membangun pemahaman konseptual maupun praktis.","farmakokinetik, apoteker, farmakologi, kimia farmasi",Indonesia,Fisik,465,978-0-14-764925-6,2
1028,TRX002730,USR00096,BK00798,2025-09-12,2025-09-26,2025-09-30,Terlambat,18.0,Pengantar Desain Komunikasi Visual,"Gina Pratama, S.E.I, H. Caraka Mardhiyah, M.TI.",Andi Publisher,2010,"Fakultas Sosial, Humaniora, & Seni",Desain Komunikasi Visual,Desain Komunikasi Visual & Ilustrasi,"Buku ini membahas secara mendalam tentang prinsip visual dan tipografi, estetika dalam karya seni rupa, serta proses kreatif desain grafis. Dilengkapi dengan contoh kasus dan studi lapangan yang relevan.","branding, desain grafis, seni rupa, layout",Indonesia,Fisik,351,978-1-254-59606-8,1
1029,TRX002738,USR00279,BK00519,2024-07-25,2024-08-08,2024-08-12,Terlambat,18.0,Panduan Keperawatan Gawat Darurat Edisi Revisi,R. Widya Samosir,PT Grasindo,2023,"Fakultas Sains, Teknologi, & Kesehatan",Keperawatan,Keperawatan Klinis,"Buku ini mengulas berbagai aspek penting dari manajemen perawatan pasien, penanganan kondisi darurat medis, serta asuhan keperawatan pasien. Dilengkapi dengan contoh kasus dan studi lapangan yang relevan.","asuhan keperawatan, keperawatan medikal bedah, keperawatan gawat darurat, keperawatan anak",Indonesia,Fisik,186,978-1-375-40254-5,1
1030,TRX002740,USR00097,BK00434,2024-09-05,2024-09-19,2024-09-24,Terlambat,19.0,Manajemen Logistik: Konsep dan Praktik,Vicky Suwarno,Salemba Empat,2005,"Fakultas Sains, Teknologi, & Kesehatan",Teknik Industri,Ergonomi & Rantai Pasok,"Buku ini dirancang sebagai panduan untuk memahami pengendalian persediaan barang, manajemen rantai pasok dan distribusi, serta keselamatan dan kesehatan kerja industri. Disusun dengan bahasa yang mudah dipahami untuk kalangan akademik.","analisis beban kerja, rantai pasok, manajemen persediaan, supply chain",Indonesia,E-book,363,978-0-649-08277-3,9999
1031,TRX002745,USR00254,BK00970,2025-09-04,2025-09-18,2025-09-20,Terlambat,16.0,Prinsip Material dan Furnitur,Ir. Talia Fujiati,Graha Ilmu,2020,"Fakultas Sosial, Humaniora, & Seni",Desain Interior,Desain Interior & Arsitektur Ruang,"Buku ini membahas secara mendalam tentang perancangan tata ruang interior, prinsip pencahayaan dan estetika ruang, serta ergonomi dalam desain ruang. Menjadi rujukan penting dalam perkuliahan dan penelitian terkait.","desain interior, material interior, tata ruang, furnitur",Inggris,E-book,167,978-1-345-95764-8,9999
1032,TRX002748,USR00380,BK00762,2023-09-17,2023-10-01,2023-10-07,Terlambat,20.0,Panduan Praktik Keperawatan Berbasis Bukti,Mitra Sinaga,Deepublish,2015,"Fakultas Sains, Teknologi, & Kesehatan",Profesi Ners,Keperawatan Profesi Ners,"Buku ini membahas secara mendalam tentang etika dan profesionalisme keperawatan, penerapan evidence-based practice, serta residensi dan pembelajaran klinik lanjutan. Menjadi rujukan penting dalam perkuliahan dan penelitian terkait.","praktik klinis ners, residensi keperawatan, kompetensi ners, keperawatan lanjutan",Indonesia,E-book,242,978-1-74916-247-1,9999
1033,TRX002749,USR00322,BK01318,2025-06-04,2025-06-18,2025-06-20,Terlambat,16.0,Strategi Content Creation Edisi Ke-3,Hj. Gabriella Wijaya,Salemba Empat,2007,"Fakultas Sosial, Humaniora, & Seni",Ilmu Komunikasi,Jurnalistik & Media Digital,"Buku ini memberikan pemahaman menyeluruh tentang produksi berita di media digital, strategi konten media sosial, serta etika jurnalistik di era digital. Menjadi rujukan penting dalam perkuliahan dan penelitian terkait.","media sosial, konten kreator, media digital, produksi berita",Indonesia,E-book,324,978-1-201-49118-7,9999
1034,TRX002750,USR00054,BK01021,2023-06-17,2023-07-01,2023-07-08,Terlambat,21.0,Dasar-Dasar Tata Ruang Edisi Revisi,"Dr. Jarwi Jailani, S.Pd",Salemba Empat,2007,"Fakultas Sosial, Humaniora, & Seni",Desain Interior,Desain Interior & Arsitektur Ruang,"Buku ini menyajikan kajian komprehensif mengenai prinsip pencahayaan dan estetika ruang, perancangan tata ruang interior, serta konsep arsitektur ruang dalam modern. Cocok digunakan sebagai referensi utama bagi mahasiswa dan praktisi.","material interior, arsitektur ruang, tata ruang, pencahayaan ruang",Indonesia,Fisik,280,978-0-523-62292-7,5
1035,TRX002752,USR00136,BK00867,2025-07-07,2025-07-21,2025-07-23,Terlambat,16.0,Kreativitas dalam Desain Multimedia,"Hj. Cici Sitorus, M.Ak",Salemba Empat,2019,"Fakultas Sosial, Humaniora, & Seni",Desain Komunikasi Visual,Fotografi & Multimedia,"Buku ini memberikan pemahaman menyeluruh tentang desain media interaktif, animasi dan motion graphic, serta teknik pengambilan gambar fotografi. Dilengkapi dengan contoh kasus dan studi lapangan yang relevan.","motion graphic, videografi, multimedia, editing visual",Indonesia,Fisik,450,978-1-9750-1980-8,7
1036,TRX002754,USR00003,BK00731,2024-10-14,2024-10-28,2024-11-04,Terlambat,21.0,Modul Keperawatan Berbasis Bukti,Martani Waluyo,Informatika Bandung,2013,"Fakultas Sains, Teknologi, & Kesehatan",Profesi Ners,Keperawatan Profesi Ners,"Buku ini mengulas berbagai aspek penting dari etika dan profesionalisme keperawatan, residensi dan pembelajaran klinik lanjutan, serta penerapan evidence-based practice. Disusun dengan bahasa yang mudah dipahami untuk kalangan akademik.","keperawatan komprehensif, praktik klinis ners, evidence based practice, keperawatan lanjutan",Indonesia,Fisik,240,978-1-64750-111-2,5
1037,TRX002756,USR00316,BK00312,2025-05-01,2025-05-15,2025-05-19,Terlambat,18.0,Konsep Sistem Basis Data,Iriana Lazuardi,Graha Ilmu,2008,"Fakultas Sains, Teknologi, & Kesehatan",Informatika,Basis Data,"Buku ini membahas secara mendalam tentang arsitektur data warehouse, manajemen sistem basis data, serta normalisasi data. Menjadi rujukan penting dalam perkuliahan dan penelitian terkait.","manajemen data, query, database, data warehouse",Indonesia,Fisik,392,978-0-16-608801-2,7
1038,TRX002757,USR00197,BK00569,2025-09-04,2025-09-18,2025-09-22,Terlambat,18.0,Kimia Farmasi untuk Praktik Klinis Edisi Revisi,"dr. Jaswadi Zulaika, Yoga Setiawan",Gramedia Pustaka Utama,2015,"Fakultas Sains, Teknologi, & Kesehatan",Farmasi,Farmakologi & Kefarmasian,"Buku ini dirancang sebagai panduan untuk memahami efek samping dan dosis obat, mekanisme kerja obat, serta formulasi sediaan farmasi. Cocok digunakan sebagai referensi utama bagi mahasiswa dan praktisi.","farmakologi, toksikologi, farmasi klinis, obat",Indonesia,Fisik,168,978-1-75409-003-5,6
1039,TRX002761,USR00156,BK00244,2023-03-15,2023-03-29,2023-04-04,Terlambat,20.0,Perancangan Data Warehouse,Ajeng Uwais,Salemba Empat,2017,"Fakultas Sains, Teknologi, & Kesehatan",Informatika,Basis Data,"Buku ini dirancang sebagai panduan untuk memahami query dan manipulasi data, normalisasi data, serta manajemen sistem basis data. Disusun dengan bahasa yang mudah dipahami untuk kalangan akademik.","database, data warehouse, manajemen data, nosql",Indonesia,E-book,237,978-1-949375-97-8,9999
1040,TRX002762,USR00137,BK00383,2024-03-19,2024-04-02,2024-04-06,Terlambat,18.0,Dasar-Dasar Perencanaan Produksi,"Prasetya Widodo, KH. Bakda Jailani",Kencana Prenada,2009,"Fakultas Sains, Teknologi, & Kesehatan",Teknik Industri,Teknik Industri & Manajemen Operasi,"Buku ini membahas secara mendalam tentang perancangan sistem kerja industri, perencanaan dan pengendalian produksi, serta optimalisasi proses produksi. Menjadi rujukan penting dalam perkuliahan dan penelitian terkait.","manajemen operasi, produktivitas, manajemen kualitas, perencanaan produksi",Indonesia,E-book,496,978-0-16-433472-2,9999
1041,TRX002764,USR00355,BK01080,2025-08-27,2025-09-10,2025-09-11,Terlambat,15.0,Pengantar Manajemen Sumber Daya Manusia,"R. Bella Zulaika, S.I.Kom, Xanana Saefullah",Informatika Bandung,2023,"Fakultas Sosial, Humaniora, & Seni",Administrasi Bisnis,Administrasi & Manajemen Bisnis,"Buku ini menyajikan kajian komprehensif mengenai administrasi dan operasional bisnis, efisiensi operasional organisasi bisnis, serta manajemen sumber daya manusia perusahaan. Menjadi rujukan penting dalam perkuliahan dan penelitian terkait.","manajemen sumber daya manusia, manajemen keuangan, manajemen bisnis, tata kelola perusahaan",Inggris,E-book,545,978-0-9762637-4-6,9999
1042,TRX002767,USR00043,BK01348,2023-01-21,2023-02-04,2023-02-07,Terlambat,17.0,Pengantar Komunikasi Digital,"Ir. Janet Hardiansyah, S.E.I",UI Press,2012,"Fakultas Sosial, Humaniora, & Seni",Ilmu Komunikasi,Jurnalistik & Media Digital,"Buku ini dirancang sebagai panduan untuk memahami etika jurnalistik di era digital, jurnalisme online kontemporer, serta produksi berita di media digital. Menjadi rujukan penting dalam perkuliahan dan penelitian terkait.","media sosial, media digital, produksi berita, konten kreator",Inggris,Fisik,291,978-1-80164-403-7,2
1043,TRX002768,USR00188,BK01043,2025-08-30,2025-09-13,2025-09-14,Terlambat,15.0,Tata Kelola Perusahaan: Teori dan Praktik,drg. Yuni Manullang,Deepublish,2009,"Fakultas Sosial, Humaniora, & Seni",Administrasi Bisnis,Administrasi & Manajemen Bisnis,"Buku ini memberikan pemahaman menyeluruh tentang pengelolaan keuangan bisnis, strategi tata kelola perusahaan, serta administrasi dan operasional bisnis. Dilengkapi dengan contoh kasus dan studi lapangan yang relevan.","operasional bisnis, manajemen keuangan, manajemen sumber daya manusia, administrasi bisnis",Inggris,Fisik,342,978-0-282-25120-8,1
1044,TRX002770,USR00341,BK01348,2023-11-19,2023-12-03,2023-12-05,Terlambat,16.0,Pengantar Komunikasi Digital,"Ir. Janet Hardiansyah, S.E.I",UI Press,2012,"Fakultas Sosial, Humaniora, & Seni",Ilmu Komunikasi,Jurnalistik & Media Digital,"Buku ini dirancang sebagai panduan untuk memahami etika jurnalistik di era digital, jurnalisme online kontemporer, serta produksi berita di media digital. Menjadi rujukan penting dalam perkuliahan dan penelitian terkait.","media sosial, media digital, produksi berita, konten kreator",Inggris,Fisik,291,978-1-80164-403-7,2
1045,TRX002771,USR00290,BK00504,2025-05-17,2025-05-31,2025-06-06,Terlambat,20.0,Keperawatan Medikal Bedah: Teori dan Praktik Klinis,"Shania Simbolon, S.H., R. Gamani Pradana, S.IP",Alfabeta,2022,"Fakultas Sains, Teknologi, & Kesehatan",Keperawatan,Keperawatan Klinis,"Buku ini dirancang sebagai panduan untuk memahami penanganan kondisi darurat medis, manajemen perawatan pasien, serta komunikasi terapeutik perawat. Disusun dengan bahasa yang mudah dipahami untuk kalangan akademik.","keperawatan gawat darurat, keperawatan medikal bedah, keperawatan anak, keperawatan",Indonesia,Fisik,207,978-1-363-17970-1,5
1046,TRX002776,USR00115,BK01085,2023-05-13,2023-05-27,2023-06-03,Terlambat,21.0,Manajemen Keuangan: Teori dan Praktik Edisi Revisi,Lalita Pangestu,Erlangga,2009,"Fakultas Sosial, Humaniora, & Seni",Administrasi Bisnis,Administrasi & Manajemen Bisnis,"Buku ini menyajikan kajian komprehensif mengenai manajemen sumber daya manusia perusahaan, efisiensi operasional organisasi bisnis, serta administrasi dan operasional bisnis. Disusun dengan bahasa yang mudah dipahami untuk kalangan akademik.","manajemen bisnis, tata kelola perusahaan, manajemen sumber daya manusia, operasional bisnis",Indonesia,E-book,271,978-1-157-18409-6,9999
1047,TRX002783,USR00213,BK00398,2025-06-04,2025-06-18,2025-06-25,Terlambat,21.0,Studi Keselamatan dan Kesehatan Kerja di Industri Edisi Revisi,Puti Yuliarti,PT Grasindo,2008,"Fakultas Sains, Teknologi, & Kesehatan",Teknik Industri,Ergonomi & Rantai Pasok,"Buku ini membahas secara mendalam tentang keselamatan dan kesehatan kerja industri, analisis ergonomi tempat kerja, serta manajemen rantai pasok dan distribusi. Disusun dengan bahasa yang mudah dipahami untuk kalangan akademik.","supply chain, logistik, ergonomi, rantai pasok",Indonesia,E-book,174,978-1-306-52407-0,9999
1048,TRX002789,USR00348,BK00651,2025-01-22,2025-02-05,2025-02-06,Terlambat,15.0,Teknologi Compounding Obat,drg. Gina Rahimah,UI Press,2006,"Fakultas Sains, Teknologi, & Kesehatan",Farmasi,Teknologi Farmasi & Pelayanan Kefarmasian,"Buku ini dirancang sebagai panduan untuk memahami teknologi pembuatan sediaan obat, manajemen obat dan compounding, serta praktik farmasi klinis pasien. Cocok digunakan sebagai referensi utama bagi mahasiswa dan praktisi.","pelayanan kefarmasian, sediaan farmasi, farmasi komunitas, farmasi rumah sakit",Indonesia,E-book,485,978-1-67699-150-2,9999
1049,TRX002791,USR00279,BK00482,2024-03-01,2024-03-15,2024-03-19,Terlambat,18.0,Panduan Keperawatan Dasar,"Sidiq Saputra, S.Psi, Hasna Januar",Elex Media Komputindo,2010,"Fakultas Sains, Teknologi, & Kesehatan",Keperawatan,Keperawatan Klinis,"Buku ini dirancang sebagai panduan untuk memahami prosedur klinis keperawatan, asuhan keperawatan pasien, serta penanganan kondisi darurat medis. Dilengkapi dengan contoh kasus dan studi lapangan yang relevan.","asuhan keperawatan, praktik klinis, keperawatan gawat darurat, keperawatan anak",Indonesia,E-book,213,978-1-7393852-5-5,9999
1050,TRX002799,USR00159,BK00218,2024-05-18,2024-06-01,2024-06-04,Terlambat,17.0,Kriptografi di Era Digital,Cengkir Sihotang,Graha Ilmu,2021,"Fakultas Sains, Teknologi, & Kesehatan",Informatika,Jaringan & Keamanan Siber,"Buku ini menyajikan kajian komprehensif mengenai audit keamanan sistem, ancaman siber, serta sistem enkripsi. Dilengkapi dengan contoh kasus dan studi lapangan yang relevan.","kriptografi, keamanan siber, hacking etis, firewall",Indonesia,Fisik,407,978-0-507-23688-1,7
1051,TRX002800,USR00298,BK01162,2025-09-25,2025-10-09,2025-10-16,Terlambat,21.0,Dasar-Dasar Manajemen Pemasaran,Gading Pratama,Pustaka Pelajar,2011,"Fakultas Sosial, Humaniora, & Seni",Administrasi Bisnis,Kewirausahaan & Pemasaran Bisnis,"Buku ini membahas secara mendalam tentang manajemen pemasaran produk dan jasa, strategi kewirausahaan dan inovasi bisnis, serta perencanaan strategi pemasaran. Dilengkapi dengan contoh kasus dan studi lapangan yang relevan.","manajemen pemasaran, e-commerce, bisnis digital, pemasaran",Indonesia,Fisik,303,978-1-5146-0401-4,5
1052,TRX002801,USR00133,BK00794,2025-12-14,2025-12-28,2026-01-04,Terlambat,21.0,Ilustrasi Digital: Konsep dan Praktik,Eko Marpaung,Informatika Bandung,2016,"Fakultas Sosial, Humaniora, & Seni",Desain Komunikasi Visual,Desain Komunikasi Visual & Ilustrasi,"Buku ini dirancang sebagai panduan untuk memahami proses kreatif desain grafis, ilustrasi dan komposisi gambar, serta strategi branding melalui visual. Menjadi rujukan penting dalam perkuliahan dan penelitian terkait.","tipografi, ilustrasi, layout, desain komunikasi visual",Indonesia,E-book,249,978-0-390-43830-0,9999
1053,TRX002805,USR00269,BK00012,2023-12-05,2023-12-19,2023-12-20,Terlambat,15.0,Struktur Data: Konsep dan Implementasi,Hardi Marpaung,Salemba Empat,2019,"Fakultas Sains, Teknologi, & Kesehatan",Informatika,Pemrograman & Algoritma,"Buku ini menyajikan kajian komprehensif mengenai algoritma dan struktur data, logika pemrograman, serta efisiensi algoritma. Membantu pembaca membangun pemahaman konseptual maupun praktis.","struktur data, algoritma, java, python",Inggris,Fisik,262,978-1-70154-303-4,7
1054,TRX002811,USR00089,BK00422,2025-06-15,2025-06-29,2025-07-04,Terlambat,19.0,Manajemen Ergonomi,Safina Anggriawan,Salemba Empat,2010,"Fakultas Sains, Teknologi, & Kesehatan",Teknik Industri,Ergonomi & Rantai Pasok,"Buku ini memberikan pemahaman menyeluruh tentang keselamatan dan kesehatan kerja industri, optimalisasi jaringan logistik, serta manajemen rantai pasok dan distribusi. Menjadi rujukan penting dalam perkuliahan dan penelitian terkait.","distribusi, k3, supply chain, analisis beban kerja",Indonesia,Fisik,484,978-1-4510-4636-6,7
1055,TRX002814,USR00375,BK00935,2025-01-26,2025-02-09,2025-02-10,Terlambat,15.0,Motion Graphic: Konsep dan Praktik Edisi Revisi,dr. Prima Laksita,Graha Ilmu,2008,"Fakultas Sosial, Humaniora, & Seni",Desain Komunikasi Visual,Fotografi & Multimedia,"Buku ini menyajikan kajian komprehensif mengenai produksi konten multimedia digital, editing visual dan videografi, serta teknik pengambilan gambar fotografi. Dilengkapi dengan contoh kasus dan studi lapangan yang relevan.","fotografi, videografi, multimedia, editing visual",Indonesia,Fisik,226,978-0-440-33041-7,0
1056,TRX002815,USR00132,BK00597,2024-03-24,2024-04-07,2024-04-11,Terlambat,18.0,Pengantar Farmasetika,"Ir. Ihsan Oktaviani, S.T.",UI Press,2023,"Fakultas Sains, Teknologi, & Kesehatan",Farmasi,Farmakologi & Kefarmasian,"Buku ini mengulas berbagai aspek penting dari interaksi obat dalam tubuh, formulasi sediaan farmasi, serta mekanisme kerja obat. Membantu pembaca membangun pemahaman konseptual maupun praktis.","kimia farmasi, toksikologi, apoteker, formulasi obat",Inggris,Fisik,143,978-0-321-94168-8,0
1057,TRX002816,USR00157,BK01312,2023-05-15,2023-05-29,2023-06-01,Terlambat,17.0,Praktik Produksi Berita Edisi Ke-2,"Tgk. Julia Mansur, M.M.",Kencana Prenada,2010,"Fakultas Sosial, Humaniora, & Seni",Ilmu Komunikasi,Jurnalistik & Media Digital,"Buku ini dirancang sebagai panduan untuk memahami etika jurnalistik di era digital, jurnalisme online kontemporer, serta produksi berita di media digital. Menjadi rujukan penting dalam perkuliahan dan penelitian terkait.","produksi berita, komunikasi digital, media sosial, konten kreator",Indonesia,Fisik,339,978-1-04-043333-1,0
1058,TRX002831,USR00094,BK01075,2025-10-09,2025-10-23,2025-10-27,Terlambat,18.0,Pengantar Manajemen Sumber Daya Manusia Edisi Ke-3,Hesti Damanik,Gramedia Pustaka Utama,2008,"Fakultas Sosial, Humaniora, & Seni",Administrasi Bisnis,Administrasi & Manajemen Bisnis,"Buku ini menyajikan kajian komprehensif mengenai manajemen sumber daya manusia perusahaan, pengelolaan keuangan bisnis, serta administrasi dan operasional bisnis. Dilengkapi dengan contoh kasus dan studi lapangan yang relevan.","manajemen bisnis, operasional bisnis, manajemen keuangan, manajemen sumber daya manusia",Inggris,Fisik,151,978-1-68893-628-7,2
1059,TRX002832,USR00254,BK01190,2024-06-09,2024-06-23,2024-06-28,Terlambat,19.0,Dasar-Dasar Psikologi Umum Edisi Revisi,"Lutfan Namaga, S.Pt",PT Grasindo,2007,"Fakultas Sosial, Humaniora, & Seni",Psikologi,Psikologi Umum & Klinis,"Buku ini membahas secara mendalam tentang gangguan psikologis dan penanganannya, perilaku dan proses mental manusia, serta dinamika interaksi sosial manusia. Disusun dengan bahasa yang mudah dipahami untuk kalangan akademik.","psikoterapi, psikologi, kepribadian, kesehatan mental",Inggris,E-book,306,978-0-8217-8192-0,9999
1060,TRX002833,USR00311,BK00437,2024-10-10,2024-10-24,2024-10-28,Terlambat,18.0,Manajemen Keselamatan dan Kesehatan Kerja Edisi Ke-2,"Gilang Hutasoit, M.TI.",Deepublish,2023,"Fakultas Sains, Teknologi, & Kesehatan",Teknik Industri,Ergonomi & Rantai Pasok,"Buku ini dirancang sebagai panduan untuk memahami optimalisasi jaringan logistik, keselamatan dan kesehatan kerja industri, serta analisis ergonomi tempat kerja. Dilengkapi dengan contoh kasus dan studi lapangan yang relevan.","distribusi, ergonomi, supply chain, analisis beban kerja",Indonesia,E-book,185,978-0-686-02592-4,9999
1061,TRX002835,USR00335,BK00797,2025-10-21,2025-11-04,2025-11-06,Terlambat,16.0,Kreativitas dalam Desain Komunikasi Visual,"KH. Cakrawala Dongoran, M.Farm",Gramedia Pustaka Utama,2011,"Fakultas Sosial, Humaniora, & Seni",Desain Komunikasi Visual,Desain Komunikasi Visual & Ilustrasi,"Buku ini memberikan pemahaman menyeluruh tentang prinsip visual dan tipografi, proses kreatif desain grafis, serta strategi branding melalui visual. Dilengkapi dengan contoh kasus dan studi lapangan yang relevan.","seni rupa, desain komunikasi visual, tipografi, ilustrasi",Indonesia,Fisik,193,978-1-904227-11-3,1
1062,TRX002838,USR00292,BK00275,2024-09-06,2024-09-20,2024-09-26,Terlambat,20.0,Manajemen SQL Server Modern,"Drs. Murti Safitri, S.E.I",Deepublish,2010,"Fakultas Sains, Teknologi, & Kesehatan",Informatika,Basis Data,"Buku ini memberikan pemahaman menyeluruh tentang normalisasi data, query dan manipulasi data, serta arsitektur data warehouse. Cocok digunakan sebagai referensi utama bagi mahasiswa dan praktisi.","sql, query, nosql, manajemen data",Inggris,E-book,292,978-1-223-32061-8,9999
1063,TRX002840,USR00011,BK00523,2024-12-26,2025-01-09,2025-01-13,Terlambat,18.0,Dasar-Dasar Keperawatan Maternitas,Tgk. Marsudi Sihombing,Kencana Prenada,2022,"Fakultas Sains, Teknologi, & Kesehatan",Keperawatan,Keperawatan Klinis,"Buku ini menyajikan kajian komprehensif mengenai manajemen perawatan pasien, asuhan keperawatan pasien, serta komunikasi terapeutik perawat. Cocok digunakan sebagai referensi utama bagi mahasiswa dan praktisi.","keperawatan medikal bedah, praktik klinis, asuhan keperawatan, keperawatan anak",Indonesia,Fisik,447,978-1-929751-70-9,2
1064,TRX002843,USR00077,BK01336,2023-10-24,2023-11-07,2023-11-08,Terlambat,15.0,Pengantar Jurnalistik Digital,Queen Waluyo,PT Grasindo,2019,"Fakultas Sosial, Humaniora, & Seni",Ilmu Komunikasi,Jurnalistik & Media Digital,"Buku ini menyajikan kajian komprehensif mengenai etika jurnalistik di era digital, strategi konten media sosial, serta jurnalisme online kontemporer. Menjadi rujukan penting dalam perkuliahan dan penelitian terkait.","produksi berita, media sosial, konten kreator, media digital",Indonesia,Fisik,272,978-1-130-87612-3,0
1065,TRX002845,USR00234,BK00961,2023-12-29,2024-01-12,2024-01-14,Terlambat,16.0,Perancangan Tata Ruang,"R.A. Shakila Mayasari, Ellis Usada",UI Press,2021,"Fakultas Sosial, Humaniora, & Seni",Desain Interior,Desain Interior & Arsitektur Ruang,"Buku ini mengulas berbagai aspek penting dari konsep arsitektur ruang dalam modern, ergonomi dalam desain ruang, serta perancangan tata ruang interior. Membantu pembaca membangun pemahaman konseptual maupun praktis.","pencahayaan ruang, tata ruang, desain interior, material interior",Inggris,Fisik,480,978-1-4851-5791-5,6
1066,TRX002848,USR00113,BK00122,2025-06-30,2025-07-14,2025-07-15,Terlambat,15.0,Pengantar Machine Learning,"Prabowo Marpaung, Mila Mulyani",Bumi Aksara,2018,"Fakultas Sains, Teknologi, & Kesehatan",Informatika,Kecerdasan Buatan & Data Science,"Buku ini dirancang sebagai panduan untuk memahami pembelajaran mesin, analisis data besar, serta otomatisasi cerdas. Dilengkapi dengan contoh kasus dan studi lapangan yang relevan.","big data, neural network, artificial intelligence, data science",Indonesia,Fisik,405,978-1-137-50606-1,2
1067,TRX002849,USR00144,BK00086,2023-04-01,2023-04-15,2023-04-17,Terlambat,16.0,Pengantar Computer Vision,drg. Yuni Uyainah,Gramedia Pustaka Utama,2022,"Fakultas Sains, Teknologi, & Kesehatan",Informatika,Kecerdasan Buatan & Data Science,"Buku ini memberikan pemahaman menyeluruh tentang jaringan saraf tiruan, kecerdasan buatan, serta prediksi berbasis data. Membantu pembaca membangun pemahaman konseptual maupun praktis.","machine learning, deep learning, kecerdasan buatan, neural network",Indonesia,E-book,193,978-0-370-98593-0,9999
1068,TRX002851,USR00246,BK01058,2025-03-12,2025-03-26,2025-03-28,Terlambat,16.0,Dasar-Dasar Manajemen Operasional,Dwi Puspita,Deepublish,2021,"Fakultas Sosial, Humaniora, & Seni",Administrasi Bisnis,Administrasi & Manajemen Bisnis,"Buku ini memberikan pemahaman menyeluruh tentang manajemen sumber daya manusia perusahaan, strategi tata kelola perusahaan, serta pengelolaan keuangan bisnis. Cocok digunakan sebagai referensi utama bagi mahasiswa dan praktisi.","operasional bisnis, manajemen keuangan, administrasi bisnis, manajemen sumber daya manusia",Indonesia,Fisik,139,978-0-9910622-7-0,1
1069,TRX002853,USR00279,BK00499,2023-03-01,2023-03-15,2023-03-19,Terlambat,18.0,Dasar-Dasar Keperawatan Dasar Edisi Terbaru,"Yani Kusmawati, S.E.I",Andi Publisher,2006,"Fakultas Sains, Teknologi, & Kesehatan",Keperawatan,Keperawatan Klinis,"Buku ini dirancang sebagai panduan untuk memahami prosedur klinis keperawatan, penanganan kondisi darurat medis, serta asuhan keperawatan pasien. Disusun dengan bahasa yang mudah dipahami untuk kalangan akademik.","keperawatan, praktik klinis, asuhan keperawatan, keperawatan medikal bedah",Indonesia,E-book,272,978-0-487-63290-1,9999
1070,TRX002855,USR00231,BK01201,2023-01-12,2023-01-26,2023-01-29,Terlambat,17.0,Psikologi Klinis: Teori dan Aplikasi,"Mutia Pudjiastuti, Tgk. Oni Purnawati",Nuha Medika,2009,"Fakultas Sosial, Humaniora, & Seni",Psikologi,Psikologi Umum & Klinis,"Buku ini menyajikan kajian komprehensif mengenai gangguan psikologis dan penanganannya, intervensi psikoterapi klinis, serta dinamika interaksi sosial manusia. Menjadi rujukan penting dalam perkuliahan dan penelitian terkait.","kepribadian, psikologi, psikologi klinis, kesehatan mental",Indonesia,Fisik,150,978-0-406-79176-4,2
1071,TRX002857,USR00063,BK00270,2023-07-30,2023-08-13,2023-08-18,Terlambat,19.0,Pengantar SQL Server Relasional Edisi Terbaru,Bakti Hardiansyah,Deepublish,2023,"Fakultas Sains, Teknologi, & Kesehatan",Informatika,Basis Data,"Buku ini memberikan pemahaman menyeluruh tentang query dan manipulasi data, normalisasi data, serta arsitektur data warehouse. Dilengkapi dengan contoh kasus dan studi lapangan yang relevan.","database, data warehouse, basis data, normalisasi",Indonesia,Fisik,494,978-1-205-06149-2,7
1072,TRX002862,USR00258,BK00164,2025-09-20,2025-10-04,2025-10-10,Terlambat,20.0,Dasar-Dasar Kriptografi,"Emin Purnawati, Puti Juli Suryono",Erlangga,2016,"Fakultas Sains, Teknologi, & Kesehatan",Informatika,Jaringan & Keamanan Siber,"Buku ini memberikan pemahaman menyeluruh tentang audit keamanan sistem, keamanan jaringan komputer, serta protokol komunikasi data. Membantu pembaca membangun pemahaman konseptual maupun praktis.","keamanan siber, cyber security, protokol jaringan, firewall",Inggris,E-book,205,978-1-287-43152-7,9999
1073,TRX002865,USR00256,BK01359,2024-08-09,2024-08-23,2024-08-26,Terlambat,17.0,Strategi Komunikasi Digital,Jelita Hartati,Pustaka Pelajar,2018,"Fakultas Sosial, Humaniora, & Seni",Ilmu Komunikasi,Jurnalistik & Media Digital,"Buku ini membahas secara mendalam tentang produksi berita di media digital, jurnalisme online kontemporer, serta etika jurnalistik di era digital. Cocok digunakan sebagai referensi utama bagi mahasiswa dan praktisi.","media digital, produksi berita, jurnalistik, konten kreator",Indonesia,Fisik,157,978-0-7152-3867-7,4
1074,TRX002868,USR00236,BK00158,2023-05-05,2023-05-19,2023-05-25,Terlambat,20.0,Membangun Ethical Hacking yang Aman,Febi Prayoga,Kencana Prenada,2009,"Fakultas Sains, Teknologi, & Kesehatan",Informatika,Jaringan & Keamanan Siber,"Buku ini memberikan pemahaman menyeluruh tentang sistem enkripsi, protokol komunikasi data, serta ancaman siber. Disusun dengan bahasa yang mudah dipahami untuk kalangan akademik.","keamanan siber, jaringan komputer, enkripsi, hacking etis",Indonesia,E-book,163,978-1-344-37575-7,9999
1075,TRX002873,USR00282,BK00868,2023-06-07,2023-06-21,2023-06-23,Terlambat,16.0,Pengantar Media Interaktif,"Farhunnisa Maryati, S.E.I",Gramedia Pustaka Utama,2017,"Fakultas Sosial, Humaniora, & Seni",Desain Komunikasi Visual,Fotografi & Multimedia,"Buku ini dirancang sebagai panduan untuk memahami animasi dan motion graphic, teknik pengambilan gambar fotografi, serta produksi konten multimedia digital. Disusun dengan bahasa yang mudah dipahami untuk kalangan akademik.","fotografi, multimedia, editing visual, motion graphic",Indonesia,E-book,174,978-0-324-40793-8,9999
1076,TRX002874,USR00248,BK01194,2024-12-12,2024-12-26,2025-01-01,Terlambat,20.0,Dasar-Dasar Psikologi Perkembangan,Indah Hariyah,Nuha Medika,2007,"Fakultas Sosial, Humaniora, & Seni",Psikologi,Psikologi Umum & Klinis,"Buku ini membahas secara mendalam tentang dinamika interaksi sosial manusia, intervensi psikoterapi klinis, serta perilaku dan proses mental manusia. Disusun dengan bahasa yang mudah dipahami untuk kalangan akademik.","kepribadian, kesehatan mental, psikologi sosial, perkembangan manusia",Indonesia,Fisik,355,978-1-895478-76-1,3
1077,TRX002875,USR00178,BK00423,2024-01-30,2024-02-13,2024-02-14,Terlambat,15.0,Studi Keselamatan dan Kesehatan Kerja di Industri Edisi Ke-2,H. Baktiadi Sihotang,UI Press,2008,"Fakultas Sains, Teknologi, & Kesehatan",Teknik Industri,Ergonomi & Rantai Pasok,"Buku ini memberikan pemahaman menyeluruh tentang pengendalian persediaan barang, analisis ergonomi tempat kerja, serta optimalisasi jaringan logistik. Cocok digunakan sebagai referensi utama bagi mahasiswa dan praktisi.","ergonomi, manajemen persediaan, rantai pasok, analisis beban kerja",Indonesia,Fisik,387,978-0-238-78003-5,2
1078,TRX002876,USR00375,BK00924,2024-05-13,2024-05-27,2024-05-28,Terlambat,15.0,Pengantar Motion Graphic,"Prayoga Hidayanto, S.Psi, Ian Januar",Erlangga,2016,"Fakultas Sosial, Humaniora, & Seni",Desain Komunikasi Visual,Fotografi & Multimedia,"Buku ini menyajikan kajian komprehensif mengenai editing visual dan videografi, teknik pengambilan gambar fotografi, serta produksi konten multimedia digital. Dilengkapi dengan contoh kasus dan studi lapangan yang relevan.","media interaktif, fotografi, multimedia, motion graphic",Indonesia,Fisik,459,978-0-8003-2963-1,5
1079,TRX002882,USR00360,BK00037,2023-01-10,2023-01-24,2023-01-26,Terlambat,16.0,Belajar Struktur Data dari Nol,"Wulan Narpati, Bakiadi Suryono, M.TI.",Andi Publisher,2005,"Fakultas Sains, Teknologi, & Kesehatan",Informatika,Pemrograman & Algoritma,"Buku ini memberikan pemahaman menyeluruh tentang efisiensi algoritma, logika pemrograman, serta pemecahan masalah komputasional. Menjadi rujukan penting dalam perkuliahan dan penelitian terkait.","java, logika komputasi, kompleksitas, coding",Indonesia,Fisik,327,978-0-343-32003-4,3
1080,TRX002885,USR00196,BK00498,2023-01-03,2023-01-17,2023-01-23,Terlambat,20.0,Panduan Keperawatan Jiwa Edisi Ke-3,"Baktianto Usamah, drg. Victoria Manullang",Andi Publisher,2020,"Fakultas Sains, Teknologi, & Kesehatan",Keperawatan,Keperawatan Klinis,"Buku ini dirancang sebagai panduan untuk memahami asuhan keperawatan pasien, komunikasi terapeutik perawat, serta manajemen perawatan pasien. Membantu pembaca membangun pemahaman konseptual maupun praktis.","keperawatan gawat darurat, asuhan keperawatan, keperawatan anak, keperawatan medikal bedah",Indonesia,Fisik,457,978-1-100-21946-2,1
1081,TRX002887,USR00114,BK01286,2024-05-16,2024-05-30,2024-06-03,Terlambat,18.0,Memahami Media Sosial dan Masyarakat Edisi Terbaru,Bakiman Ramadan,Elex Media Komputindo,2012,"Fakultas Sosial, Humaniora, & Seni",Ilmu Komunikasi,Komunikasi & Media,"Buku ini membahas secara mendalam tentang hubungan masyarakat dan citra publik, jurnalisme di era digital, serta strategi media dan publikasi. Membantu pembaca membangun pemahaman konseptual maupun praktis.","media sosial, jurnalistik, public relations, media digital",Indonesia,E-book,430,978-0-7482-0736-7,9999
1082,TRX002892,USR00080,BK00347,2023-08-31,2023-09-14,2023-09-20,Terlambat,20.0,Optimalisasi Manajemen Kualitas,dr. Garan Situmorang,Erlangga,2016,"Fakultas Sains, Teknologi, & Kesehatan",Teknik Industri,Teknik Industri & Manajemen Operasi,"Buku ini membahas secara mendalam tentang efisiensi tata letak fasilitas pabrik, manajemen kualitas dan produktivitas, serta perencanaan dan pengendalian produksi. Membantu pembaca membangun pemahaman konseptual maupun praktis.","tata letak pabrik, perencanaan produksi, six sigma, teknik industri",Indonesia,Fisik,307,978-1-908272-31-7,7
1083,TRX002899,USR00185,BK00756,2025-11-10,2025-11-24,2025-11-28,Terlambat,18.0,Keperawatan Komprehensif: Praktik Klinis Lanjutan,H. Virman Wibisono,Deepublish,2015,"Fakultas Sains, Teknologi, & Kesehatan",Profesi Ners,Keperawatan Profesi Ners,"Buku ini menyajikan kajian komprehensif mengenai etika dan profesionalisme keperawatan, residensi dan pembelajaran klinik lanjutan, serta praktik klinik keperawatan profesional. Dilengkapi dengan contoh kasus dan studi lapangan yang relevan.","evidence based practice, kompetensi ners, keperawatan komprehensif, residensi keperawatan",Inggris,E-book,341,978-0-10-225803-5,9999
1084,TRX002903,USR00150,BK01208,2023-01-07,2023-01-21,2023-01-25,Terlambat,18.0,Konsep Psikologi Kepribadian Modern Edisi Terbaru,"T. Danang Wulandari, M.Kom.",Pustaka Pelajar,2011,"Fakultas Sosial, Humaniora, & Seni",Psikologi,Psikologi Umum & Klinis,"Buku ini mengulas berbagai aspek penting dari dinamika interaksi sosial manusia, gangguan psikologis dan penanganannya, serta perkembangan kepribadian individu. Disusun dengan bahasa yang mudah dipahami untuk kalangan akademik.","perkembangan manusia, psikologi sosial, kesehatan mental, psikologi klinis",Indonesia,E-book,503,978-1-5078-9679-2,9999
1085,TRX002906,USR00150,BK01201,2023-10-25,2023-11-08,2023-11-09,Terlambat,15.0,Psikologi Klinis: Teori dan Aplikasi,"Mutia Pudjiastuti, Tgk. Oni Purnawati",Nuha Medika,2009,"Fakultas Sosial, Humaniora, & Seni",Psikologi,Psikologi Umum & Klinis,"Buku ini menyajikan kajian komprehensif mengenai gangguan psikologis dan penanganannya, intervensi psikoterapi klinis, serta dinamika interaksi sosial manusia. Menjadi rujukan penting dalam perkuliahan dan penelitian terkait.","kepribadian, psikologi, psikologi klinis, kesehatan mental",Indonesia,Fisik,150,978-0-406-79176-4,2
1086,TRX002907,USR00101,BK00358,2024-04-08,2024-04-22,2024-04-27,Terlambat,19.0,Perancangan Manajemen Kualitas Edisi Terbaru,"Padmi Utama, Tgk. Sabrina Widodo",Deepublish,2011,"Fakultas Sains, Teknologi, & Kesehatan",Teknik Industri,Teknik Industri & Manajemen Operasi,"Buku ini dirancang sebagai panduan untuk memahami optimalisasi proses produksi, perencanaan dan pengendalian produksi, serta manajemen kualitas dan produktivitas. Dilengkapi dengan contoh kasus dan studi lapangan yang relevan.","perencanaan produksi, six sigma, produktivitas, tata letak pabrik",Inggris,Fisik,403,978-1-887258-87-6,7
1087,TRX002911,USR00096,BK01222,2024-02-21,2024-03-06,2024-03-10,Terlambat,18.0,Memahami Psikologi Kepribadian Edisi Ke-2,Caket Budiyanto,Deepublish,2010,"Fakultas Sosial, Humaniora, & Seni",Psikologi,Psikologi Umum & Klinis,"Buku ini dirancang sebagai panduan untuk memahami perilaku dan proses mental manusia, dinamika interaksi sosial manusia, serta intervensi psikoterapi klinis. Dilengkapi dengan contoh kasus dan studi lapangan yang relevan.","psikologi klinis, kepribadian, kesehatan mental, psikoterapi",Indonesia,Fisik,506,978-1-4767-7537-1,1
1088,TRX002912,USR00131,BK00746,2024-10-02,2024-10-16,2024-10-22,Terlambat,20.0,Pembelajaran Klinik Keperawatan Komprehensif,"Kamal Hakim, Paiman Suwarno",PT Grasindo,2018,"Fakultas Sains, Teknologi, & Kesehatan",Profesi Ners,Keperawatan Profesi Ners,"Buku ini membahas secara mendalam tentang kompetensi ners dalam asuhan pasien, penerapan evidence-based practice, serta etika dan profesionalisme keperawatan. Menjadi rujukan penting dalam perkuliahan dan penelitian terkait.","keperawatan komprehensif, kompetensi ners, evidence based practice, residensi keperawatan",Indonesia,Fisik,538,978-0-682-77881-7,7
1089,TRX002913,USR00276,BK01356,2025-05-31,2025-06-14,2025-06-15,Terlambat,15.0,Praktik Produksi Berita,R. Jane Purnawati,Bumi Aksara,2023,"Fakultas Sosial, Humaniora, & Seni",Ilmu Komunikasi,Jurnalistik & Media Digital,"Buku ini menyajikan kajian komprehensif mengenai etika jurnalistik di era digital, produksi berita di media digital, serta strategi konten media sosial. Membantu pembaca membangun pemahaman konseptual maupun praktis.","produksi berita, media sosial, media digital, jurnalistik",Indonesia,Fisik,322,978-1-908984-36-4,4
1090,TRX002917,USR00325,BK00551,2024-08-24,2024-09-07,2024-09-08,Terlambat,15.0,Keperawatan Jiwa: Teori dan Praktik Klinis,"Anggabaya Nugroho, Ir. Satya Sihombing",Andi Publisher,2011,"Fakultas Sains, Teknologi, & Kesehatan",Keperawatan,Keperawatan Klinis,"Buku ini dirancang sebagai panduan untuk memahami penanganan kondisi darurat medis, komunikasi terapeutik perawat, serta asuhan keperawatan pasien. Membantu pembaca membangun pemahaman konseptual maupun praktis.","praktik klinis, keperawatan anak, keperawatan medikal bedah, keperawatan gawat darurat",Indonesia,Fisik,460,978-1-62467-197-5,5
1091,TRX002918,USR00152,BK00452,2023-08-09,2023-08-23,2023-08-29,Terlambat,20.0,Manajemen Logistik: Konsep dan Praktik,Karna Sihombing,Kencana Prenada,2019,"Fakultas Sains, Teknologi, & Kesehatan",Teknik Industri,Ergonomi & Rantai Pasok,"Buku ini menyajikan kajian komprehensif mengenai keselamatan dan kesehatan kerja industri, analisis ergonomi tempat kerja, serta optimalisasi jaringan logistik. Dilengkapi dengan contoh kasus dan studi lapangan yang relevan.","k3, logistik, supply chain, analisis beban kerja",Inggris,Fisik,276,978-0-503-17807-9,6
1092,TRX002922,USR00144,BK00090,2023-08-01,2023-08-15,2023-08-22,Terlambat,21.0,Konsep Dasar Computer Vision,Ika Nainggolan,Pustaka Pelajar,2010,"Fakultas Sains, Teknologi, & Kesehatan",Informatika,Kecerdasan Buatan & Data Science,"Buku ini memberikan pemahaman menyeluruh tentang jaringan saraf tiruan, otomatisasi cerdas, serta prediksi berbasis data. Disusun dengan bahasa yang mudah dipahami untuk kalangan akademik.","big data, data science, machine learning, artificial intelligence",Inggris,Fisik,528,978-1-139-00532-6,8
1093,TRX002924,USR00255,BK00757,2025-02-16,2025-03-02,2025-03-04,Terlambat,16.0,Modul Profesi Ners,Mustika Siregar,Kencana Prenada,2019,"Fakultas Sains, Teknologi, & Kesehatan",Profesi Ners,Keperawatan Profesi Ners,"Buku ini memberikan pemahaman menyeluruh tentang residensi dan pembelajaran klinik lanjutan, kompetensi ners dalam asuhan pasien, serta praktik klinik keperawatan profesional. Disusun dengan bahasa yang mudah dipahami untuk kalangan akademik.","kompetensi ners, praktik klinis ners, residensi keperawatan, keperawatan lanjutan",Indonesia,Fisik,281,978-0-674-47163-4,8
1094,TRX002925,USR00197,BK00382,2023-11-09,2023-11-23,2023-11-24,Terlambat,15.0,Dasar-Dasar Manajemen Operasi,"Gilda Wijayanti, S.T.",Alfabeta,2005,"Fakultas Sains, Teknologi, & Kesehatan",Teknik Industri,Teknik Industri & Manajemen Operasi,"Buku ini mengulas berbagai aspek penting dari perancangan sistem kerja industri, optimalisasi proses produksi, serta efisiensi tata letak fasilitas pabrik. Dilengkapi dengan contoh kasus dan studi lapangan yang relevan.","efisiensi kerja, manajemen kualitas, tata letak pabrik, six sigma",Indonesia,E-book,401,978-0-261-11780-8,9999
1095,TRX002927,USR00147,BK00956,2024-02-01,2024-02-15,2024-02-20,Terlambat,19.0,Pencahayaan Ruang: Konsep dan Aplikasi Edisi Ke-2,"Kasiyah Nugroho, Ajeng Napitupulu, M.M.",Bumi Aksara,2012,"Fakultas Sosial, Humaniora, & Seni",Desain Interior,Desain Interior & Arsitektur Ruang,"Buku ini menyajikan kajian komprehensif mengenai prinsip pencahayaan dan estetika ruang, konsep arsitektur ruang dalam modern, serta pemilihan material dan furnitur. Cocok digunakan sebagai referensi utama bagi mahasiswa dan praktisi.","furnitur, arsitektur ruang, material interior, desain interior",Indonesia,Fisik,150,978-0-09-451548-2,1
1096,TRX002932,USR00234,BK00992,2025-11-04,2025-11-18,2025-11-20,Terlambat,16.0,Pengantar Arsitektur Ruang Dalam,Mitra Pertiwi,UI Press,2020,"Fakultas Sosial, Humaniora, & Seni",Desain Interior,Desain Interior & Arsitektur Ruang,"Buku ini menyajikan kajian komprehensif mengenai pemilihan material dan furnitur, ergonomi dalam desain ruang, serta prinsip pencahayaan dan estetika ruang. Cocok digunakan sebagai referensi utama bagi mahasiswa dan praktisi.","tata ruang, ergonomi ruang, furnitur, desain interior",Indonesia,E-book,397,978-1-85138-544-7,9999
1097,TRX002935,USR00313,BK00792,2023-11-23,2023-12-07,2023-12-11,Terlambat,18.0,Kreativitas dalam Desain Grafis,Raina Hakim,Nuha Medika,2012,"Fakultas Sosial, Humaniora, & Seni",Desain Komunikasi Visual,Desain Komunikasi Visual & Ilustrasi,"Buku ini mengulas berbagai aspek penting dari proses kreatif desain grafis, strategi branding melalui visual, serta prinsip visual dan tipografi. Dilengkapi dengan contoh kasus dan studi lapangan yang relevan.","tipografi, branding, layout, ilustrasi",Indonesia,E-book,142,978-1-289-17756-0,9999
1098,TRX002937,USR00376,BK00545,2025-05-14,2025-05-28,2025-06-03,Terlambat,20.0,Panduan Keperawatan Anak Edisi Ke-3,"Joko Wulandari, S.IP",Pustaka Pelajar,2023,"Fakultas Sains, Teknologi, & Kesehatan",Keperawatan,Keperawatan Klinis,"Buku ini menyajikan kajian komprehensif mengenai komunikasi terapeutik perawat, manajemen perawatan pasien, serta prosedur klinis keperawatan. Cocok digunakan sebagai referensi utama bagi mahasiswa dan praktisi.","keperawatan, asuhan keperawatan, keperawatan anak, keperawatan gawat darurat",Indonesia,Fisik,266,978-1-81126-691-5,6
1099,TRX002940,USR00340,BK00634,2024-06-25,2024-07-09,2024-07-15,Terlambat,20.0,Panduan Farmasi Komunitas Edisi Ke-2,Oni Mayasari,Graha Ilmu,2007,"Fakultas Sains, Teknologi, & Kesehatan",Farmasi,Teknologi Farmasi & Pelayanan Kefarmasian,"Buku ini membahas secara mendalam tentang standar pelayanan farmasi profesional, pelayanan kefarmasian di rumah sakit, serta praktik farmasi klinis pasien. Menjadi rujukan penting dalam perkuliahan dan penelitian terkait.","farmasi komunitas, teknologi farmasi, compounding obat, sediaan farmasi",Indonesia,E-book,152,978-0-405-78617-4,9999
1100,TRX002943,USR00267,BK00631,2024-06-06,2024-06-20,2024-06-22,Terlambat,16.0,Pengantar Kimia Farmasi,Aisyah Nuraini,Pustaka Pelajar,2016,"Fakultas Sains, Teknologi, & Kesehatan",Farmasi,Farmakologi & Kefarmasian,"Buku ini memberikan pemahaman menyeluruh tentang efek samping dan dosis obat, pelayanan kefarmasian klinis, serta formulasi sediaan farmasi. Membantu pembaca membangun pemahaman konseptual maupun praktis.","formulasi obat, apoteker, obat, farmasi klinis",Indonesia,Fisik,232,978-1-4111-8242-4,1
1101,TRX002945,USR00202,BK01234,2025-05-14,2025-05-28,2025-05-30,Terlambat,16.0,Pengantar Psikologi Kepribadian,"Salimah Haryanto, Tgk. Wira Hakim, S.Farm",Informatika Bandung,2013,"Fakultas Sosial, Humaniora, & Seni",Psikologi,Psikologi Umum & Klinis,"Buku ini dirancang sebagai panduan untuk memahami perilaku dan proses mental manusia, gangguan psikologis dan penanganannya, serta dinamika interaksi sosial manusia. Cocok digunakan sebagai referensi utama bagi mahasiswa dan praktisi.","psikologi sosial, psikoterapi, kepribadian, psikologi",Indonesia,Fisik,370,978-1-267-05514-9,6
1102,TRX002946,USR00096,BK01003,2024-10-17,2024-10-31,2024-11-07,Terlambat,21.0,Material dan Furnitur: Konsep dan Aplikasi,"Nasrullah Sudiati, Kasusra Dongoran, M.M.",Gramedia Pustaka Utama,2014,"Fakultas Sosial, Humaniora, & Seni",Desain Interior,Desain Interior & Arsitektur Ruang,"Buku ini membahas secara mendalam tentang prinsip pencahayaan dan estetika ruang, perancangan tata ruang interior, serta konsep arsitektur ruang dalam modern. Dilengkapi dengan contoh kasus dan studi lapangan yang relevan.","desain interior, pencahayaan ruang, ergonomi ruang, arsitektur ruang",Inggris,E-book,285,978-0-460-56876-0,9999
1103,TRX002950,USR00358,BK01201,2025-12-13,2025-12-27,2026-01-01,Terlambat,19.0,Psikologi Klinis: Teori dan Aplikasi,"Mutia Pudjiastuti, Tgk. Oni Purnawati",Nuha Medika,2009,"Fakultas Sosial, Humaniora, & Seni",Psikologi,Psikologi Umum & Klinis,"Buku ini menyajikan kajian komprehensif mengenai gangguan psikologis dan penanganannya, intervensi psikoterapi klinis, serta dinamika interaksi sosial manusia. Menjadi rujukan penting dalam perkuliahan dan penelitian terkait.","kepribadian, psikologi, psikologi klinis, kesehatan mental",Indonesia,Fisik,150,978-0-406-79176-4,2
1104,TRX002955,USR00120,BK01275,2023-11-22,2023-12-06,2023-12-09,Terlambat,17.0,Strategi Media Sosial dan Masyarakat,Maya Hardiansyah,Graha Ilmu,2007,"Fakultas Sosial, Humaniora, & Seni",Ilmu Komunikasi,Komunikasi & Media,"Buku ini mengulas berbagai aspek penting dari dinamika komunikasi massa, hubungan masyarakat dan citra publik, serta pengaruh media sosial terhadap opini publik. Menjadi rujukan penting dalam perkuliahan dan penelitian terkait.","broadcasting, komunikasi interpersonal, media digital, media sosial",Indonesia,E-book,259,978-0-672-00784-2,9999
1105,TRX002956,USR00059,BK01302,2025-04-16,2025-04-30,2025-05-02,Terlambat,16.0,Dasar-Dasar Media Sosial dan Masyarakat,"Elon Prasasta, S.Sos",Salemba Empat,2006,"Fakultas Sosial, Humaniora, & Seni",Ilmu Komunikasi,Komunikasi & Media,"Buku ini membahas secara mendalam tentang strategi media dan publikasi, hubungan masyarakat dan citra publik, serta dinamika komunikasi massa. Membantu pembaca membangun pemahaman konseptual maupun praktis.","broadcasting, komunikasi interpersonal, public relations, media digital",Inggris,Fisik,316,978-1-158-48266-5,6
1106,TRX002957,USR00058,BK00976,2025-06-21,2025-07-05,2025-07-10,Terlambat,19.0,Desain Interior: Konsep dan Aplikasi,"Salsabila Rahmawati, Darman Sudiati",Informatika Bandung,2011,"Fakultas Sosial, Humaniora, & Seni",Desain Interior,Desain Interior & Arsitektur Ruang,"Buku ini dirancang sebagai panduan untuk memahami konsep arsitektur ruang dalam modern, pemilihan material dan furnitur, serta ergonomi dalam desain ruang. Dilengkapi dengan contoh kasus dan studi lapangan yang relevan.","arsitektur ruang, desain interior, tata ruang, pencahayaan ruang",Indonesia,Fisik,229,978-0-555-80996-9,7
1107,TRX002963,USR00110,BK00994,2025-05-10,2025-05-24,2025-05-28,Terlambat,18.0,Pengantar Arsitektur Ruang Dalam Edisi Revisi,"Dt. Pardi Suryono, M.Pd",Deepublish,2016,"Fakultas Sosial, Humaniora, & Seni",Desain Interior,Desain Interior & Arsitektur Ruang,"Buku ini membahas secara mendalam tentang konsep arsitektur ruang dalam modern, prinsip pencahayaan dan estetika ruang, serta ergonomi dalam desain ruang. Menjadi rujukan penting dalam perkuliahan dan penelitian terkait.","pencahayaan ruang, ergonomi ruang, furnitur, material interior",Indonesia,Fisik,250,978-0-682-69116-1,5
1108,TRX002967,USR00199,BK00554,2025-12-10,2025-12-24,2025-12-25,Terlambat,15.0,Dasar-Dasar Keperawatan Maternitas,"Ir. Ganep Wibowo, S.IP",Informatika Bandung,2022,"Fakultas Sains, Teknologi, & Kesehatan",Keperawatan,Keperawatan Klinis,"Buku ini dirancang sebagai panduan untuk memahami manajemen perawatan pasien, prosedur klinis keperawatan, serta penanganan kondisi darurat medis. Dilengkapi dengan contoh kasus dan studi lapangan yang relevan.","keperawatan, asuhan keperawatan, keperawatan anak, keperawatan gawat darurat",Inggris,Fisik,457,978-1-56503-334-4,6
1109,TRX002968,USR00346,BK00897,2025-05-16,2025-05-30,2025-06-04,Terlambat,19.0,Kreativitas dalam Media Interaktif,"Praba Dabukke, Tari Oktaviani",Salemba Empat,2014,"Fakultas Sosial, Humaniora, & Seni",Desain Komunikasi Visual,Fotografi & Multimedia,"Buku ini mengulas berbagai aspek penting dari desain media interaktif, teknik pengambilan gambar fotografi, serta editing visual dan videografi. Cocok digunakan sebagai referensi utama bagi mahasiswa dan praktisi.","motion graphic, multimedia, editing visual, videografi",Inggris,E-book,141,978-1-01-864876-7,9999
1110,TRX002970,USR00325,BK00500,2023-04-17,2023-05-01,2023-05-07,Terlambat,20.0,Dasar-Dasar Keperawatan Anak,R. Tina Mandasari,Pustaka Pelajar,2009,"Fakultas Sains, Teknologi, & Kesehatan",Keperawatan,Keperawatan Klinis,"Buku ini dirancang sebagai panduan untuk memahami penanganan kondisi darurat medis, manajemen perawatan pasien, serta komunikasi terapeutik perawat. Menjadi rujukan penting dalam perkuliahan dan penelitian terkait.","keperawatan, asuhan keperawatan, keperawatan medikal bedah, praktik klinis",Indonesia,E-book,300,978-1-56083-318-5,9999
1111,TRX002971,USR00014,BK01292,2024-09-17,2024-10-01,2024-10-08,Terlambat,21.0,Dasar-Dasar Komunikasi Interpersonal,"Puti Wastuti, M.TI., Ir. Julia Hartati",Salemba Empat,2018,"Fakultas Sosial, Humaniora, & Seni",Ilmu Komunikasi,Komunikasi & Media,"Buku ini menyajikan kajian komprehensif mengenai strategi media dan publikasi, pengaruh media sosial terhadap opini publik, serta jurnalisme di era digital. Dilengkapi dengan contoh kasus dan studi lapangan yang relevan.","komunikasi massa, media sosial, public relations, jurnalistik",Indonesia,Fisik,350,978-0-7629-7454-2,7
1112,TRX002972,USR00188,BK01153,2023-01-09,2023-01-23,2023-01-24,Terlambat,15.0,Dasar-Dasar Kewirausahaan Edisi Ke-2,"T. Darsirah Permadi, S.Gz, Mahmud Puspita, S.Ked",Erlangga,2011,"Fakultas Sosial, Humaniora, & Seni",Administrasi Bisnis,Kewirausahaan & Pemasaran Bisnis,"Buku ini memberikan pemahaman menyeluruh tentang perencanaan strategi pemasaran, manajemen pemasaran produk dan jasa, serta pengembangan bisnis digital. Cocok digunakan sebagai referensi utama bagi mahasiswa dan praktisi.","e-commerce, strategi pemasaran, kewirausahaan, startup",Inggris,Fisik,202,978-0-7003-3228-1,1
1113,TRX002986,USR00091,BK01003,2023-10-30,2023-11-13,2023-11-16,Terlambat,17.0,Material dan Furnitur: Konsep dan Aplikasi,"Nasrullah Sudiati, Kasusra Dongoran, M.M.",Gramedia Pustaka Utama,2014,"Fakultas Sosial, Humaniora, & Seni",Desain Interior,Desain Interior & Arsitektur Ruang,"Buku ini membahas secara mendalam tentang prinsip pencahayaan dan estetika ruang, perancangan tata ruang interior, serta konsep arsitektur ruang dalam modern. Dilengkapi dengan contoh kasus dan studi lapangan yang relevan.","desain interior, pencahayaan ruang, ergonomi ruang, arsitektur ruang",Inggris,E-book,285,978-0-460-56876-0,9999
1114,TRX002990,USR00262,BK00962,2024-08-05,2024-08-19,2024-08-23,Terlambat,18.0,Desain Interior: Konsep dan Aplikasi Edisi Revisi,Dr. Clara Latupono,Salemba Empat,2018,"Fakultas Sosial, Humaniora, & Seni",Desain Interior,Desain Interior & Arsitektur Ruang,"Buku ini memberikan pemahaman menyeluruh tentang pemilihan material dan furnitur, ergonomi dalam desain ruang, serta konsep arsitektur ruang dalam modern. Menjadi rujukan penting dalam perkuliahan dan penelitian terkait.","pencahayaan ruang, tata ruang, material interior, ergonomi ruang",Indonesia,Fisik,419,978-0-12-590203-8,1
1115,TRX002995,USR00302,BK00090,2023-12-02,2023-12-16,2023-12-21,Terlambat,19.0,Konsep Dasar Computer Vision,Ika Nainggolan,Pustaka Pelajar,2010,"Fakultas Sains, Teknologi, & Kesehatan",Informatika,Kecerdasan Buatan & Data Science,"Buku ini memberikan pemahaman menyeluruh tentang jaringan saraf tiruan, otomatisasi cerdas, serta prediksi berbasis data. Disusun dengan bahasa yang mudah dipahami untuk kalangan akademik.","big data, data science, machine learning, artificial intelligence",Inggris,Fisik,528,978-1-139-00532-6,8
1116,TRX002998,USR00032,BK00724,2025-10-10,2025-10-24,2025-10-27,Terlambat,17.0,Pembelajaran Klinik Keperawatan Berbasis Bukti,Sabrina Hasanah,Informatika Bandung,2023,"Fakultas Sains, Teknologi, & Kesehatan",Profesi Ners,Keperawatan Profesi Ners,"Buku ini menyajikan kajian komprehensif mengenai etika dan profesionalisme keperawatan, praktik klinik keperawatan profesional, serta residensi dan pembelajaran klinik lanjutan. Disusun dengan bahasa yang mudah dipahami untuk kalangan akademik.","profesi ners, evidence based practice, keperawatan lanjutan, kompetensi ners",Inggris,E-book,501,978-1-209-54814-2,9999
1117,TRX003003,USR00329,BK01078,2024-07-15,2024-07-29,2024-08-02,Terlambat,18.0,Manajemen Manajemen Keuangan,Respati Suartini,Elex Media Komputindo,2023,"Fakultas Sosial, Humaniora, & Seni",Administrasi Bisnis,Administrasi & Manajemen Bisnis,"Buku ini memberikan pemahaman menyeluruh tentang strategi tata kelola perusahaan, administrasi dan operasional bisnis, serta pengelolaan keuangan bisnis. Cocok digunakan sebagai referensi utama bagi mahasiswa dan praktisi.","manajemen bisnis, manajemen sumber daya manusia, operasional bisnis, manajemen keuangan",Indonesia,Fisik,481,978-1-83749-079-0,5
1118,TRX003005,USR00090,BK01326,2025-04-19,2025-05-03,2025-05-06,Terlambat,17.0,Dasar-Dasar Produksi Berita,"Tgk. Icha Gunarto, S.IP",Elex Media Komputindo,2020,"Fakultas Sosial, Humaniora, & Seni",Ilmu Komunikasi,Jurnalistik & Media Digital,"Buku ini dirancang sebagai panduan untuk memahami komunikasi digital dan audiens, strategi konten media sosial, serta produksi berita di media digital. Disusun dengan bahasa yang mudah dipahami untuk kalangan akademik.","media sosial, produksi berita, jurnalistik, konten kreator",Inggris,E-book,458,978-1-80873-543-1,9999
1119,TRX003007,USR00098,BK00375,2023-12-22,2024-01-05,2024-01-10,Terlambat,19.0,Manajemen Kualitas: Teori dan Aplikasi Edisi Revisi,"Mila Najmudin, R. Ratih Pradana",UI Press,2016,"Fakultas Sains, Teknologi, & Kesehatan",Teknik Industri,Teknik Industri & Manajemen Operasi,"Buku ini membahas secara mendalam tentang perancangan sistem kerja industri, manajemen kualitas dan produktivitas, serta optimalisasi proses produksi. Menjadi rujukan penting dalam perkuliahan dan penelitian terkait.","six sigma, produktivitas, efisiensi kerja, manajemen kualitas",Inggris,Fisik,148,978-1-386-63227-6,3
1120,TRX003011,USR00246,BK01077,2025-08-19,2025-09-02,2025-09-09,Terlambat,21.0,Tata Kelola Perusahaan: Teori dan Praktik,Citra Mansur,Rajawali Pers,2009,"Fakultas Sosial, Humaniora, & Seni",Administrasi Bisnis,Administrasi & Manajemen Bisnis,"Buku ini mengulas berbagai aspek penting dari administrasi dan operasional bisnis, efisiensi operasional organisasi bisnis, serta strategi tata kelola perusahaan. Cocok digunakan sebagai referensi utama bagi mahasiswa dan praktisi.","administrasi bisnis, manajemen bisnis, operasional bisnis, manajemen sumber daya manusia",Indonesia,E-book,356,978-0-89218-785-0,9999
1121,TRX003015,USR00029,BK01202,2023-02-24,2023-03-10,2023-03-15,Terlambat,19.0,Dasar-Dasar Psikologi Kepribadian Edisi Revisi,Iriana Lazuardi,Erlangga,2010,"Fakultas Sosial, Humaniora, & Seni",Psikologi,Psikologi Umum & Klinis,"Buku ini membahas secara mendalam tentang intervensi psikoterapi klinis, perilaku dan proses mental manusia, serta gangguan psikologis dan penanganannya. Menjadi rujukan penting dalam perkuliahan dan penelitian terkait.","psikologi sosial, kesehatan mental, perkembangan manusia, psikoterapi",Indonesia,Fisik,435,978-0-15-001418-8,8
1122,TRX003017,USR00286,BK00336,2025-07-10,2025-07-24,2025-07-30,Terlambat,20.0,Teknik Industri: Teori dan Aplikasi,Kemal Riyanti,Salemba Empat,2013,"Fakultas Sains, Teknologi, & Kesehatan",Teknik Industri,Teknik Industri & Manajemen Operasi,"Buku ini membahas secara mendalam tentang efisiensi tata letak fasilitas pabrik, optimalisasi proses produksi, serta perencanaan dan pengendalian produksi. Cocok digunakan sebagai referensi utama bagi mahasiswa dan praktisi.","produktivitas, efisiensi kerja, manajemen operasi, teknik industri",Inggris,Fisik,476,978-0-435-36822-7,5
1123,TRX003020,USR00348,BK00697,2024-01-09,2024-01-23,2024-01-24,Terlambat,15.0,Teknologi Farmasi Komunitas,Ulya Sitompul,Alfabeta,2015,"Fakultas Sains, Teknologi, & Kesehatan",Farmasi,Teknologi Farmasi & Pelayanan Kefarmasian,"Buku ini membahas secara mendalam tentang standar pelayanan farmasi profesional, manajemen obat dan compounding, serta pelayanan kefarmasian di rumah sakit. Cocok digunakan sebagai referensi utama bagi mahasiswa dan praktisi.","pelayanan kefarmasian, farmasi rumah sakit, compounding obat, farmasi komunitas",Indonesia,Fisik,265,978-1-5086-4035-6,1
1124,TRX003022,USR00250,BK00905,2025-08-09,2025-08-23,2025-08-26,Terlambat,17.0,Fotografi Digital: Konsep dan Praktik,"Gamani Pertiwi, Yance Zulaika",Salemba Empat,2012,"Fakultas Sosial, Humaniora, & Seni",Desain Komunikasi Visual,Fotografi & Multimedia,"Buku ini dirancang sebagai panduan untuk memahami editing visual dan videografi, produksi konten multimedia digital, serta desain media interaktif. Disusun dengan bahasa yang mudah dipahami untuk kalangan akademik.","videografi, multimedia, media interaktif, editing visual",Indonesia,Fisik,543,978-0-642-05955-0,0
1125,TRX003024,USR00184,BK00097,2023-02-10,2023-02-24,2023-02-25,Terlambat,15.0,Konsep Dasar Natural Language Processing Edisi Terbaru,"Dr. Lalita Agustina, S.IP",Salemba Empat,2008,"Fakultas Sains, Teknologi, & Kesehatan",Informatika,Kecerdasan Buatan & Data Science,"Buku ini dirancang sebagai panduan untuk memahami pembelajaran mesin, otomatisasi cerdas, serta jaringan saraf tiruan. Cocok digunakan sebagai referensi utama bagi mahasiswa dan praktisi.","big data, deep learning, neural network, data mining",Indonesia,Fisik,202,978-1-5452-7111-7,5
1126,TRX003025,USR00205,BK00899,2024-01-15,2024-01-29,2024-02-01,Terlambat,17.0,Videografi: Konsep dan Praktik,"Prasetya Namaga, Jessica Pertiwi",Deepublish,2018,"Fakultas Sosial, Humaniora, & Seni",Desain Komunikasi Visual,Fotografi & Multimedia,"Buku ini mengulas berbagai aspek penting dari produksi konten multimedia digital, animasi dan motion graphic, serta editing visual dan videografi. Cocok digunakan sebagai referensi utama bagi mahasiswa dan praktisi.","media interaktif, videografi, fotografi, motion graphic",Inggris,E-book,175,978-0-945449-01-0,9999
1127,TRX003028,USR00111,BK01024,2025-06-22,2025-07-06,2025-07-11,Terlambat,19.0,Dasar-Dasar Material dan Furnitur,"Reksa Mandala, M.M.",Erlangga,2009,"Fakultas Sosial, Humaniora, & Seni",Desain Interior,Desain Interior & Arsitektur Ruang,"Buku ini mengulas berbagai aspek penting dari konsep arsitektur ruang dalam modern, perancangan tata ruang interior, serta ergonomi dalam desain ruang. Disusun dengan bahasa yang mudah dipahami untuk kalangan akademik.","tata ruang, arsitektur ruang, desain interior, furnitur",Indonesia,Fisik,143,978-0-334-45056-6,8
1128,TRX003031,USR00170,BK00170,2024-04-04,2024-04-18,2024-04-23,Terlambat,19.0,Pengantar Kriptografi,Puti Almira Pudjiastuti,Salemba Empat,2011,"Fakultas Sains, Teknologi, & Kesehatan",Informatika,Jaringan & Keamanan Siber,"Buku ini menyajikan kajian komprehensif mengenai ancaman siber, protokol komunikasi data, serta audit keamanan sistem. Cocok digunakan sebagai referensi utama bagi mahasiswa dan praktisi.","hacking etis, protokol jaringan, enkripsi, cyber security",Indonesia,Fisik,174,978-0-258-71397-6,2
1129,TRX003036,USR00331,BK00977,2023-05-25,2023-06-08,2023-06-11,Terlambat,17.0,Dasar-Dasar Arsitektur Ruang Dalam Edisi Ke-2,"Mariadi Pradana, Jamil Nainggolan",Alfabeta,2016,"Fakultas Sosial, Humaniora, & Seni",Desain Interior,Desain Interior & Arsitektur Ruang,"Buku ini membahas secara mendalam tentang ergonomi dalam desain ruang, prinsip pencahayaan dan estetika ruang, serta konsep arsitektur ruang dalam modern. Dilengkapi dengan contoh kasus dan studi lapangan yang relevan.","arsitektur ruang, furnitur, material interior, desain interior",Indonesia,Fisik,194,978-0-461-56262-0,4
1130,TRX003037,USR00165,BK00554,2024-09-03,2024-09-17,2024-09-21,Terlambat,18.0,Dasar-Dasar Keperawatan Maternitas,"Ir. Ganep Wibowo, S.IP",Informatika Bandung,2022,"Fakultas Sains, Teknologi, & Kesehatan",Keperawatan,Keperawatan Klinis,"Buku ini dirancang sebagai panduan untuk memahami manajemen perawatan pasien, prosedur klinis keperawatan, serta penanganan kondisi darurat medis. Dilengkapi dengan contoh kasus dan studi lapangan yang relevan.","keperawatan, asuhan keperawatan, keperawatan anak, keperawatan gawat darurat",Inggris,Fisik,457,978-1-56503-334-4,6
1131,TRX003038,USR00146,BK00396,2023-07-14,2023-07-28,2023-07-31,Terlambat,17.0,Dasar-Dasar Manajemen Logistik,Harto Prasasta,Erlangga,2010,"Fakultas Sains, Teknologi, & Kesehatan",Teknik Industri,Ergonomi & Rantai Pasok,"Buku ini membahas secara mendalam tentang analisis ergonomi tempat kerja, manajemen rantai pasok dan distribusi, serta optimalisasi jaringan logistik. Dilengkapi dengan contoh kasus dan studi lapangan yang relevan.","supply chain, analisis beban kerja, manajemen persediaan, logistik",Inggris,Fisik,203,978-0-9792513-2-0,7
1132,TRX003040,USR00090,BK01350,2025-12-04,2025-12-18,2025-12-21,Terlambat,17.0,Produksi Berita di Era Digital Edisi Ke-3,"Vinsen Nashiruddin, Aditya Marpaung",Informatika Bandung,2023,"Fakultas Sosial, Humaniora, & Seni",Ilmu Komunikasi,Jurnalistik & Media Digital,"Buku ini menyajikan kajian komprehensif mengenai jurnalisme online kontemporer, strategi konten media sosial, serta komunikasi digital dan audiens. Membantu pembaca membangun pemahaman konseptual maupun praktis.","media sosial, produksi berita, konten kreator, media digital",Indonesia,E-book,512,978-1-9821-3486-0,9999
1133,TRX003043,USR00031,BK00704,2025-10-12,2025-10-26,2025-10-27,Terlambat,15.0,Dasar Pelayanan Kefarmasian,Diana Halimah,UI Press,2011,"Fakultas Sains, Teknologi, & Kesehatan",Farmasi,Teknologi Farmasi & Pelayanan Kefarmasian,"Buku ini mengulas berbagai aspek penting dari praktik farmasi klinis pasien, teknologi pembuatan sediaan obat, serta manajemen obat dan compounding. Dilengkapi dengan contoh kasus dan studi lapangan yang relevan.","compounding obat, farmasi rumah sakit, sediaan farmasi, teknologi farmasi",Indonesia,Fisik,345,978-0-300-85766-5,1
1134,TRX003044,USR00333,BK01290,2023-12-10,2023-12-24,2023-12-28,Terlambat,18.0,Dasar-Dasar Komunikasi Massa Edisi Ke-2,"Praba Salahudin, S.Farm, Malik Haryanto",Bumi Aksara,2013,"Fakultas Sosial, Humaniora, & Seni",Ilmu Komunikasi,Komunikasi & Media,"Buku ini menyajikan kajian komprehensif mengenai hubungan masyarakat dan citra publik, strategi media dan publikasi, serta dinamika komunikasi massa. Membantu pembaca membangun pemahaman konseptual maupun praktis.","komunikasi massa, jurnalistik, broadcasting, komunikasi interpersonal",Indonesia,Fisik,272,978-1-60250-826-2,7
1135,TRX003045,USR00261,BK01073,2024-01-02,2024-01-16,2024-01-17,Terlambat,15.0,Tata Kelola Perusahaan: Teori dan Praktik,Diana Winarno,Bumi Aksara,2012,"Fakultas Sosial, Humaniora, & Seni",Administrasi Bisnis,Administrasi & Manajemen Bisnis,"Buku ini memberikan pemahaman menyeluruh tentang strategi tata kelola perusahaan, pengelolaan keuangan bisnis, serta manajemen sumber daya manusia perusahaan. Menjadi rujukan penting dalam perkuliahan dan penelitian terkait.","operasional bisnis, tata kelola perusahaan, manajemen sumber daya manusia, manajemen keuangan",Indonesia,Fisik,269,978-1-991537-03-4,3
1136,TRX003050,USR00266,BK00813,2023-08-24,2023-09-07,2023-09-14,Terlambat,21.0,Kreativitas dalam Tipografi,Ina Mardhiyah,Bumi Aksara,2008,"Fakultas Sosial, Humaniora, & Seni",Desain Komunikasi Visual,Desain Komunikasi Visual & Ilustrasi,"Buku ini dirancang sebagai panduan untuk memahami proses kreatif desain grafis, ilustrasi dan komposisi gambar, serta strategi branding melalui visual. Dilengkapi dengan contoh kasus dan studi lapangan yang relevan.","seni rupa, branding, tipografi, desain komunikasi visual",Indonesia,Fisik,426,978-1-76655-868-4,5
1137,TRX003051,USR00232,BK00142,2024-10-08,2024-10-22,2024-10-29,Terlambat,21.0,Pengantar Keamanan Informasi Edisi Revisi,"Gaman Prasetyo, Padma Suryono",Rajawali Pers,2020,"Fakultas Sains, Teknologi, & Kesehatan",Informatika,Jaringan & Keamanan Siber,"Buku ini mengulas berbagai aspek penting dari protokol komunikasi data, sistem enkripsi, serta proteksi data digital. Cocok digunakan sebagai referensi utama bagi mahasiswa dan praktisi.","kriptografi, enkripsi, cyber security, hacking etis",Indonesia,Fisik,163,978-1-384-24981-0,1
1138,TRX003054,USR00313,BK00091,2023-10-16,2023-10-30,2023-11-03,Terlambat,18.0,Pengantar Natural Language Processing,"Drs. Danang Hidayat, M.Pd",Informatika Bandung,2019,"Fakultas Sains, Teknologi, & Kesehatan",Informatika,Kecerdasan Buatan & Data Science,"Buku ini mengulas berbagai aspek penting dari kecerdasan buatan, otomatisasi cerdas, serta analisis data besar. Disusun dengan bahasa yang mudah dipahami untuk kalangan akademik.","data science, neural network, data mining, big data",Indonesia,E-book,347,978-0-352-90422-5,9999
1139,TRX003056,USR00357,BK00985,2023-01-12,2023-01-26,2023-01-29,Terlambat,17.0,Tata Ruang: Konsep dan Aplikasi Edisi Ke-3,"Cayadi Hutasoit, R. Budi Maulana",PT Grasindo,2008,"Fakultas Sosial, Humaniora, & Seni",Desain Interior,Desain Interior & Arsitektur Ruang,"Buku ini mengulas berbagai aspek penting dari ergonomi dalam desain ruang, prinsip pencahayaan dan estetika ruang, serta konsep arsitektur ruang dalam modern. Cocok digunakan sebagai referensi utama bagi mahasiswa dan praktisi.","ergonomi ruang, furnitur, tata ruang, material interior",Indonesia,E-book,431,978-1-4579-3897-9,9999
1140,TRX003059,USR00023,BK01374,2023-02-08,2023-02-22,2023-02-26,Terlambat,18.0,Strategi Content Creation,Lukita Mustofa,Bumi Aksara,2008,"Fakultas Sosial, Humaniora, & Seni",Ilmu Komunikasi,Jurnalistik & Media Digital,"Buku ini membahas secara mendalam tentang strategi konten media sosial, produksi berita di media digital, serta komunikasi digital dan audiens. Disusun dengan bahasa yang mudah dipahami untuk kalangan akademik.","media sosial, komunikasi digital, media digital, jurnalistik",Indonesia,Fisik,274,978-0-452-38885-7,1
1141,TRX003060,USR00018,BK01322,2025-04-28,2025-05-12,2025-05-14,Terlambat,16.0,Pengantar Media Sosial,Ulva Gunarto,Graha Ilmu,2015,"Fakultas Sosial, Humaniora, & Seni",Ilmu Komunikasi,Jurnalistik & Media Digital,"Buku ini menyajikan kajian komprehensif mengenai produksi berita di media digital, strategi konten media sosial, serta jurnalisme online kontemporer. Cocok digunakan sebagai referensi utama bagi mahasiswa dan praktisi.","media sosial, konten kreator, media digital, produksi berita",Indonesia,E-book,141,978-0-537-66608-5,9999
1142,TRX003061,USR00296,BK00787,2025-04-04,2025-04-18,2025-04-21,Terlambat,17.0,Pengantar Desain Grafis Edisi Revisi,Michelle Megantara,Alfabeta,2012,"Fakultas Sosial, Humaniora, & Seni",Desain Komunikasi Visual,Desain Komunikasi Visual & Ilustrasi,"Buku ini memberikan pemahaman menyeluruh tentang proses kreatif desain grafis, strategi branding melalui visual, serta estetika dalam karya seni rupa. Cocok digunakan sebagai referensi utama bagi mahasiswa dan praktisi.","layout, seni rupa, branding, tipografi",Indonesia,E-book,132,978-0-330-21260-1,9999
1143,TRX003064,USR00358,BK01142,2024-12-01,2024-12-15,2024-12-18,Terlambat,17.0,Dasar-Dasar Kewirausahaan,"Tgk. Nalar Nababan, S.E.I",Rajawali Pers,2016,"Fakultas Sosial, Humaniora, & Seni",Administrasi Bisnis,Kewirausahaan & Pemasaran Bisnis,"Buku ini mengulas berbagai aspek penting dari pengembangan bisnis digital, membangun bisnis rintisan startup, serta manajemen pemasaran produk dan jasa. Cocok digunakan sebagai referensi utama bagi mahasiswa dan praktisi.","startup, bisnis digital, manajemen pemasaran, pemasaran",Indonesia,Fisik,462,978-0-9933797-0-3,8
1144,TRX003065,USR00311,BK00469,2025-01-12,2025-01-26,2025-01-29,Terlambat,17.0,Studi Rantai Pasok di Industri,Kezia Fujiati,Graha Ilmu,2017,"Fakultas Sains, Teknologi, & Kesehatan",Teknik Industri,Ergonomi & Rantai Pasok,"Buku ini menyajikan kajian komprehensif mengenai analisis ergonomi tempat kerja, pengendalian persediaan barang, serta manajemen rantai pasok dan distribusi. Cocok digunakan sebagai referensi utama bagi mahasiswa dan praktisi.","distribusi, ergonomi, rantai pasok, manajemen persediaan",Indonesia,Fisik,228,978-0-7238-6562-9,7
1145,TRX003066,USR00097,BK00542,2025-09-03,2025-09-17,2025-09-21,Terlambat,18.0,Keperawatan Jiwa: Teori dan Praktik Klinis Edisi Terbaru,"Dr. Karimah Rahmawati, S.E.",PT Grasindo,2023,"Fakultas Sains, Teknologi, & Kesehatan",Keperawatan,Keperawatan Klinis,"Buku ini menyajikan kajian komprehensif mengenai penanganan kondisi darurat medis, asuhan keperawatan pasien, serta manajemen perawatan pasien. Cocok digunakan sebagai referensi utama bagi mahasiswa dan praktisi.","asuhan keperawatan, keperawatan, keperawatan medikal bedah, praktik klinis",Inggris,E-book,139,978-0-256-63836-3,9999
1146,TRX003070,USR00191,BK01184,2023-07-20,2023-08-03,2023-08-04,Terlambat,15.0,Dasar-Dasar Psikologi Kepribadian,"Maimunah Latupono, S.IP",Gramedia Pustaka Utama,2021,"Fakultas Sosial, Humaniora, & Seni",Psikologi,Psikologi Umum & Klinis,"Buku ini dirancang sebagai panduan untuk memahami dinamika interaksi sosial manusia, gangguan psikologis dan penanganannya, serta perkembangan kepribadian individu. Menjadi rujukan penting dalam perkuliahan dan penelitian terkait.","psikologi klinis, kepribadian, psikologi, psikoterapi",Inggris,Fisik,519,978-0-299-07756-3,7
1147,TRX003072,USR00076,BK00210,2023-12-04,2023-12-18,2023-12-24,Terlambat,20.0,Ethical Hacking: Prinsip dan Praktik,Ciaobella Sihombing,Andi Publisher,2006,"Fakultas Sains, Teknologi, & Kesehatan",Informatika,Jaringan & Keamanan Siber,"Buku ini memberikan pemahaman menyeluruh tentang protokol komunikasi data, audit keamanan sistem, serta keamanan jaringan komputer. Menjadi rujukan penting dalam perkuliahan dan penelitian terkait.","jaringan komputer, hacking etis, protokol jaringan, keamanan siber",Indonesia,E-book,280,978-0-12-545738-5,9999
1148,TRX003073,USR00065,BK00616,2023-05-24,2023-06-07,2023-06-09,Terlambat,16.0,Dasar Farmasetika,"Sutan Teguh Sihombing, S.Pt",Andi Publisher,2021,"Fakultas Sains, Teknologi, & Kesehatan",Farmasi,Farmakologi & Kefarmasian,"Buku ini memberikan pemahaman menyeluruh tentang mekanisme kerja obat, pelayanan kefarmasian klinis, serta formulasi sediaan farmasi. Cocok digunakan sebagai referensi utama bagi mahasiswa dan praktisi.","farmakologi, formulasi obat, obat, farmasi klinis",Indonesia,Fisik,286,978-1-62884-318-7,5
1149,TRX003075,USR00252,BK01376,2025-06-03,2025-06-17,2025-06-18,Terlambat,15.0,Dasar-Dasar Komunikasi Digital Edisi Ke-3,Zelda Marbun,Nuha Medika,2012,"Fakultas Sosial, Humaniora, & Seni",Ilmu Komunikasi,Jurnalistik & Media Digital,"Buku ini menyajikan kajian komprehensif mengenai etika jurnalistik di era digital, produksi berita di media digital, serta jurnalisme online kontemporer. Cocok digunakan sebagai referensi utama bagi mahasiswa dan praktisi.","komunikasi digital, jurnalistik, media digital, media sosial",Indonesia,Fisik,540,978-1-58548-596-3,6
1150,TRX003077,USR00215,BK01232,2025-06-26,2025-07-10,2025-07-12,Terlambat,16.0,Dasar-Dasar Psikologi Sosial,T. Jamil Waskita,Salemba Empat,2017,"Fakultas Sosial, Humaniora, & Seni",Psikologi,Psikologi Umum & Klinis,"Buku ini mengulas berbagai aspek penting dari perkembangan kepribadian individu, intervensi psikoterapi klinis, serta dinamika interaksi sosial manusia. Dilengkapi dengan contoh kasus dan studi lapangan yang relevan.","perkembangan manusia, psikoterapi, psikologi, psikologi klinis",Inggris,E-book,410,978-1-4128-3337-0,9999
1151,TRX003078,USR00118,BK01266,2025-04-24,2025-05-08,2025-05-11,Terlambat,17.0,Dasar-Dasar Jurnalistik,"Puspa Wahyuni, Cinthia Waskita",UI Press,2006,"Fakultas Sosial, Humaniora, & Seni",Ilmu Komunikasi,Komunikasi & Media,"Buku ini membahas secara mendalam tentang jurnalisme di era digital, dinamika komunikasi massa, serta pengaruh media sosial terhadap opini publik. Menjadi rujukan penting dalam perkuliahan dan penelitian terkait.","komunikasi massa, media sosial, public relations, komunikasi interpersonal",Indonesia,Fisik,475,978-1-61540-211-3,3
1152,TRX003082,USR00334,BK01194,2025-08-18,2025-09-01,2025-09-04,Terlambat,17.0,Dasar-Dasar Psikologi Perkembangan,Indah Hariyah,Nuha Medika,2007,"Fakultas Sosial, Humaniora, & Seni",Psikologi,Psikologi Umum & Klinis,"Buku ini membahas secara mendalam tentang dinamika interaksi sosial manusia, intervensi psikoterapi klinis, serta perilaku dan proses mental manusia. Disusun dengan bahasa yang mudah dipahami untuk kalangan akademik.","kepribadian, kesehatan mental, psikologi sosial, perkembangan manusia",Indonesia,Fisik,355,978-1-895478-76-1,3
1153,TRX003084,USR00158,BK01080,2025-03-13,2025-03-27,2025-04-02,Terlambat,20.0,Pengantar Manajemen Sumber Daya Manusia,"R. Bella Zulaika, S.I.Kom, Xanana Saefullah",Informatika Bandung,2023,"Fakultas Sosial, Humaniora, & Seni",Administrasi Bisnis,Administrasi & Manajemen Bisnis,"Buku ini menyajikan kajian komprehensif mengenai administrasi dan operasional bisnis, efisiensi operasional organisasi bisnis, serta manajemen sumber daya manusia perusahaan. Menjadi rujukan penting dalam perkuliahan dan penelitian terkait.","manajemen sumber daya manusia, manajemen keuangan, manajemen bisnis, tata kelola perusahaan",Inggris,E-book,545,978-0-9762637-4-6,9999
1154,TRX003087,USR00267,BK00656,2024-06-11,2024-06-25,2024-06-29,Terlambat,18.0,Pengantar Teknologi Sediaan Farmasi,"Upik Pangestu, S.Pt, Fitriani Widiastuti",Nuha Medika,2016,"Fakultas Sains, Teknologi, & Kesehatan",Farmasi,Teknologi Farmasi & Pelayanan Kefarmasian,"Buku ini dirancang sebagai panduan untuk memahami pelayanan kefarmasian di rumah sakit, manajemen obat dan compounding, serta teknologi pembuatan sediaan obat. Disusun dengan bahasa yang mudah dipahami untuk kalangan akademik.","compounding obat, farmasi komunitas, pelayanan kefarmasian, farmasi rumah sakit",Indonesia,Fisik,547,978-1-959959-46-5,6
1155,TRX003089,USR00094,BK00161,2025-02-26,2025-03-12,2025-03-15,Terlambat,17.0,Pengantar Keamanan Siber Edisi Revisi,Balangga Susanti,Salemba Empat,2022,"Fakultas Sains, Teknologi, & Kesehatan",Informatika,Jaringan & Keamanan Siber,"Buku ini membahas secara mendalam tentang protokol komunikasi data, audit keamanan sistem, serta sistem enkripsi. Membantu pembaca membangun pemahaman konseptual maupun praktis.","hacking etis, firewall, cyber security, enkripsi",Indonesia,Fisik,278,978-0-08-330165-2,1
1156,TRX003093,USR00370,BK00326,2024-05-06,2024-05-20,2024-05-23,Terlambat,17.0,Manajemen Kualitas: Teori dan Aplikasi,"Tgk. Agnes Sitompul, M.M., Eva Gunarto, S.E.I",Gramedia Pustaka Utama,2015,"Fakultas Sains, Teknologi, & Kesehatan",Teknik Industri,Teknik Industri & Manajemen Operasi,"Buku ini mengulas berbagai aspek penting dari efisiensi tata letak fasilitas pabrik, optimalisasi proses produksi, serta manajemen kualitas dan produktivitas. Dilengkapi dengan contoh kasus dan studi lapangan yang relevan.","perencanaan produksi, tata letak pabrik, six sigma, manajemen operasi",Indonesia,Fisik,126,978-0-947985-15-8,6
1157,TRX003095,USR00144,BK00256,2024-04-27,2024-05-11,2024-05-15,Terlambat,18.0,Pengantar Basis Data Relasional,"Laras Pudjiastuti, Almira Irawan",Alfabeta,2022,"Fakultas Sains, Teknologi, & Kesehatan",Informatika,Basis Data,"Buku ini mengulas berbagai aspek penting dari query dan manipulasi data, normalisasi data, serta manajemen sistem basis data. Disusun dengan bahasa yang mudah dipahami untuk kalangan akademik.","manajemen data, normalisasi, nosql, basis data",Indonesia,Fisik,330,978-1-263-83806-7,1
1158,TRX003097,USR00055,BK01189,2025-02-19,2025-03-05,2025-03-12,Terlambat,21.0,Psikologi Klinis: Teori dan Aplikasi,"Gadang Mandala, Hesti Kuswandari",Kencana Prenada,2008,"Fakultas Sosial, Humaniora, & Seni",Psikologi,Psikologi Umum & Klinis,"Buku ini mengulas berbagai aspek penting dari perilaku dan proses mental manusia, perkembangan kepribadian individu, serta intervensi psikoterapi klinis. Dilengkapi dengan contoh kasus dan studi lapangan yang relevan.","psikologi, psikologi klinis, kepribadian, kesehatan mental",Indonesia,Fisik,397,978-0-7773-1268-1,4
1159,TRX003099,USR00053,BK01232,2024-12-11,2024-12-25,2024-12-31,Terlambat,20.0,Dasar-Dasar Psikologi Sosial,T. Jamil Waskita,Salemba Empat,2017,"Fakultas Sosial, Humaniora, & Seni",Psikologi,Psikologi Umum & Klinis,"Buku ini mengulas berbagai aspek penting dari perkembangan kepribadian individu, intervensi psikoterapi klinis, serta dinamika interaksi sosial manusia. Dilengkapi dengan contoh kasus dan studi lapangan yang relevan.","perkembangan manusia, psikoterapi, psikologi, psikologi klinis",Inggris,E-book,410,978-1-4128-3337-0,9999
1160,TRX003101,USR00134,BK00727,2023-11-25,2023-12-09,2023-12-11,Terlambat,16.0,Panduan Praktik Residensi Keperawatan,Karsana Suryono,Pustaka Pelajar,2024,"Fakultas Sains, Teknologi, & Kesehatan",Profesi Ners,Keperawatan Profesi Ners,"Buku ini memberikan pemahaman menyeluruh tentang praktik klinik keperawatan profesional, etika dan profesionalisme keperawatan, serta penerapan evidence-based practice. Disusun dengan bahasa yang mudah dipahami untuk kalangan akademik.","keperawatan lanjutan, praktik klinis ners, residensi keperawatan, evidence based practice",Indonesia,Fisik,223,978-0-86125-904-5,4
1161,TRX003102,USR00161,BK00796,2023-02-13,2023-02-27,2023-03-04,Terlambat,19.0,Prinsip Desain Grafis,Olivia Nababan,Rajawali Pers,2020,"Fakultas Sosial, Humaniora, & Seni",Desain Komunikasi Visual,Desain Komunikasi Visual & Ilustrasi,"Buku ini menyajikan kajian komprehensif mengenai strategi branding melalui visual, proses kreatif desain grafis, serta estetika dalam karya seni rupa. Disusun dengan bahasa yang mudah dipahami untuk kalangan akademik.","desain komunikasi visual, desain grafis, layout, branding",Indonesia,E-book,548,978-1-5215-6818-7,9999
1162,TRX003103,USR00289,BK01020,2025-05-15,2025-05-29,2025-06-03,Terlambat,19.0,Perancangan Desain Interior,"Gadang Kuswoyo, M.M.",Graha Ilmu,2009,"Fakultas Sosial, Humaniora, & Seni",Desain Interior,Desain Interior & Arsitektur Ruang,"Buku ini dirancang sebagai panduan untuk memahami ergonomi dalam desain ruang, konsep arsitektur ruang dalam modern, serta perancangan tata ruang interior. Cocok digunakan sebagai referensi utama bagi mahasiswa dan praktisi.","tata ruang, desain interior, pencahayaan ruang, material interior",Indonesia,E-book,347,978-0-313-34845-7,9999
1163,TRX003104,USR00181,BK00526,2025-05-28,2025-06-11,2025-06-13,Terlambat,16.0,Dasar-Dasar Keperawatan Dasar,Rahmi Suartini,Deepublish,2020,"Fakultas Sains, Teknologi, & Kesehatan",Keperawatan,Keperawatan Klinis,"Buku ini memberikan pemahaman menyeluruh tentang komunikasi terapeutik perawat, manajemen perawatan pasien, serta asuhan keperawatan pasien. Cocok digunakan sebagai referensi utama bagi mahasiswa dan praktisi.","asuhan keperawatan, keperawatan anak, praktik klinis, keperawatan medikal bedah",Inggris,Fisik,537,978-1-62656-504-3,2
1164,TRX003105,USR00156,BK00295,2025-09-03,2025-09-17,2025-09-20,Terlambat,17.0,Perancangan Database NoSQL,"Ikhsan Waskita, S.Farm",Nuha Medika,2011,"Fakultas Sains, Teknologi, & Kesehatan",Informatika,Basis Data,"Buku ini memberikan pemahaman menyeluruh tentang query dan manipulasi data, perancangan basis data, serta arsitektur data warehouse. Membantu pembaca membangun pemahaman konseptual maupun praktis.","database, normalisasi, query, data warehouse",Indonesia,Fisik,285,978-1-00-835058-8,2
1165,TRX003107,USR00331,BK01014,2023-04-13,2023-04-27,2023-05-03,Terlambat,20.0,Dasar-Dasar Desain Interior,Paiman Nainggolan,Bumi Aksara,2023,"Fakultas Sosial, Humaniora, & Seni",Desain Interior,Desain Interior & Arsitektur Ruang,"Buku ini membahas secara mendalam tentang ergonomi dalam desain ruang, prinsip pencahayaan dan estetika ruang, serta konsep arsitektur ruang dalam modern. Membantu pembaca membangun pemahaman konseptual maupun praktis.","material interior, arsitektur ruang, desain interior, furnitur",Indonesia,E-book,270,978-0-8403-3399-5,9999
1166,TRX003109,USR00209,BK01291,2025-09-19,2025-10-03,2025-10-10,Terlambat,21.0,Memahami Komunikasi Interpersonal,Bakiadi Manullang,PT Grasindo,2009,"Fakultas Sosial, Humaniora, & Seni",Ilmu Komunikasi,Komunikasi & Media,"Buku ini mengulas berbagai aspek penting dari jurnalisme di era digital, dinamika komunikasi massa, serta strategi media dan publikasi. Disusun dengan bahasa yang mudah dipahami untuk kalangan akademik.","komunikasi massa, media sosial, public relations, jurnalistik",Indonesia,Fisik,285,978-0-261-63248-6,6
1167,TRX003112,USR00015,BK01308,2023-07-09,2023-07-23,2023-07-26,Terlambat,17.0,Praktik Komunikasi Digital Edisi Ke-3,"Ella Nurdiyanti, M.Farm",Gramedia Pustaka Utama,2021,"Fakultas Sosial, Humaniora, & Seni",Ilmu Komunikasi,Jurnalistik & Media Digital,"Buku ini dirancang sebagai panduan untuk memahami strategi konten media sosial, jurnalisme online kontemporer, serta etika jurnalistik di era digital. Disusun dengan bahasa yang mudah dipahami untuk kalangan akademik.","media digital, komunikasi digital, produksi berita, jurnalistik",Indonesia,Fisik,141,978-1-4203-6258-9,7
1168,TRX003119,USR00246,BK00838,2023-12-05,2023-12-19,2023-12-21,Terlambat,16.0,Prinsip Desain Komunikasi Visual,Rudi Anggriawan,Informatika Bandung,2017,"Fakultas Sosial, Humaniora, & Seni",Desain Komunikasi Visual,Desain Komunikasi Visual & Ilustrasi,"Buku ini dirancang sebagai panduan untuk memahami ilustrasi dan komposisi gambar, estetika dalam karya seni rupa, serta proses kreatif desain grafis. Dilengkapi dengan contoh kasus dan studi lapangan yang relevan.","tipografi, desain grafis, layout, seni rupa",Indonesia,Fisik,244,978-0-563-21358-1,2
1169,TRX003122,USR00179,BK00512,2025-09-04,2025-09-18,2025-09-19,Terlambat,15.0,Keperawatan Medikal Bedah: Teori dan Praktik Klinis,"Shakila Sitorus, Dt. Ega Aryani",Alfabeta,2010,"Fakultas Sains, Teknologi, & Kesehatan",Keperawatan,Keperawatan Klinis,"Buku ini mengulas berbagai aspek penting dari komunikasi terapeutik perawat, manajemen perawatan pasien, serta prosedur klinis keperawatan. Menjadi rujukan penting dalam perkuliahan dan penelitian terkait.","praktik klinis, keperawatan medikal bedah, asuhan keperawatan, keperawatan anak",Indonesia,Fisik,456,978-0-19-508501-3,7
1170,TRX003128,USR00260,BK00982,2024-12-16,2024-12-30,2025-01-03,Terlambat,18.0,Pengantar Pencahayaan Ruang,"Rika Rajata, S.Kom",Alfabeta,2021,"Fakultas Sosial, Humaniora, & Seni",Desain Interior,Desain Interior & Arsitektur Ruang,"Buku ini menyajikan kajian komprehensif mengenai prinsip pencahayaan dan estetika ruang, pemilihan material dan furnitur, serta ergonomi dalam desain ruang. Cocok digunakan sebagai referensi utama bagi mahasiswa dan praktisi.","furnitur, ergonomi ruang, tata ruang, pencahayaan ruang",Indonesia,Fisik,426,978-1-07-401775-0,0
1171,TRX003129,USR00153,BK00323,2024-10-29,2024-11-12,2024-11-14,Terlambat,16.0,Teknik Industri: Teori dan Aplikasi,Latif Wulandari,Erlangga,2010,"Fakultas Sains, Teknologi, & Kesehatan",Teknik Industri,Teknik Industri & Manajemen Operasi,"Buku ini menyajikan kajian komprehensif mengenai optimalisasi proses produksi, manajemen kualitas dan produktivitas, serta perencanaan dan pengendalian produksi. Menjadi rujukan penting dalam perkuliahan dan penelitian terkait.","produktivitas, six sigma, tata letak pabrik, efisiensi kerja",Indonesia,Fisik,194,978-1-384-06665-3,2
1172,TRX003133,USR00325,BK00512,2023-11-23,2023-12-07,2023-12-12,Terlambat,19.0,Keperawatan Medikal Bedah: Teori dan Praktik Klinis,"Shakila Sitorus, Dt. Ega Aryani",Alfabeta,2010,"Fakultas Sains, Teknologi, & Kesehatan",Keperawatan,Keperawatan Klinis,"Buku ini mengulas berbagai aspek penting dari komunikasi terapeutik perawat, manajemen perawatan pasien, serta prosedur klinis keperawatan. Menjadi rujukan penting dalam perkuliahan dan penelitian terkait.","praktik klinis, keperawatan medikal bedah, asuhan keperawatan, keperawatan anak",Indonesia,Fisik,456,978-0-19-508501-3,7
1173,TRX003134,USR00293,BK00507,2024-01-04,2024-01-18,2024-01-25,Terlambat,21.0,Keperawatan Gawat Darurat: Teori dan Praktik Klinis,Rahmi Manullang,Gramedia Pustaka Utama,2020,"Fakultas Sains, Teknologi, & Kesehatan",Keperawatan,Keperawatan Klinis,"Buku ini mengulas berbagai aspek penting dari penanganan kondisi darurat medis, asuhan keperawatan pasien, serta komunikasi terapeutik perawat. Membantu pembaca membangun pemahaman konseptual maupun praktis.","keperawatan, asuhan keperawatan, praktik klinis, keperawatan anak",Inggris,E-book,380,978-0-16-873977-6,9999
1174,TRX003136,USR00144,BK00282,2024-03-21,2024-04-04,2024-04-05,Terlambat,15.0,Manajemen Database NoSQL Modern,Cut Ellis Nababan,UI Press,2016,"Fakultas Sains, Teknologi, & Kesehatan",Informatika,Basis Data,"Buku ini memberikan pemahaman menyeluruh tentang normalisasi data, perancangan basis data, serta query dan manipulasi data. Menjadi rujukan penting dalam perkuliahan dan penelitian terkait.","normalisasi, basis data, database, data warehouse",Indonesia,Fisik,296,978-0-307-05345-9,0
1175,TRX003137,USR00168,BK00772,2023-10-06,2023-10-20,2023-10-22,Terlambat,16.0,Modul Keperawatan Komprehensif,"Luis Anggriawan, dr. Gawati Setiawan, S.E.",Pustaka Pelajar,2017,"Fakultas Sains, Teknologi, & Kesehatan",Profesi Ners,Keperawatan Profesi Ners,"Buku ini membahas secara mendalam tentang etika dan profesionalisme keperawatan, kompetensi ners dalam asuhan pasien, serta praktik klinik keperawatan profesional. Cocok digunakan sebagai referensi utama bagi mahasiswa dan praktisi.","keperawatan lanjutan, kompetensi ners, praktik klinis ners, evidence based practice",Indonesia,Fisik,292,978-0-89164-983-0,3
1176,TRX003138,USR00019,BK00741,2023-06-19,2023-07-03,2023-07-05,Terlambat,16.0,Keperawatan Komprehensif: Praktik Klinis Lanjutan,"Bella Sitompul, Bakidin Tarihoran, S.Psi",Andi Publisher,2008,"Fakultas Sains, Teknologi, & Kesehatan",Profesi Ners,Keperawatan Profesi Ners,"Buku ini memberikan pemahaman menyeluruh tentang praktik klinik keperawatan profesional, penerapan evidence-based practice, serta etika dan profesionalisme keperawatan. Membantu pembaca membangun pemahaman konseptual maupun praktis.","keperawatan lanjutan, keperawatan komprehensif, praktik klinis ners, kompetensi ners",Indonesia,E-book,408,978-0-340-16361-0,9999
1177,TRX003141,USR00297,BK01342,2024-08-07,2024-08-21,2024-08-24,Terlambat,17.0,Dasar-Dasar Komunikasi Digital,Maida Handayani,Deepublish,2013,"Fakultas Sosial, Humaniora, & Seni",Ilmu Komunikasi,Jurnalistik & Media Digital,"Buku ini membahas secara mendalam tentang strategi konten media sosial, etika jurnalistik di era digital, serta jurnalisme online kontemporer. Disusun dengan bahasa yang mudah dipahami untuk kalangan akademik.","jurnalistik, media digital, media sosial, produksi berita",Indonesia,Fisik,326,978-1-207-26629-1,0
1178,TRX003142,USR00193,BK01296,2024-03-09,2024-03-23,2024-03-27,Terlambat,18.0,Media Digital di Era Digital,"Juli Pudjiastuti, Raden Nugroho",Pustaka Pelajar,2023,"Fakultas Sosial, Humaniora, & Seni",Ilmu Komunikasi,Komunikasi & Media,"Buku ini dirancang sebagai panduan untuk memahami pengaruh media sosial terhadap opini publik, strategi media dan publikasi, serta dinamika komunikasi massa. Dilengkapi dengan contoh kasus dan studi lapangan yang relevan.","public relations, jurnalistik, media sosial, broadcasting",Indonesia,E-book,524,978-1-7323182-9-8,9999
1179,TRX003147,USR00199,BK00090,2025-09-23,2025-10-07,2025-10-08,Terlambat,15.0,Konsep Dasar Computer Vision,Ika Nainggolan,Pustaka Pelajar,2010,"Fakultas Sains, Teknologi, & Kesehatan",Informatika,Kecerdasan Buatan & Data Science,"Buku ini memberikan pemahaman menyeluruh tentang jaringan saraf tiruan, otomatisasi cerdas, serta prediksi berbasis data. Disusun dengan bahasa yang mudah dipahami untuk kalangan akademik.","big data, data science, machine learning, artificial intelligence",Inggris,Fisik,528,978-1-139-00532-6,8
1180,TRX003149,USR00329,BK01225,2024-07-28,2024-08-11,2024-08-13,Terlambat,16.0,Konsep Psikologi Perkembangan Modern,"Adikara Januar, Panca Purwanti",Kencana Prenada,2012,"Fakultas Sosial, Humaniora, & Seni",Psikologi,Psikologi Umum & Klinis,"Buku ini membahas secara mendalam tentang gangguan psikologis dan penanganannya, perilaku dan proses mental manusia, serta dinamika interaksi sosial manusia. Membantu pembaca membangun pemahaman konseptual maupun praktis.","perkembangan manusia, kesehatan mental, psikologi, psikoterapi",Indonesia,Fisik,395,978-0-08-385076-1,2
1181,TRX003150,USR00051,BK00729,2023-09-27,2023-10-11,2023-10-18,Terlambat,21.0,Panduan Praktik Profesi Ners,"Zamira Permata, S.IP",Bumi Aksara,2008,"Fakultas Sains, Teknologi, & Kesehatan",Profesi Ners,Keperawatan Profesi Ners,"Buku ini menyajikan kajian komprehensif mengenai penerapan evidence-based practice, etika dan profesionalisme keperawatan, serta kompetensi ners dalam asuhan pasien. Menjadi rujukan penting dalam perkuliahan dan penelitian terkait.","kompetensi ners, keperawatan komprehensif, residensi keperawatan, praktik klinis ners",Indonesia,Fisik,235,978-1-62015-720-6,7
1182,TRX003154,USR00297,BK01199,2025-11-23,2025-12-07,2025-12-08,Terlambat,15.0,Konsep Psikologi Sosial Modern,Hj. Yance Sirait,Salemba Empat,2005,"Fakultas Sosial, Humaniora, & Seni",Psikologi,Psikologi Umum & Klinis,"Buku ini membahas secara mendalam tentang perkembangan kepribadian individu, gangguan psikologis dan penanganannya, serta dinamika interaksi sosial manusia. Disusun dengan bahasa yang mudah dipahami untuk kalangan akademik.","psikologi klinis, psikologi sosial, psikologi, kesehatan mental",Inggris,Fisik,415,978-1-5367-4978-6,6
1183,TRX003159,USR00189,BK00378,2025-11-19,2025-12-03,2025-12-08,Terlambat,19.0,Optimalisasi Manajemen Operasi,"T. Gangsar Damanik, S.Farm",Kencana Prenada,2017,"Fakultas Sains, Teknologi, & Kesehatan",Teknik Industri,Teknik Industri & Manajemen Operasi,"Buku ini mengulas berbagai aspek penting dari manajemen kualitas dan produktivitas, efisiensi tata letak fasilitas pabrik, serta perancangan sistem kerja industri. Membantu pembaca membangun pemahaman konseptual maupun praktis.","manajemen operasi, perencanaan produksi, manajemen kualitas, efisiensi kerja",Indonesia,E-book,416,978-1-939982-45-2,9999
1184,TRX003165,USR00177,BK00224,2025-10-12,2025-10-26,2025-10-28,Terlambat,16.0,Pengantar Kriptografi,Cakrabuana Sinaga,Kencana Prenada,2024,"Fakultas Sains, Teknologi, & Kesehatan",Informatika,Jaringan & Keamanan Siber,"Buku ini menyajikan kajian komprehensif mengenai keamanan jaringan komputer, ancaman siber, serta protokol komunikasi data. Membantu pembaca membangun pemahaman konseptual maupun praktis.","enkripsi, firewall, protokol jaringan, jaringan komputer",Indonesia,E-book,284,978-1-72946-671-1,9999
1185,TRX003166,USR00189,BK00191,2023-05-29,2023-06-12,2023-06-19,Terlambat,21.0,Ethical Hacking di Era Digital,"T. Rahman Thamrin, Wulan Widodo",Erlangga,2012,"Fakultas Sains, Teknologi, & Kesehatan",Informatika,Jaringan & Keamanan Siber,"Buku ini memberikan pemahaman menyeluruh tentang audit keamanan sistem, protokol komunikasi data, serta keamanan jaringan komputer. Disusun dengan bahasa yang mudah dipahami untuk kalangan akademik.","hacking etis, keamanan siber, firewall, protokol jaringan",Inggris,Fisik,310,978-1-67933-410-8,0
1186,TRX003167,USR00078,BK00586,2024-04-22,2024-05-06,2024-05-11,Terlambat,19.0,Prinsip Farmakologi Edisi Revisi,"Elisa Hastuti, Calista Lailasari",Salemba Empat,2014,"Fakultas Sains, Teknologi, & Kesehatan",Farmasi,Farmakologi & Kefarmasian,"Buku ini menyajikan kajian komprehensif mengenai mekanisme kerja obat, pelayanan kefarmasian klinis, serta interaksi obat dalam tubuh. Disusun dengan bahasa yang mudah dipahami untuk kalangan akademik.","formulasi obat, farmakologi, toksikologi, farmasi klinis",Indonesia,E-book,258,978-1-58777-121-7,9999
1187,TRX003168,USR00291,BK01093,2023-04-06,2023-04-20,2023-04-27,Terlambat,21.0,Strategi Bisnis Startup,"Irsad Waskita, S.Farm",PT Grasindo,2016,"Fakultas Sosial, Humaniora, & Seni",Administrasi Bisnis,Kewirausahaan & Pemasaran Bisnis,"Buku ini menyajikan kajian komprehensif mengenai pengembangan bisnis digital, perencanaan strategi pemasaran, serta strategi kewirausahaan dan inovasi bisnis. Cocok digunakan sebagai referensi utama bagi mahasiswa dan praktisi.","strategi pemasaran, e-commerce, manajemen pemasaran, kewirausahaan",Indonesia,Fisik,433,978-0-7071-5879-2,5
1188,TRX003169,USR00010,BK00052,2024-11-05,2024-11-19,2024-11-20,Terlambat,15.0,Python: Konsep dan Implementasi,"Ir. Hasna Sinaga, S.H.",Andi Publisher,2012,"Fakultas Sains, Teknologi, & Kesehatan",Informatika,Pemrograman & Algoritma,"Buku ini menyajikan kajian komprehensif mengenai efisiensi algoritma, algoritma dan struktur data, serta pengembangan perangkat lunak. Disusun dengan bahasa yang mudah dipahami untuk kalangan akademik.","coding, python, logika komputasi, java",Inggris,Fisik,509,978-1-7379965-0-7,1
1189,TRX003173,USR00166,BK01350,2024-09-25,2024-10-09,2024-10-10,Terlambat,15.0,Produksi Berita di Era Digital Edisi Ke-3,"Vinsen Nashiruddin, Aditya Marpaung",Informatika Bandung,2023,"Fakultas Sosial, Humaniora, & Seni",Ilmu Komunikasi,Jurnalistik & Media Digital,"Buku ini menyajikan kajian komprehensif mengenai jurnalisme online kontemporer, strategi konten media sosial, serta komunikasi digital dan audiens. Membantu pembaca membangun pemahaman konseptual maupun praktis.","media sosial, produksi berita, konten kreator, media digital",Indonesia,E-book,512,978-1-9821-3486-0,9999
1190,TRX003178,USR00026,BK00757,2023-02-19,2023-03-05,2023-03-07,Terlambat,16.0,Modul Profesi Ners,Mustika Siregar,Kencana Prenada,2019,"Fakultas Sains, Teknologi, & Kesehatan",Profesi Ners,Keperawatan Profesi Ners,"Buku ini memberikan pemahaman menyeluruh tentang residensi dan pembelajaran klinik lanjutan, kompetensi ners dalam asuhan pasien, serta praktik klinik keperawatan profesional. Disusun dengan bahasa yang mudah dipahami untuk kalangan akademik.","kompetensi ners, praktik klinis ners, residensi keperawatan, keperawatan lanjutan",Indonesia,Fisik,281,978-0-674-47163-4,8
1191,TRX003179,USR00014,BK01262,2023-09-24,2023-10-08,2023-10-11,Terlambat,17.0,Media Digital di Era Digital,"Ir. Galiono Prasasta, S.Pd",Informatika Bandung,2008,"Fakultas Sosial, Humaniora, & Seni",Ilmu Komunikasi,Komunikasi & Media,"Buku ini memberikan pemahaman menyeluruh tentang dinamika komunikasi massa, hubungan masyarakat dan citra publik, serta jurnalisme di era digital. Menjadi rujukan penting dalam perkuliahan dan penelitian terkait.","komunikasi massa, public relations, jurnalistik, media digital",Indonesia,Fisik,198,978-1-01-042462-8,4
1192,TRX003180,USR00284,BK00765,2023-01-20,2023-02-03,2023-02-10,Terlambat,21.0,Panduan Praktik Residensi Keperawatan,"Melinda Januar, S.Pt",Kencana Prenada,2023,"Fakultas Sains, Teknologi, & Kesehatan",Profesi Ners,Keperawatan Profesi Ners,"Buku ini membahas secara mendalam tentang praktik klinik keperawatan profesional, kompetensi ners dalam asuhan pasien, serta residensi dan pembelajaran klinik lanjutan. Dilengkapi dengan contoh kasus dan studi lapangan yang relevan.","profesi ners, praktik klinis ners, keperawatan lanjutan, kompetensi ners",Indonesia,Fisik,124,978-1-7382023-6-2,0
1193,TRX003185,USR00126,BK00950,2025-03-05,2025-03-19,2025-03-20,Terlambat,15.0,Dasar-Dasar Tata Ruang Edisi Terbaru,drg. Hamima Purwanti,Rajawali Pers,2017,"Fakultas Sosial, Humaniora, & Seni",Desain Interior,Desain Interior & Arsitektur Ruang,"Buku ini membahas secara mendalam tentang perancangan tata ruang interior, konsep arsitektur ruang dalam modern, serta ergonomi dalam desain ruang. Menjadi rujukan penting dalam perkuliahan dan penelitian terkait.","furnitur, pencahayaan ruang, tata ruang, desain interior",Indonesia,Fisik,141,978-0-921342-49-6,1
1194,TRX003186,USR00309,BK00895,2023-03-15,2023-03-29,2023-04-01,Terlambat,17.0,Desain Multimedia: Konsep dan Praktik,"drg. Ifa Hutasoit, Estiawan Suryatmi",Salemba Empat,2016,"Fakultas Sosial, Humaniora, & Seni",Desain Komunikasi Visual,Fotografi & Multimedia,"Buku ini mengulas berbagai aspek penting dari editing visual dan videografi, produksi konten multimedia digital, serta desain media interaktif. Membantu pembaca membangun pemahaman konseptual maupun praktis.","editing visual, fotografi, motion graphic, media interaktif",Indonesia,Fisik,279,978-1-06-670336-4,1
1195,TRX003190,USR00205,BK00853,2024-01-19,2024-02-02,2024-02-04,Terlambat,16.0,Dasar-Dasar Branding Visual,Hj. Icha Pradana,Deepublish,2016,"Fakultas Sosial, Humaniora, & Seni",Desain Komunikasi Visual,Desain Komunikasi Visual & Ilustrasi,"Buku ini mengulas berbagai aspek penting dari estetika dalam karya seni rupa, strategi branding melalui visual, serta prinsip visual dan tipografi. Cocok digunakan sebagai referensi utama bagi mahasiswa dan praktisi.","ilustrasi, desain komunikasi visual, desain grafis, layout",Inggris,Fisik,399,978-0-11-457758-2,4
1196,TRX003195,USR00285,BK00890,2024-11-23,2024-12-07,2024-12-14,Terlambat,21.0,Teknik Motion Graphic,"Umi Nasyiah, M.Farm",Deepublish,2021,"Fakultas Sosial, Humaniora, & Seni",Desain Komunikasi Visual,Fotografi & Multimedia,"Buku ini dirancang sebagai panduan untuk memahami teknik pengambilan gambar fotografi, animasi dan motion graphic, serta editing visual dan videografi. Membantu pembaca membangun pemahaman konseptual maupun praktis.","editing visual, media interaktif, fotografi, motion graphic",Indonesia,Fisik,491,978-0-301-02724-1,2
1197,TRX003199,USR00130,BK00537,2023-10-18,2023-11-01,2023-11-02,Terlambat,15.0,Konsep Dasar Keperawatan Gawat Darurat Edisi Ke-2,"Karen Mandala, M.M., Drs. Vanesa Siregar",Informatika Bandung,2020,"Fakultas Sains, Teknologi, & Kesehatan",Keperawatan,Keperawatan Klinis,"Buku ini dirancang sebagai panduan untuk memahami komunikasi terapeutik perawat, prosedur klinis keperawatan, serta manajemen perawatan pasien. Disusun dengan bahasa yang mudah dipahami untuk kalangan akademik.","keperawatan gawat darurat, keperawatan anak, asuhan keperawatan, keperawatan",Indonesia,Fisik,520,978-1-01-322342-6,0
1198,TRX003200,USR00040,BK00787,2025-05-31,2025-06-14,2025-06-19,Terlambat,19.0,Pengantar Desain Grafis Edisi Revisi,Michelle Megantara,Alfabeta,2012,"Fakultas Sosial, Humaniora, & Seni",Desain Komunikasi Visual,Desain Komunikasi Visual & Ilustrasi,"Buku ini memberikan pemahaman menyeluruh tentang proses kreatif desain grafis, strategi branding melalui visual, serta estetika dalam karya seni rupa. Cocok digunakan sebagai referensi utama bagi mahasiswa dan praktisi.","layout, seni rupa, branding, tipografi",Indonesia,E-book,132,978-0-330-21260-1,9999
1199,TRX003203,USR00220,BK01075,2024-08-17,2024-08-31,2024-09-01,Terlambat,15.0,Pengantar Manajemen Sumber Daya Manusia Edisi Ke-3,Hesti Damanik,Gramedia Pustaka Utama,2008,"Fakultas Sosial, Humaniora, & Seni",Administrasi Bisnis,Administrasi & Manajemen Bisnis,"Buku ini menyajikan kajian komprehensif mengenai manajemen sumber daya manusia perusahaan, pengelolaan keuangan bisnis, serta administrasi dan operasional bisnis. Dilengkapi dengan contoh kasus dan studi lapangan yang relevan.","manajemen bisnis, operasional bisnis, manajemen keuangan, manajemen sumber daya manusia",Inggris,Fisik,151,978-1-68893-628-7,2
1200,TRX003206,USR00022,BK00401,2023-08-04,2023-08-18,2023-08-23,Terlambat,19.0,Manajemen Persediaan: Konsep dan Praktik,"Fitria Budiyanto, M.Ak",Nuha Medika,2020,"Fakultas Sains, Teknologi, & Kesehatan",Teknik Industri,Ergonomi & Rantai Pasok,"Buku ini dirancang sebagai panduan untuk memahami pengendalian persediaan barang, analisis ergonomi tempat kerja, serta manajemen rantai pasok dan distribusi. Dilengkapi dengan contoh kasus dan studi lapangan yang relevan.","analisis beban kerja, manajemen persediaan, k3, rantai pasok",Inggris,Fisik,257,978-0-518-63878-0,6
1201,TRX003207,USR00196,BK00569,2023-08-18,2023-09-01,2023-09-05,Terlambat,18.0,Kimia Farmasi untuk Praktik Klinis Edisi Revisi,"dr. Jaswadi Zulaika, Yoga Setiawan",Gramedia Pustaka Utama,2015,"Fakultas Sains, Teknologi, & Kesehatan",Farmasi,Farmakologi & Kefarmasian,"Buku ini dirancang sebagai panduan untuk memahami efek samping dan dosis obat, mekanisme kerja obat, serta formulasi sediaan farmasi. Cocok digunakan sebagai referensi utama bagi mahasiswa dan praktisi.","farmakologi, toksikologi, farmasi klinis, obat",Indonesia,Fisik,168,978-1-75409-003-5,6
1202,TRX003208,USR00113,BK00509,2023-09-03,2023-09-17,2023-09-24,Terlambat,21.0,Dasar-Dasar Keperawatan Maternitas,Aurora Gunarto,Pustaka Pelajar,2018,"Fakultas Sains, Teknologi, & Kesehatan",Keperawatan,Keperawatan Klinis,"Buku ini mengulas berbagai aspek penting dari manajemen perawatan pasien, prosedur klinis keperawatan, serta penanganan kondisi darurat medis. Cocok digunakan sebagai referensi utama bagi mahasiswa dan praktisi.","keperawatan gawat darurat, asuhan keperawatan, praktik klinis, keperawatan",Inggris,Fisik,311,978-0-686-71773-7,1
1203,TRX003216,USR00052,BK00431,2023-10-20,2023-11-03,2023-11-07,Terlambat,18.0,Pengantar Manajemen Persediaan Edisi Ke-2,Anggabaya Wasita,Informatika Bandung,2023,"Fakultas Sains, Teknologi, & Kesehatan",Teknik Industri,Ergonomi & Rantai Pasok,"Buku ini menyajikan kajian komprehensif mengenai analisis ergonomi tempat kerja, manajemen rantai pasok dan distribusi, serta pengendalian persediaan barang. Disusun dengan bahasa yang mudah dipahami untuk kalangan akademik.","ergonomi, supply chain, analisis beban kerja, manajemen persediaan",Inggris,Fisik,445,978-1-63331-279-1,8
1204,TRX003220,USR00025,BK00129,2025-05-23,2025-06-06,2025-06-13,Terlambat,21.0,Data Mining: Teori dan Praktik,"Artawan Thamrin, Tgk. Rahmat Yuniar",Alfabeta,2021,"Fakultas Sains, Teknologi, & Kesehatan",Informatika,Kecerdasan Buatan & Data Science,"Buku ini membahas secara mendalam tentang kecerdasan buatan, prediksi berbasis data, serta jaringan saraf tiruan. Cocok digunakan sebagai referensi utama bagi mahasiswa dan praktisi.","data mining, big data, kecerdasan buatan, machine learning",Indonesia,Fisik,377,978-1-72217-043-1,6
1205,TRX003222,USR00237,BK01224,2024-02-21,2024-03-06,2024-03-08,Terlambat,16.0,Psikologi Umum: Teori dan Aplikasi,Liman Sihombing,Informatika Bandung,2009,"Fakultas Sosial, Humaniora, & Seni",Psikologi,Psikologi Umum & Klinis,"Buku ini memberikan pemahaman menyeluruh tentang dinamika interaksi sosial manusia, gangguan psikologis dan penanganannya, serta perkembangan kepribadian individu. Cocok digunakan sebagai referensi utama bagi mahasiswa dan praktisi.","psikoterapi, psikologi, kepribadian, perkembangan manusia",Inggris,Fisik,254,978-1-07-155348-0,5
1206,TRX003228,USR00209,BK01367,2023-02-27,2023-03-13,2023-03-20,Terlambat,21.0,Dasar-Dasar Produksi Berita,"Hadi Rahmawati, Taswir Prasetya",PT Grasindo,2018,"Fakultas Sosial, Humaniora, & Seni",Ilmu Komunikasi,Jurnalistik & Media Digital,"Buku ini dirancang sebagai panduan untuk memahami etika jurnalistik di era digital, jurnalisme online kontemporer, serta komunikasi digital dan audiens. Disusun dengan bahasa yang mudah dipahami untuk kalangan akademik.","konten kreator, jurnalistik, media sosial, produksi berita",Indonesia,E-book,411,978-1-138-18655-2,9999
1207,TRX003230,USR00061,BK01138,2024-12-19,2025-01-02,2025-01-08,Terlambat,20.0,Pengantar Bisnis Digital Edisi Terbaru,"Drs. Indah Pradana, S.Kom, Rachel Mandasari",Elex Media Komputindo,2007,"Fakultas Sosial, Humaniora, & Seni",Administrasi Bisnis,Kewirausahaan & Pemasaran Bisnis,"Buku ini menyajikan kajian komprehensif mengenai manajemen pemasaran produk dan jasa, perencanaan strategi pemasaran, serta membangun bisnis rintisan startup. Menjadi rujukan penting dalam perkuliahan dan penelitian terkait.","kewirausahaan, manajemen pemasaran, strategi pemasaran, bisnis digital",Indonesia,E-book,488,978-1-270-51157-1,9999
1208,TRX003233,USR00274,BK00025,2023-12-02,2023-12-16,2023-12-23,Terlambat,21.0,Algoritma dan Algoritma,Wardi Tampubolon,Graha Ilmu,2014,"Fakultas Sains, Teknologi, & Kesehatan",Informatika,Pemrograman & Algoritma,"Buku ini menyajikan kajian komprehensif mengenai pengembangan perangkat lunak, logika pemrograman, serta pemecahan masalah komputasional. Cocok digunakan sebagai referensi utama bagi mahasiswa dan praktisi.","logika komputasi, java, coding, kompleksitas",Indonesia,Fisik,464,978-0-542-78498-9,4
1209,TRX003235,USR00204,BK01057,2024-08-06,2024-08-20,2024-08-21,Terlambat,15.0,Pengantar Manajemen Sumber Daya Manusia Edisi Terbaru,"Zamira Pangestu, Alika Wacana",Salemba Empat,2012,"Fakultas Sosial, Humaniora, & Seni",Administrasi Bisnis,Administrasi & Manajemen Bisnis,"Buku ini menyajikan kajian komprehensif mengenai pengelolaan keuangan bisnis, efisiensi operasional organisasi bisnis, serta manajemen sumber daya manusia perusahaan. Disusun dengan bahasa yang mudah dipahami untuk kalangan akademik.","operasional bisnis, manajemen bisnis, tata kelola perusahaan, administrasi bisnis",Indonesia,Fisik,338,978-1-86775-240-0,1
1210,TRX003236,USR00045,BK00628,2025-09-09,2025-09-23,2025-09-24,Terlambat,15.0,Pengantar Farmasetika,Puput Gunawan,Andi Publisher,2019,"Fakultas Sains, Teknologi, & Kesehatan",Farmasi,Farmakologi & Kefarmasian,"Buku ini mengulas berbagai aspek penting dari formulasi sediaan farmasi, interaksi obat dalam tubuh, serta pelayanan kefarmasian klinis. Disusun dengan bahasa yang mudah dipahami untuk kalangan akademik.","obat, farmakokinetik, kimia farmasi, farmakologi",Indonesia,Fisik,341,978-1-120-94818-2,1
1211,TRX003240,USR00213,BK00463,2025-11-19,2025-12-03,2025-12-05,Terlambat,16.0,Studi Rantai Pasok di Industri,"Halima Safitri, Kuncara Manullang",Alfabeta,2010,"Fakultas Sains, Teknologi, & Kesehatan",Teknik Industri,Ergonomi & Rantai Pasok,"Buku ini membahas secara mendalam tentang optimalisasi jaringan logistik, analisis ergonomi tempat kerja, serta manajemen rantai pasok dan distribusi. Dilengkapi dengan contoh kasus dan studi lapangan yang relevan.","distribusi, logistik, k3, rantai pasok",Indonesia,E-book,154,978-1-153-96695-5,9999
1212,TRX003245,USR00245,BK00955,2024-01-16,2024-01-30,2024-02-04,Terlambat,19.0,Dasar-Dasar Tata Ruang,dr. Martana Tampubolon,Deepublish,2006,"Fakultas Sosial, Humaniora, & Seni",Desain Interior,Desain Interior & Arsitektur Ruang,"Buku ini memberikan pemahaman menyeluruh tentang ergonomi dalam desain ruang, pemilihan material dan furnitur, serta prinsip pencahayaan dan estetika ruang. Disusun dengan bahasa yang mudah dipahami untuk kalangan akademik.","ergonomi ruang, desain interior, arsitektur ruang, tata ruang",Indonesia,Fisik,488,978-0-575-63983-6,1
1213,TRX003248,USR00081,BK00087,2025-06-01,2025-06-15,2025-06-19,Terlambat,18.0,Membangun Sistem Kecerdasan Buatan,"Atma Usada, M.M., Ilsa Yulianti, S.Farm",Gramedia Pustaka Utama,2021,"Fakultas Sains, Teknologi, & Kesehatan",Informatika,Kecerdasan Buatan & Data Science,"Buku ini dirancang sebagai panduan untuk memahami prediksi berbasis data, analisis data besar, serta kecerdasan buatan. Membantu pembaca membangun pemahaman konseptual maupun praktis.","artificial intelligence, deep learning, big data, machine learning",Inggris,Fisik,142,978-0-00-471138-6,6
1214,TRX003254,USR00014,BK01257,2025-04-26,2025-05-10,2025-05-14,Terlambat,18.0,Dasar-Dasar Public Relations,Yani Nainggolan,Gramedia Pustaka Utama,2018,"Fakultas Sosial, Humaniora, & Seni",Ilmu Komunikasi,Komunikasi & Media,"Buku ini menyajikan kajian komprehensif mengenai hubungan masyarakat dan citra publik, pengaruh media sosial terhadap opini publik, serta jurnalisme di era digital. Disusun dengan bahasa yang mudah dipahami untuk kalangan akademik.","broadcasting, public relations, komunikasi interpersonal, media sosial",Indonesia,Fisik,246,978-0-911225-28-0,4
1215,TRX003255,USR00177,BK00322,2023-12-01,2023-12-15,2023-12-22,Terlambat,21.0,Perancangan Manajemen Kualitas Edisi Terbaru,Emas Marpaung,Andi Publisher,2021,"Fakultas Sains, Teknologi, & Kesehatan",Teknik Industri,Teknik Industri & Manajemen Operasi,"Buku ini membahas secara mendalam tentang perancangan sistem kerja industri, manajemen kualitas dan produktivitas, serta optimalisasi proses produksi. Dilengkapi dengan contoh kasus dan studi lapangan yang relevan.","teknik industri, six sigma, produktivitas, manajemen kualitas",Indonesia,Fisik,187,978-1-204-38057-0,4
1216,TRX003258,USR00056,BK01189,2024-10-30,2024-11-13,2024-11-15,Terlambat,16.0,Psikologi Klinis: Teori dan Aplikasi,"Gadang Mandala, Hesti Kuswandari",Kencana Prenada,2008,"Fakultas Sosial, Humaniora, & Seni",Psikologi,Psikologi Umum & Klinis,"Buku ini mengulas berbagai aspek penting dari perilaku dan proses mental manusia, perkembangan kepribadian individu, serta intervensi psikoterapi klinis. Dilengkapi dengan contoh kasus dan studi lapangan yang relevan.","psikologi, psikologi klinis, kepribadian, kesehatan mental",Indonesia,Fisik,397,978-0-7773-1268-1,4
1217,TRX003260,USR00055,BK01217,2025-03-24,2025-04-07,2025-04-12,Terlambat,19.0,Pengantar Psikologi Sosial,Asirwada Halimah,UI Press,2007,"Fakultas Sosial, Humaniora, & Seni",Psikologi,Psikologi Umum & Klinis,"Buku ini menyajikan kajian komprehensif mengenai perkembangan kepribadian individu, perilaku dan proses mental manusia, serta dinamika interaksi sosial manusia. Cocok digunakan sebagai referensi utama bagi mahasiswa dan praktisi.","psikoterapi, kesehatan mental, kepribadian, psikologi klinis",Indonesia,Fisik,301,978-0-395-94737-1,0
1218,TRX003261,USR00263,BK00352,2025-02-26,2025-03-12,2025-03-18,Terlambat,20.0,Pengantar Manajemen Kualitas Edisi Ke-3,Putu Padmasari,Deepublish,2014,"Fakultas Sains, Teknologi, & Kesehatan",Teknik Industri,Teknik Industri & Manajemen Operasi,"Buku ini menyajikan kajian komprehensif mengenai perencanaan dan pengendalian produksi, optimalisasi proses produksi, serta manajemen kualitas dan produktivitas. Membantu pembaca membangun pemahaman konseptual maupun praktis.","teknik industri, manajemen operasi, produktivitas, six sigma",Indonesia,E-book,474,978-1-257-99136-5,9999
1219,TRX003262,USR00159,BK00450,2023-06-27,2023-07-11,2023-07-18,Terlambat,21.0,Pengantar Ergonomi Edisi Ke-2,"KH. Garang Haryanto, S.E.I",Elex Media Komputindo,2024,"Fakultas Sains, Teknologi, & Kesehatan",Teknik Industri,Ergonomi & Rantai Pasok,"Buku ini menyajikan kajian komprehensif mengenai pengendalian persediaan barang, keselamatan dan kesehatan kerja industri, serta optimalisasi jaringan logistik. Cocok digunakan sebagai referensi utama bagi mahasiswa dan praktisi.","logistik, analisis beban kerja, k3, supply chain",Indonesia,Fisik,287,978-0-568-29962-7,3
1220,TRX003266,USR00316,BK00097,2023-09-02,2023-09-16,2023-09-18,Terlambat,16.0,Konsep Dasar Natural Language Processing Edisi Terbaru,"Dr. Lalita Agustina, S.IP",Salemba Empat,2008,"Fakultas Sains, Teknologi, & Kesehatan",Informatika,Kecerdasan Buatan & Data Science,"Buku ini dirancang sebagai panduan untuk memahami pembelajaran mesin, otomatisasi cerdas, serta jaringan saraf tiruan. Cocok digunakan sebagai referensi utama bagi mahasiswa dan praktisi.","big data, deep learning, neural network, data mining",Indonesia,Fisik,202,978-1-5452-7111-7,5
1221,TRX003271,USR00266,BK01061,2025-03-22,2025-04-05,2025-04-10,Terlambat,19.0,Pengantar Manajemen Keuangan,Paramita Jailani,Rajawali Pers,2007,"Fakultas Sosial, Humaniora, & Seni",Administrasi Bisnis,Administrasi & Manajemen Bisnis,"Buku ini memberikan pemahaman menyeluruh tentang administrasi dan operasional bisnis, strategi tata kelola perusahaan, serta efisiensi operasional organisasi bisnis. Dilengkapi dengan contoh kasus dan studi lapangan yang relevan.","operasional bisnis, manajemen sumber daya manusia, manajemen bisnis, manajemen keuangan",Indonesia,Fisik,323,978-0-7418-9721-3,7
1222,TRX003273,USR00309,BK01343,2024-04-02,2024-04-16,2024-04-22,Terlambat,20.0,Pengantar Produksi Berita Edisi Terbaru,Gangsar Budiyanto,Bumi Aksara,2008,"Fakultas Sosial, Humaniora, & Seni",Ilmu Komunikasi,Jurnalistik & Media Digital,"Buku ini mengulas berbagai aspek penting dari jurnalisme online kontemporer, strategi konten media sosial, serta produksi berita di media digital. Cocok digunakan sebagai referensi utama bagi mahasiswa dan praktisi.","konten kreator, produksi berita, jurnalistik, komunikasi digital",Indonesia,Fisik,326,978-1-76029-914-9,6
1223,TRX003274,USR00332,BK00480,2025-08-28,2025-09-11,2025-09-16,Terlambat,19.0,Keperawatan Dasar: Teori dan Praktik Klinis,Jaiman Wacana,PT Grasindo,2022,"Fakultas Sains, Teknologi, & Kesehatan",Keperawatan,Keperawatan Klinis,"Buku ini mengulas berbagai aspek penting dari komunikasi terapeutik perawat, manajemen perawatan pasien, serta penanganan kondisi darurat medis. Membantu pembaca membangun pemahaman konseptual maupun praktis.","keperawatan gawat darurat, asuhan keperawatan, keperawatan anak, keperawatan",Indonesia,E-book,330,978-1-78366-742-0,9999
1224,TRX003279,USR00243,BK00350,2023-03-11,2023-03-25,2023-03-31,Terlambat,20.0,Teknik Industri: Teori dan Aplikasi Edisi Ke-3,"R. Diana Usamah, Dt. Tri Pertiwi",Pustaka Pelajar,2009,"Fakultas Sains, Teknologi, & Kesehatan",Teknik Industri,Teknik Industri & Manajemen Operasi,"Buku ini memberikan pemahaman menyeluruh tentang efisiensi tata letak fasilitas pabrik, perancangan sistem kerja industri, serta optimalisasi proses produksi. Membantu pembaca membangun pemahaman konseptual maupun praktis.","produktivitas, tata letak pabrik, manajemen operasi, six sigma",Indonesia,Fisik,347,978-0-242-86990-0,0
1225,TRX003283,USR00037,BK01204,2024-07-21,2024-08-04,2024-08-11,Terlambat,21.0,Konsep Psikologi Sosial Modern Edisi Ke-3,"Mala Permadi, Darmaji Safitri",Nuha Medika,2019,"Fakultas Sosial, Humaniora, & Seni",Psikologi,Psikologi Umum & Klinis,"Buku ini membahas secara mendalam tentang perilaku dan proses mental manusia, dinamika interaksi sosial manusia, serta perkembangan kepribadian individu. Cocok digunakan sebagai referensi utama bagi mahasiswa dan praktisi.","perkembangan manusia, kesehatan mental, psikologi sosial, psikologi",Indonesia,Fisik,532,978-1-320-89532-3,1
1226,TRX003284,USR00130,BK00550,2024-06-06,2024-06-20,2024-06-27,Terlambat,21.0,Keperawatan Medikal Bedah: Teori dan Praktik Klinis,Puput Siregar,Bumi Aksara,2015,"Fakultas Sains, Teknologi, & Kesehatan",Keperawatan,Keperawatan Klinis,"Buku ini membahas secara mendalam tentang manajemen perawatan pasien, prosedur klinis keperawatan, serta asuhan keperawatan pasien. Menjadi rujukan penting dalam perkuliahan dan penelitian terkait.","keperawatan anak, keperawatan gawat darurat, asuhan keperawatan, keperawatan medikal bedah",Indonesia,Fisik,298,978-0-616-75677-5,6
1227,TRX003287,USR00272,BK00600,2023-07-31,2023-08-14,2023-08-20,Terlambat,20.0,Farmasetika Klinis Edisi Ke-2,"Zaenab Utami, Drs. Fitriani Irawan, S.Pd",Andi Publisher,2018,"Fakultas Sains, Teknologi, & Kesehatan",Farmasi,Farmakologi & Kefarmasian,"Buku ini membahas secara mendalam tentang interaksi obat dalam tubuh, mekanisme kerja obat, serta efek samping dan dosis obat. Disusun dengan bahasa yang mudah dipahami untuk kalangan akademik.","farmakologi, farmakokinetik, apoteker, kimia farmasi",Indonesia,Fisik,469,978-0-7601-2277-8,8
1228,TRX003288,USR00273,BK00785,2025-01-17,2025-01-31,2025-02-05,Terlambat,19.0,Panduan Praktik Keperawatan Komprehensif,"Paulin Nasyidah, Patricia Nasyiah",Salemba Empat,2011,"Fakultas Sains, Teknologi, & Kesehatan",Profesi Ners,Keperawatan Profesi Ners,"Buku ini menyajikan kajian komprehensif mengenai praktik klinik keperawatan profesional, penerapan evidence-based practice, serta residensi dan pembelajaran klinik lanjutan. Menjadi rujukan penting dalam perkuliahan dan penelitian terkait.","evidence based practice, keperawatan komprehensif, profesi ners, residensi keperawatan",Indonesia,E-book,501,978-1-196-89313-3,9999
1229,TRX003289,USR00185,BK00773,2025-03-25,2025-04-08,2025-04-12,Terlambat,18.0,Modul Praktik Klinik Ners Edisi Ke-3,"Dr. Gawati Simbolon, S.T., Laksana Usamah",Andi Publisher,2008,"Fakultas Sains, Teknologi, & Kesehatan",Profesi Ners,Keperawatan Profesi Ners,"Buku ini membahas secara mendalam tentang residensi dan pembelajaran klinik lanjutan, kompetensi ners dalam asuhan pasien, serta etika dan profesionalisme keperawatan. Disusun dengan bahasa yang mudah dipahami untuk kalangan akademik.","keperawatan komprehensif, evidence based practice, keperawatan lanjutan, kompetensi ners",Indonesia,E-book,364,978-0-7365-2717-0,9999
1230,TRX003290,USR00299,BK00723,2023-05-29,2023-06-12,2023-06-16,Terlambat,18.0,Keperawatan Berbasis Bukti: Praktik Klinis Lanjutan,"Tgk. Raditya Wastuti, S.E.I",Informatika Bandung,2012,"Fakultas Sains, Teknologi, & Kesehatan",Profesi Ners,Keperawatan Profesi Ners,"Buku ini dirancang sebagai panduan untuk memahami praktik klinik keperawatan profesional, residensi dan pembelajaran klinik lanjutan, serta etika dan profesionalisme keperawatan. Menjadi rujukan penting dalam perkuliahan dan penelitian terkait.","residensi keperawatan, keperawatan lanjutan, profesi ners, evidence based practice",Indonesia,Fisik,519,978-0-608-75243-3,7
1231,TRX003291,USR00065,BK00539,2023-11-13,2023-11-27,2023-12-02,Terlambat,19.0,Dasar-Dasar Keperawatan Maternitas,"Ir. Kambali Rahayu, S.Gz, Devi Ramadan",Nuha Medika,2007,"Fakultas Sains, Teknologi, & Kesehatan",Keperawatan,Keperawatan Klinis,"Buku ini dirancang sebagai panduan untuk memahami komunikasi terapeutik perawat, prosedur klinis keperawatan, serta manajemen perawatan pasien. Membantu pembaca membangun pemahaman konseptual maupun praktis.","asuhan keperawatan, keperawatan anak, keperawatan, keperawatan gawat darurat",Inggris,Fisik,454,978-0-401-19393-8,6
1232,TRX003293,USR00087,BK00909,2024-05-23,2024-06-06,2024-06-13,Terlambat,21.0,Kreativitas dalam Videografi Edisi Ke-2,"Drs. Wirda Habibi, M.Ak",Andi Publisher,2014,"Fakultas Sosial, Humaniora, & Seni",Desain Komunikasi Visual,Fotografi & Multimedia,"Buku ini mengulas berbagai aspek penting dari desain media interaktif, teknik pengambilan gambar fotografi, serta animasi dan motion graphic. Cocok digunakan sebagai referensi utama bagi mahasiswa dan praktisi.","multimedia, fotografi, editing visual, motion graphic",Indonesia,Fisik,352,978-1-5439-4353-5,6
1233,TRX003295,USR00006,BK00808,2023-04-29,2023-05-13,2023-05-19,Terlambat,20.0,Pengantar Tipografi,"Cindy Salahudin, Dr. Lili Novitasari, S.Kom",Alfabeta,2012,"Fakultas Sosial, Humaniora, & Seni",Desain Komunikasi Visual,Desain Komunikasi Visual & Ilustrasi,"Buku ini memberikan pemahaman menyeluruh tentang estetika dalam karya seni rupa, proses kreatif desain grafis, serta prinsip visual dan tipografi. Disusun dengan bahasa yang mudah dipahami untuk kalangan akademik.","layout, desain grafis, ilustrasi, branding",Inggris,Fisik,505,978-0-01-654235-0,6
1234,TRX003296,USR00322,BK00885,2024-01-12,2024-01-26,2024-01-29,Terlambat,17.0,Teknik Fotografi Digital,Gandi Andriani,Informatika Bandung,2012,"Fakultas Sosial, Humaniora, & Seni",Desain Komunikasi Visual,Fotografi & Multimedia,"Buku ini memberikan pemahaman menyeluruh tentang teknik pengambilan gambar fotografi, desain media interaktif, serta editing visual dan videografi. Dilengkapi dengan contoh kasus dan studi lapangan yang relevan.","editing visual, motion graphic, fotografi, multimedia",Inggris,E-book,301,978-0-502-38503-4,9999
1235,TRX003297,USR00266,BK01063,2025-05-21,2025-06-04,2025-06-11,Terlambat,21.0,Manajemen Manajemen Sumber Daya Manusia,Opan Suartini,Alfabeta,2015,"Fakultas Sosial, Humaniora, & Seni",Administrasi Bisnis,Administrasi & Manajemen Bisnis,"Buku ini membahas secara mendalam tentang pengelolaan keuangan bisnis, efisiensi operasional organisasi bisnis, serta manajemen sumber daya manusia perusahaan. Disusun dengan bahasa yang mudah dipahami untuk kalangan akademik.","tata kelola perusahaan, manajemen sumber daya manusia, manajemen keuangan, administrasi bisnis",Indonesia,Fisik,440,978-0-7660-1444-2,1
1236,TRX003300,USR00359,BK01180,2024-11-28,2024-12-12,2024-12-14,Terlambat,16.0,Dasar-Dasar Psikologi Perkembangan,KH. Niyaga Hartati,Informatika Bandung,2014,"Fakultas Sosial, Humaniora, & Seni",Psikologi,Psikologi Umum & Klinis,"Buku ini memberikan pemahaman menyeluruh tentang perilaku dan proses mental manusia, intervensi psikoterapi klinis, serta perkembangan kepribadian individu. Cocok digunakan sebagai referensi utama bagi mahasiswa dan praktisi.","kesehatan mental, psikologi, psikologi klinis, psikoterapi",Indonesia,Fisik,374,978-1-102-90871-5,2
1237,TRX003302,USR00118,BK01209,2025-03-07,2025-03-21,2025-03-25,Terlambat,18.0,Pengantar Psikologi Kepribadian,Hardana Megantara,Erlangga,2010,"Fakultas Sosial, Humaniora, & Seni",Psikologi,Psikologi Umum & Klinis,"Buku ini memberikan pemahaman menyeluruh tentang dinamika interaksi sosial manusia, intervensi psikoterapi klinis, serta gangguan psikologis dan penanganannya. Cocok digunakan sebagai referensi utama bagi mahasiswa dan praktisi.","psikoterapi, perkembangan manusia, kesehatan mental, psikologi",Indonesia,E-book,486,978-1-263-35564-9,9999
1238,TRX003304,USR00332,BK00516,2023-11-05,2023-11-19,2023-11-25,Terlambat,20.0,Konsep Dasar Keperawatan Dasar,"Clara Hutapea, Elma Suwarno",Erlangga,2017,"Fakultas Sains, Teknologi, & Kesehatan",Keperawatan,Keperawatan Klinis,"Buku ini membahas secara mendalam tentang penanganan kondisi darurat medis, prosedur klinis keperawatan, serta asuhan keperawatan pasien. Dilengkapi dengan contoh kasus dan studi lapangan yang relevan.","praktik klinis, keperawatan, asuhan keperawatan, keperawatan gawat darurat",Indonesia,Fisik,194,978-0-241-27238-1,6
1239,TRX003308,USR00280,BK00723,2024-03-14,2024-03-28,2024-03-31,Terlambat,17.0,Keperawatan Berbasis Bukti: Praktik Klinis Lanjutan,"Tgk. Raditya Wastuti, S.E.I",Informatika Bandung,2012,"Fakultas Sains, Teknologi, & Kesehatan",Profesi Ners,Keperawatan Profesi Ners,"Buku ini dirancang sebagai panduan untuk memahami praktik klinik keperawatan profesional, residensi dan pembelajaran klinik lanjutan, serta etika dan profesionalisme keperawatan. Menjadi rujukan penting dalam perkuliahan dan penelitian terkait.","residensi keperawatan, keperawatan lanjutan, profesi ners, evidence based practice",Indonesia,Fisik,519,978-0-608-75243-3,7
1240,TRX003310,USR00181,BK00546,2025-07-29,2025-08-12,2025-08-14,Terlambat,16.0,Dasar-Dasar Keperawatan Dasar Edisi Ke-3,"Ella Haryanto, S.I.Kom",Kencana Prenada,2006,"Fakultas Sains, Teknologi, & Kesehatan",Keperawatan,Keperawatan Klinis,"Buku ini membahas secara mendalam tentang komunikasi terapeutik perawat, penanganan kondisi darurat medis, serta prosedur klinis keperawatan. Membantu pembaca membangun pemahaman konseptual maupun praktis.","keperawatan gawat darurat, keperawatan medikal bedah, praktik klinis, keperawatan",Indonesia,Fisik,173,978-1-396-13674-0,4
1241,TRX003314,USR00056,BK01207,2024-05-20,2024-06-03,2024-06-07,Terlambat,18.0,Pengantar Psikologi Abnormal,Daru Januar,Rajawali Pers,2023,"Fakultas Sosial, Humaniora, & Seni",Psikologi,Psikologi Umum & Klinis,"Buku ini membahas secara mendalam tentang dinamika interaksi sosial manusia, gangguan psikologis dan penanganannya, serta perkembangan kepribadian individu. Dilengkapi dengan contoh kasus dan studi lapangan yang relevan.","psikologi klinis, psikologi sosial, perkembangan manusia, kepribadian",Inggris,Fisik,298,978-1-77269-608-0,0
1242,TRX003318,USR00141,BK00551,2023-05-31,2023-06-14,2023-06-20,Terlambat,20.0,Keperawatan Jiwa: Teori dan Praktik Klinis,"Anggabaya Nugroho, Ir. Satya Sihombing",Andi Publisher,2011,"Fakultas Sains, Teknologi, & Kesehatan",Keperawatan,Keperawatan Klinis,"Buku ini dirancang sebagai panduan untuk memahami penanganan kondisi darurat medis, komunikasi terapeutik perawat, serta asuhan keperawatan pasien. Membantu pembaca membangun pemahaman konseptual maupun praktis.","praktik klinis, keperawatan anak, keperawatan medikal bedah, keperawatan gawat darurat",Indonesia,Fisik,460,978-1-62467-197-5,5
1243,TRX003322,USR00128,BK01195,2024-12-20,2025-01-03,2025-01-04,Terlambat,15.0,Konsep Psikologi Kepribadian Modern Edisi Terbaru,"H. Lanjar Purwanti, M.Ak",Bumi Aksara,2015,"Fakultas Sosial, Humaniora, & Seni",Psikologi,Psikologi Umum & Klinis,"Buku ini membahas secara mendalam tentang dinamika interaksi sosial manusia, perilaku dan proses mental manusia, serta intervensi psikoterapi klinis. Menjadi rujukan penting dalam perkuliahan dan penelitian terkait.","psikologi sosial, kepribadian, perkembangan manusia, psikologi klinis",Indonesia,E-book,128,978-1-5175-8891-5,9999
1244,TRX003324,USR00119,BK00828,2023-05-27,2023-06-10,2023-06-11,Terlambat,15.0,Kreativitas dalam Desain Komunikasi Visual Edisi Revisi,"Titin Puspasari, Emil Hastuti, M.Kom.",Gramedia Pustaka Utama,2016,"Fakultas Sosial, Humaniora, & Seni",Desain Komunikasi Visual,Desain Komunikasi Visual & Ilustrasi,"Buku ini memberikan pemahaman menyeluruh tentang estetika dalam karya seni rupa, ilustrasi dan komposisi gambar, serta proses kreatif desain grafis. Disusun dengan bahasa yang mudah dipahami untuk kalangan akademik.","desain komunikasi visual, tipografi, branding, desain grafis",Indonesia,Fisik,221,978-1-342-34619-3,0
1245,TRX003325,USR00237,BK01183,2024-04-24,2024-05-08,2024-05-11,Terlambat,17.0,Dasar-Dasar Psikologi Perkembangan,Vicky Yolanda,UI Press,2015,"Fakultas Sosial, Humaniora, & Seni",Psikologi,Psikologi Umum & Klinis,"Buku ini memberikan pemahaman menyeluruh tentang perilaku dan proses mental manusia, perkembangan kepribadian individu, serta dinamika interaksi sosial manusia. Membantu pembaca membangun pemahaman konseptual maupun praktis.","psikologi sosial, psikologi, psikoterapi, kesehatan mental",Indonesia,E-book,181,978-1-04-235973-8,9999
1246,TRX003328,USR00105,BK00947,2023-01-20,2023-02-03,2023-02-08,Terlambat,19.0,Prinsip Arsitektur Ruang Dalam Edisi Terbaru,Ulva Mansur,Graha Ilmu,2023,"Fakultas Sosial, Humaniora, & Seni",Desain Interior,Desain Interior & Arsitektur Ruang,"Buku ini memberikan pemahaman menyeluruh tentang prinsip pencahayaan dan estetika ruang, konsep arsitektur ruang dalam modern, serta perancangan tata ruang interior. Cocok digunakan sebagai referensi utama bagi mahasiswa dan praktisi.","furnitur, desain interior, tata ruang, pencahayaan ruang",Indonesia,Fisik,154,978-1-05-622710-8,5
1247,TRX003329,USR00041,BK00408,2023-02-01,2023-02-15,2023-02-20,Terlambat,19.0,Manajemen Manajemen Persediaan Edisi Terbaru,R.A. Padmi Palastri,Pustaka Pelajar,2018,"Fakultas Sains, Teknologi, & Kesehatan",Teknik Industri,Ergonomi & Rantai Pasok,"Buku ini membahas secara mendalam tentang analisis ergonomi tempat kerja, pengendalian persediaan barang, serta optimalisasi jaringan logistik. Menjadi rujukan penting dalam perkuliahan dan penelitian terkait.","logistik, supply chain, analisis beban kerja, k3",Indonesia,Fisik,369,978-1-84577-600-8,6
1248,TRX003330,USR00235,BK00585,2023-01-07,2023-01-21,2023-01-25,Terlambat,18.0,Pengantar Farmakologi,Unjani Lestari,Pustaka Pelajar,2014,"Fakultas Sains, Teknologi, & Kesehatan",Farmasi,Farmakologi & Kefarmasian,"Buku ini dirancang sebagai panduan untuk memahami pelayanan kefarmasian klinis, formulasi sediaan farmasi, serta efek samping dan dosis obat. Dilengkapi dengan contoh kasus dan studi lapangan yang relevan.","farmasi klinis, toksikologi, farmakokinetik, obat",Indonesia,Fisik,529,978-1-03-203207-8,4
1249,TRX003337,USR00129,BK01014,2024-10-06,2024-10-20,2024-10-24,Terlambat,18.0,Dasar-Dasar Desain Interior,Paiman Nainggolan,Bumi Aksara,2023,"Fakultas Sosial, Humaniora, & Seni",Desain Interior,Desain Interior & Arsitektur Ruang,"Buku ini membahas secara mendalam tentang ergonomi dalam desain ruang, prinsip pencahayaan dan estetika ruang, serta konsep arsitektur ruang dalam modern. Membantu pembaca membangun pemahaman konseptual maupun praktis.","material interior, arsitektur ruang, desain interior, furnitur",Indonesia,E-book,270,978-0-8403-3399-5,9999
1250,TRX003339,USR00373,BK01371,2025-06-02,2025-06-16,2025-06-17,Terlambat,15.0,Strategi Produksi Berita,"Ida Hasanah, Gamanto Simbolon",Salemba Empat,2012,"Fakultas Sosial, Humaniora, & Seni",Ilmu Komunikasi,Jurnalistik & Media Digital,"Buku ini menyajikan kajian komprehensif mengenai produksi berita di media digital, etika jurnalistik di era digital, serta strategi konten media sosial. Dilengkapi dengan contoh kasus dan studi lapangan yang relevan.","media sosial, media digital, komunikasi digital, produksi berita",Indonesia,Fisik,209,978-0-325-93678-9,8
1251,TRX003342,USR00363,BK00556,2023-07-07,2023-07-21,2023-07-26,Terlambat,19.0,Konsep Dasar Keperawatan Anak,Drs. Lili Santoso,Kencana Prenada,2016,"Fakultas Sains, Teknologi, & Kesehatan",Keperawatan,Keperawatan Klinis,"Buku ini memberikan pemahaman menyeluruh tentang manajemen perawatan pasien, komunikasi terapeutik perawat, serta prosedur klinis keperawatan. Cocok digunakan sebagai referensi utama bagi mahasiswa dan praktisi.","keperawatan, asuhan keperawatan, keperawatan anak, praktik klinis",Indonesia,Fisik,457,978-1-905696-59-8,4
1252,TRX003343,USR00309,BK01125,2025-03-03,2025-03-17,2025-03-20,Terlambat,17.0,Bisnis Startup: Konsep dan Aplikasi,Titin Siregar,Alfabeta,2011,"Fakultas Sosial, Humaniora, & Seni",Administrasi Bisnis,Kewirausahaan & Pemasaran Bisnis,"Buku ini dirancang sebagai panduan untuk memahami pengembangan bisnis digital, membangun bisnis rintisan startup, serta perencanaan strategi pemasaran. Menjadi rujukan penting dalam perkuliahan dan penelitian terkait.","manajemen pemasaran, kewirausahaan, bisnis digital, startup",Indonesia,E-book,224,978-1-4837-4417-9,9999
1253,TRX003344,USR00262,BK01256,2024-06-22,2024-07-06,2024-07-07,Terlambat,15.0,Dasar-Dasar Jurnalistik,"drg. Gandi Maheswara, M.TI.",Deepublish,2018,"Fakultas Sosial, Humaniora, & Seni",Ilmu Komunikasi,Komunikasi & Media,"Buku ini dirancang sebagai panduan untuk memahami hubungan masyarakat dan citra publik, dinamika komunikasi massa, serta strategi media dan publikasi. Membantu pembaca membangun pemahaman konseptual maupun praktis.","media digital, komunikasi massa, public relations, komunikasi interpersonal",Indonesia,Fisik,313,978-0-7941-5152-2,2
1254,TRX003346,USR00323,BK01321,2024-09-27,2024-10-11,2024-10-18,Terlambat,21.0,Pengantar Media Sosial,Ika Sitorus,Nuha Medika,2015,"Fakultas Sosial, Humaniora, & Seni",Ilmu Komunikasi,Jurnalistik & Media Digital,"Buku ini memberikan pemahaman menyeluruh tentang strategi konten media sosial, jurnalisme online kontemporer, serta produksi berita di media digital. Menjadi rujukan penting dalam perkuliahan dan penelitian terkait.","media sosial, produksi berita, konten kreator, jurnalistik",Inggris,E-book,520,978-1-114-04288-9,9999
1255,TRX003347,USR00047,BK00444,2023-04-13,2023-04-27,2023-05-03,Terlambat,20.0,Studi Rantai Pasok di Industri,"Sutan Mursinin Pranowo, Cut Cici Pertiwi",Salemba Empat,2006,"Fakultas Sains, Teknologi, & Kesehatan",Teknik Industri,Ergonomi & Rantai Pasok,"Buku ini menyajikan kajian komprehensif mengenai keselamatan dan kesehatan kerja industri, manajemen rantai pasok dan distribusi, serta analisis ergonomi tempat kerja. Cocok digunakan sebagai referensi utama bagi mahasiswa dan praktisi.","distribusi, logistik, manajemen persediaan, analisis beban kerja",Indonesia,E-book,343,978-1-946954-89-3,9999
1256,TRX003348,USR00365,BK01185,2023-08-25,2023-09-08,2023-09-13,Terlambat,19.0,Dasar-Dasar Psikologi Kepribadian Edisi Terbaru,"Nugraha Novitasari, Kartika Usada, M.Pd",PT Grasindo,2024,"Fakultas Sosial, Humaniora, & Seni",Psikologi,Psikologi Umum & Klinis,"Buku ini menyajikan kajian komprehensif mengenai intervensi psikoterapi klinis, dinamika interaksi sosial manusia, serta perilaku dan proses mental manusia. Dilengkapi dengan contoh kasus dan studi lapangan yang relevan.","psikologi, psikoterapi, kepribadian, psikologi sosial",Indonesia,Fisik,371,978-1-70468-611-0,1
1257,TRX003350,USR00053,BK01227,2024-09-18,2024-10-02,2024-10-07,Terlambat,19.0,Pengantar Psikologi Abnormal,"Dr. Argono Widiastuti, M.Pd",Gramedia Pustaka Utama,2005,"Fakultas Sosial, Humaniora, & Seni",Psikologi,Psikologi Umum & Klinis,"Buku ini dirancang sebagai panduan untuk memahami dinamika interaksi sosial manusia, perkembangan kepribadian individu, serta perilaku dan proses mental manusia. Disusun dengan bahasa yang mudah dipahami untuk kalangan akademik.","psikologi, perkembangan manusia, kepribadian, psikologi klinis",Indonesia,Fisik,357,978-0-657-42231-8,2
1258,TRX003351,USR00254,BK01172,2023-09-05,2023-09-19,2023-09-26,Terlambat,21.0,Psikologi Umum: Teori dan Aplikasi Edisi Ke-3,Dodo Pudjiastuti,PT Grasindo,2014,"Fakultas Sosial, Humaniora, & Seni",Psikologi,Psikologi Umum & Klinis,"Buku ini menyajikan kajian komprehensif mengenai dinamika interaksi sosial manusia, intervensi psikoterapi klinis, serta gangguan psikologis dan penanganannya. Disusun dengan bahasa yang mudah dipahami untuk kalangan akademik.","kepribadian, kesehatan mental, psikologi, perkembangan manusia",Indonesia,Fisik,455,978-0-571-55868-1,2
1259,TRX003357,USR00217,BK00833,2024-12-14,2024-12-28,2024-12-31,Terlambat,17.0,Pengantar Tipografi,"Rahmi Prabowo, Sutan Baktiono Purwanti",Elex Media Komputindo,2009,"Fakultas Sosial, Humaniora, & Seni",Desain Komunikasi Visual,Desain Komunikasi Visual & Ilustrasi,"Buku ini mengulas berbagai aspek penting dari proses kreatif desain grafis, prinsip visual dan tipografi, serta ilustrasi dan komposisi gambar. Cocok digunakan sebagai referensi utama bagi mahasiswa dan praktisi.","desain komunikasi visual, ilustrasi, tipografi, branding",Inggris,E-book,219,978-0-9665533-0-7,9999
1260,TRX003363,USR00155,BK00126,2025-07-13,2025-07-27,2025-08-03,Terlambat,21.0,Konsep Dasar Data Science,Bella Kusumo,UI Press,2011,"Fakultas Sains, Teknologi, & Kesehatan",Informatika,Kecerdasan Buatan & Data Science,"Buku ini memberikan pemahaman menyeluruh tentang jaringan saraf tiruan, otomatisasi cerdas, serta kecerdasan buatan. Disusun dengan bahasa yang mudah dipahami untuk kalangan akademik.","neural network, data science, artificial intelligence, data mining",Indonesia,Fisik,143,978-0-89324-609-9,3
1261,TRX003366,USR00117,BK01225,2025-07-04,2025-07-18,2025-07-19,Terlambat,15.0,Konsep Psikologi Perkembangan Modern,"Adikara Januar, Panca Purwanti",Kencana Prenada,2012,"Fakultas Sosial, Humaniora, & Seni",Psikologi,Psikologi Umum & Klinis,"Buku ini membahas secara mendalam tentang gangguan psikologis dan penanganannya, perilaku dan proses mental manusia, serta dinamika interaksi sosial manusia. Membantu pembaca membangun pemahaman konseptual maupun praktis.","perkembangan manusia, kesehatan mental, psikologi, psikoterapi",Indonesia,Fisik,395,978-0-08-385076-1,2
1262,TRX003367,USR00310,BK00559,2025-03-03,2025-03-17,2025-03-21,Terlambat,18.0,Panduan Keperawatan Anak Edisi Revisi,"Cornelia Prastuti, S.IP",Nuha Medika,2009,"Fakultas Sains, Teknologi, & Kesehatan",Keperawatan,Keperawatan Klinis,"Buku ini memberikan pemahaman menyeluruh tentang penanganan kondisi darurat medis, asuhan keperawatan pasien, serta manajemen perawatan pasien. Cocok digunakan sebagai referensi utama bagi mahasiswa dan praktisi.","praktik klinis, keperawatan gawat darurat, asuhan keperawatan, keperawatan",Indonesia,Fisik,242,978-1-198-76351-9,3
1263,TRX003368,USR00310,BK00552,2023-01-17,2023-01-31,2023-02-05,Terlambat,19.0,Konsep Dasar Keperawatan Maternitas,"Kadir Namaga, M.Farm",Rajawali Pers,2023,"Fakultas Sains, Teknologi, & Kesehatan",Keperawatan,Keperawatan Klinis,"Buku ini menyajikan kajian komprehensif mengenai penanganan kondisi darurat medis, asuhan keperawatan pasien, serta prosedur klinis keperawatan. Menjadi rujukan penting dalam perkuliahan dan penelitian terkait.","keperawatan medikal bedah, keperawatan, keperawatan anak, asuhan keperawatan",Indonesia,Fisik,501,978-1-82806-479-5,3
1264,TRX003371,USR00050,BK00647,2024-06-17,2024-07-01,2024-07-04,Terlambat,17.0,Pengantar Teknologi Sediaan Farmasi,"Cindy Pertiwi, Dt. Okto Prasetyo, S.Farm",Rajawali Pers,2014,"Fakultas Sains, Teknologi, & Kesehatan",Farmasi,Teknologi Farmasi & Pelayanan Kefarmasian,"Buku ini memberikan pemahaman menyeluruh tentang manajemen obat dan compounding, standar pelayanan farmasi profesional, serta praktik farmasi klinis pasien. Disusun dengan bahasa yang mudah dipahami untuk kalangan akademik.","teknologi farmasi, farmasi komunitas, farmasi rumah sakit, compounding obat",Indonesia,E-book,321,978-0-325-41107-1,9999
1265,TRX003376,USR00123,BK00547,2024-05-04,2024-05-18,2024-05-21,Terlambat,17.0,Konsep Dasar Keperawatan Jiwa,"H. Pranata Prastuti, M.Farm, Usyi Yuniar",Andi Publisher,2008,"Fakultas Sains, Teknologi, & Kesehatan",Keperawatan,Keperawatan Klinis,"Buku ini dirancang sebagai panduan untuk memahami komunikasi terapeutik perawat, penanganan kondisi darurat medis, serta manajemen perawatan pasien. Menjadi rujukan penting dalam perkuliahan dan penelitian terkait.","keperawatan anak, praktik klinis, keperawatan, asuhan keperawatan",Indonesia,E-book,175,978-1-79678-427-5,9999
1266,TRX003378,USR00236,BK00642,2023-02-08,2023-02-22,2023-02-28,Terlambat,20.0,Panduan Farmasi Komunitas Edisi Terbaru,"Cut Dewi Hariyah, S.I.Kom, Ibun Anggriawan",Graha Ilmu,2021,"Fakultas Sains, Teknologi, & Kesehatan",Farmasi,Teknologi Farmasi & Pelayanan Kefarmasian,"Buku ini mengulas berbagai aspek penting dari praktik farmasi klinis pasien, pelayanan kefarmasian di rumah sakit, serta teknologi pembuatan sediaan obat. Disusun dengan bahasa yang mudah dipahami untuk kalangan akademik.","sediaan farmasi, pelayanan kefarmasian, farmasi komunitas, teknologi farmasi",Indonesia,E-book,452,978-0-453-19433-4,9999
1267,TRX003379,USR00128,BK01210,2025-09-10,2025-09-24,2025-09-27,Terlambat,17.0,Konsep Psikologi Klinis Modern,"Nasrullah Siregar, Harjasa Rahimah",Erlangga,2023,"Fakultas Sosial, Humaniora, & Seni",Psikologi,Psikologi Umum & Klinis,"Buku ini mengulas berbagai aspek penting dari gangguan psikologis dan penanganannya, perilaku dan proses mental manusia, serta intervensi psikoterapi klinis. Membantu pembaca membangun pemahaman konseptual maupun praktis.","psikologi sosial, psikologi, kesehatan mental, psikoterapi",Indonesia,Fisik,200,978-0-931706-95-0,5
1268,TRX003380,USR00150,BK01186,2024-01-27,2024-02-10,2024-02-17,Terlambat,21.0,Memahami Psikologi Perkembangan,"Eluh Widiastuti, Nabila Wacana",UI Press,2016,"Fakultas Sosial, Humaniora, & Seni",Psikologi,Psikologi Umum & Klinis,"Buku ini membahas secara mendalam tentang gangguan psikologis dan penanganannya, perkembangan kepribadian individu, serta dinamika interaksi sosial manusia. Membantu pembaca membangun pemahaman konseptual maupun praktis.","perkembangan manusia, psikoterapi, psikologi, kepribadian",Inggris,E-book,136,978-0-10-219237-7,9999
1269,TRX003381,USR00323,BK01378,2024-10-22,2024-11-05,2024-11-06,Terlambat,15.0,Pengantar Content Creation,Cahya Ardianto,Kencana Prenada,2012,"Fakultas Sosial, Humaniora, & Seni",Ilmu Komunikasi,Jurnalistik & Media Digital,"Buku ini memberikan pemahaman menyeluruh tentang produksi berita di media digital, komunikasi digital dan audiens, serta strategi konten media sosial. Menjadi rujukan penting dalam perkuliahan dan penelitian terkait.","jurnalistik, media sosial, konten kreator, produksi berita",Inggris,Fisik,310,978-0-245-39313-6,7
1270,TRX003382,USR00177,BK00739,2024-09-15,2024-09-29,2024-09-30,Terlambat,15.0,Kompetensi Keperawatan Berbasis Bukti Edisi Ke-3,"Shania Anggraini, Dinda Nasyiah, S.Kom",Nuha Medika,2009,"Fakultas Sains, Teknologi, & Kesehatan",Profesi Ners,Keperawatan Profesi Ners,"Buku ini menyajikan kajian komprehensif mengenai etika dan profesionalisme keperawatan, kompetensi ners dalam asuhan pasien, serta residensi dan pembelajaran klinik lanjutan. Membantu pembaca membangun pemahaman konseptual maupun praktis.","kompetensi ners, praktik klinis ners, evidence based practice, residensi keperawatan",Indonesia,E-book,139,978-1-359-89262-1,9999
1271,TRX003385,USR00195,BK00331,2024-04-08,2024-04-22,2024-04-28,Terlambat,20.0,Perancangan Teknik Industri,Mumpuni Usamah,UI Press,2008,"Fakultas Sains, Teknologi, & Kesehatan",Teknik Industri,Teknik Industri & Manajemen Operasi,"Buku ini memberikan pemahaman menyeluruh tentang perancangan sistem kerja industri, optimalisasi proses produksi, serta efisiensi tata letak fasilitas pabrik. Menjadi rujukan penting dalam perkuliahan dan penelitian terkait.","efisiensi kerja, tata letak pabrik, perencanaan produksi, six sigma",Indonesia,E-book,275,978-1-138-61207-5,9999
1272,TRX003387,USR00032,BK00739,2025-11-22,2025-12-06,2025-12-08,Terlambat,16.0,Kompetensi Keperawatan Berbasis Bukti Edisi Ke-3,"Shania Anggraini, Dinda Nasyiah, S.Kom",Nuha Medika,2009,"Fakultas Sains, Teknologi, & Kesehatan",Profesi Ners,Keperawatan Profesi Ners,"Buku ini menyajikan kajian komprehensif mengenai etika dan profesionalisme keperawatan, kompetensi ners dalam asuhan pasien, serta residensi dan pembelajaran klinik lanjutan. Membantu pembaca membangun pemahaman konseptual maupun praktis.","kompetensi ners, praktik klinis ners, evidence based practice, residensi keperawatan",Indonesia,E-book,139,978-1-359-89262-1,9999
1273,TRX003388,USR00098,BK00342,2024-07-20,2024-08-03,2024-08-10,Terlambat,21.0,Perancangan Perencanaan Produksi Edisi Terbaru,"Among Prastuti, M.Farm, Vivi Rahayu",Elex Media Komputindo,2013,"Fakultas Sains, Teknologi, & Kesehatan",Teknik Industri,Teknik Industri & Manajemen Operasi,"Buku ini menyajikan kajian komprehensif mengenai optimalisasi proses produksi, perencanaan dan pengendalian produksi, serta manajemen kualitas dan produktivitas. Disusun dengan bahasa yang mudah dipahami untuk kalangan akademik.","efisiensi kerja, manajemen operasi, tata letak pabrik, produktivitas",Indonesia,Fisik,136,978-0-8488-7256-4,0
1274,TRX003390,USR00157,BK00845,2024-06-09,2024-06-23,2024-06-30,Terlambat,21.0,Prinsip Ilustrasi Digital,Jail Kurniawan,Andi Publisher,2018,"Fakultas Sosial, Humaniora, & Seni",Desain Komunikasi Visual,Desain Komunikasi Visual & Ilustrasi,"Buku ini menyajikan kajian komprehensif mengenai estetika dalam karya seni rupa, proses kreatif desain grafis, serta prinsip visual dan tipografi. Disusun dengan bahasa yang mudah dipahami untuk kalangan akademik.","branding, layout, ilustrasi, tipografi",Inggris,Fisik,195,978-0-07-240787-7,0
1275,TRX003391,USR00226,BK01237,2023-08-12,2023-08-26,2023-08-29,Terlambat,17.0,Pengantar Komunikasi Interpersonal,"Warji Yuliarti, Aslijan Adriansyah",Erlangga,2018,"Fakultas Sosial, Humaniora, & Seni",Ilmu Komunikasi,Komunikasi & Media,"Buku ini mengulas berbagai aspek penting dari dinamika komunikasi massa, jurnalisme di era digital, serta pengaruh media sosial terhadap opini publik. Menjadi rujukan penting dalam perkuliahan dan penelitian terkait.","public relations, media sosial, komunikasi interpersonal, broadcasting",Indonesia,Fisik,236,978-0-02-455910-4,3
1276,TRX003395,USR00147,BK01014,2024-12-27,2025-01-10,2025-01-11,Terlambat,15.0,Dasar-Dasar Desain Interior,Paiman Nainggolan,Bumi Aksara,2023,"Fakultas Sosial, Humaniora, & Seni",Desain Interior,Desain Interior & Arsitektur Ruang,"Buku ini membahas secara mendalam tentang ergonomi dalam desain ruang, prinsip pencahayaan dan estetika ruang, serta konsep arsitektur ruang dalam modern. Membantu pembaca membangun pemahaman konseptual maupun praktis.","material interior, arsitektur ruang, desain interior, furnitur",Indonesia,E-book,270,978-0-8403-3399-5,9999
1277,TRX003398,USR00189,BK01117,2024-10-03,2024-10-17,2024-10-20,Terlambat,17.0,Dasar-Dasar Bisnis Startup,dr. Restu Hassanah,Gramedia Pustaka Utama,2020,"Fakultas Sosial, Humaniora, & Seni",Administrasi Bisnis,Kewirausahaan & Pemasaran Bisnis,"Buku ini membahas secara mendalam tentang perencanaan strategi pemasaran, membangun bisnis rintisan startup, serta pengembangan bisnis digital. Membantu pembaca membangun pemahaman konseptual maupun praktis.","e-commerce, bisnis digital, strategi pemasaran, manajemen pemasaran",Indonesia,E-book,361,978-1-244-18222-6,9999
1278,TRX003399,USR00230,BK00478,2023-10-25,2023-11-08,2023-11-11,Terlambat,17.0,Keperawatan Maternitas: Teori dan Praktik Klinis,R. Sakura Hassanah,Pustaka Pelajar,2016,"Fakultas Sains, Teknologi, & Kesehatan",Keperawatan,Keperawatan Klinis,"Buku ini memberikan pemahaman menyeluruh tentang komunikasi terapeutik perawat, prosedur klinis keperawatan, serta asuhan keperawatan pasien. Disusun dengan bahasa yang mudah dipahami untuk kalangan akademik.","keperawatan, keperawatan anak, praktik klinis, keperawatan gawat darurat",Indonesia,E-book,149,978-0-437-28051-0,9999
1279,TRX003400,USR00256,BK01190,2023-12-24,2024-01-07,2024-01-11,Terlambat,18.0,Dasar-Dasar Psikologi Umum Edisi Revisi,"Lutfan Namaga, S.Pt",PT Grasindo,2007,"Fakultas Sosial, Humaniora, & Seni",Psikologi,Psikologi Umum & Klinis,"Buku ini membahas secara mendalam tentang gangguan psikologis dan penanganannya, perilaku dan proses mental manusia, serta dinamika interaksi sosial manusia. Disusun dengan bahasa yang mudah dipahami untuk kalangan akademik.","psikoterapi, psikologi, kepribadian, kesehatan mental",Inggris,E-book,306,978-0-8217-8192-0,9999
1280,TRX003403,USR00132,BK00277,2025-07-05,2025-07-19,2025-07-20,Terlambat,15.0,Data Warehouse: Teori dan Aplikasi,drg. Vero Budiman,Elex Media Komputindo,2012,"Fakultas Sains, Teknologi, & Kesehatan",Informatika,Basis Data,"Buku ini membahas secara mendalam tentang arsitektur data warehouse, manajemen sistem basis data, serta query dan manipulasi data. Disusun dengan bahasa yang mudah dipahami untuk kalangan akademik.","basis data, database, manajemen data, data warehouse",Indonesia,Fisik,515,978-0-622-99911-1,4
1281,TRX003408,USR00335,BK00830,2024-07-30,2024-08-13,2024-08-15,Terlambat,16.0,Pengantar Desain Komunikasi Visual Edisi Revisi,"drg. Maria Pangestu, dr. Kasiyah Usamah",Andi Publisher,2018,"Fakultas Sosial, Humaniora, & Seni",Desain Komunikasi Visual,Desain Komunikasi Visual & Ilustrasi,"Buku ini memberikan pemahaman menyeluruh tentang strategi branding melalui visual, prinsip visual dan tipografi, serta proses kreatif desain grafis. Menjadi rujukan penting dalam perkuliahan dan penelitian terkait.","seni rupa, branding, desain grafis, tipografi",Indonesia,Fisik,540,978-1-208-49649-9,8
1282,TRX003409,USR00078,BK00565,2024-03-27,2024-04-10,2024-04-16,Terlambat,20.0,Prinsip Kimia Farmasi,"Kunthara Nugroho, S.Gz",Andi Publisher,2016,"Fakultas Sains, Teknologi, & Kesehatan",Farmasi,Farmakologi & Kefarmasian,"Buku ini dirancang sebagai panduan untuk memahami efek samping dan dosis obat, pelayanan kefarmasian klinis, serta mekanisme kerja obat. Disusun dengan bahasa yang mudah dipahami untuk kalangan akademik.","farmakokinetik, formulasi obat, farmakologi, apoteker",Inggris,Fisik,137,978-0-01-594165-9,8
1283,TRX003414,USR00110,BK00960,2023-09-14,2023-09-28,2023-10-04,Terlambat,20.0,Perancangan Desain Interior,"dr. Padma Budiman, Hadi Agustina, S.Gz",Erlangga,2007,"Fakultas Sosial, Humaniora, & Seni",Desain Interior,Desain Interior & Arsitektur Ruang,"Buku ini menyajikan kajian komprehensif mengenai pemilihan material dan furnitur, perancangan tata ruang interior, serta konsep arsitektur ruang dalam modern. Disusun dengan bahasa yang mudah dipahami untuk kalangan akademik.","desain interior, ergonomi ruang, pencahayaan ruang, furnitur",Indonesia,Fisik,391,978-0-8241-2704-6,4
1284,TRX003415,USR00034,BK00662,2025-10-13,2025-10-27,2025-11-01,Terlambat,19.0,Pengantar Teknologi Sediaan Farmasi,"Cawisono Novitasari, M.Ak",Rajawali Pers,2016,"Fakultas Sains, Teknologi, & Kesehatan",Farmasi,Teknologi Farmasi & Pelayanan Kefarmasian,"Buku ini memberikan pemahaman menyeluruh tentang standar pelayanan farmasi profesional, praktik farmasi klinis pasien, serta pelayanan kefarmasian di rumah sakit. Dilengkapi dengan contoh kasus dan studi lapangan yang relevan.","farmasi komunitas, farmasi rumah sakit, sediaan farmasi, compounding obat",Inggris,E-book,471,978-0-12-233865-6,9999
1285,TRX003422,USR00153,BK00466,2023-02-17,2023-03-03,2023-03-05,Terlambat,16.0,Dasar-Dasar Ergonomi,"Hj. Yessi Adriansyah, R.M. Mitra Maryadi, M.M.",Nuha Medika,2009,"Fakultas Sains, Teknologi, & Kesehatan",Teknik Industri,Ergonomi & Rantai Pasok,"Buku ini membahas secara mendalam tentang manajemen rantai pasok dan distribusi, analisis ergonomi tempat kerja, serta pengendalian persediaan barang. Disusun dengan bahasa yang mudah dipahami untuk kalangan akademik.","rantai pasok, analisis beban kerja, manajemen persediaan, logistik",Indonesia,Fisik,230,978-1-997335-49-8,0
1286,TRX003423,USR00211,BK00832,2024-12-15,2024-12-29,2025-01-05,Terlambat,21.0,Branding Visual: Konsep dan Praktik,"Tgk. Banawi Anggriawan, S.Psi",Andi Publisher,2022,"Fakultas Sosial, Humaniora, & Seni",Desain Komunikasi Visual,Desain Komunikasi Visual & Ilustrasi,"Buku ini dirancang sebagai panduan untuk memahami ilustrasi dan komposisi gambar, estetika dalam karya seni rupa, serta proses kreatif desain grafis. Cocok digunakan sebagai referensi utama bagi mahasiswa dan praktisi.","layout, desain komunikasi visual, branding, desain grafis",Indonesia,Fisik,289,978-1-379-53816-5,7
1287,TRX003434,USR00219,BK01310,2025-01-30,2025-02-13,2025-02-14,Terlambat,15.0,Pengantar Content Creation,"Tgk. Praba Siregar, S.Gz, Hadi Pradana",Gramedia Pustaka Utama,2024,"Fakultas Sosial, Humaniora, & Seni",Ilmu Komunikasi,Jurnalistik & Media Digital,"Buku ini dirancang sebagai panduan untuk memahami etika jurnalistik di era digital, strategi konten media sosial, serta komunikasi digital dan audiens. Disusun dengan bahasa yang mudah dipahami untuk kalangan akademik.","jurnalistik, media digital, konten kreator, komunikasi digital",Inggris,Fisik,279,978-1-82430-176-4,2
1288,TRX003435,USR00170,BK00431,2025-06-25,2025-07-09,2025-07-15,Terlambat,20.0,Pengantar Manajemen Persediaan Edisi Ke-2,Anggabaya Wasita,Informatika Bandung,2023,"Fakultas Sains, Teknologi, & Kesehatan",Teknik Industri,Ergonomi & Rantai Pasok,"Buku ini menyajikan kajian komprehensif mengenai analisis ergonomi tempat kerja, manajemen rantai pasok dan distribusi, serta pengendalian persediaan barang. Disusun dengan bahasa yang mudah dipahami untuk kalangan akademik.","ergonomi, supply chain, analisis beban kerja, manajemen persediaan",Inggris,Fisik,445,978-1-63331-279-1,8
1289,TRX003438,USR00363,BK00501,2025-06-30,2025-07-14,2025-07-20,Terlambat,20.0,Asuhan Keperawatan Dasar,"Lasmanto Tarihoran, Drs. Ophelia Prasetya, M.M.",Informatika Bandung,2009,"Fakultas Sains, Teknologi, & Kesehatan",Keperawatan,Keperawatan Klinis,"Buku ini mengulas berbagai aspek penting dari prosedur klinis keperawatan, penanganan kondisi darurat medis, serta manajemen perawatan pasien. Disusun dengan bahasa yang mudah dipahami untuk kalangan akademik.","asuhan keperawatan, praktik klinis, keperawatan medikal bedah, keperawatan",Indonesia,E-book,250,978-1-03-127722-7,9999
1290,TRX003440,USR00216,BK00219,2024-11-27,2024-12-11,2024-12-15,Terlambat,18.0,Kriptografi di Era Digital,"Jumari Wasita, M.Kom.",Deepublish,2013,"Fakultas Sains, Teknologi, & Kesehatan",Informatika,Jaringan & Keamanan Siber,"Buku ini membahas secara mendalam tentang protokol komunikasi data, proteksi data digital, serta keamanan jaringan komputer. Dilengkapi dengan contoh kasus dan studi lapangan yang relevan.","jaringan komputer, firewall, enkripsi, protokol jaringan",Indonesia,E-book,248,978-1-72190-340-5,9999
1291,TRX003442,USR00199,BK00515,2025-01-10,2025-01-24,2025-01-31,Terlambat,21.0,Asuhan Keperawatan Dasar,Mila Laksita,Salemba Empat,2012,"Fakultas Sains, Teknologi, & Kesehatan",Keperawatan,Keperawatan Klinis,"Buku ini membahas secara mendalam tentang manajemen perawatan pasien, penanganan kondisi darurat medis, serta prosedur klinis keperawatan. Menjadi rujukan penting dalam perkuliahan dan penelitian terkait.","keperawatan gawat darurat, keperawatan, keperawatan anak, asuhan keperawatan",Indonesia,Fisik,263,978-1-884795-13-8,1
1292,TRX003443,USR00358,BK01309,2024-08-21,2024-09-04,2024-09-05,Terlambat,15.0,Komunikasi Digital di Era Digital,Gabriella Jailani,Erlangga,2023,"Fakultas Sosial, Humaniora, & Seni",Ilmu Komunikasi,Jurnalistik & Media Digital,"Buku ini membahas secara mendalam tentang strategi konten media sosial, jurnalisme online kontemporer, serta komunikasi digital dan audiens. Disusun dengan bahasa yang mudah dipahami untuk kalangan akademik.","komunikasi digital, jurnalistik, produksi berita, media digital",Indonesia,E-book,341,978-1-170-64625-0,9999
1293,TRX003445,USR00153,BK00171,2025-02-11,2025-02-25,2025-02-28,Terlambat,17.0,Membangun Kriptografi yang Aman,Uda Melani,Erlangga,2024,"Fakultas Sains, Teknologi, & Kesehatan",Informatika,Jaringan & Keamanan Siber,"Buku ini menyajikan kajian komprehensif mengenai ancaman siber, keamanan jaringan komputer, serta sistem enkripsi. Disusun dengan bahasa yang mudah dipahami untuk kalangan akademik.","kriptografi, enkripsi, cyber security, hacking etis",Indonesia,Fisik,195,978-0-7286-7908-5,1
1294,TRX003457,USR00132,BK00498,2023-05-28,2023-06-11,2023-06-12,Terlambat,15.0,Panduan Keperawatan Jiwa Edisi Ke-3,"Baktianto Usamah, drg. Victoria Manullang",Andi Publisher,2020,"Fakultas Sains, Teknologi, & Kesehatan",Keperawatan,Keperawatan Klinis,"Buku ini dirancang sebagai panduan untuk memahami asuhan keperawatan pasien, komunikasi terapeutik perawat, serta manajemen perawatan pasien. Membantu pembaca membangun pemahaman konseptual maupun praktis.","keperawatan gawat darurat, asuhan keperawatan, keperawatan anak, keperawatan medikal bedah",Indonesia,Fisik,457,978-1-100-21946-2,1
1295,TRX003459,USR00247,BK00367,2025-03-14,2025-03-28,2025-03-30,Terlambat,16.0,Pengantar Tata Letak Pabrik Edisi Revisi,Betania Wibowo,PT Grasindo,2016,"Fakultas Sains, Teknologi, & Kesehatan",Teknik Industri,Teknik Industri & Manajemen Operasi,"Buku ini membahas secara mendalam tentang optimalisasi proses produksi, perencanaan dan pengendalian produksi, serta manajemen kualitas dan produktivitas. Dilengkapi dengan contoh kasus dan studi lapangan yang relevan.","efisiensi kerja, produktivitas, six sigma, manajemen kualitas",Inggris,Fisik,383,978-0-565-88043-9,3
1296,TRX003460,USR00184,BK00389,2023-03-01,2023-03-15,2023-03-19,Terlambat,18.0,Perancangan Teknik Industri Edisi Ke-2,"Digdaya Maryati, M.Ak",Graha Ilmu,2010,"Fakultas Sains, Teknologi, & Kesehatan",Teknik Industri,Teknik Industri & Manajemen Operasi,"Buku ini menyajikan kajian komprehensif mengenai manajemen kualitas dan produktivitas, perencanaan dan pengendalian produksi, serta optimalisasi proses produksi. Disusun dengan bahasa yang mudah dipahami untuk kalangan akademik.","produktivitas, perencanaan produksi, manajemen kualitas, tata letak pabrik",Indonesia,Fisik,163,978-1-84631-224-3,6
1297,TRX003462,USR00081,BK00771,2023-02-21,2023-03-07,2023-03-13,Terlambat,20.0,Pembelajaran Klinik Keperawatan Komprehensif Edisi Ke-2,"Abyasa Yulianti, Siti Suartini",Salemba Empat,2009,"Fakultas Sains, Teknologi, & Kesehatan",Profesi Ners,Keperawatan Profesi Ners,"Buku ini memberikan pemahaman menyeluruh tentang penerapan evidence-based practice, residensi dan pembelajaran klinik lanjutan, serta kompetensi ners dalam asuhan pasien. Menjadi rujukan penting dalam perkuliahan dan penelitian terkait.","residensi keperawatan, keperawatan komprehensif, kompetensi ners, evidence based practice",Inggris,Fisik,132,978-1-184-26945-2,2
1298,TRX003464,USR00004,BK01083,2023-06-13,2023-06-27,2023-07-02,Terlambat,19.0,Manajemen Sumber Daya Manusia: Teori dan Praktik Edisi Ke-2,"KH. Cemani Najmudin, S.Ked",Rajawali Pers,2023,"Fakultas Sosial, Humaniora, & Seni",Administrasi Bisnis,Administrasi & Manajemen Bisnis,"Buku ini mengulas berbagai aspek penting dari manajemen sumber daya manusia perusahaan, administrasi dan operasional bisnis, serta strategi tata kelola perusahaan. Menjadi rujukan penting dalam perkuliahan dan penelitian terkait.","manajemen bisnis, operasional bisnis, tata kelola perusahaan, administrasi bisnis",Indonesia,Fisik,125,978-0-511-69666-4,3
1299,TRX003465,USR00077,BK01177,2023-05-02,2023-05-16,2023-05-20,Terlambat,18.0,Memahami Psikologi Abnormal,"Joko Firmansyah, M.Kom.",Alfabeta,2016,"Fakultas Sosial, Humaniora, & Seni",Psikologi,Psikologi Umum & Klinis,"Buku ini mengulas berbagai aspek penting dari dinamika interaksi sosial manusia, perkembangan kepribadian individu, serta intervensi psikoterapi klinis. Dilengkapi dengan contoh kasus dan studi lapangan yang relevan.","psikologi, psikologi klinis, psikologi sosial, kesehatan mental",Indonesia,Fisik,324,978-1-04-768169-8,4
1300,TRX003469,USR00041,BK00362,2024-07-29,2024-08-12,2024-08-16,Terlambat,18.0,Perancangan Manajemen Operasi,Ajeng Pangestu,Bumi Aksara,2021,"Fakultas Sains, Teknologi, & Kesehatan",Teknik Industri,Teknik Industri & Manajemen Operasi,"Buku ini membahas secara mendalam tentang perancangan sistem kerja industri, manajemen kualitas dan produktivitas, serta efisiensi tata letak fasilitas pabrik. Dilengkapi dengan contoh kasus dan studi lapangan yang relevan.","manajemen kualitas, produktivitas, six sigma, perencanaan produksi",Indonesia,Fisik,330,978-0-09-883920-1,5
1301,TRX003470,USR00229,BK00036,2023-05-06,2023-05-20,2023-05-22,Terlambat,16.0,Pemrograman Algoritma untuk Pemula,Dt. Gadang Suwarno,Graha Ilmu,2013,"Fakultas Sains, Teknologi, & Kesehatan",Informatika,Pemrograman & Algoritma,"Buku ini menyajikan kajian komprehensif mengenai implementasi kode, logika pemrograman, serta pemecahan masalah komputasional. Disusun dengan bahasa yang mudah dipahami untuk kalangan akademik.","coding, python, algoritma, java",Indonesia,E-book,479,978-1-995777-38-2,9999
1302,TRX003475,USR00192,BK00984,2024-07-09,2024-07-23,2024-07-26,Terlambat,17.0,Arsitektur Ruang Dalam: Konsep dan Aplikasi Edisi Ke-3,Lidya Budiyanto,Kencana Prenada,2015,"Fakultas Sosial, Humaniora, & Seni",Desain Interior,Desain Interior & Arsitektur Ruang,"Buku ini memberikan pemahaman menyeluruh tentang prinsip pencahayaan dan estetika ruang, perancangan tata ruang interior, serta konsep arsitektur ruang dalam modern. Disusun dengan bahasa yang mudah dipahami untuk kalangan akademik.","furnitur, arsitektur ruang, ergonomi ruang, material interior",Indonesia,E-book,532,978-1-4091-5086-2,9999
1303,TRX003476,USR00255,BK00615,2024-11-08,2024-11-22,2024-11-28,Terlambat,20.0,Pengantar Kimia Farmasi Edisi Ke-2,"Uli Sihotang, S.I.Kom, Raden Setiawan",Kencana Prenada,2022,"Fakultas Sains, Teknologi, & Kesehatan",Farmasi,Farmakologi & Kefarmasian,"Buku ini mengulas berbagai aspek penting dari interaksi obat dalam tubuh, efek samping dan dosis obat, serta formulasi sediaan farmasi. Cocok digunakan sebagai referensi utama bagi mahasiswa dan praktisi.","farmakologi, obat, kimia farmasi, farmakokinetik",Indonesia,E-book,252,978-1-7389975-6-5,9999
1304,TRX003477,USR00318,BK00884,2025-07-10,2025-07-24,2025-07-31,Terlambat,21.0,Motion Graphic: Konsep dan Praktik,"Kasusra Permata, Simon Maryati",Informatika Bandung,2012,"Fakultas Sosial, Humaniora, & Seni",Desain Komunikasi Visual,Fotografi & Multimedia,"Buku ini dirancang sebagai panduan untuk memahami produksi konten multimedia digital, desain media interaktif, serta editing visual dan videografi. Cocok digunakan sebagai referensi utama bagi mahasiswa dan praktisi.","media interaktif, editing visual, multimedia, motion graphic",Indonesia,Fisik,381,978-1-908197-40-5,3
1305,TRX003478,USR00112,BK00009,2025-03-27,2025-04-10,2025-04-13,Terlambat,17.0,Dasar Algoritma,Karen Prasetya,Alfabeta,2010,"Fakultas Sains, Teknologi, & Kesehatan",Informatika,Pemrograman & Algoritma,"Buku ini memberikan pemahaman menyeluruh tentang efisiensi algoritma, logika pemrograman, serta pengembangan perangkat lunak. Membantu pembaca membangun pemahaman konseptual maupun praktis.","struktur data, logika komputasi, java, algoritma",Inggris,Fisik,396,978-1-101-22691-9,3
1306,TRX003480,USR00057,BK01090,2025-09-16,2025-09-30,2025-10-05,Terlambat,19.0,Pengantar Manajemen Keuangan,Luhung Mangunsong,Kencana Prenada,2006,"Fakultas Sosial, Humaniora, & Seni",Administrasi Bisnis,Administrasi & Manajemen Bisnis,"Buku ini memberikan pemahaman menyeluruh tentang administrasi dan operasional bisnis, strategi tata kelola perusahaan, serta efisiensi operasional organisasi bisnis. Disusun dengan bahasa yang mudah dipahami untuk kalangan akademik.","tata kelola perusahaan, operasional bisnis, administrasi bisnis, manajemen sumber daya manusia",Indonesia,Fisik,173,978-1-86718-153-8,4
1307,TRX003483,USR00030,BK00674,2023-02-23,2023-03-09,2023-03-12,Terlambat,17.0,Dasar Farmasi Komunitas,Yessi Wahyuni,Deepublish,2022,"Fakultas Sains, Teknologi, & Kesehatan",Farmasi,Teknologi Farmasi & Pelayanan Kefarmasian,"Buku ini memberikan pemahaman menyeluruh tentang manajemen obat dan compounding, teknologi pembuatan sediaan obat, serta standar pelayanan farmasi profesional. Dilengkapi dengan contoh kasus dan studi lapangan yang relevan.","compounding obat, farmasi komunitas, sediaan farmasi, farmasi rumah sakit",Inggris,Fisik,326,978-1-366-68459-2,0
1308,TRX003484,USR00029,BK01199,2025-03-15,2025-03-29,2025-04-01,Terlambat,17.0,Konsep Psikologi Sosial Modern,Hj. Yance Sirait,Salemba Empat,2005,"Fakultas Sosial, Humaniora, & Seni",Psikologi,Psikologi Umum & Klinis,"Buku ini membahas secara mendalam tentang perkembangan kepribadian individu, gangguan psikologis dan penanganannya, serta dinamika interaksi sosial manusia. Disusun dengan bahasa yang mudah dipahami untuk kalangan akademik.","psikologi klinis, psikologi sosial, psikologi, kesehatan mental",Inggris,Fisik,415,978-1-5367-4978-6,6
1309,TRX003488,USR00298,BK00806,2023-07-03,2023-07-17,2023-07-21,Terlambat,18.0,Kreativitas dalam Ilustrasi Digital,Kenes Mangunsong,Salemba Empat,2014,"Fakultas Sosial, Humaniora, & Seni",Desain Komunikasi Visual,Desain Komunikasi Visual & Ilustrasi,"Buku ini menyajikan kajian komprehensif mengenai prinsip visual dan tipografi, estetika dalam karya seni rupa, serta ilustrasi dan komposisi gambar. Dilengkapi dengan contoh kasus dan studi lapangan yang relevan.","layout, branding, seni rupa, ilustrasi",Inggris,Fisik,310,978-0-359-09605-3,0
1310,TRX003490,USR00132,BK00482,2024-06-12,2024-06-26,2024-07-02,Terlambat,20.0,Panduan Keperawatan Dasar,"Sidiq Saputra, S.Psi, Hasna Januar",Elex Media Komputindo,2010,"Fakultas Sains, Teknologi, & Kesehatan",Keperawatan,Keperawatan Klinis,"Buku ini dirancang sebagai panduan untuk memahami prosedur klinis keperawatan, asuhan keperawatan pasien, serta penanganan kondisi darurat medis. Dilengkapi dengan contoh kasus dan studi lapangan yang relevan.","asuhan keperawatan, praktik klinis, keperawatan gawat darurat, keperawatan anak",Indonesia,E-book,213,978-1-7393852-5-5,9999
1311,TRX003491,USR00347,BK00139,2023-01-27,2023-02-10,2023-02-16,Terlambat,20.0,Pengantar Keamanan Siber,Paiman Lailasari,UI Press,2017,"Fakultas Sains, Teknologi, & Kesehatan",Informatika,Jaringan & Keamanan Siber,"Buku ini memberikan pemahaman menyeluruh tentang sistem enkripsi, proteksi data digital, serta ancaman siber. Disusun dengan bahasa yang mudah dipahami untuk kalangan akademik.","firewall, protokol jaringan, hacking etis, kriptografi",Indonesia,E-book,222,978-1-895782-91-2,9999
1312,TRX003494,USR00130,BK00418,2025-08-09,2025-08-23,2025-08-27,Terlambat,18.0,Manajemen Logistik: Konsep dan Praktik Edisi Ke-3,Karimah Tampubolon,Bumi Aksara,2011,"Fakultas Sains, Teknologi, & Kesehatan",Teknik Industri,Ergonomi & Rantai Pasok,"Buku ini mengulas berbagai aspek penting dari manajemen rantai pasok dan distribusi, keselamatan dan kesehatan kerja industri, serta pengendalian persediaan barang. Menjadi rujukan penting dalam perkuliahan dan penelitian terkait.","supply chain, manajemen persediaan, logistik, distribusi",Indonesia,Fisik,395,978-1-59042-597-8,5
1313,TRX003496,USR00019,BK00472,2025-05-01,2025-05-15,2025-05-17,Terlambat,16.0,Dasar-Dasar Manajemen Persediaan,Irwan Suartini,Kencana Prenada,2006,"Fakultas Sains, Teknologi, & Kesehatan",Teknik Industri,Ergonomi & Rantai Pasok,"Buku ini memberikan pemahaman menyeluruh tentang pengendalian persediaan barang, manajemen rantai pasok dan distribusi, serta analisis ergonomi tempat kerja. Dilengkapi dengan contoh kasus dan studi lapangan yang relevan.","ergonomi, rantai pasok, supply chain, logistik",Inggris,E-book,288,978-1-384-68950-0,9999
1314,TRX003500,USR00301,BK00833,2024-07-15,2024-07-29,2024-07-31,Terlambat,16.0,Pengantar Tipografi,"Rahmi Prabowo, Sutan Baktiono Purwanti",Elex Media Komputindo,2009,"Fakultas Sosial, Humaniora, & Seni",Desain Komunikasi Visual,Desain Komunikasi Visual & Ilustrasi,"Buku ini mengulas berbagai aspek penting dari proses kreatif desain grafis, prinsip visual dan tipografi, serta ilustrasi dan komposisi gambar. Cocok digunakan sebagai referensi utama bagi mahasiswa dan praktisi.","desain komunikasi visual, ilustrasi, tipografi, branding",Inggris,E-book,219,978-0-9665533-0-7,9999
